order_date,store_id,canonical_product_id,canonical_product_name,canonical_category,canonical_subcategory,canonical_brand,product_system,product_reconciliation_status,product_reconciled_flag,order_count,order_line_count,units_sold,net_sales,average_discount_pct,discounted_order_line_count,average_net_unit_price
2026-07-12,S001,P1003,CreekRambler 2P Camp Chair 202,camping,camp chair,Creekline,legacy,legacy_original,True,1,1,3,1346.94,0.0,0,448.98
2026-07-12,S001,P1007,HearthRambler Stormproof Jacket 206,outerwear,rain shell,Switchback Supply,legacy,legacy_original,True,1,1,2,202.36,10.0,1,101.18
2026-07-12,S001,P1013,FieldRunner Packable Jacket 212,outerwear,rain shell,Blue Ridge Works,legacy,legacy_original,True,1,1,4,311.64,20.0,1,77.91
2026-07-12,S001,P1017,SummitRunner Mini Battery Pack 216,emergency,battery pack,Rocky Top Outfitters,legacy,legacy_original,True,1,1,3,174.51,10.0,1,58.17
2026-07-12,S001,P1018,RidgeRover Trail Tumbler 217,hydration,insulated tumbler,Highland Ember,legacy,legacy_original,True,2,2,3,391.08,15.0,2,130.36
2026-07-12,S001,P1024,CanyonNomad Travel Tumbler 223,hydration,insulated tumbler,TrailForge,legacy,legacy_original,True,1,1,2,181.18,0.0,0,90.59
2026-07-12,S001,P1027,BoulderRambler 2P Camp Chair 226,camping,camp chair,Creekline,legacy,legacy_original,True,1,1,1,87.43,5.0,1,87.43
2026-07-12,S001,P1028,CloudNomad Compact Cooler 227,patio,cooler,Moss & Mile,legacy,legacy_original,True,1,1,3,1942.56,0.0,0,647.52
2026-07-12,S001,P1029,FieldRunner Storm Kit Battery Pack 228,emergency,battery pack,Blue Ridge Works,legacy,legacy_original,True,1,1,1,125.93,0.0,0,125.93
2026-07-12,S001,P1031,MoonRambler Stormproof Jacket 230,outerwear,rain shell,Switchback Supply,legacy,legacy_original,True,1,1,4,659.4,5.0,1,164.85
2026-07-12,S001,P1037,EmberRunner Packable Jacket 236,outerwear,rain shell,Blue Ridge Works,legacy,legacy_original,True,1,1,1,91.75,0.0,0,91.75
2026-07-12,S001,P1054,TrailRover 20oz Tumbler 253,hydration,insulated tumbler,Summit Finch,legacy,legacy_original,True,1,1,1,70.68,0.0,0,70.68
2026-07-12,S001,P1056,CanyonNomad Waterproof Trail Shoes 255,footwear,trail shoes,TrailForge,legacy,legacy_original,True,1,1,1,115.21,20.0,1,115.21
2026-07-12,S001,P1060,CloudNomad 32oz Tumbler 259,hydration,insulated tumbler,Moss & Mile,legacy,legacy_original,True,1,1,3,440.01,5.0,1,146.67
2026-07-12,S001,P1074,VistaRover Mid Trail Shoes 273,footwear,trail shoes,Highland Ember,legacy,legacy_original,True,1,1,1,153.36,20.0,1,153.36
2026-07-12,S001,P1075,BoulderRambler 2P Camp Chair 274,camping,camp chair,Creekline,legacy,legacy_original,True,1,1,3,421.32,15.0,1,140.44
2026-07-12,S002,P1023,HearthRambler Expedition Flashlight 222,emergency,flashlight,Switchback Supply,legacy,legacy_original,True,1,1,1,141.44,0.0,0,141.44
2026-07-12,S002,P1034,RidgeRover Deluxe Patio Heater 233,patio,patio heater,Highland Ember,legacy,legacy_original,True,1,1,4,675.44,0.0,0,168.86
2026-07-12,S002,P1036,StormNomad 32oz Tumbler 235,hydration,insulated tumbler,Moss & Mile,legacy,legacy_original,True,1,1,1,149.83,5.0,1,149.83
2026-07-12,S002,P1039,HearthRambler Ultralight Camp Chair 238,camping,camp chair,Switchback Supply,legacy,legacy_original,True,1,1,4,1324.24,10.0,1,331.06
2026-07-12,S002,P1043,BoulderRambler Alpine Jacket 242,outerwear,rain shell,Creekline,legacy,legacy_original,True,1,1,1,228.95,5.0,1,228.95
2026-07-12,S002,P1048,PeakNomad Travel Tumbler 247,hydration,insulated tumbler,TrailForge,legacy,legacy_original,True,1,1,1,63.25,10.0,1,63.25
2026-07-12,S002,P1049,SummitRunner Lightweight Jacket 248,outerwear,rain shell,Rocky Top Outfitters,legacy,legacy_original,True,1,1,2,399.62,10.0,1,199.81
2026-07-12,S003,P1003,CreekRambler 2P Camp Chair 202,camping,camp chair,Creekline,legacy,legacy_original,True,1,1,2,763.26,15.0,1,381.63
2026-07-12,S003,P1006,TrailRover 20oz Tumbler 205,hydration,insulated tumbler,Summit Finch,legacy,legacy_original,True,2,2,3,156.55,10.0,1,52.18
2026-07-12,S003,P1012,CloudNomad 32oz Tumbler 211,hydration,insulated tumbler,Moss & Mile,legacy,legacy_original,True,1,1,1,117.48,5.0,1,117.48
2026-07-12,S003,P1014,SwitchbackRover Wide Trail Shoes 213,footwear,trail shoes,Summit Finch,legacy,legacy_original,True,1,1,3,614.01,0.0,0,204.67
2026-07-12,S003,P1016,PeakNomad XL Cooler 215,patio,cooler,TrailForge,legacy,legacy_original,True,1,1,2,1077.96,15.0,1,538.98
2026-07-12,S003,P1018,RidgeRover Trail Tumbler 217,hydration,insulated tumbler,Highland Ember,legacy,legacy_original,True,1,1,2,245.38,20.0,1,122.69
2026-07-12,S003,P1020,StormNomad Approach Trail Shoes 219,footwear,trail shoes,Moss & Mile,legacy,legacy_original,True,1,1,1,211.48,0.0,0,211.48
2026-07-12,S003,P1026,VistaRover Mid Trail Shoes 225,footwear,trail shoes,Highland Ember,legacy,legacy_original,True,1,1,1,130.4,0.0,0,130.4
2026-07-12,S003,P1027,BoulderRambler 2P Camp Chair 226,camping,camp chair,Creekline,legacy,legacy_original,True,1,1,3,276.09,0.0,0,92.03
2026-07-12,S003,P1029,FieldRunner Storm Kit Battery Pack 228,emergency,battery pack,Blue Ridge Works,legacy,legacy_original,True,1,1,3,321.12,15.0,1,107.04
2026-07-12,S003,P1031,MoonRambler Stormproof Jacket 230,outerwear,rain shell,Switchback Supply,legacy,legacy_original,True,1,1,1,164.85,5.0,1,164.85
2026-07-12,S003,P1035,CreekRambler Rechargeable Flashlight 234,emergency,flashlight,Creekline,legacy,legacy_original,True,1,1,1,125.57,15.0,1,125.57
2026-07-12,S003,P1046,SwitchbackRover Weekend Patio Heater 245,patio,patio heater,Summit Finch,legacy,legacy_original,True,1,1,3,560.22,20.0,1,186.74
2026-07-12,S003,P1067,CreekRambler Alpine Jacket 266,outerwear,rain shell,Creekline,legacy,legacy_original,True,1,1,2,427.16,20.0,1,213.58
2026-07-12,S003,P1071,HearthRambler Expedition Flashlight 270,emergency,flashlight,Switchback Supply,legacy,legacy_original,True,1,1,3,429.9,0.0,0,143.3
2026-07-12,S004,P1007,HearthRambler Stormproof Jacket 206,outerwear,rain shell,Switchback Supply,legacy,legacy_original,True,1,1,3,286.68,15.0,1,95.56
2026-07-12,S004,P1011,BoulderRambler Rechargeable Flashlight 210,emergency,flashlight,Creekline,legacy,legacy_original,True,1,1,2,212.92,20.0,1,106.46
2026-07-12,S004,P1012,CloudNomad 32oz Tumbler 211,hydration,insulated tumbler,Moss & Mile,legacy,legacy_original,True,1,1,1,123.66,0.0,0,123.66
2026-07-12,S004,P1014,SwitchbackRover Wide Trail Shoes 213,footwear,trail shoes,Summit Finch,legacy,legacy_original,True,1,1,4,654.96,20.0,1,163.74
2026-07-12,S004,P1020,StormNomad Approach Trail Shoes 219,footwear,trail shoes,Moss & Mile,legacy,legacy_original,True,1,1,2,380.66,10.0,1,190.33
2026-07-12,S004,P1021,EmberRunner Basecamp Tent 220,camping,tent,Blue Ridge Works,legacy,legacy_original,True,1,1,1,73.74,0.0,0,73.74
2026-07-12,S004,P1032,PeakNomad Waterproof Trail Shoes 231,footwear,trail shoes,TrailForge,legacy,legacy_original,True,1,1,1,155.26,20.0,1,155.26
2026-07-12,S004,P1042,VistaRover Trail Tumbler 241,hydration,insulated tumbler,Highland Ember,legacy,legacy_original,True,1,1,3,293.88,15.0,1,97.96
2026-07-12,S004,P1043,BoulderRambler Alpine Jacket 242,outerwear,rain shell,Creekline,legacy,legacy_original,True,1,1,3,686.85,5.0,1,228.95
2026-07-12,S004,P1050,RidgeRover Mid Trail Shoes 249,footwear,trail shoes,Highland Ember,legacy,legacy_original,True,1,1,1,75.31,0.0,0,75.31
2026-07-12,S004,P1057,PineRunner 4P Tent 256,camping,tent,Rocky Top Outfitters,legacy,legacy_original,True,1,1,1,369.15,10.0,1,369.15
2026-07-12,S004,P1061,FieldRunner Packable Jacket 260,outerwear,rain shell,Blue Ridge Works,legacy,legacy_original,True,1,1,2,295.68,0.0,0,147.84
2026-07-12,S005,P1003,CreekRambler 2P Camp Chair 202,camping,camp chair,Creekline,legacy,legacy_original,True,1,1,2,897.96,0.0,0,448.98
2026-07-12,S005,P1004,StormNomad Compact Cooler 203,patio,cooler,Moss & Mile,legacy,legacy_original,True,1,1,1,104.41,5.0,1,104.41
2026-07-12,S005,P1009,PineRunner 4P Tent 208,camping,tent,Rocky Top Outfitters,legacy,legacy_original,True,1,1,3,328.5,5.0,1,109.5
2026-07-12,S005,P1010,VistaRover Deluxe Patio Heater 209,patio,patio heater,Highland Ember,legacy,legacy_original,True,1,1,3,1657.29,0.0,0,552.43
2026-07-12,S005,P1011,BoulderRambler Rechargeable Flashlight 210,emergency,flashlight,Creekline,legacy,legacy_original,True,1,1,2,239.52,10.0,1,119.76
2026-07-12,S005,P1028,CloudNomad Compact Cooler 227,patio,cooler,Moss & Mile,legacy,legacy_original,True,1,1,1,518.02,20.0,1,518.02
2026-07-12,S005,P1033,SummitRunner 4P Tent 232,camping,tent,Rocky Top Outfitters,legacy,legacy_original,True,1,1,1,189.46,0.0,0,189.46
2026-07-12,S005,P1034,RidgeRover Deluxe Patio Heater 233,patio,patio heater,Highland Ember,legacy,legacy_original,True,1,1,2,287.06,15.0,1,143.53
2026-07-12,S005,P1039,HearthRambler Ultralight Camp Chair 238,camping,camp chair,Switchback Supply,legacy,legacy_original,True,1,1,1,312.66,15.0,1,312.66
2026-07-12,S005,P1042,VistaRover Trail Tumbler 241,hydration,insulated tumbler,Highland Ember,legacy,legacy_original,True,1,1,1,92.2,20.0,1,92.2
2026-07-12,S005,P1043,BoulderRambler Alpine Jacket 242,outerwear,rain shell,Creekline,legacy,legacy_original,True,1,1,4,964.0,0.0,0,241.0
2026-07-12,S005,P1045,FieldRunner Basecamp Tent 244,camping,tent,Blue Ridge Works,legacy,legacy_original,True,1,1,2,627.14,10.0,1,313.57
2026-07-12,S005,P1048,PeakNomad Travel Tumbler 247,hydration,insulated tumbler,TrailForge,legacy,legacy_original,True,1,1,4,238.96,15.0,1,59.74
2026-07-12,S005,P1051,CreekRambler 2P Camp Chair 250,camping,camp chair,Creekline,legacy,legacy_original,True,1,1,2,678.64,20.0,1,339.32
2026-07-12,S005,P1054,TrailRover 20oz Tumbler 253,hydration,insulated tumbler,Summit Finch,legacy,legacy_original,True,1,1,2,113.08,20.0,1,56.54
2026-07-12,S005,P1063,MoonRambler Ultralight Camp Chair 262,camping,camp chair,Switchback Supply,legacy,legacy_original,True,1,1,1,79.92,0.0,0,79.92
2026-07-12,S005,P1065,SummitRunner Mini Battery Pack 264,emergency,battery pack,Rocky Top Outfitters,legacy,legacy_original,True,1,1,2,180.58,20.0,1,90.29
2026-07-12,S005,P1074,VistaRover Mid Trail Shoes 273,footwear,trail shoes,Highland Ember,legacy,legacy_original,True,1,1,1,172.53,10.0,1,172.53
2026-07-12,S005,P1078,SwitchbackRover 20oz Tumbler 277,hydration,insulated tumbler,Summit Finch,legacy,legacy_original,True,1,1,1,146.35,0.0,0,146.35
2026-07-12,S006,P1016,PeakNomad XL Cooler 215,patio,cooler,TrailForge,legacy,legacy_original,True,1,1,1,634.09,0.0,0,634.09
2026-07-12,S006,P1031,MoonRambler Stormproof Jacket 230,outerwear,rain shell,Switchback Supply,legacy,legacy_original,True,1,1,2,312.36,10.0,1,156.18
2026-07-12,S006,P1037,EmberRunner Packable Jacket 236,outerwear,rain shell,Blue Ridge Works,legacy,legacy_original,True,1,1,1,91.75,0.0,0,91.75
2026-07-12,S006,P1038,TrailRover Wide Trail Shoes 237,footwear,trail shoes,Summit Finch,legacy,legacy_original,True,1,1,1,167.35,15.0,1,167.35
2026-07-12,S006,P1041,PineRunner Mini Battery Pack 240,emergency,battery pack,Rocky Top Outfitters,legacy,legacy_original,True,1,1,2,109.2,0.0,0,54.6
2026-07-12,S006,P1048,PeakNomad Travel Tumbler 247,hydration,insulated tumbler,TrailForge,legacy,legacy_original,True,1,1,3,179.22,15.0,1,59.74
2026-07-12,S006,P1050,RidgeRover Mid Trail Shoes 249,footwear,trail shoes,Highland Ember,legacy,legacy_original,True,1,1,1,71.54,5.0,1,71.54
2026-07-12,S006,P1062,SwitchbackRover Wide Trail Shoes 261,footwear,trail shoes,Summit Finch,legacy,legacy_original,True,1,1,2,273.1,20.0,1,136.55
2026-07-12,S006,P1065,SummitRunner Mini Battery Pack 264,emergency,battery pack,Rocky Top Outfitters,legacy,legacy_original,True,1,1,1,112.86,0.0,0,112.86
2026-07-12,S006,P1075,BoulderRambler 2P Camp Chair 274,camping,camp chair,Creekline,legacy,legacy_original,True,1,1,3,495.66,0.0,0,165.22
2026-07-12,S007,P1006,TrailRover 20oz Tumbler 205,hydration,insulated tumbler,Summit Finch,legacy,legacy_original,True,1,1,4,223.64,0.0,0,55.91
2026-07-12,S007,P1008,CanyonNomad Waterproof Trail Shoes 207,footwear,trail shoes,TrailForge,legacy,legacy_original,True,1,1,2,315.9,10.0,1,157.95
2026-07-12,S007,P1026,VistaRover Mid Trail Shoes 225,footwear,trail shoes,Highland Ember,legacy,legacy_original,True,1,1,2,260.8,0.0,0,130.4
2026-07-12,S007,P1032,PeakNomad Waterproof Trail Shoes 231,footwear,trail shoes,TrailForge,legacy,legacy_original,True,2,2,4,679.29,10.0,2,169.82
2026-07-12,S007,P1036,StormNomad 32oz Tumbler 235,hydration,insulated tumbler,Moss & Mile,legacy,legacy_original,True,1,1,2,315.44,0.0,0,157.72
2026-07-12,S007,P1039,HearthRambler Ultralight Camp Chair 238,camping,camp chair,Switchback Supply,legacy,legacy_original,True,1,1,1,312.66,15.0,1,312.66
2026-07-12,S007,P1040,CanyonNomad XL Cooler 239,patio,cooler,TrailForge,legacy,legacy_original,True,1,1,3,326.43,0.0,0,108.81
2026-07-12,S007,P1048,PeakNomad Travel Tumbler 247,hydration,insulated tumbler,TrailForge,legacy,legacy_original,True,1,1,1,59.74,15.0,1,59.74
2026-07-12,S007,P1069,EmberRunner Basecamp Tent 268,camping,tent,Blue Ridge Works,legacy,legacy_original,True,1,1,1,256.36,0.0,0,256.36
2026-07-12,S007,P1072,CanyonNomad Travel Tumbler 271,hydration,insulated tumbler,TrailForge,legacy,legacy_original,True,1,1,1,114.15,15.0,1,114.15
2026-07-12,S007,P1080,PeakNomad Waterproof Trail Shoes 279,footwear,trail shoes,TrailForge,legacy,legacy_original,True,1,1,1,143.0,0.0,0,143.0
2026-07-12,S008,P1007,HearthRambler Stormproof Jacket 206,outerwear,rain shell,Switchback Supply,legacy,legacy_original,True,1,1,2,224.84,0.0,0,112.42
2026-07-12,S008,P1018,RidgeRover Trail Tumbler 217,hydration,insulated tumbler,Highland Ember,legacy,legacy_original,True,1,1,2,260.72,15.0,1,130.36
2026-07-12,S008,P1033,SummitRunner 4P Tent 232,camping,tent,Rocky Top Outfitters,legacy,legacy_original,True,1,1,2,378.92,0.0,0,189.46
2026-07-12,S008,P1037,EmberRunner Packable Jacket 236,outerwear,rain shell,Blue Ridge Works,legacy,legacy_original,True,1,1,3,261.48,5.0,1,87.16
2026-07-12,S008,P1038,TrailRover Wide Trail Shoes 237,footwear,trail shoes,Summit Finch,legacy,legacy_original,True,1,1,2,393.76,0.0,0,196.88
2026-07-12,S008,P1042,VistaRover Trail Tumbler 241,hydration,insulated tumbler,Highland Ember,legacy,legacy_original,True,1,1,4,391.84,15.0,1,97.96
2026-07-12,S008,P1044,CloudNomad Approach Trail Shoes 243,footwear,trail shoes,Moss & Mile,legacy,legacy_original,True,1,1,2,321.72,15.0,1,160.86
2026-07-12,S008,P1060,CloudNomad 32oz Tumbler 259,hydration,insulated tumbler,Moss & Mile,legacy,legacy_original,True,1,1,3,393.69,15.0,1,131.23
2026-07-12,S008,P1063,MoonRambler Ultralight Camp Chair 262,camping,camp chair,Switchback Supply,legacy,legacy_original,True,1,1,1,75.92,5.0,1,75.92
2026-07-12,S008,P1068,StormNomad Approach Trail Shoes 267,footwear,trail shoes,Moss & Mile,legacy,legacy_original,True,1,1,4,291.32,10.0,1,72.83
2026-07-12,S008,P1071,HearthRambler Expedition Flashlight 270,emergency,flashlight,Switchback Supply,legacy,legacy_original,True,1,1,2,286.6,0.0,0,143.3
2026-07-14,S001,P1003,CreekRambler 2P Camp Chair 202,camping,camp chair,Creekline,legacy,legacy_original,True,1,1,1,381.63,15.0,1,381.63
2026-07-14,S001,P1007,HearthRambler Stormproof Jacket 206,outerwear,rain shell,Switchback Supply,legacy,legacy_original,True,1,1,1,106.8,5.0,1,106.8
2026-07-14,S001,P1012,CloudNomad 32oz Tumbler 211,hydration,insulated tumbler,Moss & Mile,legacy,legacy_original,True,1,1,1,105.11,15.0,1,105.11
2026-07-14,S001,P1019,CreekRambler Alpine Jacket 218,outerwear,rain shell,Creekline,legacy,legacy_original,True,1,1,1,178.99,0.0,0,178.99
2026-07-14,S001,P1027,BoulderRambler 2P Camp Chair 226,camping,camp chair,Creekline,legacy,legacy_original,True,1,1,1,92.03,0.0,0,92.03
2026-07-14,S001,P1036,StormNomad 32oz Tumbler 235,hydration,insulated tumbler,Moss & Mile,legacy,legacy_original,True,1,1,2,299.66,5.0,1,149.83
2026-07-14,S001,P1042,VistaRover Trail Tumbler 241,hydration,insulated tumbler,Highland Ember,legacy,legacy_original,True,1,1,4,414.92,10.0,1,103.73
2026-07-14,S001,P1044,CloudNomad Approach Trail Shoes 243,footwear,trail shoes,Moss & Mile,legacy,legacy_original,True,2,2,3,539.37,5.0,2,179.79
2026-07-14,S001,P1048,PeakNomad Travel Tumbler 247,hydration,insulated tumbler,TrailForge,legacy,legacy_original,True,1,1,3,179.22,15.0,1,59.74
2026-07-14,S001,P1051,CreekRambler 2P Camp Chair 250,camping,camp chair,Creekline,legacy,legacy_original,True,1,1,1,381.74,10.0,1,381.74
2026-07-14,S001,P1052,StormNomad Compact Cooler 251,patio,cooler,Moss & Mile,legacy,legacy_original,True,1,1,4,1400.08,10.0,1,350.02
2026-07-14,S001,P1056,CanyonNomad Waterproof Trail Shoes 255,footwear,trail shoes,TrailForge,legacy,legacy_original,True,1,1,2,273.62,5.0,1,136.81
2026-07-14,S001,P1060,CloudNomad 32oz Tumbler 259,hydration,insulated tumbler,Moss & Mile,legacy,legacy_original,True,1,1,4,617.56,0.0,0,154.39
2026-07-14,S001,P1066,RidgeRover Trail Tumbler 265,hydration,insulated tumbler,Highland Ember,legacy,legacy_original,True,1,1,2,178.3,15.0,1,89.15
2026-07-14,S001,P1074,VistaRover Mid Trail Shoes 273,footwear,trail shoes,Highland Ember,legacy,legacy_original,True,1,1,2,383.4,0.0,0,191.7
2026-07-14,S002,P1003,CreekRambler 2P Camp Chair 202,camping,camp chair,Creekline,legacy,legacy_original,True,1,1,1,448.98,0.0,0,448.98
2026-07-14,S002,P1008,CanyonNomad Waterproof Trail Shoes 207,footwear,trail shoes,TrailForge,legacy,legacy_original,True,1,1,2,298.34,15.0,1,149.17
2026-07-14,S002,P1009,PineRunner 4P Tent 208,camping,tent,Rocky Top Outfitters,legacy,legacy_original,True,1,1,1,97.97,15.0,1,97.97
2026-07-14,S002,P1010,VistaRover Deluxe Patio Heater 209,patio,patio heater,Highland Ember,legacy,legacy_original,True,1,1,1,552.43,0.0,0,552.43
2026-07-14,S002,P1013,FieldRunner Packable Jacket 212,outerwear,rain shell,Blue Ridge Works,legacy,legacy_original,True,1,1,1,97.39,0.0,0,97.39
2026-07-14,S002,P1020,StormNomad Approach Trail Shoes 219,footwear,trail shoes,Moss & Mile,legacy,legacy_original,True,1,1,1,169.18,20.0,1,169.18
2026-07-14,S002,P1022,TrailRover Weekend Patio Heater 221,patio,patio heater,Summit Finch,legacy,legacy_original,True,1,1,2,621.94,20.0,1,310.97
2026-07-14,S002,P1029,FieldRunner Storm Kit Battery Pack 228,emergency,battery pack,Blue Ridge Works,legacy,legacy_original,True,1,1,2,251.86,0.0,0,125.93
2026-07-14,S002,P1034,RidgeRover Deluxe Patio Heater 233,patio,patio heater,Highland Ember,legacy,legacy_original,True,1,1,2,337.72,0.0,0,168.86
2026-07-14,S002,P1036,StormNomad 32oz Tumbler 235,hydration,insulated tumbler,Moss & Mile,legacy,legacy_original,True,1,1,4,630.88,0.0,0,157.72
2026-07-14,S002,P1039,HearthRambler Ultralight Camp Chair 238,camping,camp chair,Switchback Supply,legacy,legacy_original,True,1,1,4,1324.24,10.0,1,331.06
2026-07-14,S002,P1045,FieldRunner Basecamp Tent 244,camping,tent,Blue Ridge Works,legacy,legacy_original,True,1,1,1,296.15,15.0,1,296.15
2026-07-14,S002,P1047,MoonRambler Expedition Flashlight 246,emergency,flashlight,Switchback Supply,legacy,legacy_original,True,2,2,3,162.16,7.5,1,54.05
2026-07-14,S002,P1049,SummitRunner Lightweight Jacket 248,outerwear,rain shell,Rocky Top Outfitters,legacy,legacy_original,True,1,1,1,177.61,20.0,1,177.61
2026-07-14,S002,P1053,EmberRunner Storm Kit Battery Pack 252,emergency,battery pack,Blue Ridge Works,legacy,legacy_original,True,1,1,2,217.06,0.0,0,108.53
2026-07-14,S002,P1076,CloudNomad Compact Cooler 275,patio,cooler,Moss & Mile,legacy,legacy_original,True,1,1,1,617.47,10.0,1,617.47
2026-07-14,S003,P1002,RidgeRover Mid Trail Shoes 201,footwear,trail shoes,Highland Ember,legacy,legacy_original,True,1,1,1,203.43,0.0,0,203.43
2026-07-14,S003,P1026,VistaRover Mid Trail Shoes 225,footwear,trail shoes,Highland Ember,legacy,legacy_original,True,2,2,3,391.2,0.0,0,130.4
2026-07-14,S003,P1031,MoonRambler Stormproof Jacket 230,outerwear,rain shell,Switchback Supply,legacy,legacy_original,True,1,1,1,164.85,5.0,1,164.85
2026-07-14,S003,P1038,TrailRover Wide Trail Shoes 237,footwear,trail shoes,Summit Finch,legacy,legacy_original,True,1,1,3,531.57,10.0,1,177.19
2026-07-14,S003,P1042,VistaRover Trail Tumbler 241,hydration,insulated tumbler,Highland Ember,legacy,legacy_original,True,1,1,2,230.5,0.0,0,115.25
2026-07-14,S003,P1045,FieldRunner Basecamp Tent 244,camping,tent,Blue Ridge Works,legacy,legacy_original,True,1,1,4,1393.64,0.0,0,348.41
2026-07-14,S003,P1052,StormNomad Compact Cooler 251,patio,cooler,Moss & Mile,legacy,legacy_original,True,1,1,1,369.46,5.0,1,369.46
2026-07-14,S003,P1053,EmberRunner Storm Kit Battery Pack 252,emergency,battery pack,Blue Ridge Works,legacy,legacy_original,True,1,1,2,217.06,0.0,0,108.53
2026-07-14,S003,P1060,CloudNomad 32oz Tumbler 259,hydration,insulated tumbler,Moss & Mile,legacy,legacy_original,True,1,1,1,138.95,10.0,1,138.95
2026-07-14,S003,P1063,MoonRambler Ultralight Camp Chair 262,camping,camp chair,Switchback Supply,legacy,legacy_original,True,1,1,3,239.76,0.0,0,79.92
2026-07-14,S003,P1064,PeakNomad XL Cooler 263,patio,cooler,TrailForge,legacy,legacy_original,True,1,1,1,614.45,0.0,0,614.45
2026-07-14,S003,P1076,CloudNomad Compact Cooler 275,patio,cooler,Moss & Mile,legacy,legacy_original,True,1,1,1,617.47,10.0,1,617.47
2026-07-14,S003,P1078,SwitchbackRover 20oz Tumbler 277,hydration,insulated tumbler,Summit Finch,legacy,legacy_original,True,1,1,1,146.35,0.0,0,146.35
2026-07-14,S003,P1079,MoonRambler Stormproof Jacket 278,outerwear,rain shell,Switchback Supply,legacy,legacy_original,True,1,1,3,653.34,15.0,1,217.78
2026-07-14,S003,P1080,PeakNomad Waterproof Trail Shoes 279,footwear,trail shoes,TrailForge,legacy,legacy_original,True,1,1,1,121.55,15.0,1,121.55
2026-07-14,S004,P1013,FieldRunner Packable Jacket 212,outerwear,rain shell,Blue Ridge Works,legacy,legacy_original,True,1,1,4,389.56,0.0,0,97.39
2026-07-14,S004,P1018,RidgeRover Trail Tumbler 217,hydration,insulated tumbler,Highland Ember,legacy,legacy_original,True,1,1,1,122.69,20.0,1,122.69
2026-07-14,S004,P1024,CanyonNomad Travel Tumbler 223,hydration,insulated tumbler,TrailForge,legacy,legacy_original,True,1,1,4,362.36,0.0,0,90.59
2026-07-14,S004,P1027,BoulderRambler 2P Camp Chair 226,camping,camp chair,Creekline,legacy,legacy_original,True,2,2,2,165.65,10.0,1,82.82
2026-07-14,S004,P1029,FieldRunner Storm Kit Battery Pack 228,emergency,battery pack,Blue Ridge Works,legacy,legacy_original,True,1,1,2,251.86,0.0,0,125.93
2026-07-14,S004,P1030,SwitchbackRover 20oz Tumbler 229,hydration,insulated tumbler,Summit Finch,legacy,legacy_original,True,1,1,1,126.26,0.0,0,126.26
2026-07-14,S004,P1033,SummitRunner 4P Tent 232,camping,tent,Rocky Top Outfitters,legacy,legacy_original,True,1,1,1,151.57,20.0,1,151.57
2026-07-14,S004,P1046,SwitchbackRover Weekend Patio Heater 245,patio,patio heater,Summit Finch,legacy,legacy_original,True,2,2,3,653.58,5.0,1,217.86
2026-07-14,S004,P1053,EmberRunner Storm Kit Battery Pack 252,emergency,battery pack,Blue Ridge Works,legacy,legacy_original,True,1,1,1,86.82,20.0,1,86.82
2026-07-14,S004,P1056,CanyonNomad Waterproof Trail Shoes 255,footwear,trail shoes,TrailForge,legacy,legacy_original,True,1,1,4,460.84,20.0,1,115.21
2026-07-14,S004,P1057,PineRunner 4P Tent 256,camping,tent,Rocky Top Outfitters,legacy,legacy_original,True,1,1,1,389.66,5.0,1,389.66
2026-07-14,S004,P1058,VistaRover Deluxe Patio Heater 257,patio,patio heater,Highland Ember,legacy,legacy_original,True,1,1,3,632.61,20.0,1,210.87
2026-07-14,S004,P1059,BoulderRambler Rechargeable Flashlight 258,emergency,flashlight,Creekline,legacy,legacy_original,True,1,1,3,300.66,5.0,1,100.22
2026-07-14,S004,P1061,FieldRunner Packable Jacket 260,outerwear,rain shell,Blue Ridge Works,legacy,legacy_original,True,2,2,4,517.44,12.5,2,129.36
2026-07-14,S004,P1066,RidgeRover Trail Tumbler 265,hydration,insulated tumbler,Highland Ember,legacy,legacy_original,True,1,1,1,104.88,0.0,0,104.88
2026-07-14,S004,P1067,CreekRambler Alpine Jacket 266,outerwear,rain shell,Creekline,legacy,legacy_original,True,1,1,1,266.98,0.0,0,266.98
2026-07-14,S004,P1070,TrailRover Weekend Patio Heater 269,patio,patio heater,Summit Finch,legacy,legacy_original,True,1,1,2,364.54,10.0,1,182.27
2026-07-14,S004,P1073,PineRunner Lightweight Jacket 272,outerwear,rain shell,Rocky Top Outfitters,legacy,legacy_original,True,1,1,3,338.37,10.0,1,112.79
2026-07-14,S004,P1076,CloudNomad Compact Cooler 275,patio,cooler,Moss & Mile,legacy,legacy_original,True,1,1,2,1372.16,0.0,0,686.08
2026-07-14,S004,P1078,SwitchbackRover 20oz Tumbler 277,hydration,insulated tumbler,Summit Finch,legacy,legacy_original,True,1,1,1,117.08,20.0,1,117.08
2026-07-14,S004,P1080,PeakNomad Waterproof Trail Shoes 279,footwear,trail shoes,TrailForge,legacy,legacy_original,True,1,1,1,114.4,20.0,1,114.4
2026-07-14,S005,P1003,CreekRambler 2P Camp Chair 202,camping,camp chair,Creekline,legacy,legacy_original,True,2,2,3,1257.14,10.0,1,419.05
2026-07-14,S005,P1009,PineRunner 4P Tent 208,camping,tent,Rocky Top Outfitters,legacy,legacy_original,True,1,1,4,414.92,10.0,1,103.73
2026-07-14,S005,P1015,MoonRambler Ultralight Camp Chair 214,camping,camp chair,Switchback Supply,legacy,legacy_original,True,1,1,1,191.87,0.0,0,191.87
2026-07-14,S005,P1027,BoulderRambler 2P Camp Chair 226,camping,camp chair,Creekline,legacy,legacy_original,True,1,1,1,73.62,20.0,1,73.62
2026-07-14,S005,P1030,SwitchbackRover 20oz Tumbler 229,hydration,insulated tumbler,Summit Finch,legacy,legacy_original,True,1,1,3,321.96,15.0,1,107.32
2026-07-14,S005,P1041,PineRunner Mini Battery Pack 240,emergency,battery pack,Rocky Top Outfitters,legacy,legacy_original,True,1,1,2,103.74,5.0,1,51.87
2026-07-14,S005,P1045,FieldRunner Basecamp Tent 244,camping,tent,Blue Ridge Works,legacy,legacy_original,True,1,1,2,627.14,10.0,1,313.57
2026-07-14,S005,P1049,SummitRunner Lightweight Jacket 248,outerwear,rain shell,Rocky Top Outfitters,legacy,legacy_original,True,1,1,1,199.81,10.0,1,199.81
2026-07-14,S005,P1051,CreekRambler 2P Camp Chair 250,camping,camp chair,Creekline,legacy,legacy_original,True,1,1,1,402.94,5.0,1,402.94
2026-07-14,S005,P1055,HearthRambler Stormproof Jacket 254,outerwear,rain shell,Switchback Supply,legacy,legacy_original,True,1,1,1,222.06,20.0,1,222.06
2026-07-14,S005,P1056,CanyonNomad Waterproof Trail Shoes 255,footwear,trail shoes,TrailForge,legacy,legacy_original,True,1,1,2,273.62,5.0,1,136.81
2026-07-14,S005,P1061,FieldRunner Packable Jacket 260,outerwear,rain shell,Blue Ridge Works,legacy,legacy_original,True,1,1,1,147.84,0.0,0,147.84
2026-07-14,S005,P1063,MoonRambler Ultralight Camp Chair 262,camping,camp chair,Switchback Supply,legacy,legacy_original,True,1,1,1,63.94,20.0,1,63.94
2026-07-14,S005,P1072,CanyonNomad Travel Tumbler 271,hydration,insulated tumbler,TrailForge,legacy,legacy_original,True,1,1,1,120.86,10.0,1,120.86
2026-07-14,S005,P1076,CloudNomad Compact Cooler 275,patio,cooler,Moss & Mile,legacy,legacy_original,True,2,2,2,1372.16,0.0,0,686.08
2026-07-14,S005,P1079,MoonRambler Stormproof Jacket 278,outerwear,rain shell,Switchback Supply,legacy,legacy_original,True,1,1,1,217.78,15.0,1,217.78
2026-07-14,S005,P1080,PeakNomad Waterproof Trail Shoes 279,footwear,trail shoes,TrailForge,legacy,legacy_original,True,1,1,3,429.0,0.0,0,143.0
2026-07-14,S006,P1003,CreekRambler 2P Camp Chair 202,camping,camp chair,Creekline,legacy,legacy_original,True,1,1,1,448.98,0.0,0,448.98
2026-07-14,S006,P1004,StormNomad Compact Cooler 203,patio,cooler,Moss & Mile,legacy,legacy_original,True,1,1,4,417.64,5.0,1,104.41
2026-07-14,S006,P1015,MoonRambler Ultralight Camp Chair 214,camping,camp chair,Switchback Supply,legacy,legacy_original,True,1,1,2,326.18,15.0,1,163.09
2026-07-14,S006,P1018,RidgeRover Trail Tumbler 217,hydration,insulated tumbler,Highland Ember,legacy,legacy_original,True,1,1,3,437.07,5.0,1,145.69
2026-07-14,S006,P1027,BoulderRambler 2P Camp Chair 226,camping,camp chair,Creekline,legacy,legacy_original,True,2,2,4,322.11,15.0,2,80.53
2026-07-14,S006,P1031,MoonRambler Stormproof Jacket 230,outerwear,rain shell,Switchback Supply,legacy,legacy_original,True,1,1,1,156.18,10.0,1,156.18
2026-07-14,S006,P1034,RidgeRover Deluxe Patio Heater 233,patio,patio heater,Highland Ember,legacy,legacy_original,True,1,1,2,303.94,10.0,1,151.97
2026-07-14,S006,P1042,VistaRover Trail Tumbler 241,hydration,insulated tumbler,Highland Ember,legacy,legacy_original,True,1,1,2,230.5,0.0,0,115.25
2026-07-14,S006,P1043,BoulderRambler Alpine Jacket 242,outerwear,rain shell,Creekline,legacy,legacy_original,True,1,1,1,241.0,0.0,0,241.0
2026-07-14,S006,P1048,PeakNomad Travel Tumbler 247,hydration,insulated tumbler,TrailForge,legacy,legacy_original,True,1,1,1,59.74,15.0,1,59.74
2026-07-14,S006,P1054,TrailRover 20oz Tumbler 253,hydration,insulated tumbler,Summit Finch,legacy,legacy_original,True,1,1,2,113.08,20.0,1,56.54
2026-07-14,S006,P1061,FieldRunner Packable Jacket 260,outerwear,rain shell,Blue Ridge Works,legacy,legacy_original,True,1,1,1,140.45,5.0,1,140.45
2026-07-14,S006,P1072,CanyonNomad Travel Tumbler 271,hydration,insulated tumbler,TrailForge,legacy,legacy_original,True,1,1,3,322.29,20.0,1,107.43
2026-07-14,S006,P1080,PeakNomad Waterproof Trail Shoes 279,footwear,trail shoes,TrailForge,legacy,legacy_original,True,1,1,4,572.0,0.0,0,143.0
2026-07-14,S007,P1006,TrailRover 20oz Tumbler 205,hydration,insulated tumbler,Summit Finch,legacy,legacy_original,True,1,1,2,111.82,0.0,0,55.91
2026-07-14,S007,P1007,HearthRambler Stormproof Jacket 206,outerwear,rain shell,Switchback Supply,legacy,legacy_original,True,1,1,1,112.42,0.0,0,112.42
2026-07-14,S007,P1008,CanyonNomad Waterproof Trail Shoes 207,footwear,trail shoes,TrailForge,legacy,legacy_original,True,1,1,2,351.0,0.0,0,175.5
2026-07-14,S007,P1013,FieldRunner Packable Jacket 212,outerwear,rain shell,Blue Ridge Works,legacy,legacy_original,True,1,1,1,82.78,15.0,1,82.78
2026-07-14,S007,P1015,MoonRambler Ultralight Camp Chair 214,camping,camp chair,Switchback Supply,legacy,legacy_original,True,1,1,4,652.36,15.0,1,163.09
2026-07-14,S007,P1058,VistaRover Deluxe Patio Heater 257,patio,patio heater,Highland Ember,legacy,legacy_original,True,2,2,3,790.77,0.0,0,263.59
2026-07-14,S007,P1061,FieldRunner Packable Jacket 260,outerwear,rain shell,Blue Ridge Works,legacy,legacy_original,True,1,1,2,266.12,10.0,1,133.06
2026-07-14,S007,P1064,PeakNomad XL Cooler 263,patio,cooler,TrailForge,legacy,legacy_original,True,1,1,1,614.45,0.0,0,614.45
2026-07-14,S007,P1071,HearthRambler Expedition Flashlight 270,emergency,flashlight,Switchback Supply,legacy,legacy_original,True,1,1,1,136.13,5.0,1,136.13
2026-07-14,S007,P1076,CloudNomad Compact Cooler 275,patio,cooler,Moss & Mile,legacy,legacy_original,True,1,1,3,1749.51,15.0,1,583.17
2026-07-14,S008,P1006,TrailRover 20oz Tumbler 205,hydration,insulated tumbler,Summit Finch,legacy,legacy_original,True,1,1,1,53.11,5.0,1,53.11
2026-07-14,S008,P1010,VistaRover Deluxe Patio Heater 209,patio,patio heater,Highland Ember,legacy,legacy_original,True,1,1,1,497.19,10.0,1,497.19
2026-07-14,S008,P1028,CloudNomad Compact Cooler 227,patio,cooler,Moss & Mile,legacy,legacy_original,True,1,1,3,1845.42,5.0,1,615.14
2026-07-14,S008,P1039,HearthRambler Ultralight Camp Chair 238,camping,camp chair,Switchback Supply,legacy,legacy_original,True,1,1,4,1397.8,5.0,1,349.45
2026-07-14,S008,P1042,VistaRover Trail Tumbler 241,hydration,insulated tumbler,Highland Ember,legacy,legacy_original,True,1,1,1,103.73,10.0,1,103.73
2026-07-14,S008,P1054,TrailRover 20oz Tumbler 253,hydration,insulated tumbler,Summit Finch,legacy,legacy_original,True,1,1,1,67.15,5.0,1,67.15
2026-07-14,S008,P1055,HearthRambler Stormproof Jacket 254,outerwear,rain shell,Switchback Supply,legacy,legacy_original,True,1,1,3,666.18,20.0,1,222.06
2026-07-14,S008,P1069,EmberRunner Basecamp Tent 268,camping,tent,Blue Ridge Works,legacy,legacy_original,True,1,1,1,256.36,0.0,0,256.36
2026-07-14,S008,P1070,TrailRover Weekend Patio Heater 269,patio,patio heater,Summit Finch,legacy,legacy_original,True,1,1,1,162.02,20.0,1,162.02
2026-07-14,S008,P1075,BoulderRambler 2P Camp Chair 274,camping,camp chair,Creekline,legacy,legacy_original,True,1,1,3,495.66,0.0,0,165.22
2026-07-15,S001,P1006,TrailRover 20oz Tumbler 205,hydration,insulated tumbler,Summit Finch,legacy,legacy_original,True,1,1,3,159.33,5.0,1,53.11
2026-07-15,S001,P1007,HearthRambler Stormproof Jacket 206,outerwear,rain shell,Switchback Supply,legacy,legacy_original,True,1,1,1,89.94,20.0,1,89.94
2026-07-15,S001,P1013,FieldRunner Packable Jacket 212,outerwear,rain shell,Blue Ridge Works,legacy,legacy_original,True,1,1,1,97.39,0.0,0,97.39
2026-07-15,S001,P1020,StormNomad Approach Trail Shoes 219,footwear,trail shoes,Moss & Mile,legacy,legacy_original,True,1,1,1,211.48,0.0,0,211.48
2026-07-15,S001,P1024,CanyonNomad Travel Tumbler 223,hydration,insulated tumbler,TrailForge,legacy,legacy_original,True,1,1,1,72.47,20.0,1,72.47
2026-07-15,S001,P1027,BoulderRambler 2P Camp Chair 226,camping,camp chair,Creekline,legacy,legacy_original,True,1,1,1,87.43,5.0,1,87.43
2026-07-15,S001,P1029,FieldRunner Storm Kit Battery Pack 228,emergency,battery pack,Blue Ridge Works,legacy,legacy_original,True,1,1,3,377.79,0.0,0,125.93
2026-07-15,S001,P1042,VistaRover Trail Tumbler 241,hydration,insulated tumbler,Highland Ember,legacy,legacy_original,True,1,1,1,115.25,0.0,0,115.25
2026-07-15,S001,P1045,FieldRunner Basecamp Tent 244,camping,tent,Blue Ridge Works,legacy,legacy_original,True,1,1,1,296.15,15.0,1,296.15
2026-07-15,S001,P1056,CanyonNomad Waterproof Trail Shoes 255,footwear,trail shoes,TrailForge,legacy,legacy_original,True,1,1,2,244.82,15.0,1,122.41
2026-07-15,S001,P1075,BoulderRambler 2P Camp Chair 274,camping,camp chair,Creekline,legacy,legacy_original,True,1,1,4,594.8,10.0,1,148.7
2026-07-15,S001,P1076,CloudNomad Compact Cooler 275,patio,cooler,Moss & Mile,legacy,legacy_original,True,1,1,2,1097.72,20.0,1,548.86
2026-07-15,S001,P1077,FieldRunner Storm Kit Battery Pack 276,emergency,battery pack,Blue Ridge Works,legacy,legacy_original,True,1,1,1,95.15,0.0,0,95.15
2026-07-15,S001,P1078,SwitchbackRover 20oz Tumbler 277,hydration,insulated tumbler,Summit Finch,legacy,legacy_original,True,1,1,1,117.08,20.0,1,117.08
2026-07-15,S001,P1080,PeakNomad Waterproof Trail Shoes 279,footwear,trail shoes,TrailForge,legacy,legacy_original,True,1,1,3,429.0,0.0,0,143.0
2026-07-15,S002,P1006,TrailRover 20oz Tumbler 205,hydration,insulated tumbler,Summit Finch,legacy,legacy_original,True,1,1,1,55.91,0.0,0,55.91
2026-07-15,S002,P1009,PineRunner 4P Tent 208,camping,tent,Rocky Top Outfitters,legacy,legacy_original,True,1,1,4,461.04,0.0,0,115.26
2026-07-15,S002,P1011,BoulderRambler Rechargeable Flashlight 210,emergency,flashlight,Creekline,legacy,legacy_original,True,1,1,1,126.42,5.0,1,126.42
2026-07-15,S002,P1018,RidgeRover Trail Tumbler 217,hydration,insulated tumbler,Highland Ember,legacy,legacy_original,True,2,2,4,590.44,7.5,1,147.61
2026-07-15,S002,P1020,StormNomad Approach Trail Shoes 219,footwear,trail shoes,Moss & Mile,legacy,legacy_original,True,1,1,2,422.96,0.0,0,211.48
2026-07-15,S002,P1024,CanyonNomad Travel Tumbler 223,hydration,insulated tumbler,TrailForge,legacy,legacy_original,True,1,1,2,172.12,5.0,1,86.06
2026-07-15,S002,P1026,VistaRover Mid Trail Shoes 225,footwear,trail shoes,Highland Ember,legacy,legacy_original,True,1,1,3,312.96,20.0,1,104.32
2026-07-15,S002,P1027,BoulderRambler 2P Camp Chair 226,camping,camp chair,Creekline,legacy,legacy_original,True,2,2,5,386.54,17.5,2,77.31
2026-07-15,S002,P1029,FieldRunner Storm Kit Battery Pack 228,emergency,battery pack,Blue Ridge Works,legacy,legacy_original,True,1,1,1,125.93,0.0,0,125.93
2026-07-15,S002,P1030,SwitchbackRover 20oz Tumbler 229,hydration,insulated tumbler,Summit Finch,legacy,legacy_original,True,1,1,4,454.52,10.0,1,113.63
2026-07-15,S002,P1035,CreekRambler Rechargeable Flashlight 234,emergency,flashlight,Creekline,legacy,legacy_original,True,1,1,2,236.36,20.0,1,118.18
2026-07-15,S002,P1036,StormNomad 32oz Tumbler 235,hydration,insulated tumbler,Moss & Mile,legacy,legacy_original,True,1,1,2,299.66,5.0,1,149.83
2026-07-15,S002,P1040,CanyonNomad XL Cooler 239,patio,cooler,TrailForge,legacy,legacy_original,True,1,1,3,326.43,0.0,0,108.81
2026-07-15,S002,P1045,FieldRunner Basecamp Tent 244,camping,tent,Blue Ridge Works,legacy,legacy_original,True,1,1,2,661.98,5.0,1,330.99
2026-07-15,S002,P1051,CreekRambler 2P Camp Chair 250,camping,camp chair,Creekline,legacy,legacy_original,True,1,1,4,1696.6,0.0,0,424.15
2026-07-15,S002,P1052,StormNomad Compact Cooler 251,patio,cooler,Moss & Mile,legacy,legacy_original,True,2,2,6,2333.46,0.0,0,388.91
2026-07-15,S002,P1056,CanyonNomad Waterproof Trail Shoes 255,footwear,trail shoes,TrailForge,legacy,legacy_original,True,1,1,1,136.81,5.0,1,136.81
2026-07-15,S002,P1063,MoonRambler Ultralight Camp Chair 262,camping,camp chair,Switchback Supply,legacy,legacy_original,True,2,2,6,383.64,20.0,2,63.94
2026-07-15,S002,P1074,VistaRover Mid Trail Shoes 273,footwear,trail shoes,Highland Ember,legacy,legacy_original,True,1,1,3,546.33,5.0,1,182.11
2026-07-15,S002,P1076,CloudNomad Compact Cooler 275,patio,cooler,Moss & Mile,legacy,legacy_original,True,1,1,1,583.17,15.0,1,583.17
2026-07-15,S003,P1003,CreekRambler 2P Camp Chair 202,camping,camp chair,Creekline,legacy,legacy_original,True,1,1,1,381.63,15.0,1,381.63
2026-07-15,S003,P1004,StormNomad Compact Cooler 203,patio,cooler,Moss & Mile,legacy,legacy_original,True,1,1,1,109.9,0.0,0,109.9
2026-07-15,S003,P1015,MoonRambler Ultralight Camp Chair 214,camping,camp chair,Switchback Supply,legacy,legacy_original,True,1,1,1,153.5,20.0,1,153.5
2026-07-15,S003,P1034,RidgeRover Deluxe Patio Heater 233,patio,patio heater,Highland Ember,legacy,legacy_original,True,1,1,2,337.72,0.0,0,168.86
2026-07-15,S003,P1041,PineRunner Mini Battery Pack 240,emergency,battery pack,Rocky Top Outfitters,legacy,legacy_original,True,1,1,2,109.2,0.0,0,54.6
2026-07-15,S003,P1045,FieldRunner Basecamp Tent 244,camping,tent,Blue Ridge Works,legacy,legacy_original,True,1,1,2,696.82,0.0,0,348.41
2026-07-15,S003,P1047,MoonRambler Expedition Flashlight 246,emergency,flashlight,Switchback Supply,legacy,legacy_original,True,1,1,2,113.8,0.0,0,56.9
2026-07-15,S003,P1049,SummitRunner Lightweight Jacket 248,outerwear,rain shell,Rocky Top Outfitters,legacy,legacy_original,True,1,1,2,444.02,0.0,0,222.01
2026-07-15,S003,P1052,StormNomad Compact Cooler 251,patio,cooler,Moss & Mile,legacy,legacy_original,True,2,2,2,700.03,10.0,2,350.02
2026-07-15,S003,P1058,VistaRover Deluxe Patio Heater 257,patio,patio heater,Highland Ember,legacy,legacy_original,True,2,2,2,474.46,10.0,2,237.23
2026-07-15,S003,P1063,MoonRambler Ultralight Camp Chair 262,camping,camp chair,Switchback Supply,legacy,legacy_original,True,1,1,1,79.92,0.0,0,79.92
2026-07-15,S004,P1011,BoulderRambler Rechargeable Flashlight 210,emergency,flashlight,Creekline,legacy,legacy_original,True,1,1,1,133.07,0.0,0,133.07
2026-07-15,S004,P1014,SwitchbackRover Wide Trail Shoes 213,footwear,trail shoes,Summit Finch,legacy,legacy_original,True,1,1,2,368.4,10.0,1,184.2
2026-07-15,S004,P1015,MoonRambler Ultralight Camp Chair 214,camping,camp chair,Switchback Supply,legacy,legacy_original,True,1,1,4,767.48,0.0,0,191.87
2026-07-15,S004,P1027,BoulderRambler 2P Camp Chair 226,camping,camp chair,Creekline,legacy,legacy_original,True,1,1,1,82.83,10.0,1,82.83
2026-07-15,S004,P1031,MoonRambler Stormproof Jacket 230,outerwear,rain shell,Switchback Supply,legacy,legacy_original,True,1,1,4,694.12,0.0,0,173.53
2026-07-15,S004,P1033,SummitRunner 4P Tent 232,camping,tent,Rocky Top Outfitters,legacy,legacy_original,True,1,1,1,170.51,10.0,1,170.51
2026-07-15,S004,P1035,CreekRambler Rechargeable Flashlight 234,emergency,flashlight,Creekline,legacy,legacy_original,True,1,1,3,443.19,0.0,0,147.73
2026-07-15,S004,P1042,VistaRover Trail Tumbler 241,hydration,insulated tumbler,Highland Ember,legacy,legacy_original,True,1,1,4,414.92,10.0,1,103.73
2026-07-15,S004,P1049,SummitRunner Lightweight Jacket 248,outerwear,rain shell,Rocky Top Outfitters,legacy,legacy_original,True,1,1,1,177.61,20.0,1,177.61
2026-07-15,S005,P1003,CreekRambler 2P Camp Chair 202,camping,camp chair,Creekline,legacy,legacy_original,True,1,1,1,381.63,15.0,1,381.63
2026-07-15,S005,P1005,EmberRunner Storm Kit Battery Pack 204,emergency,battery pack,Blue Ridge Works,legacy,legacy_original,True,1,1,1,111.54,0.0,0,111.54
2026-07-15,S005,P1006,TrailRover 20oz Tumbler 205,hydration,insulated tumbler,Summit Finch,legacy,legacy_original,True,1,1,1,50.32,10.0,1,50.32
2026-07-15,S005,P1010,VistaRover Deluxe Patio Heater 209,patio,patio heater,Highland Ember,legacy,legacy_original,True,1,1,3,1657.29,0.0,0,552.43
2026-07-15,S005,P1015,MoonRambler Ultralight Camp Chair 214,camping,camp chair,Switchback Supply,legacy,legacy_original,True,1,1,2,307.0,20.0,1,153.5
2026-07-15,S005,P1020,StormNomad Approach Trail Shoes 219,footwear,trail shoes,Moss & Mile,legacy,legacy_original,True,1,1,2,359.52,15.0,1,179.76
2026-07-15,S005,P1030,SwitchbackRover 20oz Tumbler 229,hydration,insulated tumbler,Summit Finch,legacy,legacy_original,True,2,2,6,643.92,15.0,2,107.32
2026-07-15,S005,P1037,EmberRunner Packable Jacket 236,outerwear,rain shell,Blue Ridge Works,legacy,legacy_original,True,1,1,2,165.16,10.0,1,82.58
2026-07-15,S005,P1045,FieldRunner Basecamp Tent 244,camping,tent,Blue Ridge Works,legacy,legacy_original,True,1,1,4,1114.92,20.0,1,278.73
2026-07-15,S005,P1049,SummitRunner Lightweight Jacket 248,outerwear,rain shell,Rocky Top Outfitters,legacy,legacy_original,True,1,1,1,222.01,0.0,0,222.01
2026-07-15,S005,P1063,MoonRambler Ultralight Camp Chair 262,camping,camp chair,Switchback Supply,legacy,legacy_original,True,1,1,2,143.86,10.0,1,71.93
2026-07-15,S005,P1065,SummitRunner Mini Battery Pack 264,emergency,battery pack,Rocky Top Outfitters,legacy,legacy_original,True,1,1,2,180.58,20.0,1,90.29
2026-07-15,S005,P1068,StormNomad Approach Trail Shoes 267,footwear,trail shoes,Moss & Mile,legacy,legacy_original,True,1,1,4,258.96,20.0,1,64.74
2026-07-15,S005,P1070,TrailRover Weekend Patio Heater 269,patio,patio heater,Summit Finch,legacy,legacy_original,True,1,1,2,344.28,15.0,1,172.14
2026-07-15,S005,P1073,PineRunner Lightweight Jacket 272,outerwear,rain shell,Rocky Top Outfitters,legacy,legacy_original,True,1,1,4,426.08,15.0,1,106.52
2026-07-15,S005,P1074,VistaRover Mid Trail Shoes 273,footwear,trail shoes,Highland Ember,legacy,legacy_original,True,1,1,1,162.94,15.0,1,162.94
2026-07-15,S005,P1078,SwitchbackRover 20oz Tumbler 277,hydration,insulated tumbler,Summit Finch,legacy,legacy_original,True,1,1,1,139.03,5.0,1,139.03
2026-07-15,S006,P1004,StormNomad Compact Cooler 203,patio,cooler,Moss & Mile,legacy,legacy_original,True,1,1,3,280.26,15.0,1,93.42
2026-07-15,S006,P1009,PineRunner 4P Tent 208,camping,tent,Rocky Top Outfitters,legacy,legacy_original,True,1,1,1,97.97,15.0,1,97.97
2026-07-15,S006,P1014,SwitchbackRover Wide Trail Shoes 213,footwear,trail shoes,Summit Finch,legacy,legacy_original,True,1,1,1,163.74,20.0,1,163.74
2026-07-15,S006,P1024,CanyonNomad Travel Tumbler 223,hydration,insulated tumbler,TrailForge,legacy,legacy_original,True,1,1,1,90.59,0.0,0,90.59
2026-07-15,S006,P1030,SwitchbackRover 20oz Tumbler 229,hydration,insulated tumbler,Summit Finch,legacy,legacy_original,True,1,1,1,126.26,0.0,0,126.26
2026-07-15,S006,P1033,SummitRunner 4P Tent 232,camping,tent,Rocky Top Outfitters,legacy,legacy_original,True,1,1,2,303.14,20.0,1,151.57
2026-07-15,S006,P1040,CanyonNomad XL Cooler 239,patio,cooler,TrailForge,legacy,legacy_original,True,1,1,2,195.86,10.0,1,97.93
2026-07-15,S006,P1044,CloudNomad Approach Trail Shoes 243,footwear,trail shoes,Moss & Mile,legacy,legacy_original,True,1,1,1,151.4,20.0,1,151.4
2026-07-15,S006,P1045,FieldRunner Basecamp Tent 244,camping,tent,Blue Ridge Works,legacy,legacy_original,True,1,1,4,1184.6,15.0,1,296.15
2026-07-15,S006,P1046,SwitchbackRover Weekend Patio Heater 245,patio,patio heater,Summit Finch,legacy,legacy_original,True,1,1,3,700.26,0.0,0,233.42
2026-07-15,S006,P1048,PeakNomad Travel Tumbler 247,hydration,insulated tumbler,TrailForge,legacy,legacy_original,True,1,1,3,210.84,0.0,0,70.28
2026-07-15,S006,P1049,SummitRunner Lightweight Jacket 248,outerwear,rain shell,Rocky Top Outfitters,legacy,legacy_original,True,1,1,1,210.91,5.0,1,210.91
2026-07-15,S006,P1050,RidgeRover Mid Trail Shoes 249,footwear,trail shoes,Highland Ember,legacy,legacy_original,True,1,1,1,75.31,0.0,0,75.31
2026-07-15,S006,P1052,StormNomad Compact Cooler 251,patio,cooler,Moss & Mile,legacy,legacy_original,True,1,1,2,661.14,15.0,1,330.57
2026-07-15,S006,P1055,HearthRambler Stormproof Jacket 254,outerwear,rain shell,Switchback Supply,legacy,legacy_original,True,1,1,2,499.62,10.0,1,249.81
2026-07-15,S006,P1058,VistaRover Deluxe Patio Heater 257,patio,patio heater,Highland Ember,legacy,legacy_original,True,1,1,1,263.59,0.0,0,263.59
2026-07-15,S006,P1063,MoonRambler Ultralight Camp Chair 262,camping,camp chair,Switchback Supply,legacy,legacy_original,True,1,1,1,79.92,0.0,0,79.92
2026-07-15,S006,P1064,PeakNomad XL Cooler 263,patio,cooler,TrailForge,legacy,legacy_original,True,1,1,4,2457.8,0.0,0,614.45
2026-07-15,S006,P1070,TrailRover Weekend Patio Heater 269,patio,patio heater,Summit Finch,legacy,legacy_original,True,1,1,1,182.27,10.0,1,182.27
2026-07-15,S006,P1071,HearthRambler Expedition Flashlight 270,emergency,flashlight,Switchback Supply,legacy,legacy_original,True,1,1,4,458.56,20.0,1,114.64
2026-07-15,S006,P1073,PineRunner Lightweight Jacket 272,outerwear,rain shell,Rocky Top Outfitters,legacy,legacy_original,True,1,1,2,225.58,10.0,1,112.79
2026-07-15,S006,P1077,FieldRunner Storm Kit Battery Pack 276,emergency,battery pack,Blue Ridge Works,legacy,legacy_original,True,1,1,3,271.17,5.0,1,90.39
2026-07-15,S007,P1001,SummitRunner Lightweight Jacket 200,outerwear,rain shell,Rocky Top Outfitters,legacy,legacy_original,True,1,1,1,104.66,20.0,1,104.66
2026-07-15,S007,P1007,HearthRambler Stormproof Jacket 206,outerwear,rain shell,Switchback Supply,legacy,legacy_original,True,1,1,2,191.12,15.0,1,95.56
2026-07-15,S007,P1008,CanyonNomad Waterproof Trail Shoes 207,footwear,trail shoes,TrailForge,legacy,legacy_original,True,1,1,1,157.95,10.0,1,157.95
2026-07-15,S007,P1011,BoulderRambler Rechargeable Flashlight 210,emergency,flashlight,Creekline,legacy,legacy_original,True,1,1,1,113.11,15.0,1,113.11
2026-07-15,S007,P1035,CreekRambler Rechargeable Flashlight 234,emergency,flashlight,Creekline,legacy,legacy_original,True,1,1,1,125.57,15.0,1,125.57
2026-07-15,S007,P1036,StormNomad 32oz Tumbler 235,hydration,insulated tumbler,Moss & Mile,legacy,legacy_original,True,2,2,5,662.44,10.0,1,132.49
2026-07-15,S007,P1040,CanyonNomad XL Cooler 239,patio,cooler,TrailForge,legacy,legacy_original,True,1,1,1,92.49,15.0,1,92.49
2026-07-15,S007,P1041,PineRunner Mini Battery Pack 240,emergency,battery pack,Rocky Top Outfitters,legacy,legacy_original,True,2,2,2,106.47,2.5,1,53.24
2026-07-15,S007,P1045,FieldRunner Basecamp Tent 244,camping,tent,Blue Ridge Works,legacy,legacy_original,True,1,1,1,330.99,5.0,1,330.99
2026-07-15,S007,P1050,RidgeRover Mid Trail Shoes 249,footwear,trail shoes,Highland Ember,legacy,legacy_original,True,1,1,3,192.03,15.0,1,64.01
2026-07-15,S007,P1054,TrailRover 20oz Tumbler 253,hydration,insulated tumbler,Summit Finch,legacy,legacy_original,True,1,1,2,127.22,10.0,1,63.61
2026-07-15,S007,P1067,CreekRambler Alpine Jacket 266,outerwear,rain shell,Creekline,legacy,legacy_original,True,1,1,1,266.98,0.0,0,266.98
2026-07-15,S007,P1068,StormNomad Approach Trail Shoes 267,footwear,trail shoes,Moss & Mile,legacy,legacy_original,True,1,1,1,76.87,5.0,1,76.87
2026-07-15,S007,P1070,TrailRover Weekend Patio Heater 269,patio,patio heater,Summit Finch,legacy,legacy_original,True,1,1,1,202.52,0.0,0,202.52
2026-07-15,S007,P1072,CanyonNomad Travel Tumbler 271,hydration,insulated tumbler,TrailForge,legacy,legacy_original,True,1,1,1,134.29,0.0,0,134.29
2026-07-15,S007,P1073,PineRunner Lightweight Jacket 272,outerwear,rain shell,Rocky Top Outfitters,legacy,legacy_original,True,1,1,1,125.32,0.0,0,125.32
2026-07-15,S007,P1078,SwitchbackRover 20oz Tumbler 277,hydration,insulated tumbler,Summit Finch,legacy,legacy_original,True,2,2,3,424.41,2.5,1,141.47
2026-07-15,S008,P1001,SummitRunner Lightweight Jacket 200,outerwear,rain shell,Rocky Top Outfitters,legacy,legacy_original,True,1,1,3,392.46,0.0,0,130.82
2026-07-15,S008,P1006,TrailRover 20oz Tumbler 205,hydration,insulated tumbler,Summit Finch,legacy,legacy_original,True,1,1,1,55.91,0.0,0,55.91
2026-07-15,S008,P1011,BoulderRambler Rechargeable Flashlight 210,emergency,flashlight,Creekline,legacy,legacy_original,True,1,1,3,379.26,5.0,1,126.42
2026-07-15,S008,P1012,CloudNomad 32oz Tumbler 211,hydration,insulated tumbler,Moss & Mile,legacy,legacy_original,True,1,1,2,197.86,20.0,1,98.93
2026-07-15,S008,P1019,CreekRambler Alpine Jacket 218,outerwear,rain shell,Creekline,legacy,legacy_original,True,2,2,3,536.97,0.0,0,178.99
2026-07-15,S008,P1021,EmberRunner Basecamp Tent 220,camping,tent,Blue Ridge Works,legacy,legacy_original,True,1,1,4,294.96,0.0,0,73.74
2026-07-15,S008,P1023,HearthRambler Expedition Flashlight 222,emergency,flashlight,Switchback Supply,legacy,legacy_original,True,1,1,1,134.37,5.0,1,134.37
2026-07-15,S008,P1043,BoulderRambler Alpine Jacket 242,outerwear,rain shell,Creekline,legacy,legacy_original,True,2,2,2,469.95,2.5,1,234.98
2026-07-15,S008,P1057,PineRunner 4P Tent 256,camping,tent,Rocky Top Outfitters,legacy,legacy_original,True,1,1,1,328.14,20.0,1,328.14
2026-07-15,S008,P1058,VistaRover Deluxe Patio Heater 257,patio,patio heater,Highland Ember,legacy,legacy_original,True,1,1,1,263.59,0.0,0,263.59
2026-07-15,S008,P1061,FieldRunner Packable Jacket 260,outerwear,rain shell,Blue Ridge Works,legacy,legacy_original,True,1,1,1,118.27,20.0,1,118.27
2026-07-16,S001,P1007,HearthRambler Stormproof Jacket 206,outerwear,rain shell,Switchback Supply,legacy,legacy_original,True,2,2,5,550.86,2.5,1,110.17
2026-07-16,S001,P1009,PineRunner 4P Tent 208,camping,tent,Rocky Top Outfitters,legacy,legacy_original,True,1,1,2,219.0,5.0,1,109.5
2026-07-16,S001,P1017,SummitRunner Mini Battery Pack 216,emergency,battery pack,Rocky Top Outfitters,legacy,legacy_original,True,2,2,6,316.68,17.5,2,52.78
2026-07-16,S001,P1021,EmberRunner Basecamp Tent 220,camping,tent,Blue Ridge Works,legacy,legacy_original,True,1,1,1,70.05,5.0,1,70.05
2026-07-16,S001,P1023,HearthRambler Expedition Flashlight 222,emergency,flashlight,Switchback Supply,legacy,legacy_original,True,1,1,4,537.48,5.0,1,134.37
2026-07-16,S001,P1026,VistaRover Mid Trail Shoes 225,footwear,trail shoes,Highland Ember,legacy,legacy_original,True,1,1,1,117.36,10.0,1,117.36
2026-07-16,S001,P1027,BoulderRambler 2P Camp Chair 226,camping,camp chair,Creekline,legacy,legacy_original,True,1,1,4,368.12,0.0,0,92.03
2026-07-16,S001,P1029,FieldRunner Storm Kit Battery Pack 228,emergency,battery pack,Blue Ridge Works,legacy,legacy_original,True,1,1,4,503.72,0.0,0,125.93
2026-07-16,S001,P1033,SummitRunner 4P Tent 232,camping,tent,Rocky Top Outfitters,legacy,legacy_original,True,1,1,1,151.57,20.0,1,151.57
2026-07-16,S001,P1035,CreekRambler Rechargeable Flashlight 234,emergency,flashlight,Creekline,legacy,legacy_original,True,1,1,2,280.68,5.0,1,140.34
2026-07-16,S001,P1038,TrailRover Wide Trail Shoes 237,footwear,trail shoes,Summit Finch,legacy,legacy_original,True,1,1,1,196.88,0.0,0,196.88
2026-07-16,S001,P1039,HearthRambler Ultralight Camp Chair 238,camping,camp chair,Switchback Supply,legacy,legacy_original,True,1,1,4,1397.8,5.0,1,349.45
2026-07-16,S001,P1040,CanyonNomad XL Cooler 239,patio,cooler,TrailForge,legacy,legacy_original,True,1,1,1,92.49,15.0,1,92.49
2026-07-16,S001,P1042,VistaRover Trail Tumbler 241,hydration,insulated tumbler,Highland Ember,legacy,legacy_original,True,1,1,1,109.49,5.0,1,109.49
2026-07-16,S001,P1052,StormNomad Compact Cooler 251,patio,cooler,Moss & Mile,legacy,legacy_original,True,1,1,1,369.46,5.0,1,369.46
2026-07-16,S001,P1059,BoulderRambler Rechargeable Flashlight 258,emergency,flashlight,Creekline,legacy,legacy_original,True,1,1,1,105.5,0.0,0,105.5
2026-07-16,S001,P1077,FieldRunner Storm Kit Battery Pack 276,emergency,battery pack,Blue Ridge Works,legacy,legacy_original,True,1,1,4,380.6,0.0,0,95.15
2026-07-16,S002,P1003,CreekRambler 2P Camp Chair 202,camping,camp chair,Creekline,legacy,legacy_original,True,1,1,3,1346.94,0.0,0,448.98
2026-07-16,S002,P1006,TrailRover 20oz Tumbler 205,hydration,insulated tumbler,Summit Finch,legacy,legacy_original,True,1,1,2,111.82,0.0,0,55.91
2026-07-16,S002,P1011,BoulderRambler Rechargeable Flashlight 210,emergency,flashlight,Creekline,legacy,legacy_original,True,1,1,1,126.42,5.0,1,126.42
2026-07-16,S002,P1015,MoonRambler Ultralight Camp Chair 214,camping,camp chair,Switchback Supply,legacy,legacy_original,True,1,1,1,191.87,0.0,0,191.87
2026-07-16,S002,P1021,EmberRunner Basecamp Tent 220,camping,tent,Blue Ridge Works,legacy,legacy_original,True,1,1,4,265.48,10.0,1,66.37
2026-07-16,S002,P1036,StormNomad 32oz Tumbler 235,hydration,insulated tumbler,Moss & Mile,legacy,legacy_original,True,1,1,1,149.83,5.0,1,149.83
2026-07-16,S002,P1050,RidgeRover Mid Trail Shoes 249,footwear,trail shoes,Highland Ember,legacy,legacy_original,True,1,1,1,71.54,5.0,1,71.54
2026-07-16,S002,P1053,EmberRunner Storm Kit Battery Pack 252,emergency,battery pack,Blue Ridge Works,legacy,legacy_original,True,1,1,1,97.68,10.0,1,97.68
2026-07-16,S002,P1054,TrailRover 20oz Tumbler 253,hydration,insulated tumbler,Summit Finch,legacy,legacy_original,True,1,1,2,134.3,5.0,1,67.15
2026-07-16,S002,P1058,VistaRover Deluxe Patio Heater 257,patio,patio heater,Highland Ember,legacy,legacy_original,True,1,1,2,527.18,0.0,0,263.59
2026-07-16,S002,P1065,SummitRunner Mini Battery Pack 264,emergency,battery pack,Rocky Top Outfitters,legacy,legacy_original,True,1,1,2,203.14,10.0,1,101.57
2026-07-16,S002,P1067,CreekRambler Alpine Jacket 266,outerwear,rain shell,Creekline,legacy,legacy_original,True,1,1,1,253.63,5.0,1,253.63
2026-07-16,S002,P1074,VistaRover Mid Trail Shoes 273,footwear,trail shoes,Highland Ember,legacy,legacy_original,True,1,1,1,153.36,20.0,1,153.36
2026-07-16,S002,P1078,SwitchbackRover 20oz Tumbler 277,hydration,insulated tumbler,Summit Finch,legacy,legacy_original,True,1,1,2,248.8,15.0,1,124.4
2026-07-16,S003,P1001,SummitRunner Lightweight Jacket 200,outerwear,rain shell,Rocky Top Outfitters,legacy,legacy_original,True,1,1,4,497.12,5.0,1,124.28
2026-07-16,S003,P1004,StormNomad Compact Cooler 203,patio,cooler,Moss & Mile,legacy,legacy_original,True,1,1,4,417.64,5.0,1,104.41
2026-07-16,S003,P1010,VistaRover Deluxe Patio Heater 209,patio,patio heater,Highland Ember,legacy,legacy_original,True,1,1,2,1049.62,5.0,1,524.81
2026-07-16,S003,P1018,RidgeRover Trail Tumbler 217,hydration,insulated tumbler,Highland Ember,legacy,legacy_original,True,1,1,1,138.02,10.0,1,138.02
2026-07-16,S003,P1029,FieldRunner Storm Kit Battery Pack 228,emergency,battery pack,Blue Ridge Works,legacy,legacy_original,True,1,1,1,125.93,0.0,0,125.93
2026-07-16,S003,P1034,RidgeRover Deluxe Patio Heater 233,patio,patio heater,Highland Ember,legacy,legacy_original,True,1,1,2,337.72,0.0,0,168.86
2026-07-16,S003,P1041,PineRunner Mini Battery Pack 240,emergency,battery pack,Rocky Top Outfitters,legacy,legacy_original,True,1,1,1,51.87,5.0,1,51.87
2026-07-16,S003,P1043,BoulderRambler Alpine Jacket 242,outerwear,rain shell,Creekline,legacy,legacy_original,True,1,1,1,241.0,0.0,0,241.0
2026-07-16,S003,P1051,CreekRambler 2P Camp Chair 250,camping,camp chair,Creekline,legacy,legacy_original,True,1,1,2,721.06,15.0,1,360.53
2026-07-16,S003,P1061,FieldRunner Packable Jacket 260,outerwear,rain shell,Blue Ridge Works,legacy,legacy_original,True,1,1,1,147.84,0.0,0,147.84
2026-07-16,S003,P1068,StormNomad Approach Trail Shoes 267,footwear,trail shoes,Moss & Mile,legacy,legacy_original,True,1,1,3,242.76,0.0,0,80.92
2026-07-16,S003,P1069,EmberRunner Basecamp Tent 268,camping,tent,Blue Ridge Works,legacy,legacy_original,True,2,2,5,1256.16,2.5,1,251.23
2026-07-16,S003,P1074,VistaRover Mid Trail Shoes 273,footwear,trail shoes,Highland Ember,legacy,legacy_original,True,1,1,3,575.1,0.0,0,191.7
2026-07-16,S004,P1002,RidgeRover Mid Trail Shoes 201,footwear,trail shoes,Highland Ember,legacy,legacy_original,True,1,1,1,203.43,0.0,0,203.43
2026-07-16,S004,P1007,HearthRambler Stormproof Jacket 206,outerwear,rain shell,Switchback Supply,legacy,legacy_original,True,1,1,2,213.6,5.0,1,106.8
2026-07-16,S004,P1012,CloudNomad 32oz Tumbler 211,hydration,insulated tumbler,Moss & Mile,legacy,legacy_original,True,1,1,1,123.66,0.0,0,123.66
2026-07-16,S004,P1015,MoonRambler Ultralight Camp Chair 214,camping,camp chair,Switchback Supply,legacy,legacy_original,True,1,1,4,614.0,20.0,1,153.5
2026-07-16,S004,P1024,CanyonNomad Travel Tumbler 223,hydration,insulated tumbler,TrailForge,legacy,legacy_original,True,1,1,3,231.0,15.0,1,77.0
2026-07-16,S004,P1026,VistaRover Mid Trail Shoes 225,footwear,trail shoes,Highland Ember,legacy,legacy_original,True,2,2,4,482.48,5.0,1,120.62
2026-07-16,S004,P1029,FieldRunner Storm Kit Battery Pack 228,emergency,battery pack,Blue Ridge Works,legacy,legacy_original,True,1,1,2,201.48,20.0,1,100.74
2026-07-16,S004,P1034,RidgeRover Deluxe Patio Heater 233,patio,patio heater,Highland Ember,legacy,legacy_original,True,1,1,1,160.42,5.0,1,160.42
2026-07-16,S004,P1041,PineRunner Mini Battery Pack 240,emergency,battery pack,Rocky Top Outfitters,legacy,legacy_original,True,2,2,4,202.02,7.5,1,50.5
2026-07-16,S004,P1045,FieldRunner Basecamp Tent 244,camping,tent,Blue Ridge Works,legacy,legacy_original,True,1,1,2,592.3,15.0,1,296.15
2026-07-16,S005,P1003,CreekRambler 2P Camp Chair 202,camping,camp chair,Creekline,legacy,legacy_original,True,1,1,2,763.26,15.0,1,381.63
2026-07-16,S005,P1004,StormNomad Compact Cooler 203,patio,cooler,Moss & Mile,legacy,legacy_original,True,1,1,2,197.82,10.0,1,98.91
2026-07-16,S005,P1006,TrailRover 20oz Tumbler 205,hydration,insulated tumbler,Summit Finch,legacy,legacy_original,True,1,1,4,223.64,0.0,0,55.91
2026-07-16,S005,P1007,HearthRambler Stormproof Jacket 206,outerwear,rain shell,Switchback Supply,legacy,legacy_original,True,1,1,3,320.4,5.0,1,106.8
2026-07-16,S005,P1010,VistaRover Deluxe Patio Heater 209,patio,patio heater,Highland Ember,legacy,legacy_original,True,1,1,2,939.14,15.0,1,469.57
2026-07-16,S005,P1024,CanyonNomad Travel Tumbler 223,hydration,insulated tumbler,TrailForge,legacy,legacy_original,True,1,1,2,181.18,0.0,0,90.59
2026-07-16,S005,P1030,SwitchbackRover 20oz Tumbler 229,hydration,insulated tumbler,Summit Finch,legacy,legacy_original,True,1,1,1,126.26,0.0,0,126.26
2026-07-16,S005,P1031,MoonRambler Stormproof Jacket 230,outerwear,rain shell,Switchback Supply,legacy,legacy_original,True,1,1,1,138.82,20.0,1,138.82
2026-07-16,S005,P1036,StormNomad 32oz Tumbler 235,hydration,insulated tumbler,Moss & Mile,legacy,legacy_original,True,1,1,1,126.18,20.0,1,126.18
2026-07-16,S005,P1059,BoulderRambler Rechargeable Flashlight 258,emergency,flashlight,Creekline,legacy,legacy_original,True,1,1,3,269.01,15.0,1,89.67
2026-07-16,S005,P1063,MoonRambler Ultralight Camp Chair 262,camping,camp chair,Switchback Supply,legacy,legacy_original,True,1,1,4,319.68,0.0,0,79.92
2026-07-16,S005,P1070,TrailRover Weekend Patio Heater 269,patio,patio heater,Summit Finch,legacy,legacy_original,True,1,1,4,810.08,0.0,0,202.52
2026-07-16,S005,P1074,VistaRover Mid Trail Shoes 273,footwear,trail shoes,Highland Ember,legacy,legacy_original,True,1,1,2,383.4,0.0,0,191.7
2026-07-16,S006,P1010,VistaRover Deluxe Patio Heater 209,patio,patio heater,Highland Ember,legacy,legacy_original,True,2,2,3,1546.81,7.5,2,515.6
2026-07-16,S006,P1044,CloudNomad Approach Trail Shoes 243,footwear,trail shoes,Moss & Mile,legacy,legacy_original,True,1,1,1,189.25,0.0,0,189.25
2026-07-16,S006,P1048,PeakNomad Travel Tumbler 247,hydration,insulated tumbler,TrailForge,legacy,legacy_original,True,1,1,4,267.08,5.0,1,66.77
2026-07-16,S006,P1052,StormNomad Compact Cooler 251,patio,cooler,Moss & Mile,legacy,legacy_original,True,1,1,2,777.82,0.0,0,388.91
2026-07-16,S006,P1066,RidgeRover Trail Tumbler 265,hydration,insulated tumbler,Highland Ember,legacy,legacy_original,True,1,1,2,209.76,0.0,0,104.88
2026-07-16,S006,P1074,VistaRover Mid Trail Shoes 273,footwear,trail shoes,Highland Ember,legacy,legacy_original,True,1,1,1,191.7,0.0,0,191.7
2026-07-16,S007,P1001,SummitRunner Lightweight Jacket 200,outerwear,rain shell,Rocky Top Outfitters,legacy,legacy_original,True,1,1,1,130.82,0.0,0,130.82
2026-07-16,S007,P1009,PineRunner 4P Tent 208,camping,tent,Rocky Top Outfitters,legacy,legacy_original,True,1,1,4,461.04,0.0,0,115.26
2026-07-16,S007,P1010,VistaRover Deluxe Patio Heater 209,patio,patio heater,Highland Ember,legacy,legacy_original,True,1,1,1,497.19,10.0,1,497.19
2026-07-16,S007,P1011,BoulderRambler Rechargeable Flashlight 210,emergency,flashlight,Creekline,legacy,legacy_original,True,1,1,2,239.52,10.0,1,119.76
2026-07-16,S007,P1013,FieldRunner Packable Jacket 212,outerwear,rain shell,Blue Ridge Works,legacy,legacy_original,True,1,1,1,97.39,0.0,0,97.39
2026-07-16,S007,P1014,SwitchbackRover Wide Trail Shoes 213,footwear,trail shoes,Summit Finch,legacy,legacy_original,True,2,2,4,675.42,15.0,2,168.86
2026-07-16,S007,P1025,PineRunner Lightweight Jacket 224,outerwear,rain shell,Rocky Top Outfitters,legacy,legacy_original,True,1,1,2,249.2,0.0,0,124.6
2026-07-16,S007,P1035,CreekRambler Rechargeable Flashlight 234,emergency,flashlight,Creekline,legacy,legacy_original,True,1,1,1,147.73,0.0,0,147.73
2026-07-16,S007,P1056,CanyonNomad Waterproof Trail Shoes 255,footwear,trail shoes,TrailForge,legacy,legacy_original,True,1,1,3,432.03,0.0,0,144.01
2026-07-16,S007,P1057,PineRunner 4P Tent 256,camping,tent,Rocky Top Outfitters,legacy,legacy_original,True,1,1,1,410.17,0.0,0,410.17
2026-07-16,S007,P1062,SwitchbackRover Wide Trail Shoes 261,footwear,trail shoes,Summit Finch,legacy,legacy_original,True,1,1,1,170.69,0.0,0,170.69
2026-07-16,S007,P1073,PineRunner Lightweight Jacket 272,outerwear,rain shell,Rocky Top Outfitters,legacy,legacy_original,True,1,1,1,125.32,0.0,0,125.32
2026-07-16,S007,P1074,VistaRover Mid Trail Shoes 273,footwear,trail shoes,Highland Ember,legacy,legacy_original,True,1,1,1,191.7,0.0,0,191.7
2026-07-16,S007,P1078,SwitchbackRover 20oz Tumbler 277,hydration,insulated tumbler,Summit Finch,legacy,legacy_original,True,1,1,1,131.72,10.0,1,131.72
2026-07-16,S008,P1003,CreekRambler 2P Camp Chair 202,camping,camp chair,Creekline,legacy,legacy_original,True,1,1,2,897.96,0.0,0,448.98
2026-07-16,S008,P1008,CanyonNomad Waterproof Trail Shoes 207,footwear,trail shoes,TrailForge,legacy,legacy_original,True,1,1,2,351.0,0.0,0,175.5
2026-07-16,S008,P1010,VistaRover Deluxe Patio Heater 209,patio,patio heater,Highland Ember,legacy,legacy_original,True,1,1,2,883.88,20.0,1,441.94
2026-07-16,S008,P1013,FieldRunner Packable Jacket 212,outerwear,rain shell,Blue Ridge Works,legacy,legacy_original,True,1,1,2,185.04,5.0,1,92.52
2026-07-16,S008,P1014,SwitchbackRover Wide Trail Shoes 213,footwear,trail shoes,Summit Finch,legacy,legacy_original,True,1,1,2,327.48,20.0,1,163.74
2026-07-16,S008,P1033,SummitRunner 4P Tent 232,camping,tent,Rocky Top Outfitters,legacy,legacy_original,True,1,1,1,151.57,20.0,1,151.57
2026-07-16,S008,P1046,SwitchbackRover Weekend Patio Heater 245,patio,patio heater,Summit Finch,legacy,legacy_original,True,1,1,1,233.42,0.0,0,233.42
2026-07-16,S008,P1049,SummitRunner Lightweight Jacket 248,outerwear,rain shell,Rocky Top Outfitters,legacy,legacy_original,True,1,1,3,666.03,0.0,0,222.01
2026-07-16,S008,P1050,RidgeRover Mid Trail Shoes 249,footwear,trail shoes,Highland Ember,legacy,legacy_original,True,1,1,4,301.24,0.0,0,75.31
2026-07-16,S008,P1058,VistaRover Deluxe Patio Heater 257,patio,patio heater,Highland Ember,legacy,legacy_original,True,1,1,4,948.92,10.0,1,237.23
2026-07-16,S008,P1060,CloudNomad 32oz Tumbler 259,hydration,insulated tumbler,Moss & Mile,legacy,legacy_original,True,1,1,4,586.68,5.0,1,146.67
2026-07-16,S008,P1068,StormNomad Approach Trail Shoes 267,footwear,trail shoes,Moss & Mile,legacy,legacy_original,True,1,1,2,137.56,15.0,1,68.78
2026-07-16,S008,P1073,PineRunner Lightweight Jacket 272,outerwear,rain shell,Rocky Top Outfitters,legacy,legacy_original,True,1,1,3,375.96,0.0,0,125.32
2026-07-16,S008,P1076,CloudNomad Compact Cooler 275,patio,cooler,Moss & Mile,legacy,legacy_original,True,1,1,2,1372.16,0.0,0,686.08
2026-07-17,S001,P1008,CanyonNomad Waterproof Trail Shoes 207,footwear,trail shoes,TrailForge,legacy,legacy_original,True,1,1,1,175.5,0.0,0,175.5
2026-07-17,S001,P1015,MoonRambler Ultralight Camp Chair 214,camping,camp chair,Switchback Supply,legacy,legacy_original,True,2,2,3,479.68,15.0,2,159.89
2026-07-17,S001,P1026,VistaRover Mid Trail Shoes 225,footwear,trail shoes,Highland Ember,legacy,legacy_original,True,1,1,1,104.32,20.0,1,104.32
2026-07-17,S001,P1041,PineRunner Mini Battery Pack 240,emergency,battery pack,Rocky Top Outfitters,legacy,legacy_original,True,1,1,2,109.2,0.0,0,54.6
2026-07-17,S001,P1052,StormNomad Compact Cooler 251,patio,cooler,Moss & Mile,legacy,legacy_original,True,1,1,1,388.91,0.0,0,388.91
2026-07-17,S001,P1060,CloudNomad 32oz Tumbler 259,hydration,insulated tumbler,Moss & Mile,legacy,legacy_original,True,1,1,1,154.39,0.0,0,154.39
2026-07-17,S001,P1064,PeakNomad XL Cooler 263,patio,cooler,TrailForge,legacy,legacy_original,True,1,1,1,522.28,15.0,1,522.28
2026-07-17,S001,P1067,CreekRambler Alpine Jacket 266,outerwear,rain shell,Creekline,legacy,legacy_original,True,1,1,1,266.98,0.0,0,266.98
2026-07-17,S001,P1068,StormNomad Approach Trail Shoes 267,footwear,trail shoes,Moss & Mile,legacy,legacy_original,True,1,1,2,161.84,0.0,0,80.92
2026-07-17,S001,P1070,TrailRover Weekend Patio Heater 269,patio,patio heater,Summit Finch,legacy,legacy_original,True,1,1,2,384.78,5.0,1,192.39
2026-07-17,S001,P1080,PeakNomad Waterproof Trail Shoes 279,footwear,trail shoes,TrailForge,legacy,legacy_original,True,1,1,4,572.0,0.0,0,143.0
2026-07-17,S002,P1001,SummitRunner Lightweight Jacket 200,outerwear,rain shell,Rocky Top Outfitters,legacy,legacy_original,True,1,1,2,261.64,0.0,0,130.82
2026-07-17,S002,P1003,CreekRambler 2P Camp Chair 202,camping,camp chair,Creekline,legacy,legacy_original,True,1,1,1,448.98,0.0,0,448.98
2026-07-17,S002,P1007,HearthRambler Stormproof Jacket 206,outerwear,rain shell,Switchback Supply,legacy,legacy_original,True,1,1,1,112.42,0.0,0,112.42
2026-07-17,S002,P1008,CanyonNomad Waterproof Trail Shoes 207,footwear,trail shoes,TrailForge,legacy,legacy_original,True,1,1,1,166.72,5.0,1,166.72
2026-07-17,S002,P1009,PineRunner 4P Tent 208,camping,tent,Rocky Top Outfitters,legacy,legacy_original,True,1,1,2,184.42,20.0,1,92.21
2026-07-17,S002,P1012,CloudNomad 32oz Tumbler 211,hydration,insulated tumbler,Moss & Mile,legacy,legacy_original,True,1,1,4,494.64,0.0,0,123.66
2026-07-17,S002,P1015,MoonRambler Ultralight Camp Chair 214,camping,camp chair,Switchback Supply,legacy,legacy_original,True,1,1,1,191.87,0.0,0,191.87
2026-07-17,S002,P1022,TrailRover Weekend Patio Heater 221,patio,patio heater,Summit Finch,legacy,legacy_original,True,1,1,2,738.54,5.0,1,369.27
2026-07-17,S002,P1026,VistaRover Mid Trail Shoes 225,footwear,trail shoes,Highland Ember,legacy,legacy_original,True,1,1,1,130.4,0.0,0,130.4
2026-07-17,S002,P1029,FieldRunner Storm Kit Battery Pack 228,emergency,battery pack,Blue Ridge Works,legacy,legacy_original,True,1,1,2,239.26,5.0,1,119.63
2026-07-17,S002,P1035,CreekRambler Rechargeable Flashlight 234,emergency,flashlight,Creekline,legacy,legacy_original,True,1,1,1,147.73,0.0,0,147.73
2026-07-17,S002,P1057,PineRunner 4P Tent 256,camping,tent,Rocky Top Outfitters,legacy,legacy_original,True,2,2,5,1907.28,10.0,2,381.46
2026-07-17,S002,P1066,RidgeRover Trail Tumbler 265,hydration,insulated tumbler,Highland Ember,legacy,legacy_original,True,1,1,1,94.39,10.0,1,94.39
2026-07-17,S002,P1069,EmberRunner Basecamp Tent 268,camping,tent,Blue Ridge Works,legacy,legacy_original,True,1,1,2,461.44,10.0,1,230.72
2026-07-17,S003,P1001,SummitRunner Lightweight Jacket 200,outerwear,rain shell,Rocky Top Outfitters,legacy,legacy_original,True,1,1,1,111.2,15.0,1,111.2
2026-07-17,S003,P1008,CanyonNomad Waterproof Trail Shoes 207,footwear,trail shoes,TrailForge,legacy,legacy_original,True,1,1,1,175.5,0.0,0,175.5
2026-07-17,S003,P1022,TrailRover Weekend Patio Heater 221,patio,patio heater,Summit Finch,legacy,legacy_original,True,1,1,4,1399.36,10.0,1,349.84
2026-07-17,S003,P1031,MoonRambler Stormproof Jacket 230,outerwear,rain shell,Switchback Supply,legacy,legacy_original,True,2,2,5,867.65,0.0,0,173.53
2026-07-17,S003,P1032,PeakNomad Waterproof Trail Shoes 231,footwear,trail shoes,TrailForge,legacy,legacy_original,True,1,1,1,194.08,0.0,0,194.08
2026-07-17,S003,P1034,RidgeRover Deluxe Patio Heater 233,patio,patio heater,Highland Ember,legacy,legacy_original,True,1,1,1,135.09,20.0,1,135.09
2026-07-17,S003,P1040,CanyonNomad XL Cooler 239,patio,cooler,TrailForge,legacy,legacy_original,True,1,1,2,195.86,10.0,1,97.93
2026-07-17,S003,P1043,BoulderRambler Alpine Jacket 242,outerwear,rain shell,Creekline,legacy,legacy_original,True,1,1,4,964.0,0.0,0,241.0
2026-07-17,S003,P1049,SummitRunner Lightweight Jacket 248,outerwear,rain shell,Rocky Top Outfitters,legacy,legacy_original,True,2,2,5,1010.15,7.5,1,202.03
2026-07-17,S003,P1050,RidgeRover Mid Trail Shoes 249,footwear,trail shoes,Highland Ember,legacy,legacy_original,True,1,1,2,150.62,0.0,0,75.31
2026-07-17,S003,P1069,EmberRunner Basecamp Tent 268,camping,tent,Blue Ridge Works,legacy,legacy_original,True,1,1,2,487.08,5.0,1,243.54
2026-07-17,S003,P1072,CanyonNomad Travel Tumbler 271,hydration,insulated tumbler,TrailForge,legacy,legacy_original,True,1,1,2,255.16,5.0,1,127.58
2026-07-17,S003,P1075,BoulderRambler 2P Camp Chair 274,camping,camp chair,Creekline,legacy,legacy_original,True,1,1,2,313.92,5.0,1,156.96
2026-07-17,S004,P1001,SummitRunner Lightweight Jacket 200,outerwear,rain shell,Rocky Top Outfitters,legacy,legacy_original,True,1,1,2,209.32,20.0,1,104.66
2026-07-17,S004,P1019,CreekRambler Alpine Jacket 218,outerwear,rain shell,Creekline,legacy,legacy_original,True,1,1,4,572.76,20.0,1,143.19
2026-07-17,S004,P1020,StormNomad Approach Trail Shoes 219,footwear,trail shoes,Moss & Mile,legacy,legacy_original,True,1,1,3,602.73,5.0,1,200.91
2026-07-17,S004,P1031,MoonRambler Stormproof Jacket 230,outerwear,rain shell,Switchback Supply,legacy,legacy_original,True,1,1,2,277.64,20.0,1,138.82
2026-07-17,S004,P1038,TrailRover Wide Trail Shoes 237,footwear,trail shoes,Summit Finch,legacy,legacy_original,True,1,1,3,531.57,10.0,1,177.19
2026-07-17,S004,P1048,PeakNomad Travel Tumbler 247,hydration,insulated tumbler,TrailForge,legacy,legacy_original,True,2,2,3,193.28,10.0,2,64.43
2026-07-17,S004,P1057,PineRunner 4P Tent 256,camping,tent,Rocky Top Outfitters,legacy,legacy_original,True,1,1,2,697.28,15.0,1,348.64
2026-07-17,S004,P1059,BoulderRambler Rechargeable Flashlight 258,emergency,flashlight,Creekline,legacy,legacy_original,True,1,1,1,105.5,0.0,0,105.5
2026-07-17,S004,P1063,MoonRambler Ultralight Camp Chair 262,camping,camp chair,Switchback Supply,legacy,legacy_original,True,1,1,4,271.72,15.0,1,67.93
2026-07-17,S004,P1064,PeakNomad XL Cooler 263,patio,cooler,TrailForge,legacy,legacy_original,True,1,1,1,491.56,20.0,1,491.56
2026-07-17,S004,P1068,StormNomad Approach Trail Shoes 267,footwear,trail shoes,Moss & Mile,legacy,legacy_original,True,1,1,2,153.74,5.0,1,76.87
2026-07-17,S004,P1074,VistaRover Mid Trail Shoes 273,footwear,trail shoes,Highland Ember,legacy,legacy_original,True,1,1,2,383.4,0.0,0,191.7
2026-07-17,S005,P1003,CreekRambler 2P Camp Chair 202,camping,camp chair,Creekline,legacy,legacy_original,True,1,1,1,359.18,20.0,1,359.18
2026-07-17,S005,P1013,FieldRunner Packable Jacket 212,outerwear,rain shell,Blue Ridge Works,legacy,legacy_original,True,1,1,4,389.56,0.0,0,97.39
2026-07-17,S005,P1017,SummitRunner Mini Battery Pack 216,emergency,battery pack,Rocky Top Outfitters,legacy,legacy_original,True,1,1,1,64.63,0.0,0,64.63
2026-07-17,S005,P1018,RidgeRover Trail Tumbler 217,hydration,insulated tumbler,Highland Ember,legacy,legacy_original,True,1,1,1,138.02,10.0,1,138.02
2026-07-17,S005,P1031,MoonRambler Stormproof Jacket 230,outerwear,rain shell,Switchback Supply,legacy,legacy_original,True,1,1,3,520.59,0.0,0,173.53
2026-07-17,S005,P1035,CreekRambler Rechargeable Flashlight 234,emergency,flashlight,Creekline,legacy,legacy_original,True,1,1,4,502.28,15.0,1,125.57
2026-07-17,S005,P1042,VistaRover Trail Tumbler 241,hydration,insulated tumbler,Highland Ember,legacy,legacy_original,True,1,1,1,115.25,0.0,0,115.25
2026-07-17,S005,P1048,PeakNomad Travel Tumbler 247,hydration,insulated tumbler,TrailForge,legacy,legacy_original,True,1,1,2,140.56,0.0,0,70.28
2026-07-17,S005,P1051,CreekRambler 2P Camp Chair 250,camping,camp chair,Creekline,legacy,legacy_original,True,1,1,1,424.15,0.0,0,424.15
2026-07-17,S005,P1052,StormNomad Compact Cooler 251,patio,cooler,Moss & Mile,legacy,legacy_original,True,1,1,1,311.13,20.0,1,311.13
2026-07-17,S005,P1062,SwitchbackRover Wide Trail Shoes 261,footwear,trail shoes,Summit Finch,legacy,legacy_original,True,1,1,4,682.76,0.0,0,170.69
2026-07-17,S005,P1063,MoonRambler Ultralight Camp Chair 262,camping,camp chair,Switchback Supply,legacy,legacy_original,True,3,3,4,303.7,6.67,1,75.92
2026-07-17,S005,P1070,TrailRover Weekend Patio Heater 269,patio,patio heater,Summit Finch,legacy,legacy_original,True,1,1,3,607.56,0.0,0,202.52
2026-07-17,S005,P1071,HearthRambler Expedition Flashlight 270,emergency,flashlight,Switchback Supply,legacy,legacy_original,True,1,1,4,573.2,0.0,0,143.3
2026-07-17,S006,P1003,CreekRambler 2P Camp Chair 202,camping,camp chair,Creekline,legacy,legacy_original,True,1,1,4,1706.12,5.0,1,426.53
2026-07-17,S006,P1006,TrailRover 20oz Tumbler 205,hydration,insulated tumbler,Summit Finch,legacy,legacy_original,True,1,1,2,100.64,10.0,1,50.32
2026-07-17,S006,P1016,PeakNomad XL Cooler 215,patio,cooler,TrailForge,legacy,legacy_original,True,1,1,1,602.39,5.0,1,602.39
2026-07-17,S006,P1018,RidgeRover Trail Tumbler 217,hydration,insulated tumbler,Highland Ember,legacy,legacy_original,True,1,1,1,145.69,5.0,1,145.69
2026-07-17,S006,P1019,CreekRambler Alpine Jacket 218,outerwear,rain shell,Creekline,legacy,legacy_original,True,1,1,3,429.57,20.0,1,143.19
2026-07-17,S006,P1024,CanyonNomad Travel Tumbler 223,hydration,insulated tumbler,TrailForge,legacy,legacy_original,True,1,1,2,181.18,0.0,0,90.59
2026-07-17,S006,P1026,VistaRover Mid Trail Shoes 225,footwear,trail shoes,Highland Ember,legacy,legacy_original,True,1,1,4,417.28,20.0,1,104.32
2026-07-17,S006,P1030,SwitchbackRover 20oz Tumbler 229,hydration,insulated tumbler,Summit Finch,legacy,legacy_original,True,1,1,1,126.26,0.0,0,126.26
2026-07-17,S006,P1042,VistaRover Trail Tumbler 241,hydration,insulated tumbler,Highland Ember,legacy,legacy_original,True,1,1,3,276.6,20.0,1,92.2
2026-07-17,S006,P1048,PeakNomad Travel Tumbler 247,hydration,insulated tumbler,TrailForge,legacy,legacy_original,True,1,1,3,200.31,5.0,1,66.77
2026-07-17,S006,P1056,CanyonNomad Waterproof Trail Shoes 255,footwear,trail shoes,TrailForge,legacy,legacy_original,True,1,1,1,122.41,15.0,1,122.41
2026-07-17,S006,P1066,RidgeRover Trail Tumbler 265,hydration,insulated tumbler,Highland Ember,legacy,legacy_original,True,1,1,4,377.56,10.0,1,94.39
2026-07-17,S006,P1069,EmberRunner Basecamp Tent 268,camping,tent,Blue Ridge Works,legacy,legacy_original,True,2,2,8,1948.32,5.0,1,243.54
2026-07-17,S006,P1070,TrailRover Weekend Patio Heater 269,patio,patio heater,Summit Finch,legacy,legacy_original,True,1,1,2,405.04,0.0,0,202.52
2026-07-17,S006,P1073,PineRunner Lightweight Jacket 272,outerwear,rain shell,Rocky Top Outfitters,legacy,legacy_original,True,1,1,2,238.1,5.0,1,119.05
2026-07-17,S006,P1075,BoulderRambler 2P Camp Chair 274,camping,camp chair,Creekline,legacy,legacy_original,True,1,1,1,165.22,0.0,0,165.22
2026-07-17,S007,P1001,SummitRunner Lightweight Jacket 200,outerwear,rain shell,Rocky Top Outfitters,legacy,legacy_original,True,1,1,1,117.74,10.0,1,117.74
2026-07-17,S007,P1005,EmberRunner Storm Kit Battery Pack 204,emergency,battery pack,Blue Ridge Works,legacy,legacy_original,True,1,1,2,189.62,15.0,1,94.81
2026-07-17,S007,P1010,VistaRover Deluxe Patio Heater 209,patio,patio heater,Highland Ember,legacy,legacy_original,True,1,1,1,524.81,5.0,1,524.81
2026-07-17,S007,P1014,SwitchbackRover Wide Trail Shoes 213,footwear,trail shoes,Summit Finch,legacy,legacy_original,True,1,1,1,204.67,0.0,0,204.67
2026-07-17,S007,P1023,HearthRambler Expedition Flashlight 222,emergency,flashlight,Switchback Supply,legacy,legacy_original,True,1,1,2,240.44,15.0,1,120.22
2026-07-17,S007,P1028,CloudNomad Compact Cooler 227,patio,cooler,Moss & Mile,legacy,legacy_original,True,1,1,1,647.52,0.0,0,647.52
2026-07-17,S007,P1040,CanyonNomad XL Cooler 239,patio,cooler,TrailForge,legacy,legacy_original,True,1,1,2,184.98,15.0,1,92.49
2026-07-17,S007,P1048,PeakNomad Travel Tumbler 247,hydration,insulated tumbler,TrailForge,legacy,legacy_original,True,1,1,1,59.74,15.0,1,59.74
2026-07-17,S007,P1054,TrailRover 20oz Tumbler 253,hydration,insulated tumbler,Summit Finch,legacy,legacy_original,True,1,1,1,70.68,0.0,0,70.68
2026-07-17,S007,P1068,StormNomad Approach Trail Shoes 267,footwear,trail shoes,Moss & Mile,legacy,legacy_original,True,1,1,3,218.49,10.0,1,72.83
2026-07-17,S008,P1018,RidgeRover Trail Tumbler 217,hydration,insulated tumbler,Highland Ember,legacy,legacy_original,True,1,1,1,138.02,10.0,1,138.02
2026-07-17,S008,P1040,CanyonNomad XL Cooler 239,patio,cooler,TrailForge,legacy,legacy_original,True,1,1,1,87.05,20.0,1,87.05
2026-07-17,S008,P1041,PineRunner Mini Battery Pack 240,emergency,battery pack,Rocky Top Outfitters,legacy,legacy_original,True,1,1,2,98.28,10.0,1,49.14
2026-07-17,S008,P1046,SwitchbackRover Weekend Patio Heater 245,patio,patio heater,Summit Finch,legacy,legacy_original,True,1,1,2,373.48,20.0,1,186.74
2026-07-17,S008,P1053,EmberRunner Storm Kit Battery Pack 252,emergency,battery pack,Blue Ridge Works,legacy,legacy_original,True,1,1,1,108.53,0.0,0,108.53
2026-07-17,S008,P1062,SwitchbackRover Wide Trail Shoes 261,footwear,trail shoes,Summit Finch,legacy,legacy_original,True,1,1,3,409.65,20.0,1,136.55
2026-07-17,S008,P1080,PeakNomad Waterproof Trail Shoes 279,footwear,trail shoes,TrailForge,legacy,legacy_original,True,1,1,3,386.1,10.0,1,128.7
2026-07-18,S001,P1014,SwitchbackRover Wide Trail Shoes 213,footwear,trail shoes,Summit Finch,legacy,legacy_original,True,1,1,1,204.67,0.0,0,204.67
2026-07-18,S001,P1019,CreekRambler Alpine Jacket 218,outerwear,rain shell,Creekline,legacy,legacy_original,True,1,1,1,143.19,20.0,1,143.19
2026-07-18,S001,P1046,SwitchbackRover Weekend Patio Heater 245,patio,patio heater,Summit Finch,legacy,legacy_original,True,1,1,4,840.32,10.0,1,210.08
2026-07-18,S001,P1056,CanyonNomad Waterproof Trail Shoes 255,footwear,trail shoes,TrailForge,legacy,legacy_original,True,1,1,2,288.02,0.0,0,144.01
2026-07-18,S001,P1060,CloudNomad 32oz Tumbler 259,hydration,insulated tumbler,Moss & Mile,legacy,legacy_original,True,1,1,1,154.39,0.0,0,154.39
2026-07-18,S001,P1065,SummitRunner Mini Battery Pack 264,emergency,battery pack,Rocky Top Outfitters,legacy,legacy_original,True,1,1,1,107.22,5.0,1,107.22
2026-07-18,S001,P1067,CreekRambler Alpine Jacket 266,outerwear,rain shell,Creekline,legacy,legacy_original,True,1,1,1,253.63,5.0,1,253.63
2026-07-18,S001,P1070,TrailRover Weekend Patio Heater 269,patio,patio heater,Summit Finch,legacy,legacy_original,True,1,1,3,516.42,15.0,1,172.14
2026-07-18,S002,P1002,RidgeRover Mid Trail Shoes 201,footwear,trail shoes,Highland Ember,legacy,legacy_original,True,2,2,3,508.57,15.0,2,169.52
2026-07-18,S002,P1006,TrailRover 20oz Tumbler 205,hydration,insulated tumbler,Summit Finch,legacy,legacy_original,True,1,1,1,55.91,0.0,0,55.91
2026-07-18,S002,P1014,SwitchbackRover Wide Trail Shoes 213,footwear,trail shoes,Summit Finch,legacy,legacy_original,True,1,1,1,204.67,0.0,0,204.67
2026-07-18,S002,P1021,EmberRunner Basecamp Tent 220,camping,tent,Blue Ridge Works,legacy,legacy_original,True,1,1,1,73.74,0.0,0,73.74
2026-07-18,S002,P1028,CloudNomad Compact Cooler 227,patio,cooler,Moss & Mile,legacy,legacy_original,True,1,1,1,647.52,0.0,0,647.52
2026-07-18,S002,P1033,SummitRunner 4P Tent 232,camping,tent,Rocky Top Outfitters,legacy,legacy_original,True,1,1,1,170.51,10.0,1,170.51
2026-07-18,S002,P1044,CloudNomad Approach Trail Shoes 243,footwear,trail shoes,Moss & Mile,legacy,legacy_original,True,1,1,2,378.5,0.0,0,189.25
2026-07-18,S002,P1055,HearthRambler Stormproof Jacket 254,outerwear,rain shell,Switchback Supply,legacy,legacy_original,True,1,1,2,444.12,20.0,1,222.06
2026-07-18,S002,P1056,CanyonNomad Waterproof Trail Shoes 255,footwear,trail shoes,TrailForge,legacy,legacy_original,True,2,2,3,360.03,15.0,2,120.01
2026-07-18,S002,P1057,PineRunner 4P Tent 256,camping,tent,Rocky Top Outfitters,legacy,legacy_original,True,1,1,3,1230.51,0.0,0,410.17
2026-07-18,S002,P1069,EmberRunner Basecamp Tent 268,camping,tent,Blue Ridge Works,legacy,legacy_original,True,2,2,3,717.8,5.0,1,239.27
2026-07-18,S002,P1072,CanyonNomad Travel Tumbler 271,hydration,insulated tumbler,TrailForge,legacy,legacy_original,True,1,1,1,134.29,0.0,0,134.29
2026-07-18,S003,P1006,TrailRover 20oz Tumbler 205,hydration,insulated tumbler,Summit Finch,legacy,legacy_original,True,1,1,1,55.91,0.0,0,55.91
2026-07-18,S003,P1015,MoonRambler Ultralight Camp Chair 214,camping,camp chair,Switchback Supply,legacy,legacy_original,True,1,1,2,326.18,15.0,1,163.09
2026-07-18,S003,P1024,CanyonNomad Travel Tumbler 223,hydration,insulated tumbler,TrailForge,legacy,legacy_original,True,1,1,2,181.18,0.0,0,90.59
2026-07-18,S003,P1028,CloudNomad Compact Cooler 227,patio,cooler,Moss & Mile,legacy,legacy_original,True,1,1,4,2590.08,0.0,0,647.52
2026-07-18,S003,P1037,EmberRunner Packable Jacket 236,outerwear,rain shell,Blue Ridge Works,legacy,legacy_original,True,1,1,3,233.97,15.0,1,77.99
2026-07-18,S003,P1045,FieldRunner Basecamp Tent 244,camping,tent,Blue Ridge Works,legacy,legacy_original,True,1,1,1,348.41,0.0,0,348.41
2026-07-18,S003,P1049,SummitRunner Lightweight Jacket 248,outerwear,rain shell,Rocky Top Outfitters,legacy,legacy_original,True,1,1,2,444.02,0.0,0,222.01
2026-07-18,S003,P1055,HearthRambler Stormproof Jacket 254,outerwear,rain shell,Switchback Supply,legacy,legacy_original,True,1,1,2,527.38,5.0,1,263.69
2026-07-18,S003,P1056,CanyonNomad Waterproof Trail Shoes 255,footwear,trail shoes,TrailForge,legacy,legacy_original,True,1,1,1,136.81,5.0,1,136.81
2026-07-18,S003,P1059,BoulderRambler Rechargeable Flashlight 258,emergency,flashlight,Creekline,legacy,legacy_original,True,1,1,1,100.22,5.0,1,100.22
2026-07-18,S003,P1067,CreekRambler Alpine Jacket 266,outerwear,rain shell,Creekline,legacy,legacy_original,True,1,1,2,480.56,10.0,1,240.28
2026-07-18,S003,P1071,HearthRambler Expedition Flashlight 270,emergency,flashlight,Switchback Supply,legacy,legacy_original,True,2,2,5,623.37,10.0,2,124.67
2026-07-18,S003,P1080,PeakNomad Waterproof Trail Shoes 279,footwear,trail shoes,TrailForge,legacy,legacy_original,True,2,2,3,371.8,15.0,2,123.93
2026-07-18,S004,P1003,CreekRambler 2P Camp Chair 202,camping,camp chair,Creekline,legacy,legacy_original,True,2,2,6,2424.48,7.5,1,404.08
2026-07-18,S004,P1018,RidgeRover Trail Tumbler 217,hydration,insulated tumbler,Highland Ember,legacy,legacy_original,True,1,1,3,414.06,10.0,1,138.02
2026-07-18,S004,P1026,VistaRover Mid Trail Shoes 225,footwear,trail shoes,Highland Ember,legacy,legacy_original,True,1,1,1,110.84,15.0,1,110.84
2026-07-18,S004,P1027,BoulderRambler 2P Camp Chair 226,camping,camp chair,Creekline,legacy,legacy_original,True,1,1,2,184.06,0.0,0,92.03
2026-07-18,S004,P1035,CreekRambler Rechargeable Flashlight 234,emergency,flashlight,Creekline,legacy,legacy_original,True,1,1,2,280.68,5.0,1,140.34
2026-07-18,S004,P1037,EmberRunner Packable Jacket 236,outerwear,rain shell,Blue Ridge Works,legacy,legacy_original,True,1,1,3,275.25,0.0,0,91.75
2026-07-18,S004,P1041,PineRunner Mini Battery Pack 240,emergency,battery pack,Rocky Top Outfitters,legacy,legacy_original,True,1,1,1,46.41,15.0,1,46.41
2026-07-18,S004,P1049,SummitRunner Lightweight Jacket 248,outerwear,rain shell,Rocky Top Outfitters,legacy,legacy_original,True,1,1,4,888.04,0.0,0,222.01
2026-07-18,S004,P1052,StormNomad Compact Cooler 251,patio,cooler,Moss & Mile,legacy,legacy_original,True,1,1,4,1555.64,0.0,0,388.91
2026-07-18,S004,P1054,TrailRover 20oz Tumbler 253,hydration,insulated tumbler,Summit Finch,legacy,legacy_original,True,1,1,1,60.08,15.0,1,60.08
2026-07-18,S004,P1055,HearthRambler Stormproof Jacket 254,outerwear,rain shell,Switchback Supply,legacy,legacy_original,True,1,1,4,1054.76,5.0,1,263.69
2026-07-18,S004,P1056,CanyonNomad Waterproof Trail Shoes 255,footwear,trail shoes,TrailForge,legacy,legacy_original,True,1,1,2,288.02,0.0,0,144.01
2026-07-18,S004,P1060,CloudNomad 32oz Tumbler 259,hydration,insulated tumbler,Moss & Mile,legacy,legacy_original,True,2,2,4,617.56,0.0,0,154.39
2026-07-18,S004,P1064,PeakNomad XL Cooler 263,patio,cooler,TrailForge,legacy,legacy_original,True,1,1,2,1167.46,5.0,1,583.73
2026-07-18,S004,P1066,RidgeRover Trail Tumbler 265,hydration,insulated tumbler,Highland Ember,legacy,legacy_original,True,1,1,4,398.56,5.0,1,99.64
2026-07-18,S004,P1071,HearthRambler Expedition Flashlight 270,emergency,flashlight,Switchback Supply,legacy,legacy_original,True,1,1,2,257.94,10.0,1,128.97
2026-07-18,S004,P1073,PineRunner Lightweight Jacket 272,outerwear,rain shell,Rocky Top Outfitters,legacy,legacy_original,True,1,1,1,119.05,5.0,1,119.05
2026-07-18,S005,P1001,SummitRunner Lightweight Jacket 200,outerwear,rain shell,Rocky Top Outfitters,legacy,legacy_original,True,1,1,4,418.64,20.0,1,104.66
2026-07-18,S005,P1003,CreekRambler 2P Camp Chair 202,camping,camp chair,Creekline,legacy,legacy_original,True,1,1,1,381.63,15.0,1,381.63
2026-07-18,S005,P1009,PineRunner 4P Tent 208,camping,tent,Rocky Top Outfitters,legacy,legacy_original,True,1,1,3,293.91,15.0,1,97.97
2026-07-18,S005,P1021,EmberRunner Basecamp Tent 220,camping,tent,Blue Ridge Works,legacy,legacy_original,True,1,1,4,265.48,10.0,1,66.37
2026-07-18,S005,P1022,TrailRover Weekend Patio Heater 221,patio,patio heater,Summit Finch,legacy,legacy_original,True,1,1,2,660.8,15.0,1,330.4
2026-07-18,S005,P1025,PineRunner Lightweight Jacket 224,outerwear,rain shell,Rocky Top Outfitters,legacy,legacy_original,True,1,1,4,423.64,15.0,1,105.91
2026-07-18,S005,P1029,FieldRunner Storm Kit Battery Pack 228,emergency,battery pack,Blue Ridge Works,legacy,legacy_original,True,2,2,4,459.63,12.5,2,114.91
2026-07-18,S005,P1036,StormNomad 32oz Tumbler 235,hydration,insulated tumbler,Moss & Mile,legacy,legacy_original,True,2,2,5,693.98,10.0,1,138.8
2026-07-18,S005,P1056,CanyonNomad Waterproof Trail Shoes 255,footwear,trail shoes,TrailForge,legacy,legacy_original,True,1,1,1,129.61,10.0,1,129.61
2026-07-18,S005,P1070,TrailRover Weekend Patio Heater 269,patio,patio heater,Summit Finch,legacy,legacy_original,True,1,1,2,364.54,10.0,1,182.27
2026-07-18,S006,P1011,BoulderRambler Rechargeable Flashlight 210,emergency,flashlight,Creekline,legacy,legacy_original,True,1,1,1,113.11,15.0,1,113.11
2026-07-18,S006,P1021,EmberRunner Basecamp Tent 220,camping,tent,Blue Ridge Works,legacy,legacy_original,True,1,1,1,73.74,0.0,0,73.74
2026-07-18,S006,P1023,HearthRambler Expedition Flashlight 222,emergency,flashlight,Switchback Supply,legacy,legacy_original,True,1,1,1,113.15,20.0,1,113.15
2026-07-18,S006,P1024,CanyonNomad Travel Tumbler 223,hydration,insulated tumbler,TrailForge,legacy,legacy_original,True,1,1,2,181.18,0.0,0,90.59
2026-07-18,S006,P1035,CreekRambler Rechargeable Flashlight 234,emergency,flashlight,Creekline,legacy,legacy_original,True,1,1,1,147.73,0.0,0,147.73
2026-07-18,S006,P1043,BoulderRambler Alpine Jacket 242,outerwear,rain shell,Creekline,legacy,legacy_original,True,1,1,4,819.4,15.0,1,204.85
2026-07-18,S006,P1045,FieldRunner Basecamp Tent 244,camping,tent,Blue Ridge Works,legacy,legacy_original,True,2,2,3,992.97,7.5,1,330.99
2026-07-18,S006,P1046,SwitchbackRover Weekend Patio Heater 245,patio,patio heater,Summit Finch,legacy,legacy_original,True,1,1,2,373.48,20.0,1,186.74
2026-07-18,S006,P1050,RidgeRover Mid Trail Shoes 249,footwear,trail shoes,Highland Ember,legacy,legacy_original,True,2,2,7,527.17,0.0,0,75.31
2026-07-18,S006,P1051,CreekRambler 2P Camp Chair 250,camping,camp chair,Creekline,legacy,legacy_original,True,1,1,1,339.32,20.0,1,339.32
2026-07-18,S006,P1061,FieldRunner Packable Jacket 260,outerwear,rain shell,Blue Ridge Works,legacy,legacy_original,True,1,1,1,147.84,0.0,0,147.84
2026-07-18,S006,P1062,SwitchbackRover Wide Trail Shoes 261,footwear,trail shoes,Summit Finch,legacy,legacy_original,True,1,1,2,307.24,10.0,1,153.62
2026-07-18,S006,P1071,HearthRambler Expedition Flashlight 270,emergency,flashlight,Switchback Supply,legacy,legacy_original,True,1,1,2,272.26,5.0,1,136.13
2026-07-18,S006,P1077,FieldRunner Storm Kit Battery Pack 276,emergency,battery pack,Blue Ridge Works,legacy,legacy_original,True,1,1,1,76.12,20.0,1,76.12
2026-07-18,S006,P1080,PeakNomad Waterproof Trail Shoes 279,footwear,trail shoes,TrailForge,legacy,legacy_original,True,1,1,2,228.8,20.0,1,114.4
2026-07-18,S007,P1016,PeakNomad XL Cooler 215,patio,cooler,TrailForge,legacy,legacy_original,True,1,1,1,602.39,5.0,1,602.39
2026-07-18,S007,P1026,VistaRover Mid Trail Shoes 225,footwear,trail shoes,Highland Ember,legacy,legacy_original,True,1,1,4,495.52,5.0,1,123.88
2026-07-18,S007,P1027,BoulderRambler 2P Camp Chair 226,camping,camp chair,Creekline,legacy,legacy_original,True,1,1,1,92.03,0.0,0,92.03
2026-07-18,S007,P1033,SummitRunner 4P Tent 232,camping,tent,Rocky Top Outfitters,legacy,legacy_original,True,1,1,2,378.92,0.0,0,189.46
2026-07-18,S007,P1058,VistaRover Deluxe Patio Heater 257,patio,patio heater,Highland Ember,legacy,legacy_original,True,1,1,1,224.05,15.0,1,224.05
2026-07-18,S007,P1065,SummitRunner Mini Battery Pack 264,emergency,battery pack,Rocky Top Outfitters,legacy,legacy_original,True,1,1,4,451.44,0.0,0,112.86
2026-07-18,S007,P1075,BoulderRambler 2P Camp Chair 274,camping,camp chair,Creekline,legacy,legacy_original,True,1,1,2,297.4,10.0,1,148.7
2026-07-18,S008,P1008,CanyonNomad Waterproof Trail Shoes 207,footwear,trail shoes,TrailForge,legacy,legacy_original,True,1,1,1,149.17,15.0,1,149.17
2026-07-18,S008,P1010,VistaRover Deluxe Patio Heater 209,patio,patio heater,Highland Ember,legacy,legacy_original,True,1,1,3,1491.57,10.0,1,497.19
2026-07-18,S008,P1014,SwitchbackRover Wide Trail Shoes 213,footwear,trail shoes,Summit Finch,legacy,legacy_original,True,1,1,1,204.67,0.0,0,204.67
2026-07-18,S008,P1016,PeakNomad XL Cooler 215,patio,cooler,TrailForge,legacy,legacy_original,True,1,1,1,602.39,5.0,1,602.39
2026-07-18,S008,P1026,VistaRover Mid Trail Shoes 225,footwear,trail shoes,Highland Ember,legacy,legacy_original,True,1,1,1,123.88,5.0,1,123.88
2026-07-18,S008,P1031,MoonRambler Stormproof Jacket 230,outerwear,rain shell,Switchback Supply,legacy,legacy_original,True,1,1,1,138.82,20.0,1,138.82
2026-07-18,S008,P1039,HearthRambler Ultralight Camp Chair 238,camping,camp chair,Switchback Supply,legacy,legacy_original,True,1,1,2,735.68,0.0,0,367.84
2026-07-18,S008,P1048,PeakNomad Travel Tumbler 247,hydration,insulated tumbler,TrailForge,legacy,legacy_original,True,1,1,3,210.84,0.0,0,70.28
2026-07-18,S008,P1054,TrailRover 20oz Tumbler 253,hydration,insulated tumbler,Summit Finch,legacy,legacy_original,True,1,1,1,56.54,20.0,1,56.54
2026-07-18,S008,P1055,HearthRambler Stormproof Jacket 254,outerwear,rain shell,Switchback Supply,legacy,legacy_original,True,1,1,2,555.14,0.0,0,277.57
2026-07-18,S008,P1057,PineRunner 4P Tent 256,camping,tent,Rocky Top Outfitters,legacy,legacy_original,True,1,1,4,1640.68,0.0,0,410.17
2026-07-18,S008,P1064,PeakNomad XL Cooler 263,patio,cooler,TrailForge,legacy,legacy_original,True,1,1,1,583.73,5.0,1,583.73
2026-07-18,S008,P1076,CloudNomad Compact Cooler 275,patio,cooler,Moss & Mile,legacy,legacy_original,True,1,1,1,583.17,15.0,1,583.17
2026-07-19,S001,P1006,TrailRover 20oz Tumbler 205,hydration,insulated tumbler,Summit Finch,legacy,legacy_original,True,1,1,2,100.64,10.0,1,50.32
2026-07-19,S001,P1008,CanyonNomad Waterproof Trail Shoes 207,footwear,trail shoes,TrailForge,legacy,legacy_original,True,1,1,2,351.0,0.0,0,175.5
2026-07-19,S001,P1013,FieldRunner Packable Jacket 212,outerwear,rain shell,Blue Ridge Works,legacy,legacy_original,True,1,1,1,82.78,15.0,1,82.78
2026-07-19,S001,P1014,SwitchbackRover Wide Trail Shoes 213,footwear,trail shoes,Summit Finch,legacy,legacy_original,True,2,2,3,603.78,2.5,1,201.26
2026-07-19,S001,P1018,RidgeRover Trail Tumbler 217,hydration,insulated tumbler,Highland Ember,legacy,legacy_original,True,1,1,2,306.72,0.0,0,153.36
2026-07-19,S001,P1020,StormNomad Approach Trail Shoes 219,footwear,trail shoes,Moss & Mile,legacy,legacy_original,True,1,1,1,211.48,0.0,0,211.48
2026-07-19,S001,P1023,HearthRambler Expedition Flashlight 222,emergency,flashlight,Switchback Supply,legacy,legacy_original,True,1,1,3,381.9,10.0,1,127.3
2026-07-19,S001,P1024,CanyonNomad Travel Tumbler 223,hydration,insulated tumbler,TrailForge,legacy,legacy_original,True,1,1,3,244.59,10.0,1,81.53
2026-07-19,S001,P1029,FieldRunner Storm Kit Battery Pack 228,emergency,battery pack,Blue Ridge Works,legacy,legacy_original,True,1,1,2,226.68,10.0,1,113.34
2026-07-19,S001,P1031,MoonRambler Stormproof Jacket 230,outerwear,rain shell,Switchback Supply,legacy,legacy_original,True,2,2,3,503.23,2.5,1,167.74
2026-07-19,S001,P1036,StormNomad 32oz Tumbler 235,hydration,insulated tumbler,Moss & Mile,legacy,legacy_original,True,1,1,1,134.06,15.0,1,134.06
2026-07-19,S001,P1043,BoulderRambler Alpine Jacket 242,outerwear,rain shell,Creekline,legacy,legacy_original,True,1,1,1,192.8,20.0,1,192.8
2026-07-19,S001,P1051,CreekRambler 2P Camp Chair 250,camping,camp chair,Creekline,legacy,legacy_original,True,1,1,2,763.48,10.0,1,381.74
2026-07-19,S001,P1055,HearthRambler Stormproof Jacket 254,outerwear,rain shell,Switchback Supply,legacy,legacy_original,True,1,1,3,832.71,0.0,0,277.57
2026-07-19,S001,P1056,CanyonNomad Waterproof Trail Shoes 255,footwear,trail shoes,TrailForge,legacy,legacy_original,True,1,1,1,144.01,0.0,0,144.01
2026-07-19,S001,P1064,PeakNomad XL Cooler 263,patio,cooler,TrailForge,legacy,legacy_original,True,1,1,1,614.45,0.0,0,614.45
2026-07-19,S001,P1068,StormNomad Approach Trail Shoes 267,footwear,trail shoes,Moss & Mile,legacy,legacy_original,True,1,1,1,80.92,0.0,0,80.92
2026-07-19,S001,P1075,BoulderRambler 2P Camp Chair 274,camping,camp chair,Creekline,legacy,legacy_original,True,1,1,3,470.88,5.0,1,156.96
2026-07-19,S001,P1076,CloudNomad Compact Cooler 275,patio,cooler,Moss & Mile,legacy,legacy_original,True,1,1,2,1372.16,0.0,0,686.08
2026-07-19,S002,P1001,SummitRunner Lightweight Jacket 200,outerwear,rain shell,Rocky Top Outfitters,legacy,legacy_original,True,1,1,3,392.46,0.0,0,130.82
2026-07-19,S002,P1012,CloudNomad 32oz Tumbler 211,hydration,insulated tumbler,Moss & Mile,legacy,legacy_original,True,2,2,3,327.69,12.5,2,109.23
2026-07-19,S002,P1028,CloudNomad Compact Cooler 227,patio,cooler,Moss & Mile,legacy,legacy_original,True,1,1,3,1554.06,20.0,1,518.02
2026-07-19,S002,P1043,BoulderRambler Alpine Jacket 242,outerwear,rain shell,Creekline,legacy,legacy_original,True,1,1,1,204.85,15.0,1,204.85
2026-07-19,S002,P1048,PeakNomad Travel Tumbler 247,hydration,insulated tumbler,TrailForge,legacy,legacy_original,True,2,2,3,210.84,0.0,0,70.28
2026-07-19,S002,P1070,TrailRover Weekend Patio Heater 269,patio,patio heater,Summit Finch,legacy,legacy_original,True,1,1,2,405.04,0.0,0,202.52
2026-07-19,S002,P1072,CanyonNomad Travel Tumbler 271,hydration,insulated tumbler,TrailForge,legacy,legacy_original,True,1,1,1,134.29,0.0,0,134.29
2026-07-19,S002,P1073,PineRunner Lightweight Jacket 272,outerwear,rain shell,Rocky Top Outfitters,legacy,legacy_original,True,1,1,2,250.64,0.0,0,125.32
2026-07-19,S002,P1075,BoulderRambler 2P Camp Chair 274,camping,camp chair,Creekline,legacy,legacy_original,True,1,1,1,148.7,10.0,1,148.7
2026-07-19,S002,P1080,PeakNomad Waterproof Trail Shoes 279,footwear,trail shoes,TrailForge,legacy,legacy_original,True,1,1,2,286.0,0.0,0,143.0
2026-07-19,S003,P1002,RidgeRover Mid Trail Shoes 201,footwear,trail shoes,Highland Ember,legacy,legacy_original,True,2,2,6,1220.58,0.0,0,203.43
2026-07-19,S003,P1004,StormNomad Compact Cooler 203,patio,cooler,Moss & Mile,legacy,legacy_original,True,1,1,3,329.7,0.0,0,109.9
2026-07-19,S003,P1007,HearthRambler Stormproof Jacket 206,outerwear,rain shell,Switchback Supply,legacy,legacy_original,True,1,1,2,179.88,20.0,1,89.94
2026-07-19,S003,P1019,CreekRambler Alpine Jacket 218,outerwear,rain shell,Creekline,legacy,legacy_original,True,1,1,1,178.99,0.0,0,178.99
2026-07-19,S003,P1022,TrailRover Weekend Patio Heater 221,patio,patio heater,Summit Finch,legacy,legacy_original,True,1,1,2,777.42,0.0,0,388.71
2026-07-19,S003,P1024,CanyonNomad Travel Tumbler 223,hydration,insulated tumbler,TrailForge,legacy,legacy_original,True,1,1,2,172.12,5.0,1,86.06
2026-07-19,S003,P1027,BoulderRambler 2P Camp Chair 226,camping,camp chair,Creekline,legacy,legacy_original,True,1,1,1,92.03,0.0,0,92.03
2026-07-19,S003,P1028,CloudNomad Compact Cooler 227,patio,cooler,Moss & Mile,legacy,legacy_original,True,1,1,3,1942.56,0.0,0,647.52
2026-07-19,S003,P1030,SwitchbackRover 20oz Tumbler 229,hydration,insulated tumbler,Summit Finch,legacy,legacy_original,True,1,1,1,126.26,0.0,0,126.26
2026-07-19,S003,P1035,CreekRambler Rechargeable Flashlight 234,emergency,flashlight,Creekline,legacy,legacy_original,True,2,2,3,435.8,2.5,1,145.27
2026-07-19,S003,P1037,EmberRunner Packable Jacket 236,outerwear,rain shell,Blue Ridge Works,legacy,legacy_original,True,1,1,1,91.75,0.0,0,91.75
2026-07-19,S003,P1040,CanyonNomad XL Cooler 239,patio,cooler,TrailForge,legacy,legacy_original,True,2,2,4,402.6,7.5,1,100.65
2026-07-19,S003,P1042,VistaRover Trail Tumbler 241,hydration,insulated tumbler,Highland Ember,legacy,legacy_original,True,1,1,2,230.5,0.0,0,115.25
2026-07-19,S003,P1044,CloudNomad Approach Trail Shoes 243,footwear,trail shoes,Moss & Mile,legacy,legacy_original,True,1,1,3,510.99,10.0,1,170.33
2026-07-19,S003,P1046,SwitchbackRover Weekend Patio Heater 245,patio,patio heater,Summit Finch,legacy,legacy_original,True,1,1,4,933.68,0.0,0,233.42
2026-07-19,S003,P1047,MoonRambler Expedition Flashlight 246,emergency,flashlight,Switchback Supply,legacy,legacy_original,True,1,1,1,56.9,0.0,0,56.9
2026-07-19,S003,P1048,PeakNomad Travel Tumbler 247,hydration,insulated tumbler,TrailForge,legacy,legacy_original,True,2,2,2,140.56,0.0,0,70.28
2026-07-19,S003,P1049,SummitRunner Lightweight Jacket 248,outerwear,rain shell,Rocky Top Outfitters,legacy,legacy_original,True,1,1,1,188.71,15.0,1,188.71
2026-07-19,S003,P1052,StormNomad Compact Cooler 251,patio,cooler,Moss & Mile,legacy,legacy_original,True,1,1,2,700.04,10.0,1,350.02
2026-07-19,S003,P1060,CloudNomad 32oz Tumbler 259,hydration,insulated tumbler,Moss & Mile,legacy,legacy_original,True,1,1,1,146.67,5.0,1,146.67
2026-07-19,S003,P1061,FieldRunner Packable Jacket 260,outerwear,rain shell,Blue Ridge Works,legacy,legacy_original,True,1,1,1,133.06,10.0,1,133.06
2026-07-19,S003,P1063,MoonRambler Ultralight Camp Chair 262,camping,camp chair,Switchback Supply,legacy,legacy_original,True,1,1,4,303.68,5.0,1,75.92
2026-07-19,S003,P1066,RidgeRover Trail Tumbler 265,hydration,insulated tumbler,Highland Ember,legacy,legacy_original,True,2,2,3,309.4,2.5,1,103.13
2026-07-19,S003,P1076,CloudNomad Compact Cooler 275,patio,cooler,Moss & Mile,legacy,legacy_original,True,1,1,1,548.86,20.0,1,548.86
2026-07-19,S003,P1078,SwitchbackRover 20oz Tumbler 277,hydration,insulated tumbler,Summit Finch,legacy,legacy_original,True,1,1,2,292.7,0.0,0,146.35
2026-07-19,S003,P1079,MoonRambler Stormproof Jacket 278,outerwear,rain shell,Switchback Supply,legacy,legacy_original,True,1,1,1,217.78,15.0,1,217.78
2026-07-19,S004,P1005,EmberRunner Storm Kit Battery Pack 204,emergency,battery pack,Blue Ridge Works,legacy,legacy_original,True,1,1,2,223.08,0.0,0,111.54
2026-07-19,S004,P1009,PineRunner 4P Tent 208,camping,tent,Rocky Top Outfitters,legacy,legacy_original,True,1,1,2,219.0,5.0,1,109.5
2026-07-19,S004,P1010,VistaRover Deluxe Patio Heater 209,patio,patio heater,Highland Ember,legacy,legacy_original,True,2,2,2,1077.24,2.5,1,538.62
2026-07-19,S004,P1021,EmberRunner Basecamp Tent 220,camping,tent,Blue Ridge Works,legacy,legacy_original,True,1,1,1,73.74,0.0,0,73.74
2026-07-19,S004,P1022,TrailRover Weekend Patio Heater 221,patio,patio heater,Summit Finch,legacy,legacy_original,True,1,1,1,310.97,20.0,1,310.97
2026-07-19,S004,P1026,VistaRover Mid Trail Shoes 225,footwear,trail shoes,Highland Ember,legacy,legacy_original,True,1,1,2,221.68,15.0,1,110.84
2026-07-19,S004,P1030,SwitchbackRover 20oz Tumbler 229,hydration,insulated tumbler,Summit Finch,legacy,legacy_original,True,1,1,1,113.63,10.0,1,113.63
2026-07-19,S004,P1031,MoonRambler Stormproof Jacket 230,outerwear,rain shell,Switchback Supply,legacy,legacy_original,True,1,1,3,520.59,0.0,0,173.53
2026-07-19,S004,P1035,CreekRambler Rechargeable Flashlight 234,emergency,flashlight,Creekline,legacy,legacy_original,True,1,1,1,147.73,0.0,0,147.73
2026-07-19,S004,P1037,EmberRunner Packable Jacket 236,outerwear,rain shell,Blue Ridge Works,legacy,legacy_original,True,1,1,1,91.75,0.0,0,91.75
2026-07-19,S004,P1038,TrailRover Wide Trail Shoes 237,footwear,trail shoes,Summit Finch,legacy,legacy_original,True,1,1,2,334.7,15.0,1,167.35
2026-07-19,S004,P1042,VistaRover Trail Tumbler 241,hydration,insulated tumbler,Highland Ember,legacy,legacy_original,True,1,1,2,207.46,10.0,1,103.73
2026-07-19,S004,P1052,StormNomad Compact Cooler 251,patio,cooler,Moss & Mile,legacy,legacy_original,True,1,1,1,388.91,0.0,0,388.91
2026-07-19,S004,P1056,CanyonNomad Waterproof Trail Shoes 255,footwear,trail shoes,TrailForge,legacy,legacy_original,True,1,1,2,288.02,0.0,0,144.01
2026-07-19,S004,P1058,VistaRover Deluxe Patio Heater 257,patio,patio heater,Highland Ember,legacy,legacy_original,True,1,1,2,474.46,10.0,1,237.23
2026-07-19,S004,P1064,PeakNomad XL Cooler 263,patio,cooler,TrailForge,legacy,legacy_original,True,1,1,1,583.73,5.0,1,583.73
2026-07-19,S004,P1068,StormNomad Approach Trail Shoes 267,footwear,trail shoes,Moss & Mile,legacy,legacy_original,True,1,1,1,72.83,10.0,1,72.83
2026-07-19,S004,P1071,HearthRambler Expedition Flashlight 270,emergency,flashlight,Switchback Supply,legacy,legacy_original,True,1,1,1,143.3,0.0,0,143.3
2026-07-19,S004,P1072,CanyonNomad Travel Tumbler 271,hydration,insulated tumbler,TrailForge,legacy,legacy_original,True,1,1,3,402.87,0.0,0,134.29
2026-07-19,S004,P1073,PineRunner Lightweight Jacket 272,outerwear,rain shell,Rocky Top Outfitters,legacy,legacy_original,True,2,2,4,444.88,7.5,1,111.22
2026-07-19,S004,P1079,MoonRambler Stormproof Jacket 278,outerwear,rain shell,Switchback Supply,legacy,legacy_original,True,1,1,1,243.4,5.0,1,243.4
2026-07-19,S005,P1004,StormNomad Compact Cooler 203,patio,cooler,Moss & Mile,legacy,legacy_original,True,1,1,2,219.8,0.0,0,109.9
2026-07-19,S005,P1006,TrailRover 20oz Tumbler 205,hydration,insulated tumbler,Summit Finch,legacy,legacy_original,True,1,1,1,44.73,20.0,1,44.73
2026-07-19,S005,P1007,HearthRambler Stormproof Jacket 206,outerwear,rain shell,Switchback Supply,legacy,legacy_original,True,1,1,1,112.42,0.0,0,112.42
2026-07-19,S005,P1014,SwitchbackRover Wide Trail Shoes 213,footwear,trail shoes,Summit Finch,legacy,legacy_original,True,1,1,4,736.8,10.0,1,184.2
2026-07-19,S005,P1021,EmberRunner Basecamp Tent 220,camping,tent,Blue Ridge Works,legacy,legacy_original,True,2,2,6,398.18,12.5,2,66.36
2026-07-19,S005,P1027,BoulderRambler 2P Camp Chair 226,camping,camp chair,Creekline,legacy,legacy_original,True,1,1,2,184.06,0.0,0,92.03
2026-07-19,S005,P1029,FieldRunner Storm Kit Battery Pack 228,emergency,battery pack,Blue Ridge Works,legacy,legacy_original,True,1,1,1,119.63,5.0,1,119.63
2026-07-19,S005,P1031,MoonRambler Stormproof Jacket 230,outerwear,rain shell,Switchback Supply,legacy,legacy_original,True,1,1,4,659.4,5.0,1,164.85
2026-07-19,S005,P1036,StormNomad 32oz Tumbler 235,hydration,insulated tumbler,Moss & Mile,legacy,legacy_original,True,1,1,1,126.18,20.0,1,126.18
2026-07-19,S005,P1037,EmberRunner Packable Jacket 236,outerwear,rain shell,Blue Ridge Works,legacy,legacy_original,True,1,1,2,183.5,0.0,0,91.75
2026-07-19,S005,P1042,VistaRover Trail Tumbler 241,hydration,insulated tumbler,Highland Ember,legacy,legacy_original,True,1,1,4,414.92,10.0,1,103.73
2026-07-19,S005,P1056,CanyonNomad Waterproof Trail Shoes 255,footwear,trail shoes,TrailForge,legacy,legacy_original,True,1,1,4,576.04,0.0,0,144.01
2026-07-19,S005,P1071,HearthRambler Expedition Flashlight 270,emergency,flashlight,Switchback Supply,legacy,legacy_original,True,1,1,3,429.9,0.0,0,143.3
2026-07-19,S005,P1077,FieldRunner Storm Kit Battery Pack 276,emergency,battery pack,Blue Ridge Works,legacy,legacy_original,True,1,1,1,95.15,0.0,0,95.15
2026-07-19,S005,P1078,SwitchbackRover 20oz Tumbler 277,hydration,insulated tumbler,Summit Finch,legacy,legacy_original,True,1,1,1,131.72,10.0,1,131.72
2026-07-19,S006,P1006,TrailRover 20oz Tumbler 205,hydration,insulated tumbler,Summit Finch,legacy,legacy_original,True,1,1,1,50.32,10.0,1,50.32
2026-07-19,S006,P1013,FieldRunner Packable Jacket 212,outerwear,rain shell,Blue Ridge Works,legacy,legacy_original,True,1,1,4,311.64,20.0,1,77.91
2026-07-19,S006,P1021,EmberRunner Basecamp Tent 220,camping,tent,Blue Ridge Works,legacy,legacy_original,True,1,1,2,140.1,5.0,1,70.05
2026-07-19,S006,P1027,BoulderRambler 2P Camp Chair 226,camping,camp chair,Creekline,legacy,legacy_original,True,1,1,1,92.03,0.0,0,92.03
2026-07-19,S006,P1032,PeakNomad Waterproof Trail Shoes 231,footwear,trail shoes,TrailForge,legacy,legacy_original,True,1,1,2,388.16,0.0,0,194.08
2026-07-19,S006,P1035,CreekRambler Rechargeable Flashlight 234,emergency,flashlight,Creekline,legacy,legacy_original,True,1,1,1,147.73,0.0,0,147.73
2026-07-19,S006,P1037,EmberRunner Packable Jacket 236,outerwear,rain shell,Blue Ridge Works,legacy,legacy_original,True,1,1,4,367.0,0.0,0,91.75
2026-07-19,S006,P1038,TrailRover Wide Trail Shoes 237,footwear,trail shoes,Summit Finch,legacy,legacy_original,True,1,1,1,187.04,5.0,1,187.04
2026-07-19,S006,P1040,CanyonNomad XL Cooler 239,patio,cooler,TrailForge,legacy,legacy_original,True,1,1,3,261.15,20.0,1,87.05
2026-07-19,S006,P1044,CloudNomad Approach Trail Shoes 243,footwear,trail shoes,Moss & Mile,legacy,legacy_original,True,1,1,1,189.25,0.0,0,189.25
2026-07-19,S006,P1055,HearthRambler Stormproof Jacket 254,outerwear,rain shell,Switchback Supply,legacy,legacy_original,True,1,1,4,1110.28,0.0,0,277.57
2026-07-19,S006,P1058,VistaRover Deluxe Patio Heater 257,patio,patio heater,Highland Ember,legacy,legacy_original,True,1,1,1,263.59,0.0,0,263.59
2026-07-19,S006,P1066,RidgeRover Trail Tumbler 265,hydration,insulated tumbler,Highland Ember,legacy,legacy_original,True,1,1,1,104.88,0.0,0,104.88
2026-07-19,S006,P1067,CreekRambler Alpine Jacket 266,outerwear,rain shell,Creekline,legacy,legacy_original,True,1,1,2,533.96,0.0,0,266.98
2026-07-19,S006,P1068,StormNomad Approach Trail Shoes 267,footwear,trail shoes,Moss & Mile,legacy,legacy_original,True,1,1,3,206.34,15.0,1,68.78
2026-07-19,S006,P1069,EmberRunner Basecamp Tent 268,camping,tent,Blue Ridge Works,legacy,legacy_original,True,1,1,3,769.08,0.0,0,256.36
2026-07-19,S006,P1072,CanyonNomad Travel Tumbler 271,hydration,insulated tumbler,TrailForge,legacy,legacy_original,True,1,1,3,402.87,0.0,0,134.29
2026-07-19,S006,P1074,VistaRover Mid Trail Shoes 273,footwear,trail shoes,Highland Ember,legacy,legacy_original,True,1,1,1,191.7,0.0,0,191.7
2026-07-19,S006,P1076,CloudNomad Compact Cooler 275,patio,cooler,Moss & Mile,legacy,legacy_original,True,1,1,1,583.17,15.0,1,583.17
2026-07-19,S006,P1080,PeakNomad Waterproof Trail Shoes 279,footwear,trail shoes,TrailForge,legacy,legacy_original,True,1,1,1,143.0,0.0,0,143.0
2026-07-19,S007,P1003,CreekRambler 2P Camp Chair 202,camping,camp chair,Creekline,legacy,legacy_original,True,1,1,1,448.98,0.0,0,448.98
2026-07-19,S007,P1005,EmberRunner Storm Kit Battery Pack 204,emergency,battery pack,Blue Ridge Works,legacy,legacy_original,True,1,1,4,423.84,5.0,1,105.96
2026-07-19,S007,P1009,PineRunner 4P Tent 208,camping,tent,Rocky Top Outfitters,legacy,legacy_original,True,1,1,2,230.52,0.0,0,115.26
2026-07-19,S007,P1012,CloudNomad 32oz Tumbler 211,hydration,insulated tumbler,Moss & Mile,legacy,legacy_original,True,1,1,2,234.96,5.0,1,117.48
2026-07-19,S007,P1014,SwitchbackRover Wide Trail Shoes 213,footwear,trail shoes,Summit Finch,legacy,legacy_original,True,1,1,2,368.4,10.0,1,184.2
2026-07-19,S007,P1015,MoonRambler Ultralight Camp Chair 214,camping,camp chair,Switchback Supply,legacy,legacy_original,True,1,1,1,153.5,20.0,1,153.5
2026-07-19,S007,P1016,PeakNomad XL Cooler 215,patio,cooler,TrailForge,legacy,legacy_original,True,1,1,2,1141.36,10.0,1,570.68
2026-07-19,S007,P1020,StormNomad Approach Trail Shoes 219,footwear,trail shoes,Moss & Mile,legacy,legacy_original,True,1,1,3,570.99,10.0,1,190.33
2026-07-19,S007,P1023,HearthRambler Expedition Flashlight 222,emergency,flashlight,Switchback Supply,legacy,legacy_original,True,1,1,1,127.3,10.0,1,127.3
2026-07-19,S007,P1025,PineRunner Lightweight Jacket 224,outerwear,rain shell,Rocky Top Outfitters,legacy,legacy_original,True,1,1,2,249.2,0.0,0,124.6
2026-07-19,S007,P1026,VistaRover Mid Trail Shoes 225,footwear,trail shoes,Highland Ember,legacy,legacy_original,True,1,1,4,417.28,20.0,1,104.32
2026-07-19,S007,P1031,MoonRambler Stormproof Jacket 230,outerwear,rain shell,Switchback Supply,legacy,legacy_original,True,1,1,2,347.06,0.0,0,173.53
2026-07-19,S007,P1036,StormNomad 32oz Tumbler 235,hydration,insulated tumbler,Moss & Mile,legacy,legacy_original,True,1,1,1,126.18,20.0,1,126.18
2026-07-19,S007,P1038,TrailRover Wide Trail Shoes 237,footwear,trail shoes,Summit Finch,legacy,legacy_original,True,1,1,4,787.52,0.0,0,196.88
2026-07-19,S007,P1039,HearthRambler Ultralight Camp Chair 238,camping,camp chair,Switchback Supply,legacy,legacy_original,True,3,3,4,1452.97,1.67,1,363.24
2026-07-19,S007,P1040,CanyonNomad XL Cooler 239,patio,cooler,TrailForge,legacy,legacy_original,True,1,1,1,87.05,20.0,1,87.05
2026-07-19,S007,P1050,RidgeRover Mid Trail Shoes 249,footwear,trail shoes,Highland Ember,legacy,legacy_original,True,1,1,4,301.24,0.0,0,75.31
2026-07-19,S007,P1051,CreekRambler 2P Camp Chair 250,camping,camp chair,Creekline,legacy,legacy_original,True,1,1,2,763.48,10.0,1,381.74
2026-07-19,S007,P1053,EmberRunner Storm Kit Battery Pack 252,emergency,battery pack,Blue Ridge Works,legacy,legacy_original,True,1,1,4,390.72,10.0,1,97.68
2026-07-19,S007,P1055,HearthRambler Stormproof Jacket 254,outerwear,rain shell,Switchback Supply,legacy,legacy_original,True,1,1,4,999.24,10.0,1,249.81
2026-07-19,S007,P1068,StormNomad Approach Trail Shoes 267,footwear,trail shoes,Moss & Mile,legacy,legacy_original,True,1,1,2,129.48,20.0,1,64.74
2026-07-19,S007,P1071,HearthRambler Expedition Flashlight 270,emergency,flashlight,Switchback Supply,legacy,legacy_original,True,1,1,1,136.13,5.0,1,136.13
2026-07-19,S007,P1073,PineRunner Lightweight Jacket 272,outerwear,rain shell,Rocky Top Outfitters,legacy,legacy_original,True,1,1,1,100.26,20.0,1,100.26
2026-07-19,S007,P1077,FieldRunner Storm Kit Battery Pack 276,emergency,battery pack,Blue Ridge Works,legacy,legacy_original,True,1,1,2,190.3,0.0,0,95.15
2026-07-19,S008,P1001,SummitRunner Lightweight Jacket 200,outerwear,rain shell,Rocky Top Outfitters,legacy,legacy_original,True,1,1,1,130.82,0.0,0,130.82
2026-07-19,S008,P1005,EmberRunner Storm Kit Battery Pack 204,emergency,battery pack,Blue Ridge Works,legacy,legacy_original,True,1,1,1,105.96,5.0,1,105.96
2026-07-19,S008,P1008,CanyonNomad Waterproof Trail Shoes 207,footwear,trail shoes,TrailForge,legacy,legacy_original,True,1,1,2,315.9,10.0,1,157.95
2026-07-19,S008,P1014,SwitchbackRover Wide Trail Shoes 213,footwear,trail shoes,Summit Finch,legacy,legacy_original,True,1,1,2,347.94,15.0,1,173.97
2026-07-19,S008,P1025,PineRunner Lightweight Jacket 224,outerwear,rain shell,Rocky Top Outfitters,legacy,legacy_original,True,1,1,1,124.6,0.0,0,124.6
2026-07-19,S008,P1026,VistaRover Mid Trail Shoes 225,footwear,trail shoes,Highland Ember,legacy,legacy_original,True,1,1,1,130.4,0.0,0,130.4
2026-07-19,S008,P1031,MoonRambler Stormproof Jacket 230,outerwear,rain shell,Switchback Supply,legacy,legacy_original,True,1,1,2,277.64,20.0,1,138.82
2026-07-19,S008,P1036,StormNomad 32oz Tumbler 235,hydration,insulated tumbler,Moss & Mile,legacy,legacy_original,True,1,1,1,134.06,15.0,1,134.06
2026-07-19,S008,P1037,EmberRunner Packable Jacket 236,outerwear,rain shell,Blue Ridge Works,legacy,legacy_original,True,2,2,3,256.9,10.0,1,85.63
2026-07-19,S008,P1041,PineRunner Mini Battery Pack 240,emergency,battery pack,Rocky Top Outfitters,legacy,legacy_original,True,1,1,1,43.68,20.0,1,43.68
2026-07-19,S008,P1044,CloudNomad Approach Trail Shoes 243,footwear,trail shoes,Moss & Mile,legacy,legacy_original,True,1,1,2,378.5,0.0,0,189.25
2026-07-19,S008,P1053,EmberRunner Storm Kit Battery Pack 252,emergency,battery pack,Blue Ridge Works,legacy,legacy_original,True,1,1,3,276.75,15.0,1,92.25
2026-07-19,S008,P1060,CloudNomad 32oz Tumbler 259,hydration,insulated tumbler,Moss & Mile,legacy,legacy_original,True,1,1,4,524.92,15.0,1,131.23
2026-07-19,S008,P1065,SummitRunner Mini Battery Pack 264,emergency,battery pack,Rocky Top Outfitters,legacy,legacy_original,True,1,1,1,112.86,0.0,0,112.86
2026-07-19,S008,P1072,CanyonNomad Travel Tumbler 271,hydration,insulated tumbler,TrailForge,legacy,legacy_original,True,2,2,3,389.44,5.0,1,129.81
2026-07-19,S008,P1077,FieldRunner Storm Kit Battery Pack 276,emergency,battery pack,Blue Ridge Works,legacy,legacy_original,True,1,1,2,190.3,0.0,0,95.15
2026-07-20,S001,P1011,BoulderRambler Rechargeable Flashlight 210,emergency,flashlight,Creekline,legacy,legacy_original,True,1,1,3,399.21,0.0,0,133.07
2026-07-20,S001,P1012,CloudNomad 32oz Tumbler 211,hydration,insulated tumbler,Moss & Mile,legacy,legacy_original,True,1,1,1,123.66,0.0,0,123.66
2026-07-20,S001,P1020,StormNomad Approach Trail Shoes 219,footwear,trail shoes,Moss & Mile,legacy,legacy_original,True,1,1,1,179.76,15.0,1,179.76
2026-07-20,S001,P1022,TrailRover Weekend Patio Heater 221,patio,patio heater,Summit Finch,legacy,legacy_original,True,1,1,1,388.71,0.0,0,388.71
2026-07-20,S001,P1025,PineRunner Lightweight Jacket 224,outerwear,rain shell,Rocky Top Outfitters,legacy,legacy_original,True,1,1,1,112.14,10.0,1,112.14
2026-07-20,S001,P1027,BoulderRambler 2P Camp Chair 226,camping,camp chair,Creekline,legacy,legacy_original,True,1,1,2,165.66,10.0,1,82.83
2026-07-20,S001,P1034,RidgeRover Deluxe Patio Heater 233,patio,patio heater,Highland Ember,legacy,legacy_original,True,1,1,4,574.12,15.0,1,143.53
2026-07-20,S001,P1038,TrailRover Wide Trail Shoes 237,footwear,trail shoes,Summit Finch,legacy,legacy_original,True,1,1,2,315.0,20.0,1,157.5
2026-07-20,S001,P1039,HearthRambler Ultralight Camp Chair 238,camping,camp chair,Switchback Supply,legacy,legacy_original,True,1,1,3,1048.35,5.0,1,349.45
2026-07-20,S001,P1041,PineRunner Mini Battery Pack 240,emergency,battery pack,Rocky Top Outfitters,legacy,legacy_original,True,1,1,4,174.72,20.0,1,43.68
2026-07-20,S001,P1043,BoulderRambler Alpine Jacket 242,outerwear,rain shell,Creekline,legacy,legacy_original,True,1,1,2,385.6,20.0,1,192.8
2026-07-20,S001,P1046,SwitchbackRover Weekend Patio Heater 245,patio,patio heater,Summit Finch,legacy,legacy_original,True,1,1,4,933.68,0.0,0,233.42
2026-07-20,S001,P1048,PeakNomad Travel Tumbler 247,hydration,insulated tumbler,TrailForge,legacy,legacy_original,True,1,1,4,281.12,0.0,0,70.28
2026-07-20,S001,P1054,TrailRover 20oz Tumbler 253,hydration,insulated tumbler,Summit Finch,legacy,legacy_original,True,1,1,2,120.16,15.0,1,60.08
2026-07-20,S001,P1058,VistaRover Deluxe Patio Heater 257,patio,patio heater,Highland Ember,legacy,legacy_original,True,1,1,2,500.82,5.0,1,250.41
2026-07-20,S001,P1080,PeakNomad Waterproof Trail Shoes 279,footwear,trail shoes,TrailForge,legacy,legacy_original,True,1,1,1,143.0,0.0,0,143.0
2026-07-20,S002,P1002,RidgeRover Mid Trail Shoes 201,footwear,trail shoes,Highland Ember,legacy,legacy_original,True,1,1,2,406.86,0.0,0,203.43
2026-07-20,S002,P1004,StormNomad Compact Cooler 203,patio,cooler,Moss & Mile,legacy,legacy_original,True,1,1,2,208.82,5.0,1,104.41
2026-07-20,S002,P1010,VistaRover Deluxe Patio Heater 209,patio,patio heater,Highland Ember,legacy,legacy_original,True,1,1,2,994.38,10.0,1,497.19
2026-07-20,S002,P1012,CloudNomad 32oz Tumbler 211,hydration,insulated tumbler,Moss & Mile,legacy,legacy_original,True,1,1,1,117.48,5.0,1,117.48
2026-07-20,S002,P1013,FieldRunner Packable Jacket 212,outerwear,rain shell,Blue Ridge Works,legacy,legacy_original,True,1,1,1,77.91,20.0,1,77.91
2026-07-20,S002,P1023,HearthRambler Expedition Flashlight 222,emergency,flashlight,Switchback Supply,legacy,legacy_original,True,1,1,3,424.32,0.0,0,141.44
2026-07-20,S002,P1024,CanyonNomad Travel Tumbler 223,hydration,insulated tumbler,TrailForge,legacy,legacy_original,True,1,1,1,90.59,0.0,0,90.59
2026-07-20,S002,P1029,FieldRunner Storm Kit Battery Pack 228,emergency,battery pack,Blue Ridge Works,legacy,legacy_original,True,1,1,1,113.34,10.0,1,113.34
2026-07-20,S002,P1040,CanyonNomad XL Cooler 239,patio,cooler,TrailForge,legacy,legacy_original,True,1,1,1,103.37,5.0,1,103.37
2026-07-20,S002,P1045,FieldRunner Basecamp Tent 244,camping,tent,Blue Ridge Works,legacy,legacy_original,True,1,1,1,296.15,15.0,1,296.15
2026-07-20,S002,P1053,EmberRunner Storm Kit Battery Pack 252,emergency,battery pack,Blue Ridge Works,legacy,legacy_original,True,1,1,1,108.53,0.0,0,108.53
2026-07-20,S002,P1064,PeakNomad XL Cooler 263,patio,cooler,TrailForge,legacy,legacy_original,True,1,1,2,1228.9,0.0,0,614.45
2026-07-20,S002,P1067,CreekRambler Alpine Jacket 266,outerwear,rain shell,Creekline,legacy,legacy_original,True,1,1,3,800.94,0.0,0,266.98
2026-07-20,S002,P1068,StormNomad Approach Trail Shoes 267,footwear,trail shoes,Moss & Mile,legacy,legacy_original,True,1,1,2,145.66,10.0,1,72.83
2026-07-20,S002,P1070,TrailRover Weekend Patio Heater 269,patio,patio heater,Summit Finch,legacy,legacy_original,True,1,1,2,324.04,20.0,1,162.02
2026-07-20,S002,P1072,CanyonNomad Travel Tumbler 271,hydration,insulated tumbler,TrailForge,legacy,legacy_original,True,1,1,1,134.29,0.0,0,134.29
2026-07-20,S002,P1076,CloudNomad Compact Cooler 275,patio,cooler,Moss & Mile,legacy,legacy_original,True,1,1,1,686.08,0.0,0,686.08
2026-07-20,S003,P1015,MoonRambler Ultralight Camp Chair 214,camping,camp chair,Switchback Supply,legacy,legacy_original,True,1,1,1,191.87,0.0,0,191.87
2026-07-20,S003,P1017,SummitRunner Mini Battery Pack 216,emergency,battery pack,Rocky Top Outfitters,legacy,legacy_original,True,1,1,1,64.63,0.0,0,64.63
2026-07-20,S003,P1019,CreekRambler Alpine Jacket 218,outerwear,rain shell,Creekline,legacy,legacy_original,True,2,2,5,823.35,10.0,1,164.67
2026-07-20,S003,P1020,StormNomad Approach Trail Shoes 219,footwear,trail shoes,Moss & Mile,legacy,legacy_original,True,1,1,2,422.96,0.0,0,211.48
2026-07-20,S003,P1023,HearthRambler Expedition Flashlight 222,emergency,flashlight,Switchback Supply,legacy,legacy_original,True,1,1,1,141.44,0.0,0,141.44
2026-07-20,S003,P1026,VistaRover Mid Trail Shoes 225,footwear,trail shoes,Highland Ember,legacy,legacy_original,True,1,1,1,117.36,10.0,1,117.36
2026-07-20,S003,P1030,SwitchbackRover 20oz Tumbler 229,hydration,insulated tumbler,Summit Finch,legacy,legacy_original,True,1,1,3,378.78,0.0,0,126.26
2026-07-20,S003,P1035,CreekRambler Rechargeable Flashlight 234,emergency,flashlight,Creekline,legacy,legacy_original,True,1,1,1,118.18,20.0,1,118.18
2026-07-20,S003,P1055,HearthRambler Stormproof Jacket 254,outerwear,rain shell,Switchback Supply,legacy,legacy_original,True,1,1,3,832.71,0.0,0,277.57
2026-07-20,S003,P1060,CloudNomad 32oz Tumbler 259,hydration,insulated tumbler,Moss & Mile,legacy,legacy_original,True,1,1,1,154.39,0.0,0,154.39
2026-07-20,S003,P1065,SummitRunner Mini Battery Pack 264,emergency,battery pack,Rocky Top Outfitters,legacy,legacy_original,True,1,1,4,451.44,0.0,0,112.86
2026-07-20,S003,P1066,RidgeRover Trail Tumbler 265,hydration,insulated tumbler,Highland Ember,legacy,legacy_original,True,1,1,2,209.76,0.0,0,104.88
2026-07-20,S003,P1068,StormNomad Approach Trail Shoes 267,footwear,trail shoes,Moss & Mile,legacy,legacy_original,True,2,2,6,461.24,7.5,1,76.87
2026-07-20,S003,P1071,HearthRambler Expedition Flashlight 270,emergency,flashlight,Switchback Supply,legacy,legacy_original,True,1,1,2,272.26,5.0,1,136.13
2026-07-20,S003,P1078,SwitchbackRover 20oz Tumbler 277,hydration,insulated tumbler,Summit Finch,legacy,legacy_original,True,1,1,3,351.24,20.0,1,117.08
2026-07-20,S004,P1002,RidgeRover Mid Trail Shoes 201,footwear,trail shoes,Highland Ember,legacy,legacy_original,True,1,1,2,406.86,0.0,0,203.43
2026-07-20,S004,P1003,CreekRambler 2P Camp Chair 202,camping,camp chair,Creekline,legacy,legacy_original,True,2,2,7,3142.86,0.0,0,448.98
2026-07-20,S004,P1007,HearthRambler Stormproof Jacket 206,outerwear,rain shell,Switchback Supply,legacy,legacy_original,True,1,1,1,106.8,5.0,1,106.8
2026-07-20,S004,P1015,MoonRambler Ultralight Camp Chair 214,camping,camp chair,Switchback Supply,legacy,legacy_original,True,1,1,4,690.72,10.0,1,172.68
2026-07-20,S004,P1019,CreekRambler Alpine Jacket 218,outerwear,rain shell,Creekline,legacy,legacy_original,True,1,1,3,536.97,0.0,0,178.99
2026-07-20,S004,P1022,TrailRover Weekend Patio Heater 221,patio,patio heater,Summit Finch,legacy,legacy_original,True,1,1,3,1166.13,0.0,0,388.71
2026-07-20,S004,P1024,CanyonNomad Travel Tumbler 223,hydration,insulated tumbler,TrailForge,legacy,legacy_original,True,1,1,3,217.41,20.0,1,72.47
2026-07-20,S004,P1031,MoonRambler Stormproof Jacket 230,outerwear,rain shell,Switchback Supply,legacy,legacy_original,True,1,1,1,138.82,20.0,1,138.82
2026-07-20,S004,P1036,StormNomad 32oz Tumbler 235,hydration,insulated tumbler,Moss & Mile,legacy,legacy_original,True,1,1,4,536.24,15.0,1,134.06
2026-07-20,S004,P1038,TrailRover Wide Trail Shoes 237,footwear,trail shoes,Summit Finch,legacy,legacy_original,True,1,1,1,177.19,10.0,1,177.19
2026-07-20,S004,P1042,VistaRover Trail Tumbler 241,hydration,insulated tumbler,Highland Ember,legacy,legacy_original,True,1,1,3,345.75,0.0,0,115.25
2026-07-20,S004,P1046,SwitchbackRover Weekend Patio Heater 245,patio,patio heater,Summit Finch,legacy,legacy_original,True,1,1,2,443.5,5.0,1,221.75
2026-07-20,S004,P1047,MoonRambler Expedition Flashlight 246,emergency,flashlight,Switchback Supply,legacy,legacy_original,True,1,1,1,48.36,15.0,1,48.36
2026-07-20,S004,P1057,PineRunner 4P Tent 256,camping,tent,Rocky Top Outfitters,legacy,legacy_original,True,1,1,2,820.34,0.0,0,410.17
2026-07-20,S004,P1060,CloudNomad 32oz Tumbler 259,hydration,insulated tumbler,Moss & Mile,legacy,legacy_original,True,1,1,1,154.39,0.0,0,154.39
2026-07-20,S004,P1061,FieldRunner Packable Jacket 260,outerwear,rain shell,Blue Ridge Works,legacy,legacy_original,True,1,1,2,295.68,0.0,0,147.84
2026-07-20,S004,P1067,CreekRambler Alpine Jacket 266,outerwear,rain shell,Creekline,legacy,legacy_original,True,2,2,2,480.56,10.0,1,240.28
2026-07-20,S004,P1068,StormNomad Approach Trail Shoes 267,footwear,trail shoes,Moss & Mile,legacy,legacy_original,True,2,2,4,311.54,7.5,1,77.88
2026-07-20,S004,P1070,TrailRover Weekend Patio Heater 269,patio,patio heater,Summit Finch,legacy,legacy_original,True,1,1,3,486.06,20.0,1,162.02
2026-07-20,S004,P1071,HearthRambler Expedition Flashlight 270,emergency,flashlight,Switchback Supply,legacy,legacy_original,True,1,1,1,143.3,0.0,0,143.3
2026-07-20,S004,P1079,MoonRambler Stormproof Jacket 278,outerwear,rain shell,Switchback Supply,legacy,legacy_original,True,1,1,2,512.42,0.0,0,256.21
2026-07-20,S005,P1004,StormNomad Compact Cooler 203,patio,cooler,Moss & Mile,legacy,legacy_original,True,1,1,2,219.8,0.0,0,109.9
2026-07-20,S005,P1010,VistaRover Deluxe Patio Heater 209,patio,patio heater,Highland Ember,legacy,legacy_original,True,1,1,1,497.19,10.0,1,497.19
2026-07-20,S005,P1021,EmberRunner Basecamp Tent 220,camping,tent,Blue Ridge Works,legacy,legacy_original,True,1,1,2,147.48,0.0,0,73.74
2026-07-20,S005,P1026,VistaRover Mid Trail Shoes 225,footwear,trail shoes,Highland Ember,legacy,legacy_original,True,1,1,1,130.4,0.0,0,130.4
2026-07-20,S005,P1031,MoonRambler Stormproof Jacket 230,outerwear,rain shell,Switchback Supply,legacy,legacy_original,True,1,1,4,624.72,10.0,1,156.18
2026-07-20,S005,P1033,SummitRunner 4P Tent 232,camping,tent,Rocky Top Outfitters,legacy,legacy_original,True,1,1,1,179.99,5.0,1,179.99
2026-07-20,S005,P1034,RidgeRover Deluxe Patio Heater 233,patio,patio heater,Highland Ember,legacy,legacy_original,True,1,1,1,160.42,5.0,1,160.42
2026-07-20,S005,P1042,VistaRover Trail Tumbler 241,hydration,insulated tumbler,Highland Ember,legacy,legacy_original,True,1,1,1,92.2,20.0,1,92.2
2026-07-20,S005,P1049,SummitRunner Lightweight Jacket 248,outerwear,rain shell,Rocky Top Outfitters,legacy,legacy_original,True,1,1,4,888.04,0.0,0,222.01
2026-07-20,S005,P1075,BoulderRambler 2P Camp Chair 274,camping,camp chair,Creekline,legacy,legacy_original,True,1,1,1,156.96,5.0,1,156.96
2026-07-20,S005,P1079,MoonRambler Stormproof Jacket 278,outerwear,rain shell,Switchback Supply,legacy,legacy_original,True,1,1,2,512.42,0.0,0,256.21
2026-07-20,S006,P1001,SummitRunner Lightweight Jacket 200,outerwear,rain shell,Rocky Top Outfitters,legacy,legacy_original,True,2,2,2,261.64,0.0,0,130.82
2026-07-20,S006,P1002,RidgeRover Mid Trail Shoes 201,footwear,trail shoes,Highland Ember,legacy,legacy_original,True,1,1,3,488.22,20.0,1,162.74
2026-07-20,S006,P1004,StormNomad Compact Cooler 203,patio,cooler,Moss & Mile,legacy,legacy_original,True,1,1,4,351.68,20.0,1,87.92
2026-07-20,S006,P1011,BoulderRambler Rechargeable Flashlight 210,emergency,flashlight,Creekline,legacy,legacy_original,True,2,2,4,532.28,0.0,0,133.07
2026-07-20,S006,P1022,TrailRover Weekend Patio Heater 221,patio,patio heater,Summit Finch,legacy,legacy_original,True,2,2,7,2643.21,2.5,1,377.6
2026-07-20,S006,P1031,MoonRambler Stormproof Jacket 230,outerwear,rain shell,Switchback Supply,legacy,legacy_original,True,1,1,1,147.5,15.0,1,147.5
2026-07-20,S006,P1035,CreekRambler Rechargeable Flashlight 234,emergency,flashlight,Creekline,legacy,legacy_original,True,1,1,2,236.36,20.0,1,118.18
2026-07-20,S006,P1037,EmberRunner Packable Jacket 236,outerwear,rain shell,Blue Ridge Works,legacy,legacy_original,True,2,2,4,330.3,10.0,1,82.58
2026-07-20,S006,P1038,TrailRover Wide Trail Shoes 237,footwear,trail shoes,Summit Finch,legacy,legacy_original,True,1,1,2,393.76,0.0,0,196.88
2026-07-20,S006,P1042,VistaRover Trail Tumbler 241,hydration,insulated tumbler,Highland Ember,legacy,legacy_original,True,1,1,3,328.47,5.0,1,109.49
2026-07-20,S006,P1044,CloudNomad Approach Trail Shoes 243,footwear,trail shoes,Moss & Mile,legacy,legacy_original,True,1,1,3,454.2,20.0,1,151.4
2026-07-20,S006,P1045,FieldRunner Basecamp Tent 244,camping,tent,Blue Ridge Works,legacy,legacy_original,True,1,1,2,661.98,5.0,1,330.99
2026-07-20,S006,P1048,PeakNomad Travel Tumbler 247,hydration,insulated tumbler,TrailForge,legacy,legacy_original,True,1,1,2,140.56,0.0,0,70.28
2026-07-20,S006,P1054,TrailRover 20oz Tumbler 253,hydration,insulated tumbler,Summit Finch,legacy,legacy_original,True,2,2,3,197.9,10.0,1,65.97
2026-07-20,S006,P1055,HearthRambler Stormproof Jacket 254,outerwear,rain shell,Switchback Supply,legacy,legacy_original,True,1,1,2,444.12,20.0,1,222.06
2026-07-20,S006,P1056,CanyonNomad Waterproof Trail Shoes 255,footwear,trail shoes,TrailForge,legacy,legacy_original,True,1,1,2,244.82,15.0,1,122.41
2026-07-20,S006,P1059,BoulderRambler Rechargeable Flashlight 258,emergency,flashlight,Creekline,legacy,legacy_original,True,1,1,1,105.5,0.0,0,105.5
2026-07-20,S006,P1064,PeakNomad XL Cooler 263,patio,cooler,TrailForge,legacy,legacy_original,True,1,1,3,1474.68,20.0,1,491.56
2026-07-20,S006,P1065,SummitRunner Mini Battery Pack 264,emergency,battery pack,Rocky Top Outfitters,legacy,legacy_original,True,1,1,1,112.86,0.0,0,112.86
2026-07-20,S006,P1066,RidgeRover Trail Tumbler 265,hydration,insulated tumbler,Highland Ember,legacy,legacy_original,True,2,2,2,188.78,10.0,1,94.39
2026-07-20,S006,P1069,EmberRunner Basecamp Tent 268,camping,tent,Blue Ridge Works,legacy,legacy_original,True,1,1,2,435.82,15.0,1,217.91
2026-07-20,S006,P1072,CanyonNomad Travel Tumbler 271,hydration,insulated tumbler,TrailForge,legacy,legacy_original,True,1,1,4,483.44,10.0,1,120.86
2026-07-20,S006,P1078,SwitchbackRover 20oz Tumbler 277,hydration,insulated tumbler,Summit Finch,legacy,legacy_original,True,1,1,1,117.08,20.0,1,117.08
2026-07-20,S007,P1012,CloudNomad 32oz Tumbler 211,hydration,insulated tumbler,Moss & Mile,legacy,legacy_original,True,1,1,4,494.64,0.0,0,123.66
2026-07-20,S007,P1021,EmberRunner Basecamp Tent 220,camping,tent,Blue Ridge Works,legacy,legacy_original,True,1,1,1,73.74,0.0,0,73.74
2026-07-20,S007,P1027,BoulderRambler 2P Camp Chair 226,camping,camp chair,Creekline,legacy,legacy_original,True,1,1,1,82.83,10.0,1,82.83
2026-07-20,S007,P1032,PeakNomad Waterproof Trail Shoes 231,footwear,trail shoes,TrailForge,legacy,legacy_original,True,1,1,1,184.38,5.0,1,184.38
2026-07-20,S007,P1036,StormNomad 32oz Tumbler 235,hydration,insulated tumbler,Moss & Mile,legacy,legacy_original,True,1,1,4,504.72,20.0,1,126.18
2026-07-20,S007,P1048,PeakNomad Travel Tumbler 247,hydration,insulated tumbler,TrailForge,legacy,legacy_original,True,1,1,1,70.28,0.0,0,70.28
2026-07-20,S007,P1064,PeakNomad XL Cooler 263,patio,cooler,TrailForge,legacy,legacy_original,True,2,2,4,2089.14,15.0,2,522.28
2026-07-20,S007,P1070,TrailRover Weekend Patio Heater 269,patio,patio heater,Summit Finch,legacy,legacy_original,True,1,1,4,769.56,5.0,1,192.39
2026-07-20,S007,P1072,CanyonNomad Travel Tumbler 271,hydration,insulated tumbler,TrailForge,legacy,legacy_original,True,1,1,1,114.15,15.0,1,114.15
2026-07-20,S008,P1004,StormNomad Compact Cooler 203,patio,cooler,Moss & Mile,legacy,legacy_original,True,2,2,4,373.66,10.0,1,93.42
2026-07-20,S008,P1006,TrailRover 20oz Tumbler 205,hydration,insulated tumbler,Summit Finch,legacy,legacy_original,True,1,1,4,190.08,15.0,1,47.52
2026-07-20,S008,P1007,HearthRambler Stormproof Jacket 206,outerwear,rain shell,Switchback Supply,legacy,legacy_original,True,1,1,1,112.42,0.0,0,112.42
2026-07-20,S008,P1011,BoulderRambler Rechargeable Flashlight 210,emergency,flashlight,Creekline,legacy,legacy_original,True,1,1,2,266.14,0.0,0,133.07
2026-07-20,S008,P1012,CloudNomad 32oz Tumbler 211,hydration,insulated tumbler,Moss & Mile,legacy,legacy_original,True,2,2,3,364.8,2.5,1,121.6
2026-07-20,S008,P1013,FieldRunner Packable Jacket 212,outerwear,rain shell,Blue Ridge Works,legacy,legacy_original,True,1,1,1,77.91,20.0,1,77.91
2026-07-20,S008,P1020,StormNomad Approach Trail Shoes 219,footwear,trail shoes,Moss & Mile,legacy,legacy_original,True,1,1,1,211.48,0.0,0,211.48
2026-07-20,S008,P1033,SummitRunner 4P Tent 232,camping,tent,Rocky Top Outfitters,legacy,legacy_original,True,1,1,1,161.04,15.0,1,161.04
2026-07-20,S008,P1035,CreekRambler Rechargeable Flashlight 234,emergency,flashlight,Creekline,legacy,legacy_original,True,1,1,3,398.88,10.0,1,132.96
2026-07-20,S008,P1050,RidgeRover Mid Trail Shoes 249,footwear,trail shoes,Highland Ember,legacy,legacy_original,True,1,1,2,135.56,10.0,1,67.78
2026-07-20,S008,P1051,CreekRambler 2P Camp Chair 250,camping,camp chair,Creekline,legacy,legacy_original,True,1,1,3,1272.45,0.0,0,424.15
2026-07-20,S008,P1052,StormNomad Compact Cooler 251,patio,cooler,Moss & Mile,legacy,legacy_original,True,1,1,1,369.46,5.0,1,369.46
2026-07-20,S008,P1059,BoulderRambler Rechargeable Flashlight 258,emergency,flashlight,Creekline,legacy,legacy_original,True,1,1,4,422.0,0.0,0,105.5
2026-07-20,S008,P1065,SummitRunner Mini Battery Pack 264,emergency,battery pack,Rocky Top Outfitters,legacy,legacy_original,True,1,1,3,338.58,0.0,0,112.86
2026-07-20,S008,P1068,StormNomad Approach Trail Shoes 267,footwear,trail shoes,Moss & Mile,legacy,legacy_original,True,1,1,1,80.92,0.0,0,80.92
2026-07-20,S008,P1071,HearthRambler Expedition Flashlight 270,emergency,flashlight,Switchback Supply,legacy,legacy_original,True,2,2,3,429.9,0.0,0,143.3
2026-07-20,S008,P1072,CanyonNomad Travel Tumbler 271,hydration,insulated tumbler,TrailForge,legacy,legacy_original,True,1,1,3,322.29,20.0,1,107.43
2026-07-21,S001,P1003,CreekRambler 2P Camp Chair 202,camping,camp chair,Creekline,legacy,legacy_original,True,2,2,4,1751.02,2.5,1,437.76
2026-07-21,S001,P1008,CanyonNomad Waterproof Trail Shoes 207,footwear,trail shoes,TrailForge,legacy,legacy_original,True,1,1,3,500.16,5.0,1,166.72
2026-07-21,S001,P1017,SummitRunner Mini Battery Pack 216,emergency,battery pack,Rocky Top Outfitters,legacy,legacy_original,True,1,1,1,51.7,20.0,1,51.7
2026-07-21,S001,P1028,CloudNomad Compact Cooler 227,patio,cooler,Moss & Mile,legacy,legacy_original,True,1,1,1,647.52,0.0,0,647.52
2026-07-21,S001,P1034,RidgeRover Deluxe Patio Heater 233,patio,patio heater,Highland Ember,legacy,legacy_original,True,1,1,2,287.06,15.0,1,143.53
2026-07-21,S001,P1036,StormNomad 32oz Tumbler 235,hydration,insulated tumbler,Moss & Mile,legacy,legacy_original,True,1,1,4,630.88,0.0,0,157.72
2026-07-21,S001,P1043,BoulderRambler Alpine Jacket 242,outerwear,rain shell,Creekline,legacy,legacy_original,True,3,3,7,1542.4,5.0,1,220.34
2026-07-21,S001,P1044,CloudNomad Approach Trail Shoes 243,footwear,trail shoes,Moss & Mile,legacy,legacy_original,True,1,1,4,681.32,10.0,1,170.33
2026-07-21,S001,P1058,VistaRover Deluxe Patio Heater 257,patio,patio heater,Highland Ember,legacy,legacy_original,True,1,1,1,263.59,0.0,0,263.59
2026-07-21,S001,P1063,MoonRambler Ultralight Camp Chair 262,camping,camp chair,Switchback Supply,legacy,legacy_original,True,1,1,3,191.82,20.0,1,63.94
2026-07-21,S001,P1073,PineRunner Lightweight Jacket 272,outerwear,rain shell,Rocky Top Outfitters,legacy,legacy_original,True,1,1,1,125.32,0.0,0,125.32
2026-07-21,S002,P1026,VistaRover Mid Trail Shoes 225,footwear,trail shoes,Highland Ember,legacy,legacy_original,True,1,1,1,104.32,20.0,1,104.32
2026-07-21,S002,P1042,VistaRover Trail Tumbler 241,hydration,insulated tumbler,Highland Ember,legacy,legacy_original,True,1,1,2,230.5,0.0,0,115.25
2026-07-21,S002,P1050,RidgeRover Mid Trail Shoes 249,footwear,trail shoes,Highland Ember,legacy,legacy_original,True,1,1,4,271.12,10.0,1,67.78
2026-07-21,S002,P1051,CreekRambler 2P Camp Chair 250,camping,camp chair,Creekline,legacy,legacy_original,True,1,1,3,1208.82,5.0,1,402.94
2026-07-21,S002,P1052,StormNomad Compact Cooler 251,patio,cooler,Moss & Mile,legacy,legacy_original,True,1,1,1,311.13,20.0,1,311.13
2026-07-21,S002,P1055,HearthRambler Stormproof Jacket 254,outerwear,rain shell,Switchback Supply,legacy,legacy_original,True,1,1,4,1054.76,5.0,1,263.69
2026-07-21,S002,P1057,PineRunner 4P Tent 256,camping,tent,Rocky Top Outfitters,legacy,legacy_original,True,1,1,4,1476.6,10.0,1,369.15
2026-07-21,S002,P1064,PeakNomad XL Cooler 263,patio,cooler,TrailForge,legacy,legacy_original,True,1,1,1,522.28,15.0,1,522.28
2026-07-21,S003,P1005,EmberRunner Storm Kit Battery Pack 204,emergency,battery pack,Blue Ridge Works,legacy,legacy_original,True,1,1,4,446.16,0.0,0,111.54
2026-07-21,S003,P1011,BoulderRambler Rechargeable Flashlight 210,emergency,flashlight,Creekline,legacy,legacy_original,True,1,1,4,532.28,0.0,0,133.07
2026-07-21,S003,P1013,FieldRunner Packable Jacket 212,outerwear,rain shell,Blue Ridge Works,legacy,legacy_original,True,2,2,7,608.68,10.0,2,86.95
2026-07-21,S003,P1015,MoonRambler Ultralight Camp Chair 214,camping,camp chair,Switchback Supply,legacy,legacy_original,True,1,1,1,163.09,15.0,1,163.09
2026-07-21,S003,P1016,PeakNomad XL Cooler 215,patio,cooler,TrailForge,legacy,legacy_original,True,1,1,2,1268.18,0.0,0,634.09
2026-07-21,S003,P1022,TrailRover Weekend Patio Heater 221,patio,patio heater,Summit Finch,legacy,legacy_original,True,1,1,4,1321.6,15.0,1,330.4
2026-07-21,S003,P1026,VistaRover Mid Trail Shoes 225,footwear,trail shoes,Highland Ember,legacy,legacy_original,True,1,1,2,234.72,10.0,1,117.36
2026-07-21,S003,P1028,CloudNomad Compact Cooler 227,patio,cooler,Moss & Mile,legacy,legacy_original,True,1,1,1,647.52,0.0,0,647.52
2026-07-21,S003,P1038,TrailRover Wide Trail Shoes 237,footwear,trail shoes,Summit Finch,legacy,legacy_original,True,1,1,4,748.16,5.0,1,187.04
2026-07-21,S003,P1044,CloudNomad Approach Trail Shoes 243,footwear,trail shoes,Moss & Mile,legacy,legacy_original,True,1,1,4,757.0,0.0,0,189.25
2026-07-21,S003,P1046,SwitchbackRover Weekend Patio Heater 245,patio,patio heater,Summit Finch,legacy,legacy_original,True,1,1,3,700.26,0.0,0,233.42
2026-07-21,S003,P1047,MoonRambler Expedition Flashlight 246,emergency,flashlight,Switchback Supply,legacy,legacy_original,True,1,1,2,113.8,0.0,0,56.9
2026-07-21,S003,P1048,PeakNomad Travel Tumbler 247,hydration,insulated tumbler,TrailForge,legacy,legacy_original,True,1,1,3,210.84,0.0,0,70.28
2026-07-21,S003,P1050,RidgeRover Mid Trail Shoes 249,footwear,trail shoes,Highland Ember,legacy,legacy_original,True,1,1,1,75.31,0.0,0,75.31
2026-07-21,S003,P1061,FieldRunner Packable Jacket 260,outerwear,rain shell,Blue Ridge Works,legacy,legacy_original,True,1,1,1,147.84,0.0,0,147.84
2026-07-21,S003,P1065,SummitRunner Mini Battery Pack 264,emergency,battery pack,Rocky Top Outfitters,legacy,legacy_original,True,1,1,1,112.86,0.0,0,112.86
2026-07-21,S003,P1071,HearthRambler Expedition Flashlight 270,emergency,flashlight,Switchback Supply,legacy,legacy_original,True,1,1,3,429.9,0.0,0,143.3
2026-07-21,S003,P1077,FieldRunner Storm Kit Battery Pack 276,emergency,battery pack,Blue Ridge Works,legacy,legacy_original,True,1,1,1,95.15,0.0,0,95.15
2026-07-21,S003,P1079,MoonRambler Stormproof Jacket 278,outerwear,rain shell,Switchback Supply,legacy,legacy_original,True,1,1,1,256.21,0.0,0,256.21
2026-07-21,S004,P1002,RidgeRover Mid Trail Shoes 201,footwear,trail shoes,Highland Ember,legacy,legacy_original,True,1,1,1,203.43,0.0,0,203.43
2026-07-21,S004,P1021,EmberRunner Basecamp Tent 220,camping,tent,Blue Ridge Works,legacy,legacy_original,True,3,3,4,280.21,5.0,2,70.05
2026-07-21,S004,P1029,FieldRunner Storm Kit Battery Pack 228,emergency,battery pack,Blue Ridge Works,legacy,legacy_original,True,1,1,2,239.26,5.0,1,119.63
2026-07-21,S004,P1035,CreekRambler Rechargeable Flashlight 234,emergency,flashlight,Creekline,legacy,legacy_original,True,1,1,4,531.84,10.0,1,132.96
2026-07-21,S004,P1045,FieldRunner Basecamp Tent 244,camping,tent,Blue Ridge Works,legacy,legacy_original,True,1,1,1,348.41,0.0,0,348.41
2026-07-21,S004,P1050,RidgeRover Mid Trail Shoes 249,footwear,trail shoes,Highland Ember,legacy,legacy_original,True,1,1,2,150.62,0.0,0,75.31
2026-07-21,S004,P1051,CreekRambler 2P Camp Chair 250,camping,camp chair,Creekline,legacy,legacy_original,True,2,2,2,721.06,15.0,2,360.53
2026-07-21,S005,P1015,MoonRambler Ultralight Camp Chair 214,camping,camp chair,Switchback Supply,legacy,legacy_original,True,1,1,2,345.36,10.0,1,172.68
2026-07-21,S005,P1016,PeakNomad XL Cooler 215,patio,cooler,TrailForge,legacy,legacy_original,True,1,1,3,1902.27,0.0,0,634.09
2026-07-21,S005,P1019,CreekRambler Alpine Jacket 218,outerwear,rain shell,Creekline,legacy,legacy_original,True,1,1,1,178.99,0.0,0,178.99
2026-07-21,S005,P1041,PineRunner Mini Battery Pack 240,emergency,battery pack,Rocky Top Outfitters,legacy,legacy_original,True,1,1,1,43.68,20.0,1,43.68
2026-07-21,S005,P1048,PeakNomad Travel Tumbler 247,hydration,insulated tumbler,TrailForge,legacy,legacy_original,True,1,1,1,66.77,5.0,1,66.77
2026-07-21,S005,P1063,MoonRambler Ultralight Camp Chair 262,camping,camp chair,Switchback Supply,legacy,legacy_original,True,1,1,2,143.86,10.0,1,71.93
2026-07-21,S005,P1068,StormNomad Approach Trail Shoes 267,footwear,trail shoes,Moss & Mile,legacy,legacy_original,True,1,1,1,80.92,0.0,0,80.92
2026-07-21,S005,P1071,HearthRambler Expedition Flashlight 270,emergency,flashlight,Switchback Supply,legacy,legacy_original,True,1,1,2,286.6,0.0,0,143.3
2026-07-21,S005,P1078,SwitchbackRover 20oz Tumbler 277,hydration,insulated tumbler,Summit Finch,legacy,legacy_original,True,1,1,3,417.09,5.0,1,139.03
2026-07-21,S005,P1079,MoonRambler Stormproof Jacket 278,outerwear,rain shell,Switchback Supply,legacy,legacy_original,True,1,1,3,768.63,0.0,0,256.21
2026-07-21,S005,P1080,PeakNomad Waterproof Trail Shoes 279,footwear,trail shoes,TrailForge,legacy,legacy_original,True,1,1,3,386.1,10.0,1,128.7
2026-07-21,S006,P1013,FieldRunner Packable Jacket 212,outerwear,rain shell,Blue Ridge Works,legacy,legacy_original,True,1,1,2,175.3,10.0,1,87.65
2026-07-21,S006,P1016,PeakNomad XL Cooler 215,patio,cooler,TrailForge,legacy,legacy_original,True,1,1,3,1902.27,0.0,0,634.09
2026-07-21,S006,P1022,TrailRover Weekend Patio Heater 221,patio,patio heater,Summit Finch,legacy,legacy_original,True,1,1,1,388.71,0.0,0,388.71
2026-07-21,S006,P1027,BoulderRambler 2P Camp Chair 226,camping,camp chair,Creekline,legacy,legacy_original,True,1,1,2,184.06,0.0,0,92.03
2026-07-21,S006,P1030,SwitchbackRover 20oz Tumbler 229,hydration,insulated tumbler,Summit Finch,legacy,legacy_original,True,1,1,1,126.26,0.0,0,126.26
2026-07-21,S006,P1034,RidgeRover Deluxe Patio Heater 233,patio,patio heater,Highland Ember,legacy,legacy_original,True,1,1,1,143.53,15.0,1,143.53
2026-07-21,S006,P1069,EmberRunner Basecamp Tent 268,camping,tent,Blue Ridge Works,legacy,legacy_original,True,1,1,1,256.36,0.0,0,256.36
2026-07-21,S006,P1073,PineRunner Lightweight Jacket 272,outerwear,rain shell,Rocky Top Outfitters,legacy,legacy_original,True,1,1,1,112.79,10.0,1,112.79
2026-07-21,S006,P1074,VistaRover Mid Trail Shoes 273,footwear,trail shoes,Highland Ember,legacy,legacy_original,True,1,1,1,191.7,0.0,0,191.7
2026-07-21,S006,P1075,BoulderRambler 2P Camp Chair 274,camping,camp chair,Creekline,legacy,legacy_original,True,1,1,4,528.72,20.0,1,132.18
2026-07-21,S006,P1078,SwitchbackRover 20oz Tumbler 277,hydration,insulated tumbler,Summit Finch,legacy,legacy_original,True,1,1,1,146.35,0.0,0,146.35
2026-07-21,S007,P1003,CreekRambler 2P Camp Chair 202,camping,camp chair,Creekline,legacy,legacy_original,True,1,1,3,1346.94,0.0,0,448.98
2026-07-21,S007,P1021,EmberRunner Basecamp Tent 220,camping,tent,Blue Ridge Works,legacy,legacy_original,True,1,1,3,210.15,5.0,1,70.05
2026-07-21,S007,P1036,StormNomad 32oz Tumbler 235,hydration,insulated tumbler,Moss & Mile,legacy,legacy_original,True,1,1,1,157.72,0.0,0,157.72
2026-07-21,S007,P1037,EmberRunner Packable Jacket 236,outerwear,rain shell,Blue Ridge Works,legacy,legacy_original,True,1,1,1,91.75,0.0,0,91.75
2026-07-21,S007,P1048,PeakNomad Travel Tumbler 247,hydration,insulated tumbler,TrailForge,legacy,legacy_original,True,1,1,1,56.22,20.0,1,56.22
2026-07-21,S007,P1053,EmberRunner Storm Kit Battery Pack 252,emergency,battery pack,Blue Ridge Works,legacy,legacy_original,True,1,1,1,103.1,5.0,1,103.1
2026-07-21,S007,P1054,TrailRover 20oz Tumbler 253,hydration,insulated tumbler,Summit Finch,legacy,legacy_original,True,1,1,4,226.16,20.0,1,56.54
2026-07-21,S007,P1073,PineRunner Lightweight Jacket 272,outerwear,rain shell,Rocky Top Outfitters,legacy,legacy_original,True,1,1,1,125.32,0.0,0,125.32
2026-07-21,S007,P1075,BoulderRambler 2P Camp Chair 274,camping,camp chair,Creekline,legacy,legacy_original,True,1,1,1,148.7,10.0,1,148.7
2026-07-21,S008,P1009,PineRunner 4P Tent 208,camping,tent,Rocky Top Outfitters,legacy,legacy_original,True,1,1,3,345.78,0.0,0,115.26
2026-07-21,S008,P1012,CloudNomad 32oz Tumbler 211,hydration,insulated tumbler,Moss & Mile,legacy,legacy_original,True,1,1,2,247.32,0.0,0,123.66
2026-07-21,S008,P1018,RidgeRover Trail Tumbler 217,hydration,insulated tumbler,Highland Ember,legacy,legacy_original,True,1,1,4,521.44,15.0,1,130.36
2026-07-21,S008,P1029,FieldRunner Storm Kit Battery Pack 228,emergency,battery pack,Blue Ridge Works,legacy,legacy_original,True,1,1,4,402.96,20.0,1,100.74
2026-07-21,S008,P1035,CreekRambler Rechargeable Flashlight 234,emergency,flashlight,Creekline,legacy,legacy_original,True,1,1,1,132.96,10.0,1,132.96
2026-07-21,S008,P1044,CloudNomad Approach Trail Shoes 243,footwear,trail shoes,Moss & Mile,legacy,legacy_original,True,1,1,1,189.25,0.0,0,189.25
2026-07-21,S008,P1068,StormNomad Approach Trail Shoes 267,footwear,trail shoes,Moss & Mile,legacy,legacy_original,True,1,1,1,80.92,0.0,0,80.92
2026-07-21,S008,P1072,CanyonNomad Travel Tumbler 271,hydration,insulated tumbler,TrailForge,legacy,legacy_original,True,1,1,1,127.58,5.0,1,127.58
2026-07-22,S001,P1010,VistaRover Deluxe Patio Heater 209,patio,patio heater,Highland Ember,legacy,legacy_original,True,1,1,4,2209.72,0.0,0,552.43
2026-07-22,S001,P1015,MoonRambler Ultralight Camp Chair 214,camping,camp chair,Switchback Supply,legacy,legacy_original,True,1,1,2,326.18,15.0,1,163.09
2026-07-22,S001,P1019,CreekRambler Alpine Jacket 218,outerwear,rain shell,Creekline,legacy,legacy_original,True,1,1,1,178.99,0.0,0,178.99
2026-07-22,S001,P1021,EmberRunner Basecamp Tent 220,camping,tent,Blue Ridge Works,legacy,legacy_original,True,1,1,1,58.99,20.0,1,58.99
2026-07-22,S001,P1024,CanyonNomad Travel Tumbler 223,hydration,insulated tumbler,TrailForge,legacy,legacy_original,True,1,1,3,258.18,5.0,1,86.06
2026-07-22,S001,P1025,PineRunner Lightweight Jacket 224,outerwear,rain shell,Rocky Top Outfitters,legacy,legacy_original,True,1,1,1,99.68,20.0,1,99.68
2026-07-22,S001,P1027,BoulderRambler 2P Camp Chair 226,camping,camp chair,Creekline,legacy,legacy_original,True,1,1,4,349.72,5.0,1,87.43
2026-07-22,S001,P1032,PeakNomad Waterproof Trail Shoes 231,footwear,trail shoes,TrailForge,legacy,legacy_original,True,2,2,4,747.22,2.5,1,186.8
2026-07-22,S001,P1033,SummitRunner 4P Tent 232,camping,tent,Rocky Top Outfitters,legacy,legacy_original,True,1,1,1,179.99,5.0,1,179.99
2026-07-22,S001,P1036,StormNomad 32oz Tumbler 235,hydration,insulated tumbler,Moss & Mile,legacy,legacy_original,True,1,1,2,299.66,5.0,1,149.83
2026-07-22,S001,P1037,EmberRunner Packable Jacket 236,outerwear,rain shell,Blue Ridge Works,legacy,legacy_original,True,1,1,2,146.8,20.0,1,73.4
2026-07-22,S001,P1049,SummitRunner Lightweight Jacket 248,outerwear,rain shell,Rocky Top Outfitters,legacy,legacy_original,True,1,1,2,444.02,0.0,0,222.01
2026-07-22,S001,P1051,CreekRambler 2P Camp Chair 250,camping,camp chair,Creekline,legacy,legacy_original,True,1,1,3,1017.96,20.0,1,339.32
2026-07-22,S001,P1057,PineRunner 4P Tent 256,camping,tent,Rocky Top Outfitters,legacy,legacy_original,True,1,1,3,984.42,20.0,1,328.14
2026-07-22,S001,P1058,VistaRover Deluxe Patio Heater 257,patio,patio heater,Highland Ember,legacy,legacy_original,True,1,1,1,263.59,0.0,0,263.59
2026-07-22,S001,P1059,BoulderRambler Rechargeable Flashlight 258,emergency,flashlight,Creekline,legacy,legacy_original,True,1,1,2,211.0,0.0,0,105.5
2026-07-22,S001,P1072,CanyonNomad Travel Tumbler 271,hydration,insulated tumbler,TrailForge,legacy,legacy_original,True,1,1,1,114.15,15.0,1,114.15
2026-07-22,S001,P1075,BoulderRambler 2P Camp Chair 274,camping,camp chair,Creekline,legacy,legacy_original,True,2,2,3,495.66,0.0,0,165.22
2026-07-22,S001,P1077,FieldRunner Storm Kit Battery Pack 276,emergency,battery pack,Blue Ridge Works,legacy,legacy_original,True,1,1,1,85.64,10.0,1,85.64
2026-07-22,S002,P1002,RidgeRover Mid Trail Shoes 201,footwear,trail shoes,Highland Ember,legacy,legacy_original,True,1,1,1,203.43,0.0,0,203.43
2026-07-22,S002,P1004,StormNomad Compact Cooler 203,patio,cooler,Moss & Mile,legacy,legacy_original,True,1,1,4,395.64,10.0,1,98.91
2026-07-22,S002,P1008,CanyonNomad Waterproof Trail Shoes 207,footwear,trail shoes,TrailForge,legacy,legacy_original,True,1,1,4,631.8,10.0,1,157.95
2026-07-22,S002,P1010,VistaRover Deluxe Patio Heater 209,patio,patio heater,Highland Ember,legacy,legacy_original,True,1,1,4,2209.72,0.0,0,552.43
2026-07-22,S002,P1013,FieldRunner Packable Jacket 212,outerwear,rain shell,Blue Ridge Works,legacy,legacy_original,True,1,1,2,185.04,5.0,1,92.52
2026-07-22,S002,P1014,SwitchbackRover Wide Trail Shoes 213,footwear,trail shoes,Summit Finch,legacy,legacy_original,True,1,1,1,173.97,15.0,1,173.97
2026-07-22,S002,P1017,SummitRunner Mini Battery Pack 216,emergency,battery pack,Rocky Top Outfitters,legacy,legacy_original,True,1,1,3,155.1,20.0,1,51.7
2026-07-22,S002,P1025,PineRunner Lightweight Jacket 224,outerwear,rain shell,Rocky Top Outfitters,legacy,legacy_original,True,1,1,3,373.8,0.0,0,124.6
2026-07-22,S002,P1038,TrailRover Wide Trail Shoes 237,footwear,trail shoes,Summit Finch,legacy,legacy_original,True,1,1,2,354.38,10.0,1,177.19
2026-07-22,S002,P1039,HearthRambler Ultralight Camp Chair 238,camping,camp chair,Switchback Supply,legacy,legacy_original,True,1,1,2,735.68,0.0,0,367.84
2026-07-22,S002,P1055,HearthRambler Stormproof Jacket 254,outerwear,rain shell,Switchback Supply,legacy,legacy_original,True,1,1,2,499.62,10.0,1,249.81
2026-07-22,S002,P1056,CanyonNomad Waterproof Trail Shoes 255,footwear,trail shoes,TrailForge,legacy,legacy_original,True,1,1,4,576.04,0.0,0,144.01
2026-07-22,S002,P1066,RidgeRover Trail Tumbler 265,hydration,insulated tumbler,Highland Ember,legacy,legacy_original,True,1,1,2,199.28,5.0,1,99.64
2026-07-22,S002,P1067,CreekRambler Alpine Jacket 266,outerwear,rain shell,Creekline,legacy,legacy_original,True,1,1,1,266.98,0.0,0,266.98
2026-07-22,S002,P1072,CanyonNomad Travel Tumbler 271,hydration,insulated tumbler,TrailForge,legacy,legacy_original,True,1,1,4,456.6,15.0,1,114.15
2026-07-22,S002,P1080,PeakNomad Waterproof Trail Shoes 279,footwear,trail shoes,TrailForge,legacy,legacy_original,True,2,2,3,386.1,7.5,1,128.7
2026-07-22,S003,P1002,RidgeRover Mid Trail Shoes 201,footwear,trail shoes,Highland Ember,legacy,legacy_original,True,1,1,2,406.86,0.0,0,203.43
2026-07-22,S003,P1007,HearthRambler Stormproof Jacket 206,outerwear,rain shell,Switchback Supply,legacy,legacy_original,True,1,1,1,95.56,15.0,1,95.56
2026-07-22,S003,P1012,CloudNomad 32oz Tumbler 211,hydration,insulated tumbler,Moss & Mile,legacy,legacy_original,True,1,1,4,494.64,0.0,0,123.66
2026-07-22,S003,P1016,PeakNomad XL Cooler 215,patio,cooler,TrailForge,legacy,legacy_original,True,1,1,1,602.39,5.0,1,602.39
2026-07-22,S003,P1019,CreekRambler Alpine Jacket 218,outerwear,rain shell,Creekline,legacy,legacy_original,True,1,1,1,170.04,5.0,1,170.04
2026-07-22,S003,P1028,CloudNomad Compact Cooler 227,patio,cooler,Moss & Mile,legacy,legacy_original,True,1,1,4,2201.56,15.0,1,550.39
2026-07-22,S003,P1030,SwitchbackRover 20oz Tumbler 229,hydration,insulated tumbler,Summit Finch,legacy,legacy_original,True,1,1,2,252.52,0.0,0,126.26
2026-07-22,S003,P1044,CloudNomad Approach Trail Shoes 243,footwear,trail shoes,Moss & Mile,legacy,legacy_original,True,1,1,2,378.5,0.0,0,189.25
2026-07-22,S003,P1046,SwitchbackRover Weekend Patio Heater 245,patio,patio heater,Summit Finch,legacy,legacy_original,True,1,1,2,443.5,5.0,1,221.75
2026-07-22,S003,P1061,FieldRunner Packable Jacket 260,outerwear,rain shell,Blue Ridge Works,legacy,legacy_original,True,1,1,1,133.06,10.0,1,133.06
2026-07-22,S003,P1070,TrailRover Weekend Patio Heater 269,patio,patio heater,Summit Finch,legacy,legacy_original,True,3,3,5,992.35,3.33,1,198.47
2026-07-22,S003,P1071,HearthRambler Expedition Flashlight 270,emergency,flashlight,Switchback Supply,legacy,legacy_original,True,1,1,3,386.91,10.0,1,128.97
2026-07-22,S003,P1073,PineRunner Lightweight Jacket 272,outerwear,rain shell,Rocky Top Outfitters,legacy,legacy_original,True,1,1,3,300.78,20.0,1,100.26
2026-07-22,S003,P1076,CloudNomad Compact Cooler 275,patio,cooler,Moss & Mile,legacy,legacy_original,True,1,1,1,686.08,0.0,0,686.08
2026-07-22,S003,P1078,SwitchbackRover 20oz Tumbler 277,hydration,insulated tumbler,Summit Finch,legacy,legacy_original,True,1,1,3,439.05,0.0,0,146.35
2026-07-22,S004,P1004,StormNomad Compact Cooler 203,patio,cooler,Moss & Mile,legacy,legacy_original,True,1,1,2,186.84,15.0,1,93.42
2026-07-22,S004,P1010,VistaRover Deluxe Patio Heater 209,patio,patio heater,Highland Ember,legacy,legacy_original,True,2,2,2,994.37,10.0,1,497.18
2026-07-22,S004,P1013,FieldRunner Packable Jacket 212,outerwear,rain shell,Blue Ridge Works,legacy,legacy_original,True,2,2,3,262.95,7.5,1,87.65
2026-07-22,S004,P1015,MoonRambler Ultralight Camp Chair 214,camping,camp chair,Switchback Supply,legacy,legacy_original,True,1,1,1,191.87,0.0,0,191.87
2026-07-22,S004,P1017,SummitRunner Mini Battery Pack 216,emergency,battery pack,Rocky Top Outfitters,legacy,legacy_original,True,1,1,3,193.89,0.0,0,64.63
2026-07-22,S004,P1018,RidgeRover Trail Tumbler 217,hydration,insulated tumbler,Highland Ember,legacy,legacy_original,True,1,1,2,276.04,10.0,1,138.02
2026-07-22,S004,P1029,FieldRunner Storm Kit Battery Pack 228,emergency,battery pack,Blue Ridge Works,legacy,legacy_original,True,1,1,2,251.86,0.0,0,125.93
2026-07-22,S004,P1030,SwitchbackRover 20oz Tumbler 229,hydration,insulated tumbler,Summit Finch,legacy,legacy_original,True,1,1,1,119.95,5.0,1,119.95
2026-07-22,S004,P1034,RidgeRover Deluxe Patio Heater 233,patio,patio heater,Highland Ember,legacy,legacy_original,True,1,1,2,320.84,5.0,1,160.42
2026-07-22,S004,P1036,StormNomad 32oz Tumbler 235,hydration,insulated tumbler,Moss & Mile,legacy,legacy_original,True,1,1,1,157.72,0.0,0,157.72
2026-07-22,S004,P1039,HearthRambler Ultralight Camp Chair 238,camping,camp chair,Switchback Supply,legacy,legacy_original,True,1,1,3,882.81,20.0,1,294.27
2026-07-22,S004,P1042,VistaRover Trail Tumbler 241,hydration,insulated tumbler,Highland Ember,legacy,legacy_original,True,1,1,3,345.75,0.0,0,115.25
2026-07-22,S004,P1045,FieldRunner Basecamp Tent 244,camping,tent,Blue Ridge Works,legacy,legacy_original,True,1,1,2,592.3,15.0,1,296.15
2026-07-22,S004,P1047,MoonRambler Expedition Flashlight 246,emergency,flashlight,Switchback Supply,legacy,legacy_original,True,1,1,1,56.9,0.0,0,56.9
2026-07-22,S004,P1048,PeakNomad Travel Tumbler 247,hydration,insulated tumbler,TrailForge,legacy,legacy_original,True,1,1,1,70.28,0.0,0,70.28
2026-07-22,S004,P1064,PeakNomad XL Cooler 263,patio,cooler,TrailForge,legacy,legacy_original,True,1,1,2,983.12,20.0,1,491.56
2026-07-22,S004,P1066,RidgeRover Trail Tumbler 265,hydration,insulated tumbler,Highland Ember,legacy,legacy_original,True,1,1,2,188.78,10.0,1,94.39
2026-07-22,S004,P1075,BoulderRambler 2P Camp Chair 274,camping,camp chair,Creekline,legacy,legacy_original,True,1,1,2,280.88,15.0,1,140.44
2026-07-22,S004,P1079,MoonRambler Stormproof Jacket 278,outerwear,rain shell,Switchback Supply,legacy,legacy_original,True,1,1,4,1024.84,0.0,0,256.21
2026-07-22,S005,P1002,RidgeRover Mid Trail Shoes 201,footwear,trail shoes,Highland Ember,legacy,legacy_original,True,1,1,4,813.72,0.0,0,203.43
2026-07-22,S005,P1005,EmberRunner Storm Kit Battery Pack 204,emergency,battery pack,Blue Ridge Works,legacy,legacy_original,True,1,1,2,211.92,5.0,1,105.96
2026-07-22,S005,P1007,HearthRambler Stormproof Jacket 206,outerwear,rain shell,Switchback Supply,legacy,legacy_original,True,1,1,3,320.4,5.0,1,106.8
2026-07-22,S005,P1009,PineRunner 4P Tent 208,camping,tent,Rocky Top Outfitters,legacy,legacy_original,True,1,1,4,461.04,0.0,0,115.26
2026-07-22,S005,P1012,CloudNomad 32oz Tumbler 211,hydration,insulated tumbler,Moss & Mile,legacy,legacy_original,True,1,1,1,111.29,10.0,1,111.29
2026-07-22,S005,P1017,SummitRunner Mini Battery Pack 216,emergency,battery pack,Rocky Top Outfitters,legacy,legacy_original,True,1,1,1,64.63,0.0,0,64.63
2026-07-22,S005,P1018,RidgeRover Trail Tumbler 217,hydration,insulated tumbler,Highland Ember,legacy,legacy_original,True,1,1,1,153.36,0.0,0,153.36
2026-07-22,S005,P1020,StormNomad Approach Trail Shoes 219,footwear,trail shoes,Moss & Mile,legacy,legacy_original,True,1,1,1,190.33,10.0,1,190.33
2026-07-22,S005,P1030,SwitchbackRover 20oz Tumbler 229,hydration,insulated tumbler,Summit Finch,legacy,legacy_original,True,1,1,2,214.64,15.0,1,107.32
2026-07-22,S005,P1036,StormNomad 32oz Tumbler 235,hydration,insulated tumbler,Moss & Mile,legacy,legacy_original,True,1,1,2,252.36,20.0,1,126.18
2026-07-22,S005,P1039,HearthRambler Ultralight Camp Chair 238,camping,camp chair,Switchback Supply,legacy,legacy_original,True,2,2,3,1029.95,10.0,1,343.32
2026-07-22,S005,P1041,PineRunner Mini Battery Pack 240,emergency,battery pack,Rocky Top Outfitters,legacy,legacy_original,True,1,1,1,54.6,0.0,0,54.6
2026-07-22,S005,P1045,FieldRunner Basecamp Tent 244,camping,tent,Blue Ridge Works,legacy,legacy_original,True,1,1,1,296.15,15.0,1,296.15
2026-07-22,S005,P1055,HearthRambler Stormproof Jacket 254,outerwear,rain shell,Switchback Supply,legacy,legacy_original,True,1,1,2,555.14,0.0,0,277.57
2026-07-22,S005,P1060,CloudNomad 32oz Tumbler 259,hydration,insulated tumbler,Moss & Mile,legacy,legacy_original,True,1,1,2,247.02,20.0,1,123.51
2026-07-22,S005,P1064,PeakNomad XL Cooler 263,patio,cooler,TrailForge,legacy,legacy_original,True,1,1,1,614.45,0.0,0,614.45
2026-07-22,S005,P1068,StormNomad Approach Trail Shoes 267,footwear,trail shoes,Moss & Mile,legacy,legacy_original,True,1,1,3,242.76,0.0,0,80.92
2026-07-22,S005,P1074,VistaRover Mid Trail Shoes 273,footwear,trail shoes,Highland Ember,legacy,legacy_original,True,1,1,1,153.36,20.0,1,153.36
2026-07-22,S005,P1075,BoulderRambler 2P Camp Chair 274,camping,camp chair,Creekline,legacy,legacy_original,True,1,1,2,330.44,0.0,0,165.22
2026-07-22,S006,P1014,SwitchbackRover Wide Trail Shoes 213,footwear,trail shoes,Summit Finch,legacy,legacy_original,True,1,1,2,388.88,5.0,1,194.44
2026-07-22,S006,P1021,EmberRunner Basecamp Tent 220,camping,tent,Blue Ridge Works,legacy,legacy_original,True,2,2,3,202.78,10.0,2,67.59
2026-07-22,S006,P1022,TrailRover Weekend Patio Heater 221,patio,patio heater,Summit Finch,legacy,legacy_original,True,2,2,3,971.78,15.0,2,323.93
2026-07-22,S006,P1024,CanyonNomad Travel Tumbler 223,hydration,insulated tumbler,TrailForge,legacy,legacy_original,True,1,1,1,72.47,20.0,1,72.47
2026-07-22,S006,P1025,PineRunner Lightweight Jacket 224,outerwear,rain shell,Rocky Top Outfitters,legacy,legacy_original,True,1,1,1,105.91,15.0,1,105.91
2026-07-22,S006,P1026,VistaRover Mid Trail Shoes 225,footwear,trail shoes,Highland Ember,legacy,legacy_original,True,1,1,1,110.84,15.0,1,110.84
2026-07-22,S006,P1030,SwitchbackRover 20oz Tumbler 229,hydration,insulated tumbler,Summit Finch,legacy,legacy_original,True,1,1,1,126.26,0.0,0,126.26
2026-07-22,S006,P1036,StormNomad 32oz Tumbler 235,hydration,insulated tumbler,Moss & Mile,legacy,legacy_original,True,1,1,4,630.88,0.0,0,157.72
2026-07-22,S006,P1037,EmberRunner Packable Jacket 236,outerwear,rain shell,Blue Ridge Works,legacy,legacy_original,True,1,1,3,220.2,20.0,1,73.4
2026-07-22,S006,P1053,EmberRunner Storm Kit Battery Pack 252,emergency,battery pack,Blue Ridge Works,legacy,legacy_original,True,1,1,2,217.06,0.0,0,108.53
2026-07-22,S006,P1060,CloudNomad 32oz Tumbler 259,hydration,insulated tumbler,Moss & Mile,legacy,legacy_original,True,1,1,1,131.23,15.0,1,131.23
2026-07-22,S006,P1062,SwitchbackRover Wide Trail Shoes 261,footwear,trail shoes,Summit Finch,legacy,legacy_original,True,1,1,2,290.18,15.0,1,145.09
2026-07-22,S006,P1063,MoonRambler Ultralight Camp Chair 262,camping,camp chair,Switchback Supply,legacy,legacy_original,True,1,1,2,151.84,5.0,1,75.92
2026-07-22,S006,P1073,PineRunner Lightweight Jacket 272,outerwear,rain shell,Rocky Top Outfitters,legacy,legacy_original,True,1,1,3,375.96,0.0,0,125.32
2026-07-22,S007,P1002,RidgeRover Mid Trail Shoes 201,footwear,trail shoes,Highland Ember,legacy,legacy_original,True,1,1,1,193.26,5.0,1,193.26
2026-07-22,S007,P1003,CreekRambler 2P Camp Chair 202,camping,camp chair,Creekline,legacy,legacy_original,True,1,1,2,897.96,0.0,0,448.98
2026-07-22,S007,P1004,StormNomad Compact Cooler 203,patio,cooler,Moss & Mile,legacy,legacy_original,True,1,1,1,93.42,15.0,1,93.42
2026-07-22,S007,P1018,RidgeRover Trail Tumbler 217,hydration,insulated tumbler,Highland Ember,legacy,legacy_original,True,1,1,2,306.72,0.0,0,153.36
2026-07-22,S007,P1020,StormNomad Approach Trail Shoes 219,footwear,trail shoes,Moss & Mile,legacy,legacy_original,True,1,1,1,169.18,20.0,1,169.18
2026-07-22,S007,P1022,TrailRover Weekend Patio Heater 221,patio,patio heater,Summit Finch,legacy,legacy_original,True,1,1,2,777.42,0.0,0,388.71
2026-07-22,S007,P1024,CanyonNomad Travel Tumbler 223,hydration,insulated tumbler,TrailForge,legacy,legacy_original,True,1,1,1,90.59,0.0,0,90.59
2026-07-22,S007,P1028,CloudNomad Compact Cooler 227,patio,cooler,Moss & Mile,legacy,legacy_original,True,2,2,6,3885.12,0.0,0,647.52
2026-07-22,S007,P1032,PeakNomad Waterproof Trail Shoes 231,footwear,trail shoes,TrailForge,legacy,legacy_original,True,1,1,2,368.76,5.0,1,184.38
2026-07-22,S007,P1033,SummitRunner 4P Tent 232,camping,tent,Rocky Top Outfitters,legacy,legacy_original,True,1,1,3,568.38,0.0,0,189.46
2026-07-22,S007,P1034,RidgeRover Deluxe Patio Heater 233,patio,patio heater,Highland Ember,legacy,legacy_original,True,1,1,1,168.86,0.0,0,168.86
2026-07-22,S007,P1037,EmberRunner Packable Jacket 236,outerwear,rain shell,Blue Ridge Works,legacy,legacy_original,True,2,2,2,183.5,0.0,0,91.75
2026-07-22,S007,P1038,TrailRover Wide Trail Shoes 237,footwear,trail shoes,Summit Finch,legacy,legacy_original,True,1,1,1,196.88,0.0,0,196.88
2026-07-22,S007,P1042,VistaRover Trail Tumbler 241,hydration,insulated tumbler,Highland Ember,legacy,legacy_original,True,1,1,4,368.8,20.0,1,92.2
2026-07-22,S007,P1048,PeakNomad Travel Tumbler 247,hydration,insulated tumbler,TrailForge,legacy,legacy_original,True,1,1,1,59.74,15.0,1,59.74
2026-07-22,S007,P1056,CanyonNomad Waterproof Trail Shoes 255,footwear,trail shoes,TrailForge,legacy,legacy_original,True,2,2,2,230.42,20.0,2,115.21
2026-07-22,S007,P1058,VistaRover Deluxe Patio Heater 257,patio,patio heater,Highland Ember,legacy,legacy_original,True,1,1,1,250.41,5.0,1,250.41
2026-07-22,S007,P1060,CloudNomad 32oz Tumbler 259,hydration,insulated tumbler,Moss & Mile,legacy,legacy_original,True,1,1,1,154.39,0.0,0,154.39
2026-07-22,S007,P1067,CreekRambler Alpine Jacket 266,outerwear,rain shell,Creekline,legacy,legacy_original,True,1,1,4,1067.92,0.0,0,266.98
2026-07-22,S007,P1073,PineRunner Lightweight Jacket 272,outerwear,rain shell,Rocky Top Outfitters,legacy,legacy_original,True,1,1,1,125.32,0.0,0,125.32
2026-07-22,S007,P1075,BoulderRambler 2P Camp Chair 274,camping,camp chair,Creekline,legacy,legacy_original,True,1,1,3,495.66,0.0,0,165.22
2026-07-22,S007,P1079,MoonRambler Stormproof Jacket 278,outerwear,rain shell,Switchback Supply,legacy,legacy_original,True,1,1,1,230.59,10.0,1,230.59
2026-07-22,S008,P1001,SummitRunner Lightweight Jacket 200,outerwear,rain shell,Rocky Top Outfitters,legacy,legacy_original,True,1,1,1,130.82,0.0,0,130.82
2026-07-22,S008,P1002,RidgeRover Mid Trail Shoes 201,footwear,trail shoes,Highland Ember,legacy,legacy_original,True,1,1,3,610.29,0.0,0,203.43
2026-07-22,S008,P1003,CreekRambler 2P Camp Chair 202,camping,camp chair,Creekline,legacy,legacy_original,True,1,1,1,448.98,0.0,0,448.98
2026-07-22,S008,P1004,StormNomad Compact Cooler 203,patio,cooler,Moss & Mile,legacy,legacy_original,True,1,1,3,263.76,20.0,1,87.92
2026-07-22,S008,P1005,EmberRunner Storm Kit Battery Pack 204,emergency,battery pack,Blue Ridge Works,legacy,legacy_original,True,1,1,4,356.92,20.0,1,89.23
2026-07-22,S008,P1008,CanyonNomad Waterproof Trail Shoes 207,footwear,trail shoes,TrailForge,legacy,legacy_original,True,1,1,2,298.34,15.0,1,149.17
2026-07-22,S008,P1014,SwitchbackRover Wide Trail Shoes 213,footwear,trail shoes,Summit Finch,legacy,legacy_original,True,1,1,2,409.34,0.0,0,204.67
2026-07-22,S008,P1015,MoonRambler Ultralight Camp Chair 214,camping,camp chair,Switchback Supply,legacy,legacy_original,True,1,1,2,345.36,10.0,1,172.68
2026-07-22,S008,P1023,HearthRambler Expedition Flashlight 222,emergency,flashlight,Switchback Supply,legacy,legacy_original,True,1,1,4,452.6,20.0,1,113.15
2026-07-22,S008,P1030,SwitchbackRover 20oz Tumbler 229,hydration,insulated tumbler,Summit Finch,legacy,legacy_original,True,1,1,2,239.9,5.0,1,119.95
2026-07-22,S008,P1034,RidgeRover Deluxe Patio Heater 233,patio,patio heater,Highland Ember,legacy,legacy_original,True,1,1,2,287.06,15.0,1,143.53
2026-07-22,S008,P1036,StormNomad 32oz Tumbler 235,hydration,insulated tumbler,Moss & Mile,legacy,legacy_original,True,1,1,2,315.44,0.0,0,157.72
2026-07-22,S008,P1038,TrailRover Wide Trail Shoes 237,footwear,trail shoes,Summit Finch,legacy,legacy_original,True,1,1,2,393.76,0.0,0,196.88
2026-07-22,S008,P1045,FieldRunner Basecamp Tent 244,camping,tent,Blue Ridge Works,legacy,legacy_original,True,1,1,1,348.41,0.0,0,348.41
2026-07-22,S008,P1048,PeakNomad Travel Tumbler 247,hydration,insulated tumbler,TrailForge,legacy,legacy_original,True,1,1,3,168.66,20.0,1,56.22
2026-07-22,S008,P1050,RidgeRover Mid Trail Shoes 249,footwear,trail shoes,Highland Ember,legacy,legacy_original,True,3,3,4,282.41,8.33,2,70.6
2026-07-22,S008,P1054,TrailRover 20oz Tumbler 253,hydration,insulated tumbler,Summit Finch,legacy,legacy_original,True,2,2,3,190.84,7.5,1,63.61
2026-07-22,S008,P1062,SwitchbackRover Wide Trail Shoes 261,footwear,trail shoes,Summit Finch,legacy,legacy_original,True,1,1,1,170.69,0.0,0,170.69
2026-07-22,S008,P1073,PineRunner Lightweight Jacket 272,outerwear,rain shell,Rocky Top Outfitters,legacy,legacy_original,True,1,1,2,250.64,0.0,0,125.32
2026-07-22,S008,P1074,VistaRover Mid Trail Shoes 273,footwear,trail shoes,Highland Ember,legacy,legacy_original,True,1,1,3,575.1,0.0,0,191.7
2026-07-22,S008,P1076,CloudNomad Compact Cooler 275,patio,cooler,Moss & Mile,legacy,legacy_original,True,1,1,1,583.17,15.0,1,583.17
2026-07-22,S008,P1077,FieldRunner Storm Kit Battery Pack 276,emergency,battery pack,Blue Ridge Works,legacy,legacy_original,True,1,1,4,380.6,0.0,0,95.15
2026-07-23,S001,P1012,CloudNomad 32oz Tumbler 211,hydration,insulated tumbler,Moss & Mile,legacy,legacy_original,True,1,1,1,123.66,0.0,0,123.66
2026-07-23,S001,P1015,MoonRambler Ultralight Camp Chair 214,camping,camp chair,Switchback Supply,legacy,legacy_original,True,1,1,4,767.48,0.0,0,191.87
2026-07-23,S001,P1017,SummitRunner Mini Battery Pack 216,emergency,battery pack,Rocky Top Outfitters,legacy,legacy_original,True,1,1,1,51.7,20.0,1,51.7
2026-07-23,S001,P1020,StormNomad Approach Trail Shoes 219,footwear,trail shoes,Moss & Mile,legacy,legacy_original,True,1,1,1,169.18,20.0,1,169.18
2026-07-23,S001,P1026,VistaRover Mid Trail Shoes 225,footwear,trail shoes,Highland Ember,legacy,legacy_original,True,1,1,2,260.8,0.0,0,130.4
2026-07-23,S001,P1031,MoonRambler Stormproof Jacket 230,outerwear,rain shell,Switchback Supply,legacy,legacy_original,True,1,1,4,624.72,10.0,1,156.18
2026-07-23,S001,P1036,StormNomad 32oz Tumbler 235,hydration,insulated tumbler,Moss & Mile,legacy,legacy_original,True,1,1,1,126.18,20.0,1,126.18
2026-07-23,S001,P1040,CanyonNomad XL Cooler 239,patio,cooler,TrailForge,legacy,legacy_original,True,2,2,3,272.03,15.0,2,90.68
2026-07-23,S001,P1050,RidgeRover Mid Trail Shoes 249,footwear,trail shoes,Highland Ember,legacy,legacy_original,True,1,1,1,75.31,0.0,0,75.31
2026-07-23,S001,P1063,MoonRambler Ultralight Camp Chair 262,camping,camp chair,Switchback Supply,legacy,legacy_original,True,1,1,4,319.68,0.0,0,79.92
2026-07-23,S001,P1067,CreekRambler Alpine Jacket 266,outerwear,rain shell,Creekline,legacy,legacy_original,True,1,1,3,680.79,15.0,1,226.93
2026-07-23,S001,P1071,HearthRambler Expedition Flashlight 270,emergency,flashlight,Switchback Supply,legacy,legacy_original,True,1,1,3,365.43,15.0,1,121.81
2026-07-23,S001,P1074,VistaRover Mid Trail Shoes 273,footwear,trail shoes,Highland Ember,legacy,legacy_original,True,1,1,3,517.59,10.0,1,172.53
2026-07-23,S001,P1076,CloudNomad Compact Cooler 275,patio,cooler,Moss & Mile,legacy,legacy_original,True,1,1,1,617.47,10.0,1,617.47
2026-07-23,S001,P1080,PeakNomad Waterproof Trail Shoes 279,footwear,trail shoes,TrailForge,legacy,legacy_original,True,1,1,2,257.4,10.0,1,128.7
2026-07-23,S002,P1003,CreekRambler 2P Camp Chair 202,camping,camp chair,Creekline,legacy,legacy_original,True,1,1,2,853.06,5.0,1,426.53
2026-07-23,S002,P1006,TrailRover 20oz Tumbler 205,hydration,insulated tumbler,Summit Finch,legacy,legacy_original,True,1,1,4,223.64,0.0,0,55.91
2026-07-23,S002,P1007,HearthRambler Stormproof Jacket 206,outerwear,rain shell,Switchback Supply,legacy,legacy_original,True,1,1,1,101.18,10.0,1,101.18
2026-07-23,S002,P1010,VistaRover Deluxe Patio Heater 209,patio,patio heater,Highland Ember,legacy,legacy_original,True,1,1,4,1767.76,20.0,1,441.94
2026-07-23,S002,P1016,PeakNomad XL Cooler 215,patio,cooler,TrailForge,legacy,legacy_original,True,1,1,2,1077.96,15.0,1,538.98
2026-07-23,S002,P1020,StormNomad Approach Trail Shoes 219,footwear,trail shoes,Moss & Mile,legacy,legacy_original,True,1,1,2,401.82,5.0,1,200.91
2026-07-23,S002,P1036,StormNomad 32oz Tumbler 235,hydration,insulated tumbler,Moss & Mile,legacy,legacy_original,True,1,1,2,315.44,0.0,0,157.72
2026-07-23,S002,P1038,TrailRover Wide Trail Shoes 237,footwear,trail shoes,Summit Finch,legacy,legacy_original,True,1,1,2,315.0,20.0,1,157.5
2026-07-23,S002,P1046,SwitchbackRover Weekend Patio Heater 245,patio,patio heater,Summit Finch,legacy,legacy_original,True,3,3,6,1307.16,3.33,1,217.86
2026-07-23,S002,P1048,PeakNomad Travel Tumbler 247,hydration,insulated tumbler,TrailForge,legacy,legacy_original,True,1,1,2,112.44,20.0,1,56.22
2026-07-23,S002,P1050,RidgeRover Mid Trail Shoes 249,footwear,trail shoes,Highland Ember,legacy,legacy_original,True,1,1,2,150.62,0.0,0,75.31
2026-07-23,S002,P1060,CloudNomad 32oz Tumbler 259,hydration,insulated tumbler,Moss & Mile,legacy,legacy_original,True,1,1,3,463.17,0.0,0,154.39
2026-07-23,S002,P1070,TrailRover Weekend Patio Heater 269,patio,patio heater,Summit Finch,legacy,legacy_original,True,1,1,1,202.52,0.0,0,202.52
2026-07-23,S002,P1079,MoonRambler Stormproof Jacket 278,outerwear,rain shell,Switchback Supply,legacy,legacy_original,True,1,1,2,435.56,15.0,1,217.78
2026-07-23,S003,P1004,StormNomad Compact Cooler 203,patio,cooler,Moss & Mile,legacy,legacy_original,True,1,1,2,219.8,0.0,0,109.9
2026-07-23,S003,P1006,TrailRover 20oz Tumbler 205,hydration,insulated tumbler,Summit Finch,legacy,legacy_original,True,1,1,1,50.32,10.0,1,50.32
2026-07-23,S003,P1014,SwitchbackRover Wide Trail Shoes 213,footwear,trail shoes,Summit Finch,legacy,legacy_original,True,1,1,1,173.97,15.0,1,173.97
2026-07-23,S003,P1017,SummitRunner Mini Battery Pack 216,emergency,battery pack,Rocky Top Outfitters,legacy,legacy_original,True,1,1,3,174.51,10.0,1,58.17
2026-07-23,S003,P1029,FieldRunner Storm Kit Battery Pack 228,emergency,battery pack,Blue Ridge Works,legacy,legacy_original,True,2,2,3,302.22,20.0,2,100.74
2026-07-23,S003,P1035,CreekRambler Rechargeable Flashlight 234,emergency,flashlight,Creekline,legacy,legacy_original,True,1,1,4,561.36,5.0,1,140.34
2026-07-23,S003,P1040,CanyonNomad XL Cooler 239,patio,cooler,TrailForge,legacy,legacy_original,True,2,2,6,609.34,5.0,1,101.56
2026-07-23,S003,P1041,PineRunner Mini Battery Pack 240,emergency,battery pack,Rocky Top Outfitters,legacy,legacy_original,True,1,1,2,92.82,15.0,1,46.41
2026-07-23,S003,P1042,VistaRover Trail Tumbler 241,hydration,insulated tumbler,Highland Ember,legacy,legacy_original,True,1,1,1,103.73,10.0,1,103.73
2026-07-23,S003,P1044,CloudNomad Approach Trail Shoes 243,footwear,trail shoes,Moss & Mile,legacy,legacy_original,True,1,1,1,151.4,20.0,1,151.4
2026-07-23,S003,P1045,FieldRunner Basecamp Tent 244,camping,tent,Blue Ridge Works,legacy,legacy_original,True,2,2,4,1323.96,5.0,1,330.99
2026-07-23,S003,P1050,RidgeRover Mid Trail Shoes 249,footwear,trail shoes,Highland Ember,legacy,legacy_original,True,1,1,1,75.31,0.0,0,75.31
2026-07-23,S003,P1052,StormNomad Compact Cooler 251,patio,cooler,Moss & Mile,legacy,legacy_original,True,1,1,4,1322.28,15.0,1,330.57
2026-07-23,S003,P1056,CanyonNomad Waterproof Trail Shoes 255,footwear,trail shoes,TrailForge,legacy,legacy_original,True,1,1,1,144.01,0.0,0,144.01
2026-07-23,S003,P1060,CloudNomad 32oz Tumbler 259,hydration,insulated tumbler,Moss & Mile,legacy,legacy_original,True,1,1,1,154.39,0.0,0,154.39
2026-07-23,S003,P1072,CanyonNomad Travel Tumbler 271,hydration,insulated tumbler,TrailForge,legacy,legacy_original,True,1,1,4,456.6,15.0,1,114.15
2026-07-23,S003,P1073,PineRunner Lightweight Jacket 272,outerwear,rain shell,Rocky Top Outfitters,legacy,legacy_original,True,1,1,1,106.52,15.0,1,106.52
2026-07-23,S003,P1078,SwitchbackRover 20oz Tumbler 277,hydration,insulated tumbler,Summit Finch,legacy,legacy_original,True,1,1,4,468.32,20.0,1,117.08
2026-07-23,S004,P1002,RidgeRover Mid Trail Shoes 201,footwear,trail shoes,Highland Ember,legacy,legacy_original,True,1,1,1,203.43,0.0,0,203.43
2026-07-23,S004,P1006,TrailRover 20oz Tumbler 205,hydration,insulated tumbler,Summit Finch,legacy,legacy_original,True,1,1,1,53.11,5.0,1,53.11
2026-07-23,S004,P1008,CanyonNomad Waterproof Trail Shoes 207,footwear,trail shoes,TrailForge,legacy,legacy_original,True,1,1,2,315.9,10.0,1,157.95
2026-07-23,S004,P1010,VistaRover Deluxe Patio Heater 209,patio,patio heater,Highland Ember,legacy,legacy_original,True,1,1,1,552.43,0.0,0,552.43
2026-07-23,S004,P1013,FieldRunner Packable Jacket 212,outerwear,rain shell,Blue Ridge Works,legacy,legacy_original,True,1,1,2,194.78,0.0,0,97.39
2026-07-23,S004,P1017,SummitRunner Mini Battery Pack 216,emergency,battery pack,Rocky Top Outfitters,legacy,legacy_original,True,2,2,3,155.1,20.0,2,51.7
2026-07-23,S004,P1021,EmberRunner Basecamp Tent 220,camping,tent,Blue Ridge Works,legacy,legacy_original,True,1,1,1,73.74,0.0,0,73.74
2026-07-23,S004,P1023,HearthRambler Expedition Flashlight 222,emergency,flashlight,Switchback Supply,legacy,legacy_original,True,1,1,1,127.3,10.0,1,127.3
2026-07-23,S004,P1025,PineRunner Lightweight Jacket 224,outerwear,rain shell,Rocky Top Outfitters,legacy,legacy_original,True,1,1,4,448.56,10.0,1,112.14
2026-07-23,S004,P1028,CloudNomad Compact Cooler 227,patio,cooler,Moss & Mile,legacy,legacy_original,True,1,1,1,615.14,5.0,1,615.14
2026-07-23,S004,P1030,SwitchbackRover 20oz Tumbler 229,hydration,insulated tumbler,Summit Finch,legacy,legacy_original,True,1,1,1,126.26,0.0,0,126.26
2026-07-23,S004,P1031,MoonRambler Stormproof Jacket 230,outerwear,rain shell,Switchback Supply,legacy,legacy_original,True,1,1,1,138.82,20.0,1,138.82
2026-07-23,S004,P1032,PeakNomad Waterproof Trail Shoes 231,footwear,trail shoes,TrailForge,legacy,legacy_original,True,1,1,2,349.34,10.0,1,174.67
2026-07-23,S004,P1033,SummitRunner 4P Tent 232,camping,tent,Rocky Top Outfitters,legacy,legacy_original,True,1,1,1,161.04,15.0,1,161.04
2026-07-23,S004,P1046,SwitchbackRover Weekend Patio Heater 245,patio,patio heater,Summit Finch,legacy,legacy_original,True,1,1,4,933.68,0.0,0,233.42
2026-07-23,S004,P1056,CanyonNomad Waterproof Trail Shoes 255,footwear,trail shoes,TrailForge,legacy,legacy_original,True,1,1,1,144.01,0.0,0,144.01
2026-07-23,S004,P1060,CloudNomad 32oz Tumbler 259,hydration,insulated tumbler,Moss & Mile,legacy,legacy_original,True,1,1,1,146.67,5.0,1,146.67
2026-07-23,S004,P1065,SummitRunner Mini Battery Pack 264,emergency,battery pack,Rocky Top Outfitters,legacy,legacy_original,True,2,2,2,214.44,5.0,2,107.22
2026-07-23,S004,P1073,PineRunner Lightweight Jacket 272,outerwear,rain shell,Rocky Top Outfitters,legacy,legacy_original,True,1,1,1,112.79,10.0,1,112.79
2026-07-23,S004,P1080,PeakNomad Waterproof Trail Shoes 279,footwear,trail shoes,TrailForge,legacy,legacy_original,True,2,2,2,264.55,7.5,2,132.27
2026-07-23,S005,P1002,RidgeRover Mid Trail Shoes 201,footwear,trail shoes,Highland Ember,legacy,legacy_original,True,1,1,1,162.74,20.0,1,162.74
2026-07-23,S005,P1003,CreekRambler 2P Camp Chair 202,camping,camp chair,Creekline,legacy,legacy_original,True,1,1,2,808.16,10.0,1,404.08
2026-07-23,S005,P1005,EmberRunner Storm Kit Battery Pack 204,emergency,battery pack,Blue Ridge Works,legacy,legacy_original,True,1,1,1,111.54,0.0,0,111.54
2026-07-23,S005,P1008,CanyonNomad Waterproof Trail Shoes 207,footwear,trail shoes,TrailForge,legacy,legacy_original,True,1,1,1,157.95,10.0,1,157.95
2026-07-23,S005,P1011,BoulderRambler Rechargeable Flashlight 210,emergency,flashlight,Creekline,legacy,legacy_original,True,1,1,2,239.52,10.0,1,119.76
2026-07-23,S005,P1015,MoonRambler Ultralight Camp Chair 214,camping,camp chair,Switchback Supply,legacy,legacy_original,True,1,1,3,575.61,0.0,0,191.87
2026-07-23,S005,P1019,CreekRambler Alpine Jacket 218,outerwear,rain shell,Creekline,legacy,legacy_original,True,1,1,1,178.99,0.0,0,178.99
2026-07-23,S005,P1021,EmberRunner Basecamp Tent 220,camping,tent,Blue Ridge Works,legacy,legacy_original,True,2,2,6,376.06,12.5,2,62.68
2026-07-23,S005,P1029,FieldRunner Storm Kit Battery Pack 228,emergency,battery pack,Blue Ridge Works,legacy,legacy_original,True,1,1,2,214.08,15.0,1,107.04
2026-07-23,S005,P1033,SummitRunner 4P Tent 232,camping,tent,Rocky Top Outfitters,legacy,legacy_original,True,1,1,1,161.04,15.0,1,161.04
2026-07-23,S005,P1038,TrailRover Wide Trail Shoes 237,footwear,trail shoes,Summit Finch,legacy,legacy_original,True,2,2,3,590.64,0.0,0,196.88
2026-07-23,S005,P1061,FieldRunner Packable Jacket 260,outerwear,rain shell,Blue Ridge Works,legacy,legacy_original,True,1,1,1,125.66,15.0,1,125.66
2026-07-23,S005,P1074,VistaRover Mid Trail Shoes 273,footwear,trail shoes,Highland Ember,legacy,legacy_original,True,1,1,2,383.4,0.0,0,191.7
2026-07-23,S005,P1075,BoulderRambler 2P Camp Chair 274,camping,camp chair,Creekline,legacy,legacy_original,True,1,1,4,627.84,5.0,1,156.96
2026-07-23,S006,P1001,SummitRunner Lightweight Jacket 200,outerwear,rain shell,Rocky Top Outfitters,legacy,legacy_original,True,1,1,1,124.28,5.0,1,124.28
2026-07-23,S006,P1006,TrailRover 20oz Tumbler 205,hydration,insulated tumbler,Summit Finch,legacy,legacy_original,True,1,1,2,106.22,5.0,1,53.11
2026-07-23,S006,P1008,CanyonNomad Waterproof Trail Shoes 207,footwear,trail shoes,TrailForge,legacy,legacy_original,True,1,1,2,351.0,0.0,0,175.5
2026-07-23,S006,P1009,PineRunner 4P Tent 208,camping,tent,Rocky Top Outfitters,legacy,legacy_original,True,1,1,2,195.94,15.0,1,97.97
2026-07-23,S006,P1010,VistaRover Deluxe Patio Heater 209,patio,patio heater,Highland Ember,legacy,legacy_original,True,1,1,1,524.81,5.0,1,524.81
2026-07-23,S006,P1014,SwitchbackRover Wide Trail Shoes 213,footwear,trail shoes,Summit Finch,legacy,legacy_original,True,1,1,2,327.48,20.0,1,163.74
2026-07-23,S006,P1016,PeakNomad XL Cooler 215,patio,cooler,TrailForge,legacy,legacy_original,True,1,1,1,634.09,0.0,0,634.09
2026-07-23,S006,P1021,EmberRunner Basecamp Tent 220,camping,tent,Blue Ridge Works,legacy,legacy_original,True,1,1,4,250.72,15.0,1,62.68
2026-07-23,S006,P1033,SummitRunner 4P Tent 232,camping,tent,Rocky Top Outfitters,legacy,legacy_original,True,2,2,5,814.69,12.5,2,162.94
2026-07-23,S006,P1038,TrailRover Wide Trail Shoes 237,footwear,trail shoes,Summit Finch,legacy,legacy_original,True,1,1,1,187.04,5.0,1,187.04
2026-07-23,S006,P1046,SwitchbackRover Weekend Patio Heater 245,patio,patio heater,Summit Finch,legacy,legacy_original,True,1,1,2,420.16,10.0,1,210.08
2026-07-23,S006,P1047,MoonRambler Expedition Flashlight 246,emergency,flashlight,Switchback Supply,legacy,legacy_original,True,1,1,2,96.72,15.0,1,48.36
2026-07-23,S006,P1048,PeakNomad Travel Tumbler 247,hydration,insulated tumbler,TrailForge,legacy,legacy_original,True,1,1,2,140.56,0.0,0,70.28
2026-07-23,S006,P1052,StormNomad Compact Cooler 251,patio,cooler,Moss & Mile,legacy,legacy_original,True,1,1,4,1477.84,5.0,1,369.46
2026-07-23,S006,P1054,TrailRover 20oz Tumbler 253,hydration,insulated tumbler,Summit Finch,legacy,legacy_original,True,1,1,1,70.68,0.0,0,70.68
2026-07-23,S006,P1058,VistaRover Deluxe Patio Heater 257,patio,patio heater,Highland Ember,legacy,legacy_original,True,1,1,3,672.15,15.0,1,224.05
2026-07-23,S006,P1075,BoulderRambler 2P Camp Chair 274,camping,camp chair,Creekline,legacy,legacy_original,True,1,1,4,627.84,5.0,1,156.96
2026-07-23,S006,P1080,PeakNomad Waterproof Trail Shoes 279,footwear,trail shoes,TrailForge,legacy,legacy_original,True,1,1,1,135.85,5.0,1,135.85
2026-07-23,S007,P1008,CanyonNomad Waterproof Trail Shoes 207,footwear,trail shoes,TrailForge,legacy,legacy_original,True,1,1,1,175.5,0.0,0,175.5
2026-07-23,S007,P1009,PineRunner 4P Tent 208,camping,tent,Rocky Top Outfitters,legacy,legacy_original,True,1,1,1,97.97,15.0,1,97.97
2026-07-23,S007,P1016,PeakNomad XL Cooler 215,patio,cooler,TrailForge,legacy,legacy_original,True,2,2,5,3107.05,2.5,1,621.41
2026-07-23,S007,P1017,SummitRunner Mini Battery Pack 216,emergency,battery pack,Rocky Top Outfitters,legacy,legacy_original,True,1,1,4,206.8,20.0,1,51.7
2026-07-23,S007,P1026,VistaRover Mid Trail Shoes 225,footwear,trail shoes,Highland Ember,legacy,legacy_original,True,1,1,4,521.6,0.0,0,130.4
2026-07-23,S007,P1032,PeakNomad Waterproof Trail Shoes 231,footwear,trail shoes,TrailForge,legacy,legacy_original,True,1,1,1,194.08,0.0,0,194.08
2026-07-23,S007,P1036,StormNomad 32oz Tumbler 235,hydration,insulated tumbler,Moss & Mile,legacy,legacy_original,True,1,1,4,504.72,20.0,1,126.18
2026-07-23,S007,P1039,HearthRambler Ultralight Camp Chair 238,camping,camp chair,Switchback Supply,legacy,legacy_original,True,1,1,1,367.84,0.0,0,367.84
2026-07-23,S007,P1054,TrailRover 20oz Tumbler 253,hydration,insulated tumbler,Summit Finch,legacy,legacy_original,True,1,1,3,180.24,15.0,1,60.08
2026-07-23,S007,P1057,PineRunner 4P Tent 256,camping,tent,Rocky Top Outfitters,legacy,legacy_original,True,1,1,1,410.17,0.0,0,410.17
2026-07-23,S007,P1061,FieldRunner Packable Jacket 260,outerwear,rain shell,Blue Ridge Works,legacy,legacy_original,True,1,1,1,125.66,15.0,1,125.66
2026-07-23,S007,P1078,SwitchbackRover 20oz Tumbler 277,hydration,insulated tumbler,Summit Finch,legacy,legacy_original,True,1,1,2,234.16,20.0,1,117.08
2026-07-23,S008,P1008,CanyonNomad Waterproof Trail Shoes 207,footwear,trail shoes,TrailForge,legacy,legacy_original,True,1,1,1,140.4,20.0,1,140.4
2026-07-23,S008,P1012,CloudNomad 32oz Tumbler 211,hydration,insulated tumbler,Moss & Mile,legacy,legacy_original,True,1,1,2,247.32,0.0,0,123.66
2026-07-23,S008,P1027,BoulderRambler 2P Camp Chair 226,camping,camp chair,Creekline,legacy,legacy_original,True,1,1,3,276.09,0.0,0,92.03
2026-07-23,S008,P1031,MoonRambler Stormproof Jacket 230,outerwear,rain shell,Switchback Supply,legacy,legacy_original,True,1,1,1,156.18,10.0,1,156.18
2026-07-23,S008,P1038,TrailRover Wide Trail Shoes 237,footwear,trail shoes,Summit Finch,legacy,legacy_original,True,1,1,1,196.88,0.0,0,196.88
2026-07-23,S008,P1045,FieldRunner Basecamp Tent 244,camping,tent,Blue Ridge Works,legacy,legacy_original,True,1,1,2,557.46,20.0,1,278.73
2026-07-23,S008,P1047,MoonRambler Expedition Flashlight 246,emergency,flashlight,Switchback Supply,legacy,legacy_original,True,1,1,1,54.05,5.0,1,54.05
2026-07-23,S008,P1048,PeakNomad Travel Tumbler 247,hydration,insulated tumbler,TrailForge,legacy,legacy_original,True,1,1,1,63.25,10.0,1,63.25
2026-07-23,S008,P1056,CanyonNomad Waterproof Trail Shoes 255,footwear,trail shoes,TrailForge,legacy,legacy_original,True,1,1,2,273.62,5.0,1,136.81
2026-07-23,S008,P1057,PineRunner 4P Tent 256,camping,tent,Rocky Top Outfitters,legacy,legacy_original,True,1,1,1,328.14,20.0,1,328.14
2026-07-23,S008,P1061,FieldRunner Packable Jacket 260,outerwear,rain shell,Blue Ridge Works,legacy,legacy_original,True,1,1,1,147.84,0.0,0,147.84
2026-07-23,S008,P1062,SwitchbackRover Wide Trail Shoes 261,footwear,trail shoes,Summit Finch,legacy,legacy_original,True,1,1,2,307.24,10.0,1,153.62
2026-07-23,S008,P1064,PeakNomad XL Cooler 263,patio,cooler,TrailForge,legacy,legacy_original,True,1,1,1,553.01,10.0,1,553.01
2026-07-23,S008,P1067,CreekRambler Alpine Jacket 266,outerwear,rain shell,Creekline,legacy,legacy_original,True,1,1,1,266.98,0.0,0,266.98
2026-07-23,S008,P1072,CanyonNomad Travel Tumbler 271,hydration,insulated tumbler,TrailForge,legacy,legacy_original,True,1,1,1,114.15,15.0,1,114.15
2026-07-23,S008,P1073,PineRunner Lightweight Jacket 272,outerwear,rain shell,Rocky Top Outfitters,legacy,legacy_original,True,1,1,4,501.28,0.0,0,125.32
2026-07-26,S001,P1002,RidgeRover Mid Trail Shoes 201,footwear,trail shoes,Highland Ember,legacy,legacy_original,True,1,1,4,813.72,0.0,0,203.43
2026-07-26,S001,P1003,CreekRambler 2P Camp Chair 202,camping,camp chair,Creekline,legacy,legacy_original,True,1,1,3,1077.54,20.0,1,359.18
2026-07-26,S001,P1006,TrailRover 20oz Tumbler 205,hydration,insulated tumbler,Summit Finch,legacy,legacy_original,True,1,1,2,95.04,15.0,1,47.52
2026-07-26,S001,P1009,PineRunner 4P Tent 208,camping,tent,Rocky Top Outfitters,legacy,legacy_original,True,1,1,2,184.42,20.0,1,92.21
2026-07-26,S001,P1012,CloudNomad 32oz Tumbler 211,hydration,insulated tumbler,Moss & Mile,legacy,legacy_original,True,1,1,1,117.48,5.0,1,117.48
2026-07-26,S001,P1019,CreekRambler Alpine Jacket 218,outerwear,rain shell,Creekline,legacy,legacy_original,True,1,1,1,152.14,15.0,1,152.14
2026-07-26,S001,P1026,VistaRover Mid Trail Shoes 225,footwear,trail shoes,Highland Ember,legacy,legacy_original,True,1,1,1,130.4,0.0,0,130.4
2026-07-26,S001,P1033,SummitRunner 4P Tent 232,camping,tent,Rocky Top Outfitters,legacy,legacy_original,True,1,1,2,341.02,10.0,1,170.51
2026-07-26,S001,P1039,HearthRambler Ultralight Camp Chair 238,camping,camp chair,Switchback Supply,legacy,legacy_original,True,2,2,5,1765.63,10.0,1,353.13
2026-07-26,S001,P1042,VistaRover Trail Tumbler 241,hydration,insulated tumbler,Highland Ember,legacy,legacy_original,True,1,1,1,115.25,0.0,0,115.25
2026-07-26,S001,P1043,BoulderRambler Alpine Jacket 242,outerwear,rain shell,Creekline,legacy,legacy_original,True,1,1,1,216.9,10.0,1,216.9
2026-07-26,S001,P1044,CloudNomad Approach Trail Shoes 243,footwear,trail shoes,Moss & Mile,legacy,legacy_original,True,1,1,2,302.8,20.0,1,151.4
2026-07-26,S001,P1049,SummitRunner Lightweight Jacket 248,outerwear,rain shell,Rocky Top Outfitters,legacy,legacy_original,True,1,1,3,632.73,5.0,1,210.91
2026-07-26,S001,P1050,RidgeRover Mid Trail Shoes 249,footwear,trail shoes,Highland Ember,legacy,legacy_original,True,1,1,1,75.31,0.0,0,75.31
2026-07-26,S001,P1057,PineRunner 4P Tent 256,camping,tent,Rocky Top Outfitters,legacy,legacy_original,True,1,1,1,328.14,20.0,1,328.14
2026-07-26,S001,P1058,VistaRover Deluxe Patio Heater 257,patio,patio heater,Highland Ember,legacy,legacy_original,True,1,1,2,474.46,10.0,1,237.23
2026-07-26,S001,P1064,PeakNomad XL Cooler 263,patio,cooler,TrailForge,legacy,legacy_original,True,1,1,1,614.45,0.0,0,614.45
2026-07-26,S001,P1067,CreekRambler Alpine Jacket 266,outerwear,rain shell,Creekline,legacy,legacy_original,True,1,1,1,213.58,20.0,1,213.58
2026-07-26,S001,P1068,StormNomad Approach Trail Shoes 267,footwear,trail shoes,Moss & Mile,legacy,legacy_original,True,2,2,3,242.76,0.0,0,80.92
2026-07-26,S002,P1004,StormNomad Compact Cooler 203,patio,cooler,Moss & Mile,legacy,legacy_original,True,1,1,2,197.82,10.0,1,98.91
2026-07-26,S002,P1007,HearthRambler Stormproof Jacket 206,outerwear,rain shell,Switchback Supply,legacy,legacy_original,True,1,1,3,320.4,5.0,1,106.8
2026-07-26,S002,P1012,CloudNomad 32oz Tumbler 211,hydration,insulated tumbler,Moss & Mile,legacy,legacy_original,True,1,1,1,98.93,20.0,1,98.93
2026-07-26,S002,P1019,CreekRambler Alpine Jacket 218,outerwear,rain shell,Creekline,legacy,legacy_original,True,1,1,1,178.99,0.0,0,178.99
2026-07-26,S002,P1022,TrailRover Weekend Patio Heater 221,patio,patio heater,Summit Finch,legacy,legacy_original,True,1,1,1,310.97,20.0,1,310.97
2026-07-26,S002,P1053,EmberRunner Storm Kit Battery Pack 252,emergency,battery pack,Blue Ridge Works,legacy,legacy_original,True,1,1,2,217.06,0.0,0,108.53
2026-07-26,S002,P1056,CanyonNomad Waterproof Trail Shoes 255,footwear,trail shoes,TrailForge,legacy,legacy_original,True,1,1,1,115.21,20.0,1,115.21
2026-07-26,S002,P1067,CreekRambler Alpine Jacket 266,outerwear,rain shell,Creekline,legacy,legacy_original,True,1,1,2,507.26,5.0,1,253.63
2026-07-26,S002,P1076,CloudNomad Compact Cooler 275,patio,cooler,Moss & Mile,legacy,legacy_original,True,1,1,1,686.08,0.0,0,686.08
2026-07-26,S003,P1001,SummitRunner Lightweight Jacket 200,outerwear,rain shell,Rocky Top Outfitters,legacy,legacy_original,True,1,1,2,248.56,5.0,1,124.28
2026-07-26,S003,P1002,RidgeRover Mid Trail Shoes 201,footwear,trail shoes,Highland Ember,legacy,legacy_original,True,1,1,4,813.72,0.0,0,203.43
2026-07-26,S003,P1003,CreekRambler 2P Camp Chair 202,camping,camp chair,Creekline,legacy,legacy_original,True,2,2,4,1526.52,10.0,1,381.63
2026-07-26,S003,P1009,PineRunner 4P Tent 208,camping,tent,Rocky Top Outfitters,legacy,legacy_original,True,1,1,4,414.92,10.0,1,103.73
2026-07-26,S003,P1013,FieldRunner Packable Jacket 212,outerwear,rain shell,Blue Ridge Works,legacy,legacy_original,True,1,1,1,77.91,20.0,1,77.91
2026-07-26,S003,P1018,RidgeRover Trail Tumbler 217,hydration,insulated tumbler,Highland Ember,legacy,legacy_original,True,1,1,1,130.36,15.0,1,130.36
2026-07-26,S003,P1025,PineRunner Lightweight Jacket 224,outerwear,rain shell,Rocky Top Outfitters,legacy,legacy_original,True,1,1,4,423.64,15.0,1,105.91
2026-07-26,S003,P1033,SummitRunner 4P Tent 232,camping,tent,Rocky Top Outfitters,legacy,legacy_original,True,1,1,1,170.51,10.0,1,170.51
2026-07-26,S003,P1036,StormNomad 32oz Tumbler 235,hydration,insulated tumbler,Moss & Mile,legacy,legacy_original,True,1,1,1,149.83,5.0,1,149.83
2026-07-26,S003,P1043,BoulderRambler Alpine Jacket 242,outerwear,rain shell,Creekline,legacy,legacy_original,True,1,1,1,216.9,10.0,1,216.9
2026-07-26,S003,P1063,MoonRambler Ultralight Camp Chair 262,camping,camp chair,Switchback Supply,legacy,legacy_original,True,1,1,2,159.84,0.0,0,79.92
2026-07-26,S004,P1006,TrailRover 20oz Tumbler 205,hydration,insulated tumbler,Summit Finch,legacy,legacy_original,True,1,1,2,100.64,10.0,1,50.32
2026-07-26,S004,P1009,PineRunner 4P Tent 208,camping,tent,Rocky Top Outfitters,legacy,legacy_original,True,2,2,4,455.28,2.5,1,113.82
2026-07-26,S004,P1013,FieldRunner Packable Jacket 212,outerwear,rain shell,Blue Ridge Works,legacy,legacy_original,True,1,1,1,87.65,10.0,1,87.65
2026-07-26,S004,P1027,BoulderRambler 2P Camp Chair 226,camping,camp chair,Creekline,legacy,legacy_original,True,1,1,1,92.03,0.0,0,92.03
2026-07-26,S004,P1034,RidgeRover Deluxe Patio Heater 233,patio,patio heater,Highland Ember,legacy,legacy_original,True,1,1,2,337.72,0.0,0,168.86
2026-07-26,S004,P1036,StormNomad 32oz Tumbler 235,hydration,insulated tumbler,Moss & Mile,legacy,legacy_original,True,1,1,3,449.49,5.0,1,149.83
2026-07-26,S004,P1048,PeakNomad Travel Tumbler 247,hydration,insulated tumbler,TrailForge,legacy,legacy_original,True,1,1,4,281.12,0.0,0,70.28
2026-07-26,S004,P1050,RidgeRover Mid Trail Shoes 249,footwear,trail shoes,Highland Ember,legacy,legacy_original,True,1,1,2,135.56,10.0,1,67.78
2026-07-26,S004,P1052,StormNomad Compact Cooler 251,patio,cooler,Moss & Mile,legacy,legacy_original,True,1,1,4,1322.28,15.0,1,330.57
2026-07-26,S004,P1063,MoonRambler Ultralight Camp Chair 262,camping,camp chair,Switchback Supply,legacy,legacy_original,True,1,1,2,159.84,0.0,0,79.92
2026-07-26,S004,P1067,CreekRambler Alpine Jacket 266,outerwear,rain shell,Creekline,legacy,legacy_original,True,1,1,1,240.28,10.0,1,240.28
2026-07-26,S004,P1073,PineRunner Lightweight Jacket 272,outerwear,rain shell,Rocky Top Outfitters,legacy,legacy_original,True,1,1,4,426.08,15.0,1,106.52
2026-07-26,S005,P1013,FieldRunner Packable Jacket 212,outerwear,rain shell,Blue Ridge Works,legacy,legacy_original,True,1,1,2,185.04,5.0,1,92.52
2026-07-26,S005,P1015,MoonRambler Ultralight Camp Chair 214,camping,camp chair,Switchback Supply,legacy,legacy_original,True,1,1,1,153.5,20.0,1,153.5
2026-07-26,S005,P1026,VistaRover Mid Trail Shoes 225,footwear,trail shoes,Highland Ember,legacy,legacy_original,True,1,1,2,234.72,10.0,1,117.36
2026-07-26,S005,P1031,MoonRambler Stormproof Jacket 230,outerwear,rain shell,Switchback Supply,legacy,legacy_original,True,1,1,1,164.85,5.0,1,164.85
2026-07-26,S005,P1033,SummitRunner 4P Tent 232,camping,tent,Rocky Top Outfitters,legacy,legacy_original,True,1,1,4,644.16,15.0,1,161.04
2026-07-26,S005,P1042,VistaRover Trail Tumbler 241,hydration,insulated tumbler,Highland Ember,legacy,legacy_original,True,1,1,1,115.25,0.0,0,115.25
2026-07-26,S005,P1063,MoonRambler Ultralight Camp Chair 262,camping,camp chair,Switchback Supply,legacy,legacy_original,True,1,1,4,319.68,0.0,0,79.92
2026-07-26,S005,P1073,PineRunner Lightweight Jacket 272,outerwear,rain shell,Rocky Top Outfitters,legacy,legacy_original,True,1,1,1,100.26,20.0,1,100.26
2026-07-26,S005,P1078,SwitchbackRover 20oz Tumbler 277,hydration,insulated tumbler,Summit Finch,legacy,legacy_original,True,1,1,2,278.06,5.0,1,139.03
2026-07-26,S006,P1006,TrailRover 20oz Tumbler 205,hydration,insulated tumbler,Summit Finch,legacy,legacy_original,True,1,1,2,106.22,5.0,1,53.11
2026-07-26,S006,P1008,CanyonNomad Waterproof Trail Shoes 207,footwear,trail shoes,TrailForge,legacy,legacy_original,True,1,1,3,473.85,10.0,1,157.95
2026-07-26,S006,P1013,FieldRunner Packable Jacket 212,outerwear,rain shell,Blue Ridge Works,legacy,legacy_original,True,1,1,1,97.39,0.0,0,97.39
2026-07-26,S006,P1020,StormNomad Approach Trail Shoes 219,footwear,trail shoes,Moss & Mile,legacy,legacy_original,True,1,1,2,422.96,0.0,0,211.48
2026-07-26,S006,P1026,VistaRover Mid Trail Shoes 225,footwear,trail shoes,Highland Ember,legacy,legacy_original,True,2,2,2,247.76,5.0,1,123.88
2026-07-26,S006,P1031,MoonRambler Stormproof Jacket 230,outerwear,rain shell,Switchback Supply,legacy,legacy_original,True,1,1,1,173.53,0.0,0,173.53
2026-07-26,S006,P1048,PeakNomad Travel Tumbler 247,hydration,insulated tumbler,TrailForge,legacy,legacy_original,True,1,1,2,112.44,20.0,1,56.22
2026-07-26,S006,P1053,EmberRunner Storm Kit Battery Pack 252,emergency,battery pack,Blue Ridge Works,legacy,legacy_original,True,1,1,2,184.5,15.0,1,92.25
2026-07-26,S006,P1068,StormNomad Approach Trail Shoes 267,footwear,trail shoes,Moss & Mile,legacy,legacy_original,True,1,1,3,218.49,10.0,1,72.83
2026-07-26,S006,P1078,SwitchbackRover 20oz Tumbler 277,hydration,insulated tumbler,Summit Finch,legacy,legacy_original,True,1,1,2,234.16,20.0,1,117.08
2026-07-26,S006,P1080,PeakNomad Waterproof Trail Shoes 279,footwear,trail shoes,TrailForge,legacy,legacy_original,True,1,1,2,271.7,5.0,1,135.85
2026-07-26,S007,P1002,RidgeRover Mid Trail Shoes 201,footwear,trail shoes,Highland Ember,legacy,legacy_original,True,1,1,1,203.43,0.0,0,203.43
2026-07-26,S007,P1005,EmberRunner Storm Kit Battery Pack 204,emergency,battery pack,Blue Ridge Works,legacy,legacy_original,True,1,1,2,211.92,5.0,1,105.96
2026-07-26,S007,P1007,HearthRambler Stormproof Jacket 206,outerwear,rain shell,Switchback Supply,legacy,legacy_original,True,2,2,8,831.92,7.5,1,103.99
2026-07-26,S007,P1012,CloudNomad 32oz Tumbler 211,hydration,insulated tumbler,Moss & Mile,legacy,legacy_original,True,1,1,1,98.93,20.0,1,98.93
2026-07-26,S007,P1019,CreekRambler Alpine Jacket 218,outerwear,rain shell,Creekline,legacy,legacy_original,True,1,1,3,456.42,15.0,1,152.14
2026-07-26,S007,P1028,CloudNomad Compact Cooler 227,patio,cooler,Moss & Mile,legacy,legacy_original,True,1,1,1,615.14,5.0,1,615.14
2026-07-26,S007,P1058,VistaRover Deluxe Patio Heater 257,patio,patio heater,Highland Ember,legacy,legacy_original,True,1,1,1,263.59,0.0,0,263.59
2026-07-26,S007,P1060,CloudNomad 32oz Tumbler 259,hydration,insulated tumbler,Moss & Mile,legacy,legacy_original,True,1,1,1,138.95,10.0,1,138.95
2026-07-26,S007,P1062,SwitchbackRover Wide Trail Shoes 261,footwear,trail shoes,Summit Finch,legacy,legacy_original,True,1,1,4,682.76,0.0,0,170.69
2026-07-26,S007,P1064,PeakNomad XL Cooler 263,patio,cooler,TrailForge,legacy,legacy_original,True,1,1,2,1044.56,15.0,1,522.28
2026-07-26,S007,P1072,CanyonNomad Travel Tumbler 271,hydration,insulated tumbler,TrailForge,legacy,legacy_original,True,2,2,2,241.72,10.0,1,120.86
2026-07-26,S007,P1073,PineRunner Lightweight Jacket 272,outerwear,rain shell,Rocky Top Outfitters,legacy,legacy_original,True,1,1,1,106.52,15.0,1,106.52
2026-07-26,S008,P1001,SummitRunner Lightweight Jacket 200,outerwear,rain shell,Rocky Top Outfitters,legacy,legacy_original,True,1,1,1,130.82,0.0,0,130.82
2026-07-26,S008,P1005,EmberRunner Storm Kit Battery Pack 204,emergency,battery pack,Blue Ridge Works,legacy,legacy_original,True,1,1,1,100.39,10.0,1,100.39
2026-07-26,S008,P1021,EmberRunner Basecamp Tent 220,camping,tent,Blue Ridge Works,legacy,legacy_original,True,1,1,3,221.22,0.0,0,73.74
2026-07-26,S008,P1036,StormNomad 32oz Tumbler 235,hydration,insulated tumbler,Moss & Mile,legacy,legacy_original,True,2,2,2,283.9,10.0,1,141.95
2026-07-26,S008,P1047,MoonRambler Expedition Flashlight 246,emergency,flashlight,Switchback Supply,legacy,legacy_original,True,1,1,1,56.9,0.0,0,56.9
2026-07-26,S008,P1050,RidgeRover Mid Trail Shoes 249,footwear,trail shoes,Highland Ember,legacy,legacy_original,True,1,1,3,192.03,15.0,1,64.01
2026-07-26,S008,P1062,SwitchbackRover Wide Trail Shoes 261,footwear,trail shoes,Summit Finch,legacy,legacy_original,True,1,1,3,512.07,0.0,0,170.69
2026-07-26,S008,P1077,FieldRunner Storm Kit Battery Pack 276,emergency,battery pack,Blue Ridge Works,legacy,legacy_original,True,1,1,1,85.64,10.0,1,85.64
2026-07-26,S008,P1078,SwitchbackRover 20oz Tumbler 277,hydration,insulated tumbler,Summit Finch,legacy,legacy_original,True,1,1,1,146.35,0.0,0,146.35
2026-07-26,S008,P1080,PeakNomad Waterproof Trail Shoes 279,footwear,trail shoes,TrailForge,legacy,legacy_original,True,1,1,2,286.0,0.0,0,143.0
2026-07-27,S001,P1012,CloudNomad 32oz Tumbler 211,hydration,insulated tumbler,Moss & Mile,legacy,legacy_original,True,1,1,1,105.11,15.0,1,105.11
2026-07-27,S001,P1016,PeakNomad XL Cooler 215,patio,cooler,TrailForge,legacy,legacy_original,True,1,1,1,634.09,0.0,0,634.09
2026-07-27,S001,P1031,MoonRambler Stormproof Jacket 230,outerwear,rain shell,Switchback Supply,legacy,legacy_original,True,1,1,2,312.36,10.0,1,156.18
2026-07-27,S001,P1036,StormNomad 32oz Tumbler 235,hydration,insulated tumbler,Moss & Mile,legacy,legacy_original,True,2,2,4,536.26,10.0,1,134.06
2026-07-27,S001,P1037,EmberRunner Packable Jacket 236,outerwear,rain shell,Blue Ridge Works,legacy,legacy_original,True,1,1,2,183.5,0.0,0,91.75
2026-07-27,S001,P1040,CanyonNomad XL Cooler 239,patio,cooler,TrailForge,legacy,legacy_original,True,1,1,1,103.37,5.0,1,103.37
2026-07-27,S001,P1045,FieldRunner Basecamp Tent 244,camping,tent,Blue Ridge Works,legacy,legacy_original,True,2,2,5,1463.33,17.5,2,292.67
2026-07-27,S001,P1060,CloudNomad 32oz Tumbler 259,hydration,insulated tumbler,Moss & Mile,legacy,legacy_original,True,1,1,1,154.39,0.0,0,154.39
2026-07-27,S001,P1061,FieldRunner Packable Jacket 260,outerwear,rain shell,Blue Ridge Works,legacy,legacy_original,True,1,1,4,532.24,10.0,1,133.06
2026-07-27,S001,P1070,TrailRover Weekend Patio Heater 269,patio,patio heater,Summit Finch,legacy,legacy_original,True,1,1,1,162.02,20.0,1,162.02
2026-07-27,S002,P1003,CreekRambler 2P Camp Chair 202,camping,camp chair,Creekline,legacy,legacy_original,True,1,1,1,448.98,0.0,0,448.98
2026-07-27,S002,P1005,EmberRunner Storm Kit Battery Pack 204,emergency,battery pack,Blue Ridge Works,legacy,legacy_original,True,1,1,2,223.08,0.0,0,111.54
2026-07-27,S002,P1019,CreekRambler Alpine Jacket 218,outerwear,rain shell,Creekline,legacy,legacy_original,True,1,1,1,143.19,20.0,1,143.19
2026-07-27,S002,P1026,VistaRover Mid Trail Shoes 225,footwear,trail shoes,Highland Ember,legacy,legacy_original,True,1,1,1,130.4,0.0,0,130.4
2026-07-27,S002,P1028,CloudNomad Compact Cooler 227,patio,cooler,Moss & Mile,legacy,legacy_original,True,1,1,2,1230.28,5.0,1,615.14
2026-07-27,S002,P1031,MoonRambler Stormproof Jacket 230,outerwear,rain shell,Switchback Supply,legacy,legacy_original,True,1,1,1,147.5,15.0,1,147.5
2026-07-27,S002,P1043,BoulderRambler Alpine Jacket 242,outerwear,rain shell,Creekline,legacy,legacy_original,True,1,1,1,241.0,0.0,0,241.0
2026-07-27,S002,P1049,SummitRunner Lightweight Jacket 248,outerwear,rain shell,Rocky Top Outfitters,legacy,legacy_original,True,1,1,1,177.61,20.0,1,177.61
2026-07-27,S002,P1058,VistaRover Deluxe Patio Heater 257,patio,patio heater,Highland Ember,legacy,legacy_original,True,1,1,1,263.59,0.0,0,263.59
2026-07-27,S002,P1064,PeakNomad XL Cooler 263,patio,cooler,TrailForge,legacy,legacy_original,True,1,1,4,1966.24,20.0,1,491.56
2026-07-27,S002,P1071,HearthRambler Expedition Flashlight 270,emergency,flashlight,Switchback Supply,legacy,legacy_original,True,1,1,2,243.62,15.0,1,121.81
2026-07-27,S002,P1074,VistaRover Mid Trail Shoes 273,footwear,trail shoes,Highland Ember,legacy,legacy_original,True,1,1,1,153.36,20.0,1,153.36
2026-07-27,S003,P1016,PeakNomad XL Cooler 215,patio,cooler,TrailForge,legacy,legacy_original,True,1,1,1,570.68,10.0,1,570.68
2026-07-27,S003,P1023,HearthRambler Expedition Flashlight 222,emergency,flashlight,Switchback Supply,legacy,legacy_original,True,2,2,2,268.74,5.0,1,134.37
2026-07-27,S003,P1027,BoulderRambler 2P Camp Chair 226,camping,camp chair,Creekline,legacy,legacy_original,True,1,1,4,349.72,5.0,1,87.43
2026-07-27,S003,P1038,TrailRover Wide Trail Shoes 237,footwear,trail shoes,Summit Finch,legacy,legacy_original,True,1,1,3,472.5,20.0,1,157.5
2026-07-27,S003,P1042,VistaRover Trail Tumbler 241,hydration,insulated tumbler,Highland Ember,legacy,legacy_original,True,1,1,1,115.25,0.0,0,115.25
2026-07-27,S003,P1045,FieldRunner Basecamp Tent 244,camping,tent,Blue Ridge Works,legacy,legacy_original,True,1,1,3,1045.23,0.0,0,348.41
2026-07-27,S003,P1046,SwitchbackRover Weekend Patio Heater 245,patio,patio heater,Summit Finch,legacy,legacy_original,True,1,1,1,186.74,20.0,1,186.74
2026-07-27,S003,P1050,RidgeRover Mid Trail Shoes 249,footwear,trail shoes,Highland Ember,legacy,legacy_original,True,1,1,1,75.31,0.0,0,75.31
2026-07-27,S003,P1051,CreekRambler 2P Camp Chair 250,camping,camp chair,Creekline,legacy,legacy_original,True,1,1,2,678.64,20.0,1,339.32
2026-07-27,S003,P1065,SummitRunner Mini Battery Pack 264,emergency,battery pack,Rocky Top Outfitters,legacy,legacy_original,True,2,2,4,378.08,17.5,2,94.52
2026-07-27,S003,P1075,BoulderRambler 2P Camp Chair 274,camping,camp chair,Creekline,legacy,legacy_original,True,1,1,2,330.44,0.0,0,165.22
2026-07-27,S003,P1078,SwitchbackRover 20oz Tumbler 277,hydration,insulated tumbler,Summit Finch,legacy,legacy_original,True,1,1,1,146.35,0.0,0,146.35
2026-07-27,S004,P1001,SummitRunner Lightweight Jacket 200,outerwear,rain shell,Rocky Top Outfitters,legacy,legacy_original,True,1,1,1,117.74,10.0,1,117.74
2026-07-27,S004,P1006,TrailRover 20oz Tumbler 205,hydration,insulated tumbler,Summit Finch,legacy,legacy_original,True,1,1,1,55.91,0.0,0,55.91
2026-07-27,S004,P1007,HearthRambler Stormproof Jacket 206,outerwear,rain shell,Switchback Supply,legacy,legacy_original,True,1,1,2,224.84,0.0,0,112.42
2026-07-27,S004,P1009,PineRunner 4P Tent 208,camping,tent,Rocky Top Outfitters,legacy,legacy_original,True,2,2,2,190.18,17.5,2,95.09
2026-07-27,S004,P1013,FieldRunner Packable Jacket 212,outerwear,rain shell,Blue Ridge Works,legacy,legacy_original,True,1,1,1,97.39,0.0,0,97.39
2026-07-27,S004,P1018,RidgeRover Trail Tumbler 217,hydration,insulated tumbler,Highland Ember,legacy,legacy_original,True,1,1,1,153.36,0.0,0,153.36
2026-07-27,S004,P1021,EmberRunner Basecamp Tent 220,camping,tent,Blue Ridge Works,legacy,legacy_original,True,1,1,2,140.1,5.0,1,70.05
2026-07-27,S004,P1026,VistaRover Mid Trail Shoes 225,footwear,trail shoes,Highland Ember,legacy,legacy_original,True,1,1,2,247.76,5.0,1,123.88
2026-07-27,S004,P1028,CloudNomad Compact Cooler 227,patio,cooler,Moss & Mile,legacy,legacy_original,True,1,1,2,1036.04,20.0,1,518.02
2026-07-27,S004,P1030,SwitchbackRover 20oz Tumbler 229,hydration,insulated tumbler,Summit Finch,legacy,legacy_original,True,1,1,2,227.26,10.0,1,113.63
2026-07-27,S004,P1031,MoonRambler Stormproof Jacket 230,outerwear,rain shell,Switchback Supply,legacy,legacy_original,True,1,1,2,347.06,0.0,0,173.53
2026-07-27,S004,P1043,BoulderRambler Alpine Jacket 242,outerwear,rain shell,Creekline,legacy,legacy_original,True,2,2,5,1012.2,10.0,1,202.44
2026-07-27,S004,P1045,FieldRunner Basecamp Tent 244,camping,tent,Blue Ridge Works,legacy,legacy_original,True,1,1,2,557.46,20.0,1,278.73
2026-07-27,S004,P1052,StormNomad Compact Cooler 251,patio,cooler,Moss & Mile,legacy,legacy_original,True,1,1,1,350.02,10.0,1,350.02
2026-07-27,S004,P1055,HearthRambler Stormproof Jacket 254,outerwear,rain shell,Switchback Supply,legacy,legacy_original,True,1,1,1,235.93,15.0,1,235.93
2026-07-27,S004,P1058,VistaRover Deluxe Patio Heater 257,patio,patio heater,Highland Ember,legacy,legacy_original,True,1,1,1,263.59,0.0,0,263.59
2026-07-27,S004,P1060,CloudNomad 32oz Tumbler 259,hydration,insulated tumbler,Moss & Mile,legacy,legacy_original,True,1,1,2,277.9,10.0,1,138.95
2026-07-27,S004,P1061,FieldRunner Packable Jacket 260,outerwear,rain shell,Blue Ridge Works,legacy,legacy_original,True,1,1,3,443.52,0.0,0,147.84
2026-07-27,S004,P1062,SwitchbackRover Wide Trail Shoes 261,footwear,trail shoes,Summit Finch,legacy,legacy_original,True,1,1,2,324.32,5.0,1,162.16
2026-07-27,S004,P1063,MoonRambler Ultralight Camp Chair 262,camping,camp chair,Switchback Supply,legacy,legacy_original,True,1,1,4,319.68,0.0,0,79.92
2026-07-27,S004,P1075,BoulderRambler 2P Camp Chair 274,camping,camp chair,Creekline,legacy,legacy_original,True,1,1,4,528.72,20.0,1,132.18
2026-07-27,S005,P1009,PineRunner 4P Tent 208,camping,tent,Rocky Top Outfitters,legacy,legacy_original,True,1,1,2,184.42,20.0,1,92.21
2026-07-27,S005,P1012,CloudNomad 32oz Tumbler 211,hydration,insulated tumbler,Moss & Mile,legacy,legacy_original,True,1,1,1,123.66,0.0,0,123.66
2026-07-27,S005,P1013,FieldRunner Packable Jacket 212,outerwear,rain shell,Blue Ridge Works,legacy,legacy_original,True,1,1,1,97.39,0.0,0,97.39
2026-07-27,S005,P1038,TrailRover Wide Trail Shoes 237,footwear,trail shoes,Summit Finch,legacy,legacy_original,True,1,1,1,196.88,0.0,0,196.88
2026-07-27,S005,P1049,SummitRunner Lightweight Jacket 248,outerwear,rain shell,Rocky Top Outfitters,legacy,legacy_original,True,1,1,2,421.82,5.0,1,210.91
2026-07-27,S005,P1060,CloudNomad 32oz Tumbler 259,hydration,insulated tumbler,Moss & Mile,legacy,legacy_original,True,1,1,3,463.17,0.0,0,154.39
2026-07-27,S005,P1069,EmberRunner Basecamp Tent 268,camping,tent,Blue Ridge Works,legacy,legacy_original,True,1,1,2,512.72,0.0,0,256.36
2026-07-27,S006,P1006,TrailRover 20oz Tumbler 205,hydration,insulated tumbler,Summit Finch,legacy,legacy_original,True,1,1,3,159.33,5.0,1,53.11
2026-07-27,S006,P1021,EmberRunner Basecamp Tent 220,camping,tent,Blue Ridge Works,legacy,legacy_original,True,1,1,1,73.74,0.0,0,73.74
2026-07-27,S006,P1032,PeakNomad Waterproof Trail Shoes 231,footwear,trail shoes,TrailForge,legacy,legacy_original,True,1,1,1,174.67,10.0,1,174.67
2026-07-27,S006,P1033,SummitRunner 4P Tent 232,camping,tent,Rocky Top Outfitters,legacy,legacy_original,True,1,1,1,189.46,0.0,0,189.46
2026-07-27,S006,P1035,CreekRambler Rechargeable Flashlight 234,emergency,flashlight,Creekline,legacy,legacy_original,True,1,1,3,376.71,15.0,1,125.57
2026-07-27,S006,P1036,StormNomad 32oz Tumbler 235,hydration,insulated tumbler,Moss & Mile,legacy,legacy_original,True,1,1,1,157.72,0.0,0,157.72
2026-07-27,S006,P1055,HearthRambler Stormproof Jacket 254,outerwear,rain shell,Switchback Supply,legacy,legacy_original,True,1,1,3,749.43,10.0,1,249.81
2026-07-27,S006,P1058,VistaRover Deluxe Patio Heater 257,patio,patio heater,Highland Ember,legacy,legacy_original,True,1,1,1,224.05,15.0,1,224.05
2026-07-27,S006,P1061,FieldRunner Packable Jacket 260,outerwear,rain shell,Blue Ridge Works,legacy,legacy_original,True,1,1,4,591.36,0.0,0,147.84
2026-07-27,S006,P1062,SwitchbackRover Wide Trail Shoes 261,footwear,trail shoes,Summit Finch,legacy,legacy_original,True,1,1,1,153.62,10.0,1,153.62
2026-07-27,S006,P1077,FieldRunner Storm Kit Battery Pack 276,emergency,battery pack,Blue Ridge Works,legacy,legacy_original,True,1,1,2,190.3,0.0,0,95.15
2026-07-27,S006,P1080,PeakNomad Waterproof Trail Shoes 279,footwear,trail shoes,TrailForge,legacy,legacy_original,True,1,1,1,128.7,10.0,1,128.7
2026-07-27,S007,P1015,MoonRambler Ultralight Camp Chair 214,camping,camp chair,Switchback Supply,legacy,legacy_original,True,1,1,4,690.72,10.0,1,172.68
2026-07-27,S007,P1027,BoulderRambler 2P Camp Chair 226,camping,camp chair,Creekline,legacy,legacy_original,True,1,1,2,165.66,10.0,1,82.83
2026-07-27,S007,P1046,SwitchbackRover Weekend Patio Heater 245,patio,patio heater,Summit Finch,legacy,legacy_original,True,1,1,2,396.82,15.0,1,198.41
2026-07-27,S007,P1052,StormNomad Compact Cooler 251,patio,cooler,Moss & Mile,legacy,legacy_original,True,1,1,4,1477.84,5.0,1,369.46
2026-07-27,S007,P1064,PeakNomad XL Cooler 263,patio,cooler,TrailForge,legacy,legacy_original,True,1,1,1,614.45,0.0,0,614.45
2026-07-27,S007,P1067,CreekRambler Alpine Jacket 266,outerwear,rain shell,Creekline,legacy,legacy_original,True,1,1,1,253.63,5.0,1,253.63
2026-07-27,S007,P1072,CanyonNomad Travel Tumbler 271,hydration,insulated tumbler,TrailForge,legacy,legacy_original,True,1,1,1,107.43,20.0,1,107.43
2026-07-27,S007,P1075,BoulderRambler 2P Camp Chair 274,camping,camp chair,Creekline,legacy,legacy_original,True,1,1,2,330.44,0.0,0,165.22
2026-07-27,S008,P1003,CreekRambler 2P Camp Chair 202,camping,camp chair,Creekline,legacy,legacy_original,True,1,1,3,1346.94,0.0,0,448.98
2026-07-27,S008,P1011,BoulderRambler Rechargeable Flashlight 210,emergency,flashlight,Creekline,legacy,legacy_original,True,1,1,2,266.14,0.0,0,133.07
2026-07-27,S008,P1015,MoonRambler Ultralight Camp Chair 214,camping,camp chair,Switchback Supply,legacy,legacy_original,True,1,1,1,191.87,0.0,0,191.87
2026-07-27,S008,P1045,FieldRunner Basecamp Tent 244,camping,tent,Blue Ridge Works,legacy,legacy_original,True,1,1,2,661.98,5.0,1,330.99
2026-07-27,S008,P1049,SummitRunner Lightweight Jacket 248,outerwear,rain shell,Rocky Top Outfitters,legacy,legacy_original,True,1,1,1,222.01,0.0,0,222.01
2026-07-27,S008,P1058,VistaRover Deluxe Patio Heater 257,patio,patio heater,Highland Ember,legacy,legacy_original,True,1,1,2,527.18,0.0,0,263.59
2026-07-27,S008,P1063,MoonRambler Ultralight Camp Chair 262,camping,camp chair,Switchback Supply,legacy,legacy_original,True,1,1,1,75.92,5.0,1,75.92
2026-07-27,S008,P1067,CreekRambler Alpine Jacket 266,outerwear,rain shell,Creekline,legacy,legacy_original,True,2,2,5,1294.85,2.5,1,258.97
2026-07-27,S008,P1077,FieldRunner Storm Kit Battery Pack 276,emergency,battery pack,Blue Ridge Works,legacy,legacy_original,True,1,1,2,190.3,0.0,0,95.15
2026-07-28,S001,NEW:NP5067,CreekRambler Alpine Jacket 266 Pro,apparel,waterproof outerwear,Creekline,migrated,review_ambiguous,False,1,1,2,495.12,0.0,0,247.56
2026-07-28,S001,NEW:NP5073,FieldRunner Battery Pack,preparedness,power storage,Blue Ridge Outdoor Works,migrated,review_duplicate_candidate,False,1,1,4,365.52,0.0,0,91.38
2026-07-28,S001,P1007,HearthRambler Stormproof Jacket 206,outerwear,rain shell,Switchback Supply,migrated,matched_exact,True,1,1,2,207.28,5.0,1,103.64
2026-07-28,S001,P1012,CloudNomad 32oz Tumbler 211,hydration,insulated tumbler,Moss & Mile,migrated,matched_exact,True,1,1,3,360.15,0.0,0,120.05
2026-07-28,S001,P1020,StormNomad Approach Trail Shoes 219,footwear,trail shoes,Moss & Mile,migrated,matched_exact,True,1,1,2,414.78,0.0,0,207.39
2026-07-28,S001,P1031,MoonRambler Stormproof Jacket 230,outerwear,rain shell,Switchback Supply,migrated,matched_exact,True,1,1,1,145.81,15.0,1,145.81
2026-07-28,S001,P1043,BoulderRambler Alpine Jacket 242,outerwear,rain shell,Creekline,migrated,matched_exact,True,1,1,1,237.41,0.0,0,237.41
2026-07-28,S001,P1048,PeakNomad Travel Tumbler 247,hydration,insulated tumbler,TrailForge,migrated,matched_exact,True,1,1,1,58.16,20.0,1,58.16
2026-07-28,S001,P1049,SummitRunner Lightweight Jacket 248,outerwear,rain shell,Rocky Top Outfitters,migrated,matched_exact,True,1,1,1,223.44,0.0,0,223.44
2026-07-28,S001,P1055,HearthRambler Stormproof Jacket 254,outerwear,rain shell,Switchback Supply,migrated,matched_exact,True,1,1,2,558.96,0.0,0,279.48
2026-07-28,S001,P1060,CloudNomad 32oz Tumbler 259,hydration,insulated tumbler,Moss & Mile,migrated,matched_exact,True,1,1,2,283.3,15.0,1,141.65
2026-07-28,S001,P1062,SwitchbackRover Wide Trail Shoes 261,footwear,trail shoes,Summit Finch,migrated,matched_exact,True,1,1,1,163.29,0.0,0,163.29
2026-07-28,S002,NEW:NP5057,PineRunner 4P Tent 256 Pro,camping,tent,RTO House Brand,migrated,review_low_confidence,False,1,1,4,1438.6,10.0,1,359.65
2026-07-28,S002,NEW:NP5075,MoonRambler Rain Shell,apparel,waterproof outerwear,Switchback Supply,migrated,review_duplicate_candidate,False,1,1,1,219.82,20.0,1,219.82
2026-07-28,S002,NEW:NP5076,PeakNomad Trail Shoes,footwear,trail shoes,TrailForge,migrated,review_duplicate_candidate,False,1,1,2,251.4,20.0,1,125.7
2026-07-28,S002,P1002,RidgeRover Mid Trail Shoes 201,footwear,trail shoes,Highland Ember,migrated,matched_exact,True,1,1,1,205.57,0.0,0,205.57
2026-07-28,S002,P1003,CreekRambler 2P Camp Chair 202,camping,camp chair,Creekline,migrated,matched_exact,True,1,1,4,1501.56,15.0,1,375.39
2026-07-28,S002,P1004,StormNomad Compact Cooler 203,patio,cooler,Moss & Mile,migrated,matched_exact,True,1,1,1,87.17,20.0,1,87.17
2026-07-28,S002,P1007,HearthRambler Stormproof Jacket 206,outerwear,rain shell,Switchback Supply,migrated,matched_exact,True,1,1,4,414.56,5.0,1,103.64
2026-07-28,S002,P1013,FieldRunner Packable Jacket 212,outerwear,rain shell,Blue Ridge Works,migrated,matched_exact,True,1,1,1,99.43,0.0,0,99.43
2026-07-28,S002,P1048,PeakNomad Travel Tumbler 247,hydration,insulated tumbler,TrailForge,migrated,matched_exact,True,1,1,3,218.1,0.0,0,72.7
2026-07-28,S002,P1064,PeakNomad XL Cooler 263,patio,cooler,TrailForge,migrated,matched_exact,True,1,1,1,524.54,20.0,1,524.54
2026-07-28,S003,NEW:NP5067,CreekRambler Alpine Jacket 266 Pro,apparel,waterproof outerwear,Creekline,migrated,review_ambiguous,False,2,2,4,990.24,0.0,0,247.56
2026-07-28,S003,NEW:NP5072,SummitRover Cooler,patio,cooler,Moss and Mile,migrated,review_ambiguous,False,2,2,3,2186.89,7.5,2,728.96
2026-07-28,S003,NEW:NP5076,PeakNomad Trail Shoes,footwear,trail shoes,TrailForge,migrated,review_duplicate_candidate,False,1,1,2,282.82,10.0,1,141.41
2026-07-28,S003,P1003,CreekRambler 2P Camp Chair 202,camping,camp chair,Creekline,migrated,matched_exact,True,1,1,1,375.39,15.0,1,375.39
2026-07-28,S003,P1006,TrailRover 20oz Tumbler 205,hydration,insulated tumbler,Summit Finch,migrated,matched_exact,True,1,1,1,44.3,20.0,1,44.3
2026-07-28,S003,P1014,SwitchbackRover Wide Trail Shoes 213,footwear,trail shoes,Summit Finch,migrated,matched_exact,True,1,1,2,360.54,15.0,1,180.27
2026-07-28,S003,P1016,PeakNomad XL Cooler 215,patio,cooler,TrailForge,migrated,matched_exact,True,1,1,1,648.67,0.0,0,648.67
2026-07-28,S003,P1018,RidgeRover Trail Tumbler 217,hydration,insulated tumbler,Highland Ember,migrated,matched_exact,True,1,1,1,150.17,0.0,0,150.17
2026-07-28,S003,P1032,PeakNomad Waterproof Trail Shoes 231,footwear,trail shoes,TrailForge,migrated,matched_exact,True,1,1,2,320.68,20.0,1,160.34
2026-07-28,S003,P1050,RidgeRover Mid Trail Shoes 249,footwear,trail shoes,Highland Ember,migrated,matched_exact,True,1,1,4,297.76,0.0,0,74.44
2026-07-28,S003,P1054,TrailRover 20oz Tumbler 253,hydration,insulated tumbler,Summit Finch,migrated,matched_exact,True,1,1,1,72.66,0.0,0,72.66
2026-07-28,S003,P1060,CloudNomad 32oz Tumbler 259,hydration,insulated tumbler,Moss & Mile,migrated,matched_exact,True,1,1,2,266.64,20.0,1,133.32
2026-07-28,S004,NEW:NP5059,BoulderRambler Rechargeable Flashlight 258 Pro,preparedness,flashlight,Creekline,migrated,review_ambiguous,False,1,1,1,103.46,5.0,1,103.46
2026-07-28,S004,NEW:NP5076,PeakNomad Trail Shoes,footwear,trail shoes,TrailForge,migrated,review_duplicate_candidate,False,1,1,2,267.1,15.0,1,133.55
2026-07-28,S004,P1006,TrailRover 20oz Tumbler 205,hydration,insulated tumbler,Summit Finch,migrated,matched_exact,True,1,1,2,88.6,20.0,1,44.3
2026-07-28,S004,P1007,HearthRambler Stormproof Jacket 206,outerwear,rain shell,Switchback Supply,migrated,matched_exact,True,1,1,1,109.09,0.0,0,109.09
2026-07-28,S004,P1008,CanyonNomad Waterproof Trail Shoes 207,footwear,trail shoes,TrailForge,migrated,matched_exact,True,1,1,1,157.67,10.0,1,157.67
2026-07-28,S004,P1009,PineRunner 4P Tent 208,camping,tent,Rocky Top Outfitters,migrated,matched_exact,True,1,1,1,118.72,0.0,0,118.72
2026-07-28,S004,P1013,FieldRunner Packable Jacket 212,outerwear,rain shell,Blue Ridge Works,migrated,matched_exact,True,1,1,1,89.49,10.0,1,89.49
2026-07-28,S004,P1015,MoonRambler Ultralight Camp Chair 214,camping,camp chair,Switchback Supply,migrated,matched_exact,True,1,1,1,190.74,0.0,0,190.74
2026-07-28,S004,P1022,TrailRover Weekend Patio Heater 221,patio,patio heater,Summit Finch,migrated,matched_exact,True,1,1,4,1395.04,10.0,1,348.76
2026-07-28,S004,P1025,PineRunner Lightweight Jacket 224,outerwear,rain shell,Rocky Top Outfitters,migrated,matched_exact,True,1,1,1,97.1,20.0,1,97.1
2026-07-28,S004,P1026,VistaRover Mid Trail Shoes 225,footwear,trail shoes,Highland Ember,migrated,matched_exact,True,1,1,4,514.8,0.0,0,128.7
2026-07-28,S004,P1042,VistaRover Trail Tumbler 241,hydration,insulated tumbler,Highland Ember,migrated,matched_exact,True,1,1,1,95.51,15.0,1,95.51
2026-07-28,S004,P1048,PeakNomad Travel Tumbler 247,hydration,insulated tumbler,TrailForge,migrated,matched_exact,True,1,1,3,174.48,20.0,1,58.16
2026-07-28,S004,P1060,CloudNomad 32oz Tumbler 259,hydration,insulated tumbler,Moss & Mile,migrated,matched_exact,True,1,1,4,633.28,5.0,1,158.32
2026-07-28,S004,P1062,SwitchbackRover Wide Trail Shoes 261,footwear,trail shoes,Summit Finch,migrated,matched_exact,True,1,1,3,489.87,0.0,0,163.29
2026-07-28,S005,NEW:NP5057,PineRunner 4P Tent 256 Pro,camping,tent,RTO House Brand,migrated,review_low_confidence,False,1,1,4,1358.68,15.0,1,339.67
2026-07-28,S005,NEW:NP5059,BoulderRambler Rechargeable Flashlight 258 Pro,preparedness,flashlight,Creekline,migrated,review_ambiguous,False,1,1,1,108.91,0.0,0,108.91
2026-07-28,S005,NEW:NP5063,MoonRambler Ultralight Camp Chair 262 Pro,camping,camp chair,Switchback Supply,migrated,review_ambiguous,False,1,1,1,77.22,0.0,0,77.22
2026-07-28,S005,NEW:NP5069,BoulderNomad Patio Heater,patio,patio heater,Summit Finch,migrated,review_ambiguous,False,1,1,2,376.12,15.0,1,188.06
2026-07-28,S005,NEW:NP5072,SummitRover Cooler,patio,cooler,Moss and Mile,migrated,review_ambiguous,False,1,1,4,3180.92,0.0,0,795.23
2026-07-28,S005,P1003,CreekRambler 2P Camp Chair 202,camping,camp chair,Creekline,migrated,matched_exact,True,1,1,1,441.63,0.0,0,441.63
2026-07-28,S005,P1008,CanyonNomad Waterproof Trail Shoes 207,footwear,trail shoes,TrailForge,migrated,matched_exact,True,1,1,2,332.86,5.0,1,166.43
2026-07-28,S005,P1040,CanyonNomad XL Cooler 239,patio,cooler,TrailForge,migrated,matched_exact,True,2,2,4,430.08,0.0,0,107.52
2026-07-28,S005,P1042,VistaRover Trail Tumbler 241,hydration,insulated tumbler,Highland Ember,migrated,matched_exact,True,1,1,4,382.04,15.0,1,95.51
2026-07-28,S005,P1055,HearthRambler Stormproof Jacket 254,outerwear,rain shell,Switchback Supply,migrated,matched_exact,True,1,1,2,503.06,10.0,1,251.53
2026-07-28,S006,NEW:NP5059,BoulderRambler Rechargeable Flashlight 258 Pro,preparedness,flashlight,Creekline,migrated,review_ambiguous,False,1,1,1,108.91,0.0,0,108.91
2026-07-28,S006,NEW:NP5065,SummitRunner Mini Battery Pack 264 Pro,preparedness,power storage,RTO House Brand,migrated,review_ambiguous,False,1,1,1,86.14,20.0,1,86.14
2026-07-28,S006,NEW:NP5069,BoulderNomad Patio Heater,patio,patio heater,Summit Finch,migrated,review_ambiguous,False,1,1,2,420.38,5.0,1,210.19
2026-07-28,S006,NEW:NP5073,FieldRunner Battery Pack,preparedness,power storage,Blue Ridge Outdoor Works,migrated,review_duplicate_candidate,False,1,1,2,182.76,0.0,0,91.38
2026-07-28,S006,P1004,StormNomad Compact Cooler 203,patio,cooler,Moss & Mile,migrated,matched_exact,True,1,1,3,326.88,0.0,0,108.96
2026-07-28,S006,P1008,CanyonNomad Waterproof Trail Shoes 207,footwear,trail shoes,TrailForge,migrated,matched_exact,True,1,1,1,148.91,15.0,1,148.91
2026-07-28,S006,P1016,PeakNomad XL Cooler 215,patio,cooler,TrailForge,migrated,matched_exact,True,1,1,1,648.67,0.0,0,648.67
2026-07-28,S006,P1021,EmberRunner Basecamp Tent 220,camping,tent,Blue Ridge Works,migrated,matched_exact,True,1,1,1,73.7,0.0,0,73.7
2026-07-28,S006,P1023,HearthRambler Expedition Flashlight 222,emergency,flashlight,Switchback Supply,migrated,matched_exact,True,1,1,2,289.68,0.0,0,144.84
2026-07-28,S006,P1025,PineRunner Lightweight Jacket 224,outerwear,rain shell,Rocky Top Outfitters,migrated,matched_exact,True,1,1,1,115.3,5.0,1,115.3
2026-07-28,S006,P1032,PeakNomad Waterproof Trail Shoes 231,footwear,trail shoes,TrailForge,migrated,matched_exact,True,1,1,1,200.43,0.0,0,200.43
2026-07-28,S006,P1034,RidgeRover Deluxe Patio Heater 233,patio,patio heater,Highland Ember,migrated,matched_exact,True,1,1,1,168.67,0.0,0,168.67
2026-07-28,S006,P1044,CloudNomad Approach Trail Shoes 243,footwear,trail shoes,Moss & Mile,migrated,matched_exact,True,2,2,2,348.77,10.0,2,174.38
2026-07-28,S006,P1052,StormNomad Compact Cooler 251,patio,cooler,Moss & Mile,migrated,matched_exact,True,1,1,2,718.5,5.0,1,359.25
2026-07-28,S006,P1060,CloudNomad 32oz Tumbler 259,hydration,insulated tumbler,Moss & Mile,migrated,matched_exact,True,1,1,2,333.3,0.0,0,166.65
2026-07-28,S006,P1066,RidgeRover Trail Tumbler 265,hydration,insulated tumbler,Highland Ember,migrated,matched_exact,True,1,1,2,161.56,20.0,1,80.78
2026-07-28,S007,NEW:NP5076,PeakNomad Trail Shoes,footwear,trail shoes,TrailForge,migrated,review_duplicate_candidate,False,1,1,4,597.04,5.0,1,149.26
2026-07-28,S007,P1006,TrailRover 20oz Tumbler 205,hydration,insulated tumbler,Summit Finch,migrated,matched_exact,True,1,1,2,99.68,10.0,1,49.84
2026-07-28,S007,P1008,CanyonNomad Waterproof Trail Shoes 207,footwear,trail shoes,TrailForge,migrated,matched_exact,True,1,1,3,446.73,15.0,1,148.91
2026-07-28,S007,P1017,SummitRunner Mini Battery Pack 216,emergency,battery pack,Rocky Top Outfitters,migrated,matched_exact,True,1,1,2,126.56,0.0,0,63.28
2026-07-28,S007,P1031,MoonRambler Stormproof Jacket 230,outerwear,rain shell,Switchback Supply,migrated,matched_exact,True,1,1,2,274.46,20.0,1,137.23
2026-07-28,S007,P1036,StormNomad 32oz Tumbler 235,hydration,insulated tumbler,Moss & Mile,migrated,matched_exact,True,1,1,2,297.26,5.0,1,148.63
2026-07-28,S007,P1038,TrailRover Wide Trail Shoes 237,footwear,trail shoes,Summit Finch,migrated,matched_exact,True,1,1,1,198.18,0.0,0,198.18
2026-07-28,S007,P1051,CreekRambler 2P Camp Chair 250,camping,camp chair,Creekline,migrated,matched_exact,True,1,1,2,729.34,15.0,1,364.67
2026-07-28,S007,P1066,RidgeRover Trail Tumbler 265,hydration,insulated tumbler,Highland Ember,migrated,matched_exact,True,1,1,1,100.98,0.0,0,100.98
2026-07-28,S008,NEW:NP5072,SummitRover Cooler,patio,cooler,Moss and Mile,migrated,review_ambiguous,False,1,1,1,675.95,15.0,1,675.95
2026-07-28,S008,P1004,StormNomad Compact Cooler 203,patio,cooler,Moss & Mile,migrated,matched_exact,True,1,1,3,326.88,0.0,0,108.96
2026-07-28,S008,P1015,MoonRambler Ultralight Camp Chair 214,camping,camp chair,Switchback Supply,migrated,matched_exact,True,1,1,1,190.74,0.0,0,190.74
2026-07-28,S008,P1016,PeakNomad XL Cooler 215,patio,cooler,TrailForge,migrated,matched_exact,True,1,1,3,1946.01,0.0,0,648.67
2026-07-28,S008,P1020,StormNomad Approach Trail Shoes 219,footwear,trail shoes,Moss & Mile,migrated,matched_exact,True,1,1,1,207.39,0.0,0,207.39
2026-07-28,S008,P1026,VistaRover Mid Trail Shoes 225,footwear,trail shoes,Highland Ember,migrated,matched_exact,True,1,1,2,244.52,5.0,1,122.26
2026-07-28,S008,P1029,FieldRunner Storm Kit Battery Pack 228,emergency,battery pack,Blue Ridge Works,migrated,matched_exact,True,1,1,2,220.38,10.0,1,110.19
2026-07-28,S008,P1030,SwitchbackRover 20oz Tumbler 229,hydration,insulated tumbler,Summit Finch,migrated,matched_exact,True,1,1,3,308.55,20.0,1,102.85
2026-07-28,S008,P1044,CloudNomad Approach Trail Shoes 243,footwear,trail shoes,Moss & Mile,migrated,matched_exact,True,2,2,5,891.3,10.0,1,178.26
2026-07-28,S008,P1045,FieldRunner Basecamp Tent 244,camping,tent,Blue Ridge Works,migrated,matched_exact,True,1,1,1,326.37,5.0,1,326.37
2026-07-28,S008,P1064,PeakNomad XL Cooler 263,patio,cooler,TrailForge,migrated,matched_exact,True,1,1,1,524.54,20.0,1,524.54
2026-07-28,S008,P1066,RidgeRover Trail Tumbler 265,hydration,insulated tumbler,Highland Ember,migrated,matched_exact,True,1,1,1,95.93,5.0,1,95.93
2026-07-29,S001,NEW:NP5059,BoulderRambler Rechargeable Flashlight 258 Pro,preparedness,flashlight,Creekline,migrated,review_ambiguous,False,1,1,3,326.73,0.0,0,108.91
2026-07-29,S001,NEW:NP5063,MoonRambler Ultralight Camp Chair 262 Pro,camping,camp chair,Switchback Supply,migrated,review_ambiguous,False,1,1,1,73.36,5.0,1,73.36
2026-07-29,S001,NEW:NP5067,CreekRambler Alpine Jacket 266 Pro,apparel,waterproof outerwear,Creekline,migrated,review_ambiguous,False,1,1,1,247.56,0.0,0,247.56
2026-07-29,S001,NEW:NP5069,BoulderNomad Patio Heater,patio,patio heater,Summit Finch,migrated,review_ambiguous,False,1,1,1,177.0,20.0,1,177.0
2026-07-29,S001,NEW:NP5071,MoonScout Trail Shoes,footwear,trail shoes,Highland Ember,migrated,review_ambiguous,False,1,1,1,187.04,15.0,1,187.04
2026-07-29,S001,NEW:NP5072,SummitRover Cooler,patio,cooler,Moss and Mile,migrated,review_ambiguous,False,1,1,3,2385.69,0.0,0,795.23
2026-07-29,S001,P1003,CreekRambler 2P Camp Chair 202,camping,camp chair,Creekline,migrated,matched_exact,True,1,1,1,375.39,15.0,1,375.39
2026-07-29,S001,P1006,TrailRover 20oz Tumbler 205,hydration,insulated tumbler,Summit Finch,migrated,matched_exact,True,1,1,3,149.52,10.0,1,49.84
2026-07-29,S001,P1012,CloudNomad 32oz Tumbler 211,hydration,insulated tumbler,Moss & Mile,migrated,matched_exact,True,1,1,2,240.1,0.0,0,120.05
2026-07-29,S001,P1023,HearthRambler Expedition Flashlight 222,emergency,flashlight,Switchback Supply,migrated,matched_exact,True,1,1,2,260.72,10.0,1,130.36
2026-07-29,S001,P1024,CanyonNomad Travel Tumbler 223,hydration,insulated tumbler,TrailForge,migrated,matched_exact,True,3,3,6,494.86,6.67,2,82.48
2026-07-29,S001,P1028,CloudNomad Compact Cooler 227,patio,cooler,Moss & Mile,migrated,matched_exact,True,1,1,2,1069.4,15.0,1,534.7
2026-07-29,S001,P1029,FieldRunner Storm Kit Battery Pack 228,emergency,battery pack,Blue Ridge Works,migrated,matched_exact,True,1,1,2,244.86,0.0,0,122.43
2026-07-29,S001,P1030,SwitchbackRover 20oz Tumbler 229,hydration,insulated tumbler,Summit Finch,migrated,matched_exact,True,2,2,5,584.95,10.0,2,116.99
2026-07-29,S001,P1048,PeakNomad Travel Tumbler 247,hydration,insulated tumbler,TrailForge,migrated,matched_exact,True,1,1,1,72.7,0.0,0,72.7
2026-07-29,S001,P1062,SwitchbackRover Wide Trail Shoes 261,footwear,trail shoes,Summit Finch,migrated,matched_exact,True,1,1,4,587.84,10.0,1,146.96
2026-07-29,S002,NEW:NP5067,CreekRambler Alpine Jacket 266 Pro,apparel,waterproof outerwear,Creekline,migrated,review_ambiguous,False,1,1,1,210.43,15.0,1,210.43
2026-07-29,S002,NEW:NP5074,SwitchbackRover Insulated Tumbler,drinkware,insulated tumbler,Summit Finch,migrated,review_duplicate_candidate,False,1,1,1,163.7,0.0,0,163.7
2026-07-29,S002,P1011,BoulderRambler Rechargeable Flashlight 210,emergency,flashlight,Creekline,migrated,matched_exact,True,1,1,1,132.66,0.0,0,132.66
2026-07-29,S002,P1022,TrailRover Weekend Patio Heater 221,patio,patio heater,Summit Finch,migrated,matched_exact,True,1,1,1,329.38,15.0,1,329.38
2026-07-29,S002,P1023,HearthRambler Expedition Flashlight 222,emergency,flashlight,Switchback Supply,migrated,matched_exact,True,1,1,3,369.33,15.0,1,123.11
2026-07-29,S002,P1026,VistaRover Mid Trail Shoes 225,footwear,trail shoes,Highland Ember,migrated,matched_exact,True,1,1,3,386.1,0.0,0,128.7
2026-07-29,S002,P1036,StormNomad 32oz Tumbler 235,hydration,insulated tumbler,Moss & Mile,migrated,matched_exact,True,1,1,1,156.45,0.0,0,156.45
2026-07-29,S002,P1038,TrailRover Wide Trail Shoes 237,footwear,trail shoes,Summit Finch,migrated,matched_exact,True,1,1,4,792.72,0.0,0,198.18
2026-07-29,S002,P1042,VistaRover Trail Tumbler 241,hydration,insulated tumbler,Highland Ember,migrated,matched_exact,True,1,1,4,449.44,0.0,0,112.36
2026-07-29,S002,P1048,PeakNomad Travel Tumbler 247,hydration,insulated tumbler,TrailForge,migrated,matched_exact,True,1,1,1,72.7,0.0,0,72.7
2026-07-29,S002,P1049,SummitRunner Lightweight Jacket 248,outerwear,rain shell,Rocky Top Outfitters,migrated,matched_exact,True,1,1,1,189.92,15.0,1,189.92
2026-07-29,S002,P1053,EmberRunner Storm Kit Battery Pack 252,emergency,battery pack,Blue Ridge Works,migrated,matched_exact,True,1,1,1,111.73,0.0,0,111.73
2026-07-29,S002,P1055,HearthRambler Stormproof Jacket 254,outerwear,rain shell,Switchback Supply,migrated,matched_exact,True,1,1,2,558.96,0.0,0,279.48
2026-07-29,S002,P1062,SwitchbackRover Wide Trail Shoes 261,footwear,trail shoes,Summit Finch,migrated,matched_exact,True,1,1,1,163.29,0.0,0,163.29
2026-07-29,S003,NEW:NP5057,PineRunner 4P Tent 256 Pro,camping,tent,RTO House Brand,migrated,review_low_confidence,False,1,1,1,379.63,5.0,1,379.63
2026-07-29,S003,NEW:NP5065,SummitRunner Mini Battery Pack 264 Pro,preparedness,power storage,RTO House Brand,migrated,review_ambiguous,False,1,1,2,193.8,10.0,1,96.9
2026-07-29,S003,NEW:NP5070,FieldPacer Insulated Tumbler,drinkware,insulated tumbler,TrailForge,migrated,review_ambiguous,False,1,1,2,286.42,0.0,0,143.21
2026-07-29,S003,P1003,CreekRambler 2P Camp Chair 202,camping,camp chair,Creekline,migrated,matched_exact,True,1,1,3,1324.89,0.0,0,441.63
2026-07-29,S003,P1008,CanyonNomad Waterproof Trail Shoes 207,footwear,trail shoes,TrailForge,migrated,matched_exact,True,1,1,3,473.01,10.0,1,157.67
2026-07-29,S003,P1009,PineRunner 4P Tent 208,camping,tent,Rocky Top Outfitters,migrated,matched_exact,True,1,1,1,106.85,10.0,1,106.85
2026-07-29,S003,P1012,CloudNomad 32oz Tumbler 211,hydration,insulated tumbler,Moss & Mile,migrated,matched_exact,True,2,2,3,336.15,5.0,1,112.05
2026-07-29,S003,P1020,StormNomad Approach Trail Shoes 219,footwear,trail shoes,Moss & Mile,migrated,matched_exact,True,2,2,3,611.8,2.5,1,203.93
2026-07-29,S003,P1024,CanyonNomad Travel Tumbler 223,hydration,insulated tumbler,TrailForge,migrated,matched_exact,True,1,1,1,88.37,0.0,0,88.37
2026-07-29,S003,P1027,BoulderRambler 2P Camp Chair 226,camping,camp chair,Creekline,migrated,matched_exact,True,1,1,1,93.13,0.0,0,93.13
2026-07-29,S003,P1030,SwitchbackRover 20oz Tumbler 229,hydration,insulated tumbler,Summit Finch,migrated,matched_exact,True,3,3,3,379.25,1.67,1,126.42
2026-07-29,S003,P1031,MoonRambler Stormproof Jacket 230,outerwear,rain shell,Switchback Supply,migrated,matched_exact,True,1,1,2,274.46,20.0,1,137.23
2026-07-29,S003,P1032,PeakNomad Waterproof Trail Shoes 231,footwear,trail shoes,TrailForge,migrated,matched_exact,True,1,1,1,200.43,0.0,0,200.43
2026-07-29,S003,P1035,CreekRambler Rechargeable Flashlight 234,emergency,flashlight,Creekline,migrated,matched_exact,True,1,1,1,144.26,0.0,0,144.26
2026-07-29,S003,P1048,PeakNomad Travel Tumbler 247,hydration,insulated tumbler,TrailForge,migrated,matched_exact,True,1,1,3,196.29,10.0,1,65.43
2026-07-29,S003,P1055,HearthRambler Stormproof Jacket 254,outerwear,rain shell,Switchback Supply,migrated,matched_exact,True,1,1,1,237.56,15.0,1,237.56
2026-07-29,S003,P1056,CanyonNomad Waterproof Trail Shoes 255,footwear,trail shoes,TrailForge,migrated,matched_exact,True,1,1,1,148.79,0.0,0,148.79
2026-07-29,S003,P1066,RidgeRover Trail Tumbler 265,hydration,insulated tumbler,Highland Ember,migrated,matched_exact,True,1,1,1,80.78,20.0,1,80.78
2026-07-29,S004,NEW:NP5057,PineRunner 4P Tent 256 Pro,camping,tent,RTO House Brand,migrated,review_low_confidence,False,1,1,2,719.3,10.0,1,359.65
2026-07-29,S004,NEW:NP5063,MoonRambler Ultralight Camp Chair 262 Pro,camping,camp chair,Switchback Supply,migrated,review_ambiguous,False,1,1,2,131.28,15.0,1,65.64
2026-07-29,S004,NEW:NP5067,CreekRambler Alpine Jacket 266 Pro,apparel,waterproof outerwear,Creekline,migrated,review_ambiguous,False,1,1,2,420.86,15.0,1,210.43
2026-07-29,S004,NEW:NP5069,BoulderNomad Patio Heater,patio,patio heater,Summit Finch,migrated,review_ambiguous,False,1,1,1,210.19,5.0,1,210.19
2026-07-29,S004,NEW:NP5071,MoonScout Trail Shoes,footwear,trail shoes,Highland Ember,migrated,review_ambiguous,False,2,2,3,594.15,10.0,2,198.05
2026-07-29,S004,NEW:NP5075,MoonRambler Rain Shell,apparel,waterproof outerwear,Switchback Supply,migrated,review_duplicate_candidate,False,1,1,2,549.54,0.0,0,274.77
2026-07-29,S004,P1002,RidgeRover Mid Trail Shoes 201,footwear,trail shoes,Highland Ember,migrated,matched_exact,True,1,1,1,174.73,15.0,1,174.73
2026-07-29,S004,P1003,CreekRambler 2P Camp Chair 202,camping,camp chair,Creekline,migrated,matched_exact,True,1,1,1,419.55,5.0,1,419.55
2026-07-29,S004,P1008,CanyonNomad Waterproof Trail Shoes 207,footwear,trail shoes,TrailForge,migrated,matched_exact,True,1,1,1,140.15,20.0,1,140.15
2026-07-29,S004,P1010,VistaRover Deluxe Patio Heater 209,patio,patio heater,Highland Ember,migrated,matched_exact,True,1,1,1,527.8,5.0,1,527.8
2026-07-29,S004,P1011,BoulderRambler Rechargeable Flashlight 210,emergency,flashlight,Creekline,migrated,matched_exact,True,1,1,2,265.32,0.0,0,132.66
2026-07-29,S004,P1016,PeakNomad XL Cooler 215,patio,cooler,TrailForge,migrated,matched_exact,True,1,1,4,2594.68,0.0,0,648.67
2026-07-29,S004,P1021,EmberRunner Basecamp Tent 220,camping,tent,Blue Ridge Works,migrated,matched_exact,True,1,1,3,221.1,0.0,0,73.7
2026-07-29,S004,P1025,PineRunner Lightweight Jacket 224,outerwear,rain shell,Rocky Top Outfitters,migrated,matched_exact,True,2,2,3,364.11,0.0,0,121.37
2026-07-29,S004,P1026,VistaRover Mid Trail Shoes 225,footwear,trail shoes,Highland Ember,migrated,matched_exact,True,1,1,2,218.78,15.0,1,109.39
2026-07-29,S004,P1028,CloudNomad Compact Cooler 227,patio,cooler,Moss & Mile,migrated,matched_exact,True,1,1,1,503.25,20.0,1,503.25
2026-07-29,S004,P1029,FieldRunner Storm Kit Battery Pack 228,emergency,battery pack,Blue Ridge Works,migrated,matched_exact,True,2,2,6,734.58,0.0,0,122.43
2026-07-29,S004,P1032,PeakNomad Waterproof Trail Shoes 231,footwear,trail shoes,TrailForge,migrated,matched_exact,True,3,3,5,972.09,3.33,2,194.42
2026-07-29,S004,P1034,RidgeRover Deluxe Patio Heater 233,patio,patio heater,Highland Ember,migrated,matched_exact,True,1,1,1,168.67,0.0,0,168.67
2026-07-29,S004,P1035,CreekRambler Rechargeable Flashlight 234,emergency,flashlight,Creekline,migrated,matched_exact,True,1,1,1,122.62,15.0,1,122.62
2026-07-29,S004,P1037,EmberRunner Packable Jacket 236,outerwear,rain shell,Blue Ridge Works,migrated,matched_exact,True,1,1,1,84.91,5.0,1,84.91
2026-07-29,S004,P1051,CreekRambler 2P Camp Chair 250,camping,camp chair,Creekline,migrated,matched_exact,True,1,1,3,1158.36,10.0,1,386.12
2026-07-29,S004,P1060,CloudNomad 32oz Tumbler 259,hydration,insulated tumbler,Moss & Mile,migrated,matched_exact,True,1,1,2,283.3,15.0,1,141.65
2026-07-29,S004,P1068,StormNomad Approach Trail Shoes 267,footwear,trail shoes,Moss & Mile,migrated,matched_exact,True,1,1,2,146.72,15.0,1,73.36
2026-07-29,S005,NEW:NP5071,MoonScout Trail Shoes,footwear,trail shoes,Highland Ember,migrated,review_ambiguous,False,1,1,1,209.05,5.0,1,209.05
2026-07-29,S005,P1004,StormNomad Compact Cooler 203,patio,cooler,Moss & Mile,migrated,matched_exact,True,1,1,3,277.86,15.0,1,92.62
2026-07-29,S005,P1008,CanyonNomad Waterproof Trail Shoes 207,footwear,trail shoes,TrailForge,migrated,matched_exact,True,1,1,1,148.91,15.0,1,148.91
2026-07-29,S005,P1009,PineRunner 4P Tent 208,camping,tent,Rocky Top Outfitters,migrated,matched_exact,True,1,1,1,112.78,5.0,1,112.78
2026-07-29,S005,P1014,SwitchbackRover Wide Trail Shoes 213,footwear,trail shoes,Summit Finch,migrated,matched_exact,True,1,1,1,201.48,5.0,1,201.48
2026-07-29,S005,P1027,BoulderRambler 2P Camp Chair 226,camping,camp chair,Creekline,migrated,matched_exact,True,1,1,2,186.26,0.0,0,93.13
2026-07-29,S005,P1029,FieldRunner Storm Kit Battery Pack 228,emergency,battery pack,Blue Ridge Works,migrated,matched_exact,True,1,1,1,122.43,0.0,0,122.43
2026-07-29,S005,P1041,PineRunner Mini Battery Pack 240,emergency,battery pack,Rocky Top Outfitters,migrated,matched_exact,True,1,1,2,101.72,5.0,1,50.86
2026-07-29,S005,P1047,MoonRambler Expedition Flashlight 246,emergency,flashlight,Switchback Supply,migrated,matched_exact,True,1,1,1,58.07,0.0,0,58.07
2026-07-29,S005,P1068,StormNomad Approach Trail Shoes 267,footwear,trail shoes,Moss & Mile,migrated,matched_exact,True,1,1,1,77.68,10.0,1,77.68
2026-07-29,S006,NEW:NP5057,PineRunner 4P Tent 256 Pro,camping,tent,RTO House Brand,migrated,review_low_confidence,False,1,1,1,379.63,5.0,1,379.63
2026-07-29,S006,P1011,BoulderRambler Rechargeable Flashlight 210,emergency,flashlight,Creekline,migrated,matched_exact,True,2,2,4,444.42,12.5,2,111.1
2026-07-29,S006,P1012,CloudNomad 32oz Tumbler 211,hydration,insulated tumbler,Moss & Mile,migrated,matched_exact,True,1,1,4,456.2,5.0,1,114.05
2026-07-29,S006,P1016,PeakNomad XL Cooler 215,patio,cooler,TrailForge,migrated,matched_exact,True,1,1,2,1232.48,5.0,1,616.24
2026-07-29,S006,P1019,CreekRambler Alpine Jacket 218,outerwear,rain shell,Creekline,migrated,matched_exact,True,1,1,2,305.88,15.0,1,152.94
2026-07-29,S006,P1021,EmberRunner Basecamp Tent 220,camping,tent,Blue Ridge Works,migrated,matched_exact,True,1,1,3,210.06,5.0,1,70.02
2026-07-29,S006,P1024,CanyonNomad Travel Tumbler 223,hydration,insulated tumbler,TrailForge,migrated,matched_exact,True,1,1,2,176.74,0.0,0,88.37
2026-07-29,S006,P1026,VistaRover Mid Trail Shoes 225,footwear,trail shoes,Highland Ember,migrated,matched_exact,True,1,1,2,205.92,20.0,1,102.96
2026-07-29,S006,P1034,RidgeRover Deluxe Patio Heater 233,patio,patio heater,Highland Ember,migrated,matched_exact,True,1,1,2,337.34,0.0,0,168.67
2026-07-29,S006,P1044,CloudNomad Approach Trail Shoes 243,footwear,trail shoes,Moss & Mile,migrated,matched_exact,True,1,1,1,155.01,20.0,1,155.01
2026-07-29,S006,P1053,EmberRunner Storm Kit Battery Pack 252,emergency,battery pack,Blue Ridge Works,migrated,matched_exact,True,1,1,1,111.73,0.0,0,111.73
2026-07-29,S006,P1055,HearthRambler Stormproof Jacket 254,outerwear,rain shell,Switchback Supply,migrated,matched_exact,True,1,1,3,670.74,20.0,1,223.58
2026-07-29,S006,P1058,VistaRover Deluxe Patio Heater 257,patio,patio heater,Highland Ember,migrated,matched_exact,True,1,1,1,287.12,0.0,0,287.12
2026-07-29,S007,NEW:NP5065,SummitRunner Mini Battery Pack 264 Pro,preparedness,power storage,RTO House Brand,migrated,review_ambiguous,False,1,1,3,290.7,10.0,1,96.9
2026-07-29,S007,NEW:NP5071,MoonScout Trail Shoes,footwear,trail shoes,Highland Ember,migrated,review_ambiguous,False,1,1,1,176.04,20.0,1,176.04
2026-07-29,S007,P1004,StormNomad Compact Cooler 203,patio,cooler,Moss & Mile,migrated,matched_exact,True,2,2,6,533.92,17.5,2,88.99
2026-07-29,S007,P1009,PineRunner 4P Tent 208,camping,tent,Rocky Top Outfitters,migrated,matched_exact,True,1,1,3,338.34,5.0,1,112.78
2026-07-29,S007,P1011,BoulderRambler Rechargeable Flashlight 210,emergency,flashlight,Creekline,migrated,matched_exact,True,1,1,4,424.52,20.0,1,106.13
2026-07-29,S007,P1014,SwitchbackRover Wide Trail Shoes 213,footwear,trail shoes,Summit Finch,migrated,matched_exact,True,1,1,4,848.32,0.0,0,212.08
2026-07-29,S007,P1018,RidgeRover Trail Tumbler 217,hydration,insulated tumbler,Highland Ember,migrated,matched_exact,True,1,1,2,285.32,5.0,1,142.66
2026-07-29,S007,P1023,HearthRambler Expedition Flashlight 222,emergency,flashlight,Switchback Supply,migrated,matched_exact,True,1,1,2,231.74,20.0,1,115.87
2026-07-29,S007,P1027,BoulderRambler 2P Camp Chair 226,camping,camp chair,Creekline,migrated,matched_exact,True,1,1,1,93.13,0.0,0,93.13
2026-07-29,S007,P1029,FieldRunner Storm Kit Battery Pack 228,emergency,battery pack,Blue Ridge Works,migrated,matched_exact,True,1,1,1,110.19,10.0,1,110.19
2026-07-29,S007,P1033,SummitRunner 4P Tent 232,camping,tent,Rocky Top Outfitters,migrated,matched_exact,True,1,1,2,356.44,5.0,1,178.22
2026-07-29,S007,P1045,FieldRunner Basecamp Tent 244,camping,tent,Blue Ridge Works,migrated,matched_exact,True,1,1,1,343.55,0.0,0,343.55
2026-07-29,S007,P1055,HearthRambler Stormproof Jacket 254,outerwear,rain shell,Switchback Supply,migrated,matched_exact,True,1,1,1,279.48,0.0,0,279.48
2026-07-29,S007,P1060,CloudNomad 32oz Tumbler 259,hydration,insulated tumbler,Moss & Mile,migrated,matched_exact,True,1,1,1,166.65,0.0,0,166.65
2026-07-29,S008,NEW:NP5069,BoulderNomad Patio Heater,patio,patio heater,Summit Finch,migrated,review_ambiguous,False,1,1,2,442.5,0.0,0,221.25
2026-07-29,S008,P1003,CreekRambler 2P Camp Chair 202,camping,camp chair,Creekline,migrated,matched_exact,True,1,1,4,1589.88,10.0,1,397.47
2026-07-29,S008,P1015,MoonRambler Ultralight Camp Chair 214,camping,camp chair,Switchback Supply,migrated,matched_exact,True,1,1,2,305.18,20.0,1,152.59
2026-07-29,S008,P1017,SummitRunner Mini Battery Pack 216,emergency,battery pack,Rocky Top Outfitters,migrated,matched_exact,True,1,1,3,180.36,5.0,1,60.12
2026-07-29,S008,P1021,EmberRunner Basecamp Tent 220,camping,tent,Blue Ridge Works,migrated,matched_exact,True,1,1,3,210.06,5.0,1,70.02
2026-07-29,S008,P1028,CloudNomad Compact Cooler 227,patio,cooler,Moss & Mile,migrated,matched_exact,True,1,1,3,1887.18,0.0,0,629.06
2026-07-29,S008,P1047,MoonRambler Expedition Flashlight 246,emergency,flashlight,Switchback Supply,migrated,matched_exact,True,1,1,4,232.28,0.0,0,58.07
2026-07-29,S008,P1051,CreekRambler 2P Camp Chair 250,camping,camp chair,Creekline,migrated,matched_exact,True,2,2,3,1201.26,10.0,1,400.42
2026-07-29,S008,P1053,EmberRunner Storm Kit Battery Pack 252,emergency,battery pack,Blue Ridge Works,migrated,matched_exact,True,1,1,1,94.97,15.0,1,94.97
2026-07-30,S001,NEW:NP5069,BoulderNomad Patio Heater,patio,patio heater,Summit Finch,migrated,review_ambiguous,False,1,1,2,376.12,15.0,1,188.06
2026-07-30,S001,P1011,BoulderRambler Rechargeable Flashlight 210,emergency,flashlight,Creekline,migrated,matched_exact,True,1,1,2,265.32,0.0,0,132.66
2026-07-30,S001,P1012,CloudNomad 32oz Tumbler 211,hydration,insulated tumbler,Moss & Mile,migrated,matched_exact,True,1,1,2,240.1,0.0,0,120.05
2026-07-30,S001,P1014,SwitchbackRover Wide Trail Shoes 213,footwear,trail shoes,Summit Finch,migrated,matched_exact,True,1,1,3,636.24,0.0,0,212.08
2026-07-30,S001,P1015,MoonRambler Ultralight Camp Chair 214,camping,camp chair,Switchback Supply,migrated,matched_exact,True,1,1,2,324.26,15.0,1,162.13
2026-07-30,S001,P1016,PeakNomad XL Cooler 215,patio,cooler,TrailForge,migrated,matched_exact,True,1,1,4,2335.2,10.0,1,583.8
2026-07-30,S001,P1022,TrailRover Weekend Patio Heater 221,patio,patio heater,Summit Finch,migrated,matched_exact,True,1,1,2,775.02,0.0,0,387.51
2026-07-30,S001,P1024,CanyonNomad Travel Tumbler 223,hydration,insulated tumbler,TrailForge,migrated,matched_exact,True,1,1,4,282.8,20.0,1,70.7
2026-07-30,S001,P1025,PineRunner Lightweight Jacket 224,outerwear,rain shell,Rocky Top Outfitters,migrated,matched_exact,True,1,1,1,121.37,0.0,0,121.37
2026-07-30,S001,P1027,BoulderRambler 2P Camp Chair 226,camping,camp chair,Creekline,migrated,matched_exact,True,1,1,1,93.13,0.0,0,93.13
2026-07-30,S001,P1034,RidgeRover Deluxe Patio Heater 233,patio,patio heater,Highland Ember,migrated,matched_exact,True,1,1,1,168.67,0.0,0,168.67
2026-07-30,S001,P1037,EmberRunner Packable Jacket 236,outerwear,rain shell,Blue Ridge Works,migrated,matched_exact,True,1,1,2,178.76,0.0,0,89.38
2026-07-30,S001,P1044,CloudNomad Approach Trail Shoes 243,footwear,trail shoes,Moss & Mile,migrated,matched_exact,True,1,1,1,174.38,10.0,1,174.38
2026-07-30,S001,P1046,SwitchbackRover Weekend Patio Heater 245,patio,patio heater,Summit Finch,migrated,matched_exact,True,1,1,1,228.91,0.0,0,228.91
2026-07-30,S001,P1047,MoonRambler Expedition Flashlight 246,emergency,flashlight,Switchback Supply,migrated,matched_exact,True,1,1,1,58.07,0.0,0,58.07
2026-07-30,S001,P1051,CreekRambler 2P Camp Chair 250,camping,camp chair,Creekline,migrated,matched_exact,True,1,1,2,729.34,15.0,1,364.67
2026-07-30,S001,P1055,HearthRambler Stormproof Jacket 254,outerwear,rain shell,Switchback Supply,migrated,matched_exact,True,1,1,3,838.44,0.0,0,279.48
2026-07-30,S002,NEW:NP5070,FieldPacer Insulated Tumbler,drinkware,insulated tumbler,TrailForge,migrated,review_ambiguous,False,1,1,3,386.67,10.0,1,128.89
2026-07-30,S002,NEW:NP5071,MoonScout Trail Shoes,footwear,trail shoes,Highland Ember,migrated,review_ambiguous,False,2,2,5,1089.25,2.5,1,217.85
2026-07-30,S002,NEW:NP5073,FieldRunner Battery Pack,preparedness,power storage,Blue Ridge Outdoor Works,migrated,review_duplicate_candidate,False,1,1,3,260.43,5.0,1,86.81
2026-07-30,S002,NEW:NP5075,MoonRambler Rain Shell,apparel,waterproof outerwear,Switchback Supply,migrated,review_duplicate_candidate,False,1,1,2,439.64,20.0,1,219.82
2026-07-30,S002,P1002,RidgeRover Mid Trail Shoes 201,footwear,trail shoes,Highland Ember,migrated,matched_exact,True,1,1,3,555.03,10.0,1,185.01
2026-07-30,S002,P1003,CreekRambler 2P Camp Chair 202,camping,camp chair,Creekline,migrated,matched_exact,True,1,1,4,1589.88,10.0,1,397.47
2026-07-30,S002,P1004,StormNomad Compact Cooler 203,patio,cooler,Moss & Mile,migrated,matched_exact,True,1,1,2,185.24,15.0,1,92.62
2026-07-30,S002,P1010,VistaRover Deluxe Patio Heater 209,patio,patio heater,Highland Ember,migrated,matched_exact,True,1,1,2,1000.04,10.0,1,500.02
2026-07-30,S002,P1013,FieldRunner Packable Jacket 212,outerwear,rain shell,Blue Ridge Works,migrated,matched_exact,True,1,1,1,99.43,0.0,0,99.43
2026-07-30,S002,P1014,SwitchbackRover Wide Trail Shoes 213,footwear,trail shoes,Summit Finch,migrated,matched_exact,True,1,1,2,402.96,5.0,1,201.48
2026-07-30,S002,P1016,PeakNomad XL Cooler 215,patio,cooler,TrailForge,migrated,matched_exact,True,1,1,2,1167.6,10.0,1,583.8
2026-07-30,S002,P1019,CreekRambler Alpine Jacket 218,outerwear,rain shell,Creekline,migrated,matched_exact,True,1,1,2,287.88,20.0,1,143.94
2026-07-30,S002,P1025,PineRunner Lightweight Jacket 224,outerwear,rain shell,Rocky Top Outfitters,migrated,matched_exact,True,1,1,4,485.48,0.0,0,121.37
2026-07-30,S002,P1026,VistaRover Mid Trail Shoes 225,footwear,trail shoes,Highland Ember,migrated,matched_exact,True,1,1,4,463.32,10.0,1,115.83
2026-07-30,S002,P1037,EmberRunner Packable Jacket 236,outerwear,rain shell,Blue Ridge Works,migrated,matched_exact,True,1,1,3,268.14,0.0,0,89.38
2026-07-30,S002,P1039,HearthRambler Ultralight Camp Chair 238,camping,camp chair,Switchback Supply,migrated,matched_exact,True,2,2,4,1397.72,2.5,1,349.43
2026-07-30,S002,P1043,BoulderRambler Alpine Jacket 242,outerwear,rain shell,Creekline,migrated,matched_exact,True,2,2,2,474.82,0.0,0,237.41
2026-07-30,S002,P1045,FieldRunner Basecamp Tent 244,camping,tent,Blue Ridge Works,migrated,matched_exact,True,2,2,2,687.1,0.0,0,343.55
2026-07-30,S002,P1055,HearthRambler Stormproof Jacket 254,outerwear,rain shell,Switchback Supply,migrated,matched_exact,True,1,1,3,838.44,0.0,0,279.48
2026-07-30,S002,P1058,VistaRover Deluxe Patio Heater 257,patio,patio heater,Highland Ember,migrated,matched_exact,True,1,1,1,244.05,15.0,1,244.05
2026-07-30,S002,P1066,RidgeRover Trail Tumbler 265,hydration,insulated tumbler,Highland Ember,migrated,matched_exact,True,1,1,3,272.64,10.0,1,90.88
2026-07-30,S003,NEW:NP5057,PineRunner 4P Tent 256 Pro,camping,tent,RTO House Brand,migrated,review_low_confidence,False,1,1,2,679.34,15.0,1,339.67
2026-07-30,S003,NEW:NP5067,CreekRambler Alpine Jacket 266 Pro,apparel,waterproof outerwear,Creekline,migrated,review_ambiguous,False,1,1,1,222.8,10.0,1,222.8
2026-07-30,S003,P1004,StormNomad Compact Cooler 203,patio,cooler,Moss & Mile,migrated,matched_exact,True,1,1,2,185.24,15.0,1,92.62
2026-07-30,S003,P1007,HearthRambler Stormproof Jacket 206,outerwear,rain shell,Switchback Supply,migrated,matched_exact,True,1,1,1,103.64,5.0,1,103.64
2026-07-30,S003,P1016,PeakNomad XL Cooler 215,patio,cooler,TrailForge,migrated,matched_exact,True,1,1,1,648.67,0.0,0,648.67
2026-07-30,S003,P1027,BoulderRambler 2P Camp Chair 226,camping,camp chair,Creekline,migrated,matched_exact,True,1,1,4,372.52,0.0,0,93.13
2026-07-30,S003,P1029,FieldRunner Storm Kit Battery Pack 228,emergency,battery pack,Blue Ridge Works,migrated,matched_exact,True,1,1,4,489.72,0.0,0,122.43
2026-07-30,S003,P1036,StormNomad 32oz Tumbler 235,hydration,insulated tumbler,Moss & Mile,migrated,matched_exact,True,1,1,2,312.9,0.0,0,156.45
2026-07-30,S003,P1042,VistaRover Trail Tumbler 241,hydration,insulated tumbler,Highland Ember,migrated,matched_exact,True,1,1,1,89.89,20.0,1,89.89
2026-07-30,S003,P1045,FieldRunner Basecamp Tent 244,camping,tent,Blue Ridge Works,migrated,matched_exact,True,1,1,3,927.57,10.0,1,309.19
2026-07-30,S003,P1052,StormNomad Compact Cooler 251,patio,cooler,Moss & Mile,migrated,matched_exact,True,1,1,3,1134.48,0.0,0,378.16
2026-07-30,S003,P1066,RidgeRover Trail Tumbler 265,hydration,insulated tumbler,Highland Ember,migrated,matched_exact,True,1,1,1,100.98,0.0,0,100.98
2026-07-30,S004,NEW:NP9999,Unmapped product NP9999,unmapped,unmapped,unmapped,migrated,unmapped_new_product,False,1,1,2,218.18,0.0,0,109.09
2026-07-30,S004,P1002,RidgeRover Mid Trail Shoes 201,footwear,trail shoes,Highland Ember,migrated,matched_exact,True,1,1,1,174.73,15.0,1,174.73
2026-07-30,S004,P1003,CreekRambler 2P Camp Chair 202,camping,camp chair,Creekline,migrated,matched_exact,True,1,1,1,441.63,0.0,0,441.63
2026-07-30,S004,P1009,PineRunner 4P Tent 208,camping,tent,Rocky Top Outfitters,migrated,matched_exact,True,2,2,7,789.46,5.0,2,112.78
2026-07-30,S004,P1016,PeakNomad XL Cooler 215,patio,cooler,TrailForge,migrated,matched_exact,True,1,1,1,648.67,0.0,0,648.67
2026-07-30,S004,P1022,TrailRover Weekend Patio Heater 221,patio,patio heater,Summit Finch,migrated,matched_exact,True,1,1,2,736.26,5.0,1,368.13
2026-07-30,S004,P1031,MoonRambler Stormproof Jacket 230,outerwear,rain shell,Switchback Supply,migrated,matched_exact,True,1,1,4,686.16,0.0,0,171.54
2026-07-30,S004,P1032,PeakNomad Waterproof Trail Shoes 231,footwear,trail shoes,TrailForge,migrated,matched_exact,True,1,1,1,200.43,0.0,0,200.43
2026-07-30,S004,P1034,RidgeRover Deluxe Patio Heater 233,patio,patio heater,Highland Ember,migrated,matched_exact,True,1,1,1,168.67,0.0,0,168.67
2026-07-30,S004,P1039,HearthRambler Ultralight Camp Chair 238,camping,camp chair,Switchback Supply,migrated,matched_exact,True,1,1,1,358.39,0.0,0,358.39
2026-07-30,S004,P1041,PineRunner Mini Battery Pack 240,emergency,battery pack,Rocky Top Outfitters,migrated,matched_exact,True,1,1,4,171.32,20.0,1,42.83
2026-07-30,S004,P1044,CloudNomad Approach Trail Shoes 243,footwear,trail shoes,Moss & Mile,migrated,matched_exact,True,1,1,1,164.7,15.0,1,164.7
2026-07-30,S004,P1046,SwitchbackRover Weekend Patio Heater 245,patio,patio heater,Summit Finch,migrated,matched_exact,True,1,1,4,732.52,20.0,1,183.13
2026-07-30,S004,P1048,PeakNomad Travel Tumbler 247,hydration,insulated tumbler,TrailForge,migrated,matched_exact,True,1,1,2,130.86,10.0,1,65.43
2026-07-30,S004,P1050,RidgeRover Mid Trail Shoes 249,footwear,trail shoes,Highland Ember,migrated,matched_exact,True,3,3,7,461.52,10.0,3,65.93
2026-07-30,S004,P1056,CanyonNomad Waterproof Trail Shoes 255,footwear,trail shoes,TrailForge,migrated,matched_exact,True,1,1,3,357.09,20.0,1,119.03
2026-07-30,S004,P1062,SwitchbackRover Wide Trail Shoes 261,footwear,trail shoes,Summit Finch,migrated,matched_exact,True,1,1,2,261.26,20.0,1,130.63
2026-07-30,S005,NEW:NP5063,MoonRambler Ultralight Camp Chair 262 Pro,camping,camp chair,Switchback Supply,migrated,review_ambiguous,False,1,1,2,154.44,0.0,0,77.22
2026-07-30,S005,NEW:NP5065,SummitRunner Mini Battery Pack 264 Pro,preparedness,power storage,RTO House Brand,migrated,review_ambiguous,False,1,1,4,409.16,5.0,1,102.29
2026-07-30,S005,NEW:NP9999,Unmapped product NP9999,unmapped,unmapped,unmapped,migrated,unmapped_new_product,False,1,1,1,178.75,20.0,1,178.75
2026-07-30,S005,P1006,TrailRover 20oz Tumbler 205,hydration,insulated tumbler,Summit Finch,migrated,matched_exact,True,1,1,2,110.76,0.0,0,55.38
2026-07-30,S005,P1013,FieldRunner Packable Jacket 212,outerwear,rain shell,Blue Ridge Works,migrated,matched_exact,True,1,1,1,99.43,0.0,0,99.43
2026-07-30,S005,P1017,SummitRunner Mini Battery Pack 216,emergency,battery pack,Rocky Top Outfitters,migrated,matched_exact,True,1,1,1,63.28,0.0,0,63.28
2026-07-30,S005,P1019,CreekRambler Alpine Jacket 218,outerwear,rain shell,Creekline,migrated,matched_exact,True,1,1,4,575.76,20.0,1,143.94
2026-07-30,S005,P1020,StormNomad Approach Trail Shoes 219,footwear,trail shoes,Moss & Mile,migrated,matched_exact,True,1,1,1,176.28,15.0,1,176.28
2026-07-30,S005,P1023,HearthRambler Expedition Flashlight 222,emergency,flashlight,Switchback Supply,migrated,matched_exact,True,1,1,2,275.2,5.0,1,137.6
2026-07-30,S005,P1027,BoulderRambler 2P Camp Chair 226,camping,camp chair,Creekline,migrated,matched_exact,True,1,1,1,93.13,0.0,0,93.13
2026-07-30,S005,P1029,FieldRunner Storm Kit Battery Pack 228,emergency,battery pack,Blue Ridge Works,migrated,matched_exact,True,1,1,2,244.86,0.0,0,122.43
2026-07-30,S005,P1031,MoonRambler Stormproof Jacket 230,outerwear,rain shell,Switchback Supply,migrated,matched_exact,True,1,1,1,171.54,0.0,0,171.54
2026-07-30,S005,P1037,EmberRunner Packable Jacket 236,outerwear,rain shell,Blue Ridge Works,migrated,matched_exact,True,1,1,2,143.0,20.0,1,71.5
2026-07-30,S005,P1038,TrailRover Wide Trail Shoes 237,footwear,trail shoes,Summit Finch,migrated,matched_exact,True,1,1,2,376.54,5.0,1,188.27
2026-07-30,S005,P1045,FieldRunner Basecamp Tent 244,camping,tent,Blue Ridge Works,migrated,matched_exact,True,2,2,3,961.93,7.5,2,320.64
2026-07-30,S005,P1054,TrailRover 20oz Tumbler 253,hydration,insulated tumbler,Summit Finch,migrated,matched_exact,True,1,1,2,130.78,10.0,1,65.39
2026-07-30,S005,P1055,HearthRambler Stormproof Jacket 254,outerwear,rain shell,Switchback Supply,migrated,matched_exact,True,1,1,2,503.06,10.0,1,251.53
2026-07-30,S005,P1062,SwitchbackRover Wide Trail Shoes 261,footwear,trail shoes,Summit Finch,migrated,matched_exact,True,1,1,3,489.87,0.0,0,163.29
2026-07-30,S006,NEW:NP5076,PeakNomad Trail Shoes,footwear,trail shoes,TrailForge,migrated,review_duplicate_candidate,False,1,1,3,471.36,0.0,0,157.12
2026-07-30,S006,P1006,TrailRover 20oz Tumbler 205,hydration,insulated tumbler,Summit Finch,migrated,matched_exact,True,1,1,1,49.84,10.0,1,49.84
2026-07-30,S006,P1018,RidgeRover Trail Tumbler 217,hydration,insulated tumbler,Highland Ember,migrated,matched_exact,True,1,1,1,150.17,0.0,0,150.17
2026-07-30,S006,P1025,PineRunner Lightweight Jacket 224,outerwear,rain shell,Rocky Top Outfitters,migrated,matched_exact,True,1,1,2,242.74,0.0,0,121.37
2026-07-30,S006,P1029,FieldRunner Storm Kit Battery Pack 228,emergency,battery pack,Blue Ridge Works,migrated,matched_exact,True,1,1,3,367.29,0.0,0,122.43
2026-07-30,S006,P1031,MoonRambler Stormproof Jacket 230,outerwear,rain shell,Switchback Supply,migrated,matched_exact,True,1,1,3,488.88,5.0,1,162.96
2026-07-30,S006,P1038,TrailRover Wide Trail Shoes 237,footwear,trail shoes,Summit Finch,migrated,matched_exact,True,1,1,1,178.36,10.0,1,178.36
2026-07-30,S006,P1045,FieldRunner Basecamp Tent 244,camping,tent,Blue Ridge Works,migrated,matched_exact,True,1,1,3,979.11,5.0,1,326.37
2026-07-30,S006,P1054,TrailRover 20oz Tumbler 253,hydration,insulated tumbler,Summit Finch,migrated,matched_exact,True,1,1,3,196.17,10.0,1,65.39
2026-07-30,S006,P1068,StormNomad Approach Trail Shoes 267,footwear,trail shoes,Moss & Mile,migrated,matched_exact,True,2,2,4,345.24,0.0,0,86.31
2026-07-30,S007,NEW:NP5063,MoonRambler Ultralight Camp Chair 262 Pro,camping,camp chair,Switchback Supply,migrated,review_ambiguous,False,1,1,1,77.22,0.0,0,77.22
2026-07-30,S007,NEW:NP5069,BoulderNomad Patio Heater,patio,patio heater,Summit Finch,migrated,review_ambiguous,False,1,1,1,221.25,0.0,0,221.25
2026-07-30,S007,NEW:NP5074,SwitchbackRover Insulated Tumbler,drinkware,insulated tumbler,Summit Finch,migrated,review_duplicate_candidate,False,2,2,4,605.69,5.0,1,151.42
2026-07-30,S007,NEW:NP5075,MoonRambler Rain Shell,apparel,waterproof outerwear,Switchback Supply,migrated,review_duplicate_candidate,False,1,1,1,274.77,0.0,0,274.77
2026-07-30,S007,P1001,SummitRunner Lightweight Jacket 200,outerwear,rain shell,Rocky Top Outfitters,migrated,matched_exact,True,1,1,2,259.54,0.0,0,129.77
2026-07-30,S007,P1003,CreekRambler 2P Camp Chair 202,camping,camp chair,Creekline,migrated,matched_exact,True,2,2,8,3179.72,10.0,1,397.46
2026-07-30,S007,P1004,StormNomad Compact Cooler 203,patio,cooler,Moss & Mile,migrated,matched_exact,True,1,1,3,310.53,5.0,1,103.51
2026-07-30,S007,P1006,TrailRover 20oz Tumbler 205,hydration,insulated tumbler,Summit Finch,migrated,matched_exact,True,1,1,1,52.61,5.0,1,52.61
2026-07-30,S007,P1014,SwitchbackRover Wide Trail Shoes 213,footwear,trail shoes,Summit Finch,migrated,matched_exact,True,1,1,4,763.48,10.0,1,190.87
2026-07-30,S007,P1016,PeakNomad XL Cooler 215,patio,cooler,TrailForge,migrated,matched_exact,True,1,1,1,583.8,10.0,1,583.8
2026-07-30,S007,P1018,RidgeRover Trail Tumbler 217,hydration,insulated tumbler,Highland Ember,migrated,matched_exact,True,2,2,5,728.32,7.5,1,145.66
2026-07-30,S007,P1019,CreekRambler Alpine Jacket 218,outerwear,rain shell,Creekline,migrated,matched_exact,True,1,1,1,179.93,0.0,0,179.93
2026-07-30,S007,P1020,StormNomad Approach Trail Shoes 219,footwear,trail shoes,Moss & Mile,migrated,matched_exact,True,1,1,1,176.28,15.0,1,176.28
2026-07-30,S007,P1021,EmberRunner Basecamp Tent 220,camping,tent,Blue Ridge Works,migrated,matched_exact,True,1,1,3,187.95,15.0,1,62.65
2026-07-30,S007,P1031,MoonRambler Stormproof Jacket 230,outerwear,rain shell,Switchback Supply,migrated,matched_exact,True,1,1,1,171.54,0.0,0,171.54
2026-07-30,S007,P1033,SummitRunner 4P Tent 232,camping,tent,Rocky Top Outfitters,migrated,matched_exact,True,1,1,4,637.84,15.0,1,159.46
2026-07-30,S007,P1039,HearthRambler Ultralight Camp Chair 238,camping,camp chair,Switchback Supply,migrated,matched_exact,True,1,1,1,340.47,5.0,1,340.47
2026-07-30,S007,P1044,CloudNomad Approach Trail Shoes 243,footwear,trail shoes,Moss & Mile,migrated,matched_exact,True,1,1,2,348.76,10.0,1,174.38
2026-07-30,S007,P1058,VistaRover Deluxe Patio Heater 257,patio,patio heater,Highland Ember,migrated,matched_exact,True,2,2,4,1119.76,2.5,1,279.94
2026-07-30,S007,P1060,CloudNomad 32oz Tumbler 259,hydration,insulated tumbler,Moss & Mile,migrated,matched_exact,True,1,1,1,149.99,10.0,1,149.99
2026-07-30,S007,P1066,RidgeRover Trail Tumbler 265,hydration,insulated tumbler,Highland Ember,migrated,matched_exact,True,1,1,1,85.83,15.0,1,85.83
2026-07-30,S008,NEW:NP5072,SummitRover Cooler,patio,cooler,Moss and Mile,migrated,review_ambiguous,False,1,1,4,3180.92,0.0,0,795.23
2026-07-30,S008,NEW:NP9999,Unmapped product NP9999,unmapped,unmapped,unmapped,migrated,unmapped_new_product,False,2,2,2,533.52,5.0,1,266.76
2026-07-30,S008,P1012,CloudNomad 32oz Tumbler 211,hydration,insulated tumbler,Moss & Mile,migrated,matched_exact,True,1,1,3,360.15,0.0,0,120.05
2026-07-30,S008,P1021,EmberRunner Basecamp Tent 220,camping,tent,Blue Ridge Works,migrated,matched_exact,True,1,1,2,140.04,5.0,1,70.02
2026-07-30,S008,P1041,PineRunner Mini Battery Pack 240,emergency,battery pack,Rocky Top Outfitters,migrated,matched_exact,True,1,1,1,53.54,0.0,0,53.54
2026-07-30,S008,P1050,RidgeRover Mid Trail Shoes 249,footwear,trail shoes,Highland Ember,migrated,matched_exact,True,1,1,3,223.32,0.0,0,74.44
2026-07-30,S008,P1058,VistaRover Deluxe Patio Heater 257,patio,patio heater,Highland Ember,migrated,matched_exact,True,1,1,4,976.2,15.0,1,244.05
2026-07-31,S001,NEW:NP5071,MoonScout Trail Shoes,footwear,trail shoes,Highland Ember,migrated,review_ambiguous,False,1,1,2,440.1,0.0,0,220.05
2026-07-31,S001,NEW:NP5072,SummitRover Cooler,patio,cooler,Moss and Mile,migrated,review_ambiguous,False,2,2,3,2226.65,5.0,1,742.22
2026-07-31,S001,NEW:NP5073,FieldRunner Battery Pack,preparedness,power storage,Blue Ridge Outdoor Works,migrated,review_duplicate_candidate,False,2,2,3,223.87,17.5,2,74.62
2026-07-31,S001,P1001,SummitRunner Lightweight Jacket 200,outerwear,rain shell,Rocky Top Outfitters,migrated,matched_exact,True,1,1,4,519.08,0.0,0,129.77
2026-07-31,S001,P1002,RidgeRover Mid Trail Shoes 201,footwear,trail shoes,Highland Ember,migrated,matched_exact,True,1,1,4,822.28,0.0,0,205.57
2026-07-31,S001,P1007,HearthRambler Stormproof Jacket 206,outerwear,rain shell,Switchback Supply,migrated,matched_exact,True,2,2,4,436.36,0.0,0,109.09
2026-07-31,S001,P1008,CanyonNomad Waterproof Trail Shoes 207,footwear,trail shoes,TrailForge,migrated,matched_exact,True,1,1,1,166.43,5.0,1,166.43
2026-07-31,S001,P1025,PineRunner Lightweight Jacket 224,outerwear,rain shell,Rocky Top Outfitters,migrated,matched_exact,True,1,1,3,364.11,0.0,0,121.37
2026-07-31,S001,P1030,SwitchbackRover 20oz Tumbler 229,hydration,insulated tumbler,Summit Finch,migrated,matched_exact,True,1,1,3,327.84,15.0,1,109.28
2026-07-31,S001,P1031,MoonRambler Stormproof Jacket 230,outerwear,rain shell,Switchback Supply,migrated,matched_exact,True,1,1,2,325.92,5.0,1,162.96
2026-07-31,S001,P1038,TrailRover Wide Trail Shoes 237,footwear,trail shoes,Summit Finch,migrated,matched_exact,True,2,2,5,852.16,15.0,2,170.43
2026-07-31,S001,P1046,SwitchbackRover Weekend Patio Heater 245,patio,patio heater,Summit Finch,migrated,matched_exact,True,1,1,1,217.46,5.0,1,217.46
2026-07-31,S002,NEW:NP5067,CreekRambler Alpine Jacket 266 Pro,apparel,waterproof outerwear,Creekline,migrated,review_ambiguous,False,1,1,2,396.1,20.0,1,198.05
2026-07-31,S002,NEW:NP5075,MoonRambler Rain Shell,apparel,waterproof outerwear,Switchback Supply,migrated,review_duplicate_candidate,False,2,2,8,2033.28,7.5,1,254.16
2026-07-31,S002,P1007,HearthRambler Stormproof Jacket 206,outerwear,rain shell,Switchback Supply,migrated,matched_exact,True,1,1,1,109.09,0.0,0,109.09
2026-07-31,S002,P1015,MoonRambler Ultralight Camp Chair 214,camping,camp chair,Switchback Supply,migrated,matched_exact,True,1,1,1,171.67,10.0,1,171.67
2026-07-31,S002,P1017,SummitRunner Mini Battery Pack 216,emergency,battery pack,Rocky Top Outfitters,migrated,matched_exact,True,1,1,1,63.28,0.0,0,63.28
2026-07-31,S002,P1018,RidgeRover Trail Tumbler 217,hydration,insulated tumbler,Highland Ember,migrated,matched_exact,True,1,1,2,300.34,0.0,0,150.17
2026-07-31,S002,P1024,CanyonNomad Travel Tumbler 223,hydration,insulated tumbler,TrailForge,migrated,matched_exact,True,2,2,6,530.22,0.0,0,88.37
2026-07-31,S002,P1027,BoulderRambler 2P Camp Chair 226,camping,camp chair,Creekline,migrated,matched_exact,True,1,1,1,83.82,10.0,1,83.82
2026-07-31,S002,P1030,SwitchbackRover 20oz Tumbler 229,hydration,insulated tumbler,Summit Finch,migrated,matched_exact,True,1,1,1,128.56,0.0,0,128.56
2026-07-31,S002,P1033,SummitRunner 4P Tent 232,camping,tent,Rocky Top Outfitters,migrated,matched_exact,True,1,1,2,318.92,15.0,1,159.46
2026-07-31,S002,P1045,FieldRunner Basecamp Tent 244,camping,tent,Blue Ridge Works,migrated,matched_exact,True,1,1,4,1305.48,5.0,1,326.37
2026-07-31,S002,P1046,SwitchbackRover Weekend Patio Heater 245,patio,patio heater,Summit Finch,migrated,matched_exact,True,1,1,3,549.39,20.0,1,183.13
2026-07-31,S002,P1050,RidgeRover Mid Trail Shoes 249,footwear,trail shoes,Highland Ember,migrated,matched_exact,True,1,1,3,223.32,0.0,0,74.44
2026-07-31,S002,P1051,CreekRambler 2P Camp Chair 250,camping,camp chair,Creekline,migrated,matched_exact,True,2,2,3,1222.71,7.5,1,407.57
2026-07-31,S003,NEW:NP5057,PineRunner 4P Tent 256 Pro,camping,tent,RTO House Brand,migrated,review_low_confidence,False,1,1,3,1198.83,0.0,0,399.61
2026-07-31,S003,NEW:NP5063,MoonRambler Ultralight Camp Chair 262 Pro,camping,camp chair,Switchback Supply,migrated,review_ambiguous,False,2,2,7,540.54,0.0,0,77.22
2026-07-31,S003,NEW:NP5065,SummitRunner Mini Battery Pack 264 Pro,preparedness,power storage,RTO House Brand,migrated,review_ambiguous,False,1,1,3,274.56,15.0,1,91.52
2026-07-31,S003,NEW:NP5069,BoulderNomad Patio Heater,patio,patio heater,Summit Finch,migrated,review_ambiguous,False,1,1,1,221.25,0.0,0,221.25
2026-07-31,S003,NEW:NP5071,MoonScout Trail Shoes,footwear,trail shoes,Highland Ember,migrated,review_ambiguous,False,1,1,1,220.05,0.0,0,220.05
2026-07-31,S003,NEW:NP5072,SummitRover Cooler,patio,cooler,Moss and Mile,migrated,review_ambiguous,False,1,1,1,755.47,5.0,1,755.47
2026-07-31,S003,P1020,StormNomad Approach Trail Shoes 219,footwear,trail shoes,Moss & Mile,migrated,matched_exact,True,1,1,1,186.65,10.0,1,186.65
2026-07-31,S003,P1023,HearthRambler Expedition Flashlight 222,emergency,flashlight,Switchback Supply,migrated,matched_exact,True,1,1,2,289.68,0.0,0,144.84
2026-07-31,S003,P1029,FieldRunner Storm Kit Battery Pack 228,emergency,battery pack,Blue Ridge Works,migrated,matched_exact,True,1,1,1,104.07,15.0,1,104.07
2026-07-31,S003,P1032,PeakNomad Waterproof Trail Shoes 231,footwear,trail shoes,TrailForge,migrated,matched_exact,True,1,1,1,200.43,0.0,0,200.43
2026-07-31,S003,P1045,FieldRunner Basecamp Tent 244,camping,tent,Blue Ridge Works,migrated,matched_exact,True,1,1,2,618.38,10.0,1,309.19
2026-07-31,S003,P1046,SwitchbackRover Weekend Patio Heater 245,patio,patio heater,Summit Finch,migrated,matched_exact,True,1,1,1,217.46,5.0,1,217.46
2026-07-31,S003,P1049,SummitRunner Lightweight Jacket 248,outerwear,rain shell,Rocky Top Outfitters,migrated,matched_exact,True,1,1,3,636.81,5.0,1,212.27
2026-07-31,S003,P1050,RidgeRover Mid Trail Shoes 249,footwear,trail shoes,Highland Ember,migrated,matched_exact,True,1,1,1,74.44,0.0,0,74.44
2026-07-31,S003,P1052,StormNomad Compact Cooler 251,patio,cooler,Moss & Mile,migrated,matched_exact,True,1,1,1,378.16,0.0,0,378.16
2026-07-31,S003,P1054,TrailRover 20oz Tumbler 253,hydration,insulated tumbler,Summit Finch,migrated,matched_exact,True,3,3,6,399.63,11.67,2,66.6
2026-07-31,S003,P1055,HearthRambler Stormproof Jacket 254,outerwear,rain shell,Switchback Supply,migrated,matched_exact,True,2,2,4,950.22,10.0,1,237.56
2026-07-31,S004,NEW:NP5069,BoulderNomad Patio Heater,patio,patio heater,Summit Finch,migrated,review_ambiguous,False,1,1,1,210.19,5.0,1,210.19
2026-07-31,S004,P1001,SummitRunner Lightweight Jacket 200,outerwear,rain shell,Rocky Top Outfitters,migrated,matched_exact,True,2,2,5,545.04,15.0,2,109.01
2026-07-31,S004,P1022,TrailRover Weekend Patio Heater 221,patio,patio heater,Summit Finch,migrated,matched_exact,True,1,1,4,1472.52,5.0,1,368.13
2026-07-31,S004,P1028,CloudNomad Compact Cooler 227,patio,cooler,Moss & Mile,migrated,matched_exact,True,1,1,4,2138.8,15.0,1,534.7
2026-07-31,S004,P1043,BoulderRambler Alpine Jacket 242,outerwear,rain shell,Creekline,migrated,matched_exact,True,1,1,1,237.41,0.0,0,237.41
2026-07-31,S004,P1050,RidgeRover Mid Trail Shoes 249,footwear,trail shoes,Highland Ember,migrated,matched_exact,True,1,1,2,134.0,10.0,1,67.0
2026-07-31,S004,P1056,CanyonNomad Waterproof Trail Shoes 255,footwear,trail shoes,TrailForge,migrated,matched_exact,True,1,1,2,297.58,0.0,0,148.79
2026-07-31,S004,P1064,PeakNomad XL Cooler 263,patio,cooler,TrailForge,migrated,matched_exact,True,1,1,2,1311.36,0.0,0,655.68
2026-07-31,S005,NEW:NP5063,MoonRambler Ultralight Camp Chair 262 Pro,camping,camp chair,Switchback Supply,migrated,review_ambiguous,False,1,1,2,154.44,0.0,0,77.22
2026-07-31,S005,NEW:NP5069,BoulderNomad Patio Heater,patio,patio heater,Summit Finch,migrated,review_ambiguous,False,1,1,1,188.06,15.0,1,188.06
2026-07-31,S005,NEW:NP5070,FieldPacer Insulated Tumbler,drinkware,insulated tumbler,TrailForge,migrated,review_ambiguous,False,1,1,3,429.63,0.0,0,143.21
2026-07-31,S005,NEW:NP5074,SwitchbackRover Insulated Tumbler,drinkware,insulated tumbler,Summit Finch,migrated,review_duplicate_candidate,False,1,1,3,392.88,20.0,1,130.96
2026-07-31,S005,P1003,CreekRambler 2P Camp Chair 202,camping,camp chair,Creekline,migrated,matched_exact,True,1,1,1,397.47,10.0,1,397.47
2026-07-31,S005,P1005,EmberRunner Storm Kit Battery Pack 204,emergency,battery pack,Blue Ridge Works,migrated,matched_exact,True,1,1,2,224.74,0.0,0,112.37
2026-07-31,S005,P1008,CanyonNomad Waterproof Trail Shoes 207,footwear,trail shoes,TrailForge,migrated,matched_exact,True,1,1,4,700.76,0.0,0,175.19
2026-07-31,S005,P1010,VistaRover Deluxe Patio Heater 209,patio,patio heater,Highland Ember,migrated,matched_exact,True,1,1,3,1500.06,10.0,1,500.02
2026-07-31,S005,P1015,MoonRambler Ultralight Camp Chair 214,camping,camp chair,Switchback Supply,migrated,matched_exact,True,1,1,1,190.74,0.0,0,190.74
2026-07-31,S005,P1016,PeakNomad XL Cooler 215,patio,cooler,TrailForge,migrated,matched_exact,True,1,1,2,1232.48,5.0,1,616.24
2026-07-31,S005,P1036,StormNomad 32oz Tumbler 235,hydration,insulated tumbler,Moss & Mile,migrated,matched_exact,True,1,1,3,469.35,0.0,0,156.45
2026-07-31,S005,P1053,EmberRunner Storm Kit Battery Pack 252,emergency,battery pack,Blue Ridge Works,migrated,matched_exact,True,1,1,4,424.56,5.0,1,106.14
2026-07-31,S005,P1068,StormNomad Approach Trail Shoes 267,footwear,trail shoes,Moss & Mile,migrated,matched_exact,True,1,1,1,86.31,0.0,0,86.31
2026-07-31,S006,NEW:NP5061,FieldRunner Packable Jacket 260 Pro,apparel,waterproof outerwear,Blue Ridge Outdoor Works,migrated,review_ambiguous,False,1,1,3,370.05,20.0,1,123.35
2026-07-31,S006,P1010,VistaRover Deluxe Patio Heater 209,patio,patio heater,Highland Ember,migrated,matched_exact,True,1,1,4,2000.08,10.0,1,500.02
2026-07-31,S006,P1015,MoonRambler Ultralight Camp Chair 214,camping,camp chair,Switchback Supply,migrated,matched_exact,True,1,1,1,171.67,10.0,1,171.67
2026-07-31,S006,P1016,PeakNomad XL Cooler 215,patio,cooler,TrailForge,migrated,matched_exact,True,1,1,2,1297.34,0.0,0,648.67
2026-07-31,S006,P1018,RidgeRover Trail Tumbler 217,hydration,insulated tumbler,Highland Ember,migrated,matched_exact,True,1,1,4,540.6,10.0,1,135.15
2026-07-31,S006,P1027,BoulderRambler 2P Camp Chair 226,camping,camp chair,Creekline,migrated,matched_exact,True,1,1,2,186.26,0.0,0,93.13
2026-07-31,S006,P1038,TrailRover Wide Trail Shoes 237,footwear,trail shoes,Summit Finch,migrated,matched_exact,True,1,1,1,198.18,0.0,0,198.18
2026-07-31,S006,P1039,HearthRambler Ultralight Camp Chair 238,camping,camp chair,Switchback Supply,migrated,matched_exact,True,2,2,6,1989.06,7.5,1,331.51
2026-07-31,S007,NEW:NP5063,MoonRambler Ultralight Camp Chair 262 Pro,camping,camp chair,Switchback Supply,migrated,review_ambiguous,False,1,1,1,65.64,15.0,1,65.64
2026-07-31,S007,P1001,SummitRunner Lightweight Jacket 200,outerwear,rain shell,Rocky Top Outfitters,migrated,matched_exact,True,1,1,2,220.6,15.0,1,110.3
2026-07-31,S007,P1003,CreekRambler 2P Camp Chair 202,camping,camp chair,Creekline,migrated,matched_exact,True,1,1,2,839.1,5.0,1,419.55
2026-07-31,S007,P1005,EmberRunner Storm Kit Battery Pack 204,emergency,battery pack,Blue Ridge Works,migrated,matched_exact,True,1,1,1,112.37,0.0,0,112.37
2026-07-31,S007,P1013,FieldRunner Packable Jacket 212,outerwear,rain shell,Blue Ridge Works,migrated,matched_exact,True,1,1,4,338.08,15.0,1,84.52
2026-07-31,S007,P1016,PeakNomad XL Cooler 215,patio,cooler,TrailForge,migrated,matched_exact,True,2,2,3,1848.72,5.0,2,616.24
2026-07-31,S007,P1017,SummitRunner Mini Battery Pack 216,emergency,battery pack,Rocky Top Outfitters,migrated,matched_exact,True,1,1,2,101.24,20.0,1,50.62
2026-07-31,S007,P1018,RidgeRover Trail Tumbler 217,hydration,insulated tumbler,Highland Ember,migrated,matched_exact,True,1,1,2,240.28,20.0,1,120.14
2026-07-31,S007,P1035,CreekRambler Rechargeable Flashlight 234,emergency,flashlight,Creekline,migrated,matched_exact,True,1,1,2,288.52,0.0,0,144.26
2026-07-31,S007,P1045,FieldRunner Basecamp Tent 244,camping,tent,Blue Ridge Works,migrated,matched_exact,True,1,1,1,292.02,15.0,1,292.02
2026-07-31,S007,P1060,CloudNomad 32oz Tumbler 259,hydration,insulated tumbler,Moss & Mile,migrated,matched_exact,True,1,1,1,166.65,0.0,0,166.65
2026-07-31,S007,P1066,RidgeRover Trail Tumbler 265,hydration,insulated tumbler,Highland Ember,migrated,matched_exact,True,1,1,1,90.88,10.0,1,90.88
2026-07-31,S008,NEW:NP5063,MoonRambler Ultralight Camp Chair 262 Pro,camping,camp chair,Switchback Supply,migrated,review_ambiguous,False,1,1,1,61.78,20.0,1,61.78
2026-07-31,S008,NEW:NP5072,SummitRover Cooler,patio,cooler,Moss and Mile,migrated,review_ambiguous,False,1,1,2,1351.9,15.0,1,675.95
2026-07-31,S008,NEW:NP5075,MoonRambler Rain Shell,apparel,waterproof outerwear,Switchback Supply,migrated,review_duplicate_candidate,False,1,1,2,549.54,0.0,0,274.77
2026-07-31,S008,P1002,RidgeRover Mid Trail Shoes 201,footwear,trail shoes,Highland Ember,migrated,matched_exact,True,1,1,4,822.28,0.0,0,205.57
2026-07-31,S008,P1003,CreekRambler 2P Camp Chair 202,camping,camp chair,Creekline,migrated,matched_exact,True,1,1,2,706.6,20.0,1,353.3
2026-07-31,S008,P1004,StormNomad Compact Cooler 203,patio,cooler,Moss & Mile,migrated,matched_exact,True,1,1,2,207.02,5.0,1,103.51
2026-07-31,S008,P1006,TrailRover 20oz Tumbler 205,hydration,insulated tumbler,Summit Finch,migrated,matched_exact,True,1,1,3,149.52,10.0,1,49.84
2026-07-31,S008,P1007,HearthRambler Stormproof Jacket 206,outerwear,rain shell,Switchback Supply,migrated,matched_exact,True,1,1,2,218.18,0.0,0,109.09
2026-07-31,S008,P1018,RidgeRover Trail Tumbler 217,hydration,insulated tumbler,Highland Ember,migrated,matched_exact,True,1,1,4,480.56,20.0,1,120.14
2026-07-31,S008,P1020,StormNomad Approach Trail Shoes 219,footwear,trail shoes,Moss & Mile,migrated,matched_exact,True,1,1,1,176.28,15.0,1,176.28
2026-07-31,S008,P1025,PineRunner Lightweight Jacket 224,outerwear,rain shell,Rocky Top Outfitters,migrated,matched_exact,True,1,1,1,121.37,0.0,0,121.37
2026-07-31,S008,P1028,CloudNomad Compact Cooler 227,patio,cooler,Moss & Mile,migrated,matched_exact,True,1,1,1,534.7,15.0,1,534.7
2026-07-31,S008,P1034,RidgeRover Deluxe Patio Heater 233,patio,patio heater,Highland Ember,migrated,matched_exact,True,1,1,4,573.48,15.0,1,143.37
2026-07-31,S008,P1044,CloudNomad Approach Trail Shoes 243,footwear,trail shoes,Moss & Mile,migrated,matched_exact,True,1,1,1,155.01,20.0,1,155.01
2026-07-31,S008,P1048,PeakNomad Travel Tumbler 247,hydration,insulated tumbler,TrailForge,migrated,matched_exact,True,1,1,1,69.06,5.0,1,69.06
2026-07-31,S008,P1052,StormNomad Compact Cooler 251,patio,cooler,Moss & Mile,migrated,matched_exact,True,1,1,1,378.16,0.0,0,378.16
2026-07-31,S008,P1054,TrailRover 20oz Tumbler 253,hydration,insulated tumbler,Summit Finch,migrated,matched_exact,True,3,3,7,497.72,5.0,1,71.1
2026-07-31,S008,P1066,RidgeRover Trail Tumbler 265,hydration,insulated tumbler,Highland Ember,migrated,matched_exact,True,1,1,3,302.94,0.0,0,100.98
2026-08-01,S001,NEW:NP5057,PineRunner 4P Tent 256 Pro,camping,tent,RTO House Brand,migrated,review_low_confidence,False,1,1,2,799.22,0.0,0,399.61
2026-08-01,S001,NEW:NP5059,BoulderRambler Rechargeable Flashlight 258 Pro,preparedness,flashlight,Creekline,migrated,review_ambiguous,False,1,1,3,277.71,15.0,1,92.57
2026-08-01,S001,NEW:NP5069,BoulderNomad Patio Heater,patio,patio heater,Summit Finch,migrated,review_ambiguous,False,2,2,2,420.38,5.0,2,210.19
2026-08-01,S001,P1003,CreekRambler 2P Camp Chair 202,camping,camp chair,Creekline,migrated,matched_exact,True,1,1,1,375.39,15.0,1,375.39
2026-08-01,S001,P1008,CanyonNomad Waterproof Trail Shoes 207,footwear,trail shoes,TrailForge,migrated,matched_exact,True,1,1,2,297.82,15.0,1,148.91
2026-08-01,S001,P1011,BoulderRambler Rechargeable Flashlight 210,emergency,flashlight,Creekline,migrated,matched_exact,True,1,1,2,265.32,0.0,0,132.66
2026-08-01,S001,P1013,FieldRunner Packable Jacket 212,outerwear,rain shell,Blue Ridge Works,migrated,matched_exact,True,1,1,1,99.43,0.0,0,99.43
2026-08-01,S001,P1015,MoonRambler Ultralight Camp Chair 214,camping,camp chair,Switchback Supply,migrated,matched_exact,True,1,1,3,543.6,5.0,1,181.2
2026-08-01,S001,P1016,PeakNomad XL Cooler 215,patio,cooler,TrailForge,migrated,matched_exact,True,2,2,4,2400.08,7.5,1,600.02
2026-08-01,S001,P1019,CreekRambler Alpine Jacket 218,outerwear,rain shell,Creekline,migrated,matched_exact,True,1,1,1,143.94,20.0,1,143.94
2026-08-01,S001,P1022,TrailRover Weekend Patio Heater 221,patio,patio heater,Summit Finch,migrated,matched_exact,True,2,2,6,2266.92,2.5,1,377.82
2026-08-01,S001,P1030,SwitchbackRover 20oz Tumbler 229,hydration,insulated tumbler,Summit Finch,migrated,matched_exact,True,1,1,4,437.12,15.0,1,109.28
2026-08-01,S001,P1033,SummitRunner 4P Tent 232,camping,tent,Rocky Top Outfitters,migrated,matched_exact,True,1,1,3,562.8,0.0,0,187.6
2026-08-01,S001,P1034,RidgeRover Deluxe Patio Heater 233,patio,patio heater,Highland Ember,migrated,matched_exact,True,2,2,5,708.42,15.0,2,141.68
2026-08-01,S001,P1036,StormNomad 32oz Tumbler 235,hydration,insulated tumbler,Moss & Mile,migrated,matched_exact,True,1,1,1,148.63,5.0,1,148.63
2026-08-01,S001,P1047,MoonRambler Expedition Flashlight 246,emergency,flashlight,Switchback Supply,migrated,matched_exact,True,1,1,1,46.46,20.0,1,46.46
2026-08-01,S001,P1048,PeakNomad Travel Tumbler 247,hydration,insulated tumbler,TrailForge,migrated,matched_exact,True,1,1,1,69.06,5.0,1,69.06
2026-08-01,S001,P1055,HearthRambler Stormproof Jacket 254,outerwear,rain shell,Switchback Supply,migrated,matched_exact,True,1,1,1,223.58,20.0,1,223.58
2026-08-01,S002,NEW:NP5057,PineRunner 4P Tent 256 Pro,camping,tent,RTO House Brand,migrated,review_low_confidence,False,2,2,3,999.03,15.0,2,333.01
2026-08-01,S002,P1004,StormNomad Compact Cooler 203,patio,cooler,Moss & Mile,migrated,matched_exact,True,1,1,1,108.96,0.0,0,108.96
2026-08-01,S002,P1006,TrailRover 20oz Tumbler 205,hydration,insulated tumbler,Summit Finch,migrated,matched_exact,True,1,1,3,166.14,0.0,0,55.38
2026-08-01,S002,P1008,CanyonNomad Waterproof Trail Shoes 207,footwear,trail shoes,TrailForge,migrated,matched_exact,True,2,2,4,648.2,7.5,2,162.05
2026-08-01,S002,P1016,PeakNomad XL Cooler 215,patio,cooler,TrailForge,migrated,matched_exact,True,1,1,3,1946.01,0.0,0,648.67
2026-08-01,S002,P1032,PeakNomad Waterproof Trail Shoes 231,footwear,trail shoes,TrailForge,migrated,matched_exact,True,1,1,2,400.86,0.0,0,200.43
2026-08-01,S002,P1036,StormNomad 32oz Tumbler 235,hydration,insulated tumbler,Moss & Mile,migrated,matched_exact,True,1,1,1,125.16,20.0,1,125.16
2026-08-01,S002,P1044,CloudNomad Approach Trail Shoes 243,footwear,trail shoes,Moss & Mile,migrated,matched_exact,True,1,1,3,581.28,0.0,0,193.76
2026-08-01,S002,P1047,MoonRambler Expedition Flashlight 246,emergency,flashlight,Switchback Supply,migrated,matched_exact,True,1,1,2,104.52,10.0,1,52.26
2026-08-01,S002,P1066,RidgeRover Trail Tumbler 265,hydration,insulated tumbler,Highland Ember,migrated,matched_exact,True,1,1,2,181.76,10.0,1,90.88
2026-08-01,S002,P1068,StormNomad Approach Trail Shoes 267,footwear,trail shoes,Moss & Mile,migrated,matched_exact,True,1,1,1,86.31,0.0,0,86.31
2026-08-01,S003,NEW:NP5061,FieldRunner Packable Jacket 260 Pro,apparel,waterproof outerwear,Blue Ridge Outdoor Works,migrated,review_ambiguous,False,1,1,4,616.76,0.0,0,154.19
2026-08-01,S003,NEW:NP5067,CreekRambler Alpine Jacket 266 Pro,apparel,waterproof outerwear,Creekline,migrated,review_ambiguous,False,1,1,2,445.6,10.0,1,222.8
2026-08-01,S003,NEW:NP5074,SwitchbackRover Insulated Tumbler,drinkware,insulated tumbler,Summit Finch,migrated,review_duplicate_candidate,False,1,1,1,130.96,20.0,1,130.96
2026-08-01,S003,NEW:NP5076,PeakNomad Trail Shoes,footwear,trail shoes,TrailForge,migrated,review_duplicate_candidate,False,1,1,3,471.36,0.0,0,157.12
2026-08-01,S003,P1003,CreekRambler 2P Camp Chair 202,camping,camp chair,Creekline,migrated,matched_exact,True,2,2,2,883.26,0.0,0,441.63
2026-08-01,S003,P1009,PineRunner 4P Tent 208,camping,tent,Rocky Top Outfitters,migrated,matched_exact,True,1,1,2,237.44,0.0,0,118.72
2026-08-01,S003,P1010,VistaRover Deluxe Patio Heater 209,patio,patio heater,Highland Ember,migrated,matched_exact,True,1,1,4,1777.84,20.0,1,444.46
2026-08-01,S003,P1024,CanyonNomad Travel Tumbler 223,hydration,insulated tumbler,TrailForge,migrated,matched_exact,True,1,1,4,353.48,0.0,0,88.37
2026-08-01,S003,P1027,BoulderRambler 2P Camp Chair 226,camping,camp chair,Creekline,migrated,matched_exact,True,1,1,4,353.88,5.0,1,88.47
2026-08-01,S003,P1034,RidgeRover Deluxe Patio Heater 233,patio,patio heater,Highland Ember,migrated,matched_exact,True,1,1,1,143.37,15.0,1,143.37
2026-08-01,S003,P1035,CreekRambler Rechargeable Flashlight 234,emergency,flashlight,Creekline,migrated,matched_exact,True,1,1,2,245.24,15.0,1,122.62
2026-08-01,S003,P1037,EmberRunner Packable Jacket 236,outerwear,rain shell,Blue Ridge Works,migrated,matched_exact,True,1,1,2,169.82,5.0,1,84.91
2026-08-01,S003,P1043,BoulderRambler Alpine Jacket 242,outerwear,rain shell,Creekline,migrated,matched_exact,True,1,1,1,237.41,0.0,0,237.41
2026-08-01,S003,P1046,SwitchbackRover Weekend Patio Heater 245,patio,patio heater,Summit Finch,migrated,matched_exact,True,1,1,3,652.38,5.0,1,217.46
2026-08-01,S003,P1050,RidgeRover Mid Trail Shoes 249,footwear,trail shoes,Highland Ember,migrated,matched_exact,True,1,1,2,148.88,0.0,0,74.44
2026-08-01,S003,P1068,StormNomad Approach Trail Shoes 267,footwear,trail shoes,Moss & Mile,migrated,matched_exact,True,1,1,1,86.31,0.0,0,86.31
2026-08-01,S004,NEW:NP5061,FieldRunner Packable Jacket 260 Pro,apparel,waterproof outerwear,Blue Ridge Outdoor Works,migrated,review_ambiguous,False,1,1,1,138.77,10.0,1,138.77
2026-08-01,S004,NEW:NP5067,CreekRambler Alpine Jacket 266 Pro,apparel,waterproof outerwear,Creekline,migrated,review_ambiguous,False,1,1,1,247.56,0.0,0,247.56
2026-08-01,S004,NEW:NP5069,BoulderNomad Patio Heater,patio,patio heater,Summit Finch,migrated,review_ambiguous,False,1,1,1,188.06,15.0,1,188.06
2026-08-01,S004,P1001,SummitRunner Lightweight Jacket 200,outerwear,rain shell,Rocky Top Outfitters,migrated,matched_exact,True,1,1,4,519.08,0.0,0,129.77
2026-08-01,S004,P1006,TrailRover 20oz Tumbler 205,hydration,insulated tumbler,Summit Finch,migrated,matched_exact,True,1,1,1,47.07,15.0,1,47.07
2026-08-01,S004,P1021,EmberRunner Basecamp Tent 220,camping,tent,Blue Ridge Works,migrated,matched_exact,True,2,2,3,217.42,2.5,1,72.47
2026-08-01,S004,P1031,MoonRambler Stormproof Jacket 230,outerwear,rain shell,Switchback Supply,migrated,matched_exact,True,1,1,4,617.56,10.0,1,154.39
2026-08-01,S004,P1039,HearthRambler Ultralight Camp Chair 238,camping,camp chair,Switchback Supply,migrated,matched_exact,True,1,1,1,340.47,5.0,1,340.47
2026-08-01,S004,P1043,BoulderRambler Alpine Jacket 242,outerwear,rain shell,Creekline,migrated,matched_exact,True,1,1,1,237.41,0.0,0,237.41
2026-08-01,S004,P1048,PeakNomad Travel Tumbler 247,hydration,insulated tumbler,TrailForge,migrated,matched_exact,True,1,1,2,138.12,5.0,1,69.06
2026-08-01,S004,P1056,CanyonNomad Waterproof Trail Shoes 255,footwear,trail shoes,TrailForge,migrated,matched_exact,True,1,1,1,148.79,0.0,0,148.79
2026-08-01,S004,P1058,VistaRover Deluxe Patio Heater 257,patio,patio heater,Highland Ember,migrated,matched_exact,True,1,1,2,545.52,5.0,1,272.76
2026-08-01,S005,P1002,RidgeRover Mid Trail Shoes 201,footwear,trail shoes,Highland Ember,migrated,matched_exact,True,1,1,4,698.92,15.0,1,174.73
2026-08-01,S005,P1005,EmberRunner Storm Kit Battery Pack 204,emergency,battery pack,Blue Ridge Works,migrated,matched_exact,True,1,1,2,191.02,15.0,1,95.51
2026-08-01,S005,P1008,CanyonNomad Waterproof Trail Shoes 207,footwear,trail shoes,TrailForge,migrated,matched_exact,True,1,1,1,166.43,5.0,1,166.43
2026-08-01,S005,P1031,MoonRambler Stormproof Jacket 230,outerwear,rain shell,Switchback Supply,migrated,matched_exact,True,1,1,1,137.23,20.0,1,137.23
2026-08-01,S005,P1038,TrailRover Wide Trail Shoes 237,footwear,trail shoes,Summit Finch,migrated,matched_exact,True,1,1,2,317.08,20.0,1,158.54
2026-08-01,S005,P1058,VistaRover Deluxe Patio Heater 257,patio,patio heater,Highland Ember,migrated,matched_exact,True,1,1,1,287.12,0.0,0,287.12
2026-08-01,S006,NEW:NP5061,FieldRunner Packable Jacket 260 Pro,apparel,waterproof outerwear,Blue Ridge Outdoor Works,migrated,review_ambiguous,False,1,1,2,262.12,15.0,1,131.06
2026-08-01,S006,NEW:NP5070,FieldPacer Insulated Tumbler,drinkware,insulated tumbler,TrailForge,migrated,review_ambiguous,False,1,1,4,486.92,15.0,1,121.73
2026-08-01,S006,P1004,StormNomad Compact Cooler 203,patio,cooler,Moss & Mile,migrated,matched_exact,True,1,1,3,326.88,0.0,0,108.96
2026-08-01,S006,P1009,PineRunner 4P Tent 208,camping,tent,Rocky Top Outfitters,migrated,matched_exact,True,1,1,1,100.91,15.0,1,100.91
2026-08-01,S006,P1015,MoonRambler Ultralight Camp Chair 214,camping,camp chair,Switchback Supply,migrated,matched_exact,True,1,1,1,190.74,0.0,0,190.74
2026-08-01,S006,P1027,BoulderRambler 2P Camp Chair 226,camping,camp chair,Creekline,migrated,matched_exact,True,2,2,3,242.13,10.0,1,80.71
2026-08-01,S006,P1032,PeakNomad Waterproof Trail Shoes 231,footwear,trail shoes,TrailForge,migrated,matched_exact,True,1,1,1,200.43,0.0,0,200.43
2026-08-01,S006,P1037,EmberRunner Packable Jacket 236,outerwear,rain shell,Blue Ridge Works,migrated,matched_exact,True,1,1,1,89.38,0.0,0,89.38
2026-08-01,S006,P1040,CanyonNomad XL Cooler 239,patio,cooler,TrailForge,migrated,matched_exact,True,2,2,5,505.35,5.0,1,101.07
2026-08-01,S006,P1041,PineRunner Mini Battery Pack 240,emergency,battery pack,Rocky Top Outfitters,migrated,matched_exact,True,1,1,1,48.19,10.0,1,48.19
2026-08-01,S006,P1043,BoulderRambler Alpine Jacket 242,outerwear,rain shell,Creekline,migrated,matched_exact,True,1,1,1,225.54,5.0,1,225.54
2026-08-01,S006,P1046,SwitchbackRover Weekend Patio Heater 245,patio,patio heater,Summit Finch,migrated,matched_exact,True,1,1,4,915.64,0.0,0,228.91
2026-08-01,S006,P1052,StormNomad Compact Cooler 251,patio,cooler,Moss & Mile,migrated,matched_exact,True,1,1,3,1077.75,5.0,1,359.25
2026-08-01,S006,P1054,TrailRover 20oz Tumbler 253,hydration,insulated tumbler,Summit Finch,migrated,matched_exact,True,1,1,1,58.13,20.0,1,58.13
2026-08-01,S006,P1060,CloudNomad 32oz Tumbler 259,hydration,insulated tumbler,Moss & Mile,migrated,matched_exact,True,1,1,3,499.95,0.0,0,166.65
2026-08-01,S006,P1066,RidgeRover Trail Tumbler 265,hydration,insulated tumbler,Highland Ember,migrated,matched_exact,True,1,1,2,171.66,15.0,1,85.83
2026-08-01,S007,NEW:NP5071,MoonScout Trail Shoes,footwear,trail shoes,Highland Ember,migrated,review_ambiguous,False,1,1,1,220.05,0.0,0,220.05
2026-08-01,S007,P1006,TrailRover 20oz Tumbler 205,hydration,insulated tumbler,Summit Finch,migrated,matched_exact,True,1,1,4,221.52,0.0,0,55.38
2026-08-01,S007,P1019,CreekRambler Alpine Jacket 218,outerwear,rain shell,Creekline,migrated,matched_exact,True,1,1,1,161.94,10.0,1,161.94
2026-08-01,S007,P1023,HearthRambler Expedition Flashlight 222,emergency,flashlight,Switchback Supply,migrated,matched_exact,True,1,1,1,144.84,0.0,0,144.84
2026-08-01,S007,P1024,CanyonNomad Travel Tumbler 223,hydration,insulated tumbler,TrailForge,migrated,matched_exact,True,1,1,1,70.7,20.0,1,70.7
2026-08-01,S007,P1025,PineRunner Lightweight Jacket 224,outerwear,rain shell,Rocky Top Outfitters,migrated,matched_exact,True,1,1,2,242.74,0.0,0,121.37
2026-08-01,S007,P1028,CloudNomad Compact Cooler 227,patio,cooler,Moss & Mile,migrated,matched_exact,True,1,1,1,597.61,5.0,1,597.61
2026-08-01,S007,P1030,SwitchbackRover 20oz Tumbler 229,hydration,insulated tumbler,Summit Finch,migrated,matched_exact,True,1,1,2,231.4,10.0,1,115.7
2026-08-01,S007,P1032,PeakNomad Waterproof Trail Shoes 231,footwear,trail shoes,TrailForge,migrated,matched_exact,True,1,1,2,400.86,0.0,0,200.43
2026-08-01,S007,P1036,StormNomad 32oz Tumbler 235,hydration,insulated tumbler,Moss & Mile,migrated,matched_exact,True,1,1,1,156.45,0.0,0,156.45
2026-08-01,S007,P1038,TrailRover Wide Trail Shoes 237,footwear,trail shoes,Summit Finch,migrated,matched_exact,True,1,1,1,198.18,0.0,0,198.18
2026-08-01,S007,P1040,CanyonNomad XL Cooler 239,patio,cooler,TrailForge,migrated,matched_exact,True,1,1,3,322.56,0.0,0,107.52
2026-08-01,S007,P1042,VistaRover Trail Tumbler 241,hydration,insulated tumbler,Highland Ember,migrated,matched_exact,True,1,1,3,269.67,20.0,1,89.89
2026-08-01,S007,P1058,VistaRover Deluxe Patio Heater 257,patio,patio heater,Highland Ember,migrated,matched_exact,True,1,1,1,258.41,10.0,1,258.41
2026-08-01,S008,NEW:NP5069,BoulderNomad Patio Heater,patio,patio heater,Summit Finch,migrated,review_ambiguous,False,1,1,2,442.5,0.0,0,221.25
2026-08-01,S008,P1016,PeakNomad XL Cooler 215,patio,cooler,TrailForge,migrated,matched_exact,True,1,1,3,1946.01,0.0,0,648.67
2026-08-01,S008,P1026,VistaRover Mid Trail Shoes 225,footwear,trail shoes,Highland Ember,migrated,matched_exact,True,1,1,1,128.7,0.0,0,128.7
2026-08-01,S008,P1036,StormNomad 32oz Tumbler 235,hydration,insulated tumbler,Moss & Mile,migrated,matched_exact,True,1,1,4,625.8,0.0,0,156.45
2026-08-01,S008,P1042,VistaRover Trail Tumbler 241,hydration,insulated tumbler,Highland Ember,migrated,matched_exact,True,1,1,4,382.04,15.0,1,95.51
2026-08-01,S008,P1051,CreekRambler 2P Camp Chair 250,camping,camp chair,Creekline,migrated,matched_exact,True,1,1,1,386.12,10.0,1,386.12
2026-08-01,S008,P1055,HearthRambler Stormproof Jacket 254,outerwear,rain shell,Switchback Supply,migrated,matched_exact,True,2,2,5,1229.7,10.0,1,245.94
2026-08-01,S008,P1056,CanyonNomad Waterproof Trail Shoes 255,footwear,trail shoes,TrailForge,migrated,matched_exact,True,1,1,4,505.88,15.0,1,126.47
2026-08-02,S001,NEW:NP5067,CreekRambler Alpine Jacket 266 Pro,apparel,waterproof outerwear,Creekline,migrated,review_ambiguous,False,1,1,4,940.72,5.0,1,235.18
2026-08-02,S001,NEW:NP5070,FieldPacer Insulated Tumbler,drinkware,insulated tumbler,TrailForge,migrated,review_ambiguous,False,1,1,2,257.78,10.0,1,128.89
2026-08-02,S001,NEW:NP5075,MoonRambler Rain Shell,apparel,waterproof outerwear,Switchback Supply,migrated,review_duplicate_candidate,False,1,1,1,274.77,0.0,0,274.77
2026-08-02,S001,P1008,CanyonNomad Waterproof Trail Shoes 207,footwear,trail shoes,TrailForge,migrated,matched_exact,True,1,1,2,297.82,15.0,1,148.91
2026-08-02,S001,P1016,PeakNomad XL Cooler 215,patio,cooler,TrailForge,migrated,matched_exact,True,1,1,1,518.94,20.0,1,518.94
2026-08-02,S001,P1018,RidgeRover Trail Tumbler 217,hydration,insulated tumbler,Highland Ember,migrated,matched_exact,True,1,1,1,150.17,0.0,0,150.17
2026-08-02,S001,P1021,EmberRunner Basecamp Tent 220,camping,tent,Blue Ridge Works,migrated,matched_exact,True,2,2,6,398.0,7.5,1,66.33
2026-08-02,S001,P1022,TrailRover Weekend Patio Heater 221,patio,patio heater,Summit Finch,migrated,matched_exact,True,1,1,1,310.01,20.0,1,310.01
2026-08-02,S001,P1031,MoonRambler Stormproof Jacket 230,outerwear,rain shell,Switchback Supply,migrated,matched_exact,True,1,1,2,291.62,15.0,1,145.81
2026-08-02,S001,P1035,CreekRambler Rechargeable Flashlight 234,emergency,flashlight,Creekline,migrated,matched_exact,True,1,1,1,144.26,0.0,0,144.26
2026-08-02,S001,P1041,PineRunner Mini Battery Pack 240,emergency,battery pack,Rocky Top Outfitters,migrated,matched_exact,True,1,1,2,107.08,0.0,0,53.54
2026-08-02,S001,P1042,VistaRover Trail Tumbler 241,hydration,insulated tumbler,Highland Ember,migrated,matched_exact,True,1,1,1,112.36,0.0,0,112.36
2026-08-02,S001,P1043,BoulderRambler Alpine Jacket 242,outerwear,rain shell,Creekline,migrated,matched_exact,True,1,1,4,902.16,5.0,1,225.54
2026-08-02,S001,P1046,SwitchbackRover Weekend Patio Heater 245,patio,patio heater,Summit Finch,migrated,matched_exact,True,1,1,4,915.64,0.0,0,228.91
2026-08-02,S001,P1047,MoonRambler Expedition Flashlight 246,emergency,flashlight,Switchback Supply,migrated,matched_exact,True,1,1,2,116.14,0.0,0,58.07
2026-08-02,S001,P1048,PeakNomad Travel Tumbler 247,hydration,insulated tumbler,TrailForge,migrated,matched_exact,True,1,1,4,290.8,0.0,0,72.7
2026-08-02,S001,P1050,RidgeRover Mid Trail Shoes 249,footwear,trail shoes,Highland Ember,migrated,matched_exact,True,1,1,2,148.88,0.0,0,74.44
2026-08-02,S001,P1052,StormNomad Compact Cooler 251,patio,cooler,Moss & Mile,migrated,matched_exact,True,1,1,2,718.5,5.0,1,359.25
2026-08-02,S001,P1060,CloudNomad 32oz Tumbler 259,hydration,insulated tumbler,Moss & Mile,migrated,matched_exact,True,1,1,3,424.95,15.0,1,141.65
2026-08-02,S001,P1066,RidgeRover Trail Tumbler 265,hydration,insulated tumbler,Highland Ember,migrated,matched_exact,True,1,1,2,191.86,5.0,1,95.93
2026-08-02,S002,NEW:NP5057,PineRunner 4P Tent 256 Pro,camping,tent,RTO House Brand,migrated,review_low_confidence,False,1,1,4,1438.6,10.0,1,359.65
2026-08-02,S002,NEW:NP5063,MoonRambler Ultralight Camp Chair 262 Pro,camping,camp chair,Switchback Supply,migrated,review_ambiguous,False,1,1,2,146.72,5.0,1,73.36
2026-08-02,S002,NEW:NP5067,CreekRambler Alpine Jacket 266 Pro,apparel,waterproof outerwear,Creekline,migrated,review_ambiguous,False,1,1,1,247.56,0.0,0,247.56
2026-08-02,S002,NEW:NP5075,MoonRambler Rain Shell,apparel,waterproof outerwear,Switchback Supply,migrated,review_duplicate_candidate,False,2,2,3,755.61,10.0,2,251.87
2026-08-02,S002,P1002,RidgeRover Mid Trail Shoes 201,footwear,trail shoes,Highland Ember,migrated,matched_exact,True,1,1,3,616.71,0.0,0,205.57
2026-08-02,S002,P1003,CreekRambler 2P Camp Chair 202,camping,camp chair,Creekline,migrated,matched_exact,True,1,1,4,1766.52,0.0,0,441.63
2026-08-02,S002,P1012,CloudNomad 32oz Tumbler 211,hydration,insulated tumbler,Moss & Mile,migrated,matched_exact,True,1,1,2,240.1,0.0,0,120.05
2026-08-02,S002,P1026,VistaRover Mid Trail Shoes 225,footwear,trail shoes,Highland Ember,migrated,matched_exact,True,1,1,1,115.83,10.0,1,115.83
2026-08-02,S002,P1031,MoonRambler Stormproof Jacket 230,outerwear,rain shell,Switchback Supply,migrated,matched_exact,True,1,1,1,145.81,15.0,1,145.81
2026-08-02,S002,P1033,SummitRunner 4P Tent 232,camping,tent,Rocky Top Outfitters,migrated,matched_exact,True,1,1,4,750.4,0.0,0,187.6
2026-08-02,S002,P1034,RidgeRover Deluxe Patio Heater 233,patio,patio heater,Highland Ember,migrated,matched_exact,True,2,2,4,666.25,2.5,1,166.56
2026-08-02,S002,P1037,EmberRunner Packable Jacket 236,outerwear,rain shell,Blue Ridge Works,migrated,matched_exact,True,1,1,2,178.76,0.0,0,89.38
2026-08-02,S002,P1038,TrailRover Wide Trail Shoes 237,footwear,trail shoes,Summit Finch,migrated,matched_exact,True,1,1,1,168.45,15.0,1,168.45
2026-08-02,S002,P1040,CanyonNomad XL Cooler 239,patio,cooler,TrailForge,migrated,matched_exact,True,1,1,4,387.08,10.0,1,96.77
2026-08-02,S002,P1049,SummitRunner Lightweight Jacket 248,outerwear,rain shell,Rocky Top Outfitters,migrated,matched_exact,True,1,1,4,849.08,5.0,1,212.27
2026-08-02,S002,P1062,SwitchbackRover Wide Trail Shoes 261,footwear,trail shoes,Summit Finch,migrated,matched_exact,True,1,1,1,138.8,15.0,1,138.8
2026-08-02,S003,NEW:NP5065,SummitRunner Mini Battery Pack 264 Pro,preparedness,power storage,RTO House Brand,migrated,review_ambiguous,False,1,1,1,102.29,5.0,1,102.29
2026-08-02,S003,NEW:NP5067,CreekRambler Alpine Jacket 266 Pro,apparel,waterproof outerwear,Creekline,migrated,review_ambiguous,False,1,1,2,445.6,10.0,1,222.8
2026-08-02,S003,NEW:NP5071,MoonScout Trail Shoes,footwear,trail shoes,Highland Ember,migrated,review_ambiguous,False,1,1,1,209.05,5.0,1,209.05
2026-08-02,S003,NEW:NP5073,FieldRunner Battery Pack,preparedness,power storage,Blue Ridge Outdoor Works,migrated,review_duplicate_candidate,False,1,1,1,91.38,0.0,0,91.38
2026-08-02,S003,P1010,VistaRover Deluxe Patio Heater 209,patio,patio heater,Highland Ember,migrated,matched_exact,True,1,1,3,1666.74,0.0,0,555.58
2026-08-02,S003,P1019,CreekRambler Alpine Jacket 218,outerwear,rain shell,Creekline,migrated,matched_exact,True,1,1,2,359.86,0.0,0,179.93
2026-08-02,S003,P1020,StormNomad Approach Trail Shoes 219,footwear,trail shoes,Moss & Mile,migrated,matched_exact,True,1,1,1,207.39,0.0,0,207.39
2026-08-02,S003,P1021,EmberRunner Basecamp Tent 220,camping,tent,Blue Ridge Works,migrated,matched_exact,True,1,1,3,221.1,0.0,0,73.7
2026-08-02,S003,P1023,HearthRambler Expedition Flashlight 222,emergency,flashlight,Switchback Supply,migrated,matched_exact,True,1,1,1,130.36,10.0,1,130.36
2026-08-02,S003,P1031,MoonRambler Stormproof Jacket 230,outerwear,rain shell,Switchback Supply,migrated,matched_exact,True,1,1,3,514.62,0.0,0,171.54
2026-08-02,S003,P1044,CloudNomad Approach Trail Shoes 243,footwear,trail shoes,Moss & Mile,migrated,matched_exact,True,1,1,4,736.28,5.0,1,184.07
2026-08-02,S003,P1045,FieldRunner Basecamp Tent 244,camping,tent,Blue Ridge Works,migrated,matched_exact,True,1,1,1,274.84,20.0,1,274.84
2026-08-02,S003,P1064,PeakNomad XL Cooler 263,patio,cooler,TrailForge,migrated,matched_exact,True,1,1,2,1311.36,0.0,0,655.68
2026-08-02,S004,NEW:NP5057,PineRunner 4P Tent 256 Pro,camping,tent,RTO House Brand,migrated,review_low_confidence,False,1,1,1,319.69,20.0,1,319.69
2026-08-02,S004,NEW:NP5063,MoonRambler Ultralight Camp Chair 262 Pro,camping,camp chair,Switchback Supply,migrated,review_ambiguous,False,1,1,2,123.56,20.0,1,61.78
2026-08-02,S004,NEW:NP5067,CreekRambler Alpine Jacket 266 Pro,apparel,waterproof outerwear,Creekline,migrated,review_ambiguous,False,1,1,1,210.43,15.0,1,210.43
2026-08-02,S004,NEW:NP5069,BoulderNomad Patio Heater,patio,patio heater,Summit Finch,migrated,review_ambiguous,False,1,1,3,597.36,10.0,1,199.12
2026-08-02,S004,P1021,EmberRunner Basecamp Tent 220,camping,tent,Blue Ridge Works,migrated,matched_exact,True,1,1,3,198.99,10.0,1,66.33
2026-08-02,S004,P1036,StormNomad 32oz Tumbler 235,hydration,insulated tumbler,Moss & Mile,migrated,matched_exact,True,1,1,4,625.8,0.0,0,156.45
2026-08-02,S004,P1040,CanyonNomad XL Cooler 239,patio,cooler,TrailForge,migrated,matched_exact,True,1,1,2,215.04,0.0,0,107.52
2026-08-02,S004,P1053,EmberRunner Storm Kit Battery Pack 252,emergency,battery pack,Blue Ridge Works,migrated,matched_exact,True,1,1,3,318.42,5.0,1,106.14
2026-08-02,S004,P1060,CloudNomad 32oz Tumbler 259,hydration,insulated tumbler,Moss & Mile,migrated,matched_exact,True,1,1,3,424.95,15.0,1,141.65
2026-08-02,S004,P1062,SwitchbackRover Wide Trail Shoes 261,footwear,trail shoes,Summit Finch,migrated,matched_exact,True,2,2,7,1094.04,5.0,1,156.29
2026-08-02,S005,NEW:NP5057,PineRunner 4P Tent 256 Pro,camping,tent,RTO House Brand,migrated,review_low_confidence,False,1,1,2,799.22,0.0,0,399.61
2026-08-02,S005,NEW:NP5067,CreekRambler Alpine Jacket 266 Pro,apparel,waterproof outerwear,Creekline,migrated,review_ambiguous,False,2,2,4,816.96,17.5,2,204.24
2026-08-02,S005,NEW:NP5069,BoulderNomad Patio Heater,patio,patio heater,Summit Finch,migrated,review_ambiguous,False,1,1,1,221.25,0.0,0,221.25
2026-08-02,S005,NEW:NP5074,SwitchbackRover Insulated Tumbler,drinkware,insulated tumbler,Summit Finch,migrated,review_duplicate_candidate,False,1,1,3,417.42,15.0,1,139.14
2026-08-02,S005,P1018,RidgeRover Trail Tumbler 217,hydration,insulated tumbler,Highland Ember,migrated,matched_exact,True,1,1,2,300.34,0.0,0,150.17
2026-08-02,S005,P1023,HearthRambler Expedition Flashlight 222,emergency,flashlight,Switchback Supply,migrated,matched_exact,True,1,1,2,289.68,0.0,0,144.84
2026-08-02,S005,P1030,SwitchbackRover 20oz Tumbler 229,hydration,insulated tumbler,Summit Finch,migrated,matched_exact,True,1,1,3,366.39,5.0,1,122.13
2026-08-02,S005,P1040,CanyonNomad XL Cooler 239,patio,cooler,TrailForge,migrated,matched_exact,True,1,1,1,96.77,10.0,1,96.77
2026-08-02,S005,P1044,CloudNomad Approach Trail Shoes 243,footwear,trail shoes,Moss & Mile,migrated,matched_exact,True,1,1,2,329.4,15.0,1,164.7
2026-08-02,S005,P1045,FieldRunner Basecamp Tent 244,camping,tent,Blue Ridge Works,migrated,matched_exact,True,1,1,1,343.55,0.0,0,343.55
2026-08-02,S005,P1047,MoonRambler Expedition Flashlight 246,emergency,flashlight,Switchback Supply,migrated,matched_exact,True,1,1,1,58.07,0.0,0,58.07
2026-08-02,S005,P1054,TrailRover 20oz Tumbler 253,hydration,insulated tumbler,Summit Finch,migrated,matched_exact,True,2,2,2,130.79,10.0,1,65.4
2026-08-02,S006,NEW:NP5067,CreekRambler Alpine Jacket 266 Pro,apparel,waterproof outerwear,Creekline,migrated,review_ambiguous,False,1,1,2,470.36,5.0,1,235.18
2026-08-02,S006,NEW:NP5071,MoonScout Trail Shoes,footwear,trail shoes,Highland Ember,migrated,review_ambiguous,False,1,1,1,220.05,0.0,0,220.05
2026-08-02,S006,NEW:NP5072,SummitRover Cooler,patio,cooler,Moss and Mile,migrated,review_ambiguous,False,1,1,2,1351.9,15.0,1,675.95
2026-08-02,S006,NEW:NP5075,MoonRambler Rain Shell,apparel,waterproof outerwear,Switchback Supply,migrated,review_duplicate_candidate,False,1,1,4,1044.12,5.0,1,261.03
2026-08-02,S006,P1002,RidgeRover Mid Trail Shoes 201,footwear,trail shoes,Highland Ember,migrated,matched_exact,True,1,1,3,555.03,10.0,1,185.01
2026-08-02,S006,P1004,StormNomad Compact Cooler 203,patio,cooler,Moss & Mile,migrated,matched_exact,True,2,2,5,479.44,7.5,1,95.89
2026-08-02,S006,P1010,VistaRover Deluxe Patio Heater 209,patio,patio heater,Highland Ember,migrated,matched_exact,True,1,1,4,2000.08,10.0,1,500.02
2026-08-02,S006,P1012,CloudNomad 32oz Tumbler 211,hydration,insulated tumbler,Moss & Mile,migrated,matched_exact,True,1,1,4,408.16,15.0,1,102.04
2026-08-02,S006,P1018,RidgeRover Trail Tumbler 217,hydration,insulated tumbler,Highland Ember,migrated,matched_exact,True,1,1,1,142.66,5.0,1,142.66
2026-08-02,S006,P1029,FieldRunner Storm Kit Battery Pack 228,emergency,battery pack,Blue Ridge Works,migrated,matched_exact,True,1,1,4,440.76,10.0,1,110.19
2026-08-02,S006,P1050,RidgeRover Mid Trail Shoes 249,footwear,trail shoes,Highland Ember,migrated,matched_exact,True,1,1,3,178.65,20.0,1,59.55
2026-08-02,S006,P1051,CreekRambler 2P Camp Chair 250,camping,camp chair,Creekline,migrated,matched_exact,True,1,1,2,772.24,10.0,1,386.12
2026-08-02,S006,P1055,HearthRambler Stormproof Jacket 254,outerwear,rain shell,Switchback Supply,migrated,matched_exact,True,1,1,2,558.96,0.0,0,279.48
2026-08-02,S006,P1064,PeakNomad XL Cooler 263,patio,cooler,TrailForge,migrated,matched_exact,True,1,1,1,622.9,5.0,1,622.9
2026-08-02,S006,P1066,RidgeRover Trail Tumbler 265,hydration,insulated tumbler,Highland Ember,migrated,matched_exact,True,1,1,3,302.94,0.0,0,100.98
2026-08-02,S007,NEW:NP5076,PeakNomad Trail Shoes,footwear,trail shoes,TrailForge,migrated,review_duplicate_candidate,False,1,1,2,298.52,5.0,1,149.26
2026-08-02,S007,P1005,EmberRunner Storm Kit Battery Pack 204,emergency,battery pack,Blue Ridge Works,migrated,matched_exact,True,1,1,4,449.48,0.0,0,112.37
2026-08-02,S007,P1013,FieldRunner Packable Jacket 212,outerwear,rain shell,Blue Ridge Works,migrated,matched_exact,True,1,1,1,99.43,0.0,0,99.43
2026-08-02,S007,P1019,CreekRambler Alpine Jacket 218,outerwear,rain shell,Creekline,migrated,matched_exact,True,1,1,1,170.93,5.0,1,170.93
2026-08-02,S007,P1030,SwitchbackRover 20oz Tumbler 229,hydration,insulated tumbler,Summit Finch,migrated,matched_exact,True,1,1,1,128.56,0.0,0,128.56
2026-08-02,S007,P1034,RidgeRover Deluxe Patio Heater 233,patio,patio heater,Highland Ember,migrated,matched_exact,True,1,1,2,269.88,20.0,1,134.94
2026-08-02,S007,P1042,VistaRover Trail Tumbler 241,hydration,insulated tumbler,Highland Ember,migrated,matched_exact,True,1,1,2,191.02,15.0,1,95.51
2026-08-02,S007,P1046,SwitchbackRover Weekend Patio Heater 245,patio,patio heater,Summit Finch,migrated,matched_exact,True,1,1,4,915.64,0.0,0,228.91
2026-08-02,S007,P1054,TrailRover 20oz Tumbler 253,hydration,insulated tumbler,Summit Finch,migrated,matched_exact,True,1,1,2,116.26,20.0,1,58.13
2026-08-02,S008,NEW:NP5073,FieldRunner Battery Pack,preparedness,power storage,Blue Ridge Outdoor Works,migrated,review_duplicate_candidate,False,1,1,4,347.24,5.0,1,86.81
2026-08-02,S008,P1008,CanyonNomad Waterproof Trail Shoes 207,footwear,trail shoes,TrailForge,migrated,matched_exact,True,1,1,2,297.82,15.0,1,148.91
2026-08-02,S008,P1022,TrailRover Weekend Patio Heater 221,patio,patio heater,Summit Finch,migrated,matched_exact,True,2,2,3,1026.89,10.0,2,342.3
2026-08-02,S008,P1034,RidgeRover Deluxe Patio Heater 233,patio,patio heater,Highland Ember,migrated,matched_exact,True,1,1,1,160.24,5.0,1,160.24
2026-08-02,S008,P1037,EmberRunner Packable Jacket 236,outerwear,rain shell,Blue Ridge Works,migrated,matched_exact,True,1,1,1,89.38,0.0,0,89.38
2026-08-02,S008,P1038,TrailRover Wide Trail Shoes 237,footwear,trail shoes,Summit Finch,migrated,matched_exact,True,1,1,1,198.18,0.0,0,198.18
2026-08-02,S008,P1039,HearthRambler Ultralight Camp Chair 238,camping,camp chair,Switchback Supply,migrated,matched_exact,True,1,1,4,1218.52,15.0,1,304.63
2026-08-02,S008,P1040,CanyonNomad XL Cooler 239,patio,cooler,TrailForge,migrated,matched_exact,True,1,1,1,86.02,20.0,1,86.02
2026-08-02,S008,P1042,VistaRover Trail Tumbler 241,hydration,insulated tumbler,Highland Ember,migrated,matched_exact,True,1,1,1,95.51,15.0,1,95.51
2026-08-02,S008,P1050,RidgeRover Mid Trail Shoes 249,footwear,trail shoes,Highland Ember,migrated,matched_exact,True,1,1,2,148.88,0.0,0,74.44
2026-08-02,S008,P1052,StormNomad Compact Cooler 251,patio,cooler,Moss & Mile,migrated,matched_exact,True,3,3,10,3479.08,6.67,1,347.91
2026-08-02,S008,P1060,CloudNomad 32oz Tumbler 259,hydration,insulated tumbler,Moss & Mile,migrated,matched_exact,True,1,1,2,333.3,0.0,0,166.65
