order_id,order_date,store_id,product_id,quantity,unit_price,discount_pct,sales_channel,loyalty_member,new_product_id,product_system,source_file,source_folder_date,proposed_legacy_product_id,match_status,match_score,review_note,source_product_id,product_reconciliation_status,product_reconciled_flag,canonical_product_id,legacy_product_name,legacy_category,legacy_subcategory,legacy_brand,new_product_name,new_category,new_subcategory,new_brand,canonical_product_name,canonical_category,canonical_subcategory,canonical_brand
20260712-0001,2026-07-12,S003,P1012,1,117.48,5,in_store,Y,,legacy,data/raw/orders/2026-07-12/orders.csv,2026-07-12,,,,,P1012,legacy_original,True,P1012,CloudNomad 32oz Tumbler 211,hydration,insulated tumbler,Moss & Mile,,,,,CloudNomad 32oz Tumbler 211,hydration,insulated tumbler,Moss & Mile
20260712-0002,2026-07-12,S008,P1038,2,196.88,0,in_store,Y,,legacy,data/raw/orders/2026-07-12/orders.csv,2026-07-12,,,,,P1038,legacy_original,True,P1038,TrailRover Wide Trail Shoes 237,footwear,trail shoes,Summit Finch,,,,,TrailRover Wide Trail Shoes 237,footwear,trail shoes,Summit Finch
20260712-0003,2026-07-12,S007,P1039,1,312.66,15,ship_from_store,N,,legacy,data/raw/orders/2026-07-12/orders.csv,2026-07-12,,,,,P1039,legacy_original,True,P1039,HearthRambler Ultralight Camp Chair 238,camping,camp chair,Switchback Supply,,,,,HearthRambler Ultralight Camp Chair 238,camping,camp chair,Switchback Supply
20260712-0004,2026-07-12,S002,P1048,1,63.25,10,pickup,Y,,legacy,data/raw/orders/2026-07-12/orders.csv,2026-07-12,,,,,P1048,legacy_original,True,P1048,PeakNomad Travel Tumbler 247,hydration,insulated tumbler,TrailForge,,,,,PeakNomad Travel Tumbler 247,hydration,insulated tumbler,TrailForge
20260712-0005,2026-07-12,S004,P1011,2,106.46,20,pickup,Y,,legacy,data/raw/orders/2026-07-12/orders.csv,2026-07-12,,,,,P1011,legacy_original,True,P1011,BoulderRambler Rechargeable Flashlight 210,emergency,flashlight,Creekline,,,,,BoulderRambler Rechargeable Flashlight 210,emergency,flashlight,Creekline
20260712-0006,2026-07-12,S001,P1037,1,91.75,0,in_store,Y,,legacy,data/raw/orders/2026-07-12/orders.csv,2026-07-12,,,,,P1037,legacy_original,True,P1037,EmberRunner Packable Jacket 236,outerwear,rain shell,Blue Ridge Works,,,,,EmberRunner Packable Jacket 236,outerwear,rain shell,Blue Ridge Works
20260712-0007,2026-07-12,S005,P1078,1,146.35,0,pickup,Y,,legacy,data/raw/orders/2026-07-12/orders.csv,2026-07-12,,,,,P1078,legacy_original,True,P1078,SwitchbackRover 20oz Tumbler 277,hydration,insulated tumbler,Summit Finch,,,,,SwitchbackRover 20oz Tumbler 277,hydration,insulated tumbler,Summit Finch
20260712-0008,2026-07-12,S001,P1056,1,115.21,20,in_store,Y,,legacy,data/raw/orders/2026-07-12/orders.csv,2026-07-12,,,,,P1056,legacy_original,True,P1056,CanyonNomad Waterproof Trail Shoes 255,footwear,trail shoes,TrailForge,,,,,CanyonNomad Waterproof Trail Shoes 255,footwear,trail shoes,TrailForge
20260712-0009,2026-07-12,S005,P1042,1,92.2,20,in_store,Y,,legacy,data/raw/orders/2026-07-12/orders.csv,2026-07-12,,,,,P1042,legacy_original,True,P1042,VistaRover Trail Tumbler 241,hydration,insulated tumbler,Highland Ember,,,,,VistaRover Trail Tumbler 241,hydration,insulated tumbler,Highland Ember
20260712-0010,2026-07-12,S005,P1054,2,56.54,20,in_store,Y,,legacy,data/raw/orders/2026-07-12/orders.csv,2026-07-12,,,,,P1054,legacy_original,True,P1054,TrailRover 20oz Tumbler 253,hydration,insulated tumbler,Summit Finch,,,,,TrailRover 20oz Tumbler 253,hydration,insulated tumbler,Summit Finch
20260712-0011,2026-07-12,S003,P1029,3,107.04,15,in_store,N,,legacy,data/raw/orders/2026-07-12/orders.csv,2026-07-12,,,,,P1029,legacy_original,True,P1029,FieldRunner Storm Kit Battery Pack 228,emergency,battery pack,Blue Ridge Works,,,,,FieldRunner Storm Kit Battery Pack 228,emergency,battery pack,Blue Ridge Works
20260712-0012,2026-07-12,S007,P1072,1,114.15,15,pickup,N,,legacy,data/raw/orders/2026-07-12/orders.csv,2026-07-12,,,,,P1072,legacy_original,True,P1072,CanyonNomad Travel Tumbler 271,hydration,insulated tumbler,TrailForge,,,,,CanyonNomad Travel Tumbler 271,hydration,insulated tumbler,TrailForge
20260712-0013,2026-07-12,S006,P1065,1,112.86,0,in_store,N,,legacy,data/raw/orders/2026-07-12/orders.csv,2026-07-12,,,,,P1065,legacy_original,True,P1065,SummitRunner Mini Battery Pack 264,emergency,battery pack,Rocky Top Outfitters,,,,,SummitRunner Mini Battery Pack 264,emergency,battery pack,Rocky Top Outfitters
20260712-0014,2026-07-12,S002,P1043,1,228.95,5,pickup,Y,,legacy,data/raw/orders/2026-07-12/orders.csv,2026-07-12,,,,,P1043,legacy_original,True,P1043,BoulderRambler Alpine Jacket 242,outerwear,rain shell,Creekline,,,,,BoulderRambler Alpine Jacket 242,outerwear,rain shell,Creekline
20260712-0015,2026-07-12,S006,P1062,2,136.55,20,in_store,Y,,legacy,data/raw/orders/2026-07-12/orders.csv,2026-07-12,,,,,P1062,legacy_original,True,P1062,SwitchbackRover Wide Trail Shoes 261,footwear,trail shoes,Summit Finch,,,,,SwitchbackRover Wide Trail Shoes 261,footwear,trail shoes,Summit Finch
20260712-0016,2026-07-12,S005,P1048,4,59.74,15,in_store,N,,legacy,data/raw/orders/2026-07-12/orders.csv,2026-07-12,,,,,P1048,legacy_original,True,P1048,PeakNomad Travel Tumbler 247,hydration,insulated tumbler,TrailForge,,,,,PeakNomad Travel Tumbler 247,hydration,insulated tumbler,TrailForge
20260712-0017,2026-07-12,S007,P1032,3,164.97,15,ship_from_store,N,,legacy,data/raw/orders/2026-07-12/orders.csv,2026-07-12,,,,,P1032,legacy_original,True,P1032,PeakNomad Waterproof Trail Shoes 231,footwear,trail shoes,TrailForge,,,,,PeakNomad Waterproof Trail Shoes 231,footwear,trail shoes,TrailForge
20260712-0018,2026-07-12,S004,P1032,1,155.26,20,in_store,Y,,legacy,data/raw/orders/2026-07-12/orders.csv,2026-07-12,,,,,P1032,legacy_original,True,P1032,PeakNomad Waterproof Trail Shoes 231,footwear,trail shoes,TrailForge,,,,,PeakNomad Waterproof Trail Shoes 231,footwear,trail shoes,TrailForge
20260712-0019,2026-07-12,S001,P1031,4,164.85,5,pickup,Y,,legacy,data/raw/orders/2026-07-12/orders.csv,2026-07-12,,,,,P1031,legacy_original,True,P1031,MoonRambler Stormproof Jacket 230,outerwear,rain shell,Switchback Supply,,,,,MoonRambler Stormproof Jacket 230,outerwear,rain shell,Switchback Supply
20260712-0020,2026-07-12,S003,P1035,1,125.57,15,in_store,N,,legacy,data/raw/orders/2026-07-12/orders.csv,2026-07-12,,,,,P1035,legacy_original,True,P1035,CreekRambler Rechargeable Flashlight 234,emergency,flashlight,Creekline,,,,,CreekRambler Rechargeable Flashlight 234,emergency,flashlight,Creekline
20260712-0021,2026-07-12,S005,P1028,1,518.02,20,in_store,Y,,legacy,data/raw/orders/2026-07-12/orders.csv,2026-07-12,,,,,P1028,legacy_original,True,P1028,CloudNomad Compact Cooler 227,patio,cooler,Moss & Mile,,,,,CloudNomad Compact Cooler 227,patio,cooler,Moss & Mile
20260712-0022,2026-07-12,S001,P1018,1,130.36,15,in_store,Y,,legacy,data/raw/orders/2026-07-12/orders.csv,2026-07-12,,,,,P1018,legacy_original,True,P1018,RidgeRover Trail Tumbler 217,hydration,insulated tumbler,Highland Ember,,,,,RidgeRover Trail Tumbler 217,hydration,insulated tumbler,Highland Ember
20260712-0023,2026-07-12,S004,P1043,3,228.95,5,in_store,Y,,legacy,data/raw/orders/2026-07-12/orders.csv,2026-07-12,,,,,P1043,legacy_original,True,P1043,BoulderRambler Alpine Jacket 242,outerwear,rain shell,Creekline,,,,,BoulderRambler Alpine Jacket 242,outerwear,rain shell,Creekline
20260712-0024,2026-07-12,S005,P1004,1,104.41,5,pickup,Y,,legacy,data/raw/orders/2026-07-12/orders.csv,2026-07-12,,,,,P1004,legacy_original,True,P1004,StormNomad Compact Cooler 203,patio,cooler,Moss & Mile,,,,,StormNomad Compact Cooler 203,patio,cooler,Moss & Mile
20260712-0025,2026-07-12,S006,P1031,2,156.18,10,in_store,Y,,legacy,data/raw/orders/2026-07-12/orders.csv,2026-07-12,,,,,P1031,legacy_original,True,P1031,MoonRambler Stormproof Jacket 230,outerwear,rain shell,Switchback Supply,,,,,MoonRambler Stormproof Jacket 230,outerwear,rain shell,Switchback Supply
20260712-0026,2026-07-12,S001,P1060,3,146.67,5,in_store,Y,,legacy,data/raw/orders/2026-07-12/orders.csv,2026-07-12,,,,,P1060,legacy_original,True,P1060,CloudNomad 32oz Tumbler 259,hydration,insulated tumbler,Moss & Mile,,,,,CloudNomad 32oz Tumbler 259,hydration,insulated tumbler,Moss & Mile
20260712-0027,2026-07-12,S003,P1027,3,92.03,0,in_store,Y,,legacy,data/raw/orders/2026-07-12/orders.csv,2026-07-12,,,,,P1027,legacy_original,True,P1027,BoulderRambler 2P Camp Chair 226,camping,camp chair,Creekline,,,,,BoulderRambler 2P Camp Chair 226,camping,camp chair,Creekline
20260712-0028,2026-07-12,S005,P1009,3,109.5,5,in_store,Y,,legacy,data/raw/orders/2026-07-12/orders.csv,2026-07-12,,,,,P1009,legacy_original,True,P1009,PineRunner 4P Tent 208,camping,tent,Rocky Top Outfitters,,,,,PineRunner 4P Tent 208,camping,tent,Rocky Top Outfitters
20260712-0029,2026-07-12,S008,P1060,3,131.23,15,in_store,N,,legacy,data/raw/orders/2026-07-12/orders.csv,2026-07-12,,,,,P1060,legacy_original,True,P1060,CloudNomad 32oz Tumbler 259,hydration,insulated tumbler,Moss & Mile,,,,,CloudNomad 32oz Tumbler 259,hydration,insulated tumbler,Moss & Mile
20260712-0030,2026-07-12,S004,P1020,2,190.33,10,in_store,Y,,legacy,data/raw/orders/2026-07-12/orders.csv,2026-07-12,,,,,P1020,legacy_original,True,P1020,StormNomad Approach Trail Shoes 219,footwear,trail shoes,Moss & Mile,,,,,StormNomad Approach Trail Shoes 219,footwear,trail shoes,Moss & Mile
20260712-0031,2026-07-12,S005,P1043,4,241.0,0,in_store,N,,legacy,data/raw/orders/2026-07-12/orders.csv,2026-07-12,,,,,P1043,legacy_original,True,P1043,BoulderRambler Alpine Jacket 242,outerwear,rain shell,Creekline,,,,,BoulderRambler Alpine Jacket 242,outerwear,rain shell,Creekline
20260712-0032,2026-07-12,S007,P1040,3,108.81,0,ship_from_store,N,,legacy,data/raw/orders/2026-07-12/orders.csv,2026-07-12,,,,,P1040,legacy_original,True,P1040,CanyonNomad XL Cooler 239,patio,cooler,TrailForge,,,,,CanyonNomad XL Cooler 239,patio,cooler,TrailForge
20260712-0033,2026-07-12,S007,P1032,1,184.38,5,in_store,N,,legacy,data/raw/orders/2026-07-12/orders.csv,2026-07-12,,,,,P1032,legacy_original,True,P1032,PeakNomad Waterproof Trail Shoes 231,footwear,trail shoes,TrailForge,,,,,PeakNomad Waterproof Trail Shoes 231,footwear,trail shoes,TrailForge
20260712-0034,2026-07-12,S003,P1067,2,213.58,20,in_store,Y,,legacy,data/raw/orders/2026-07-12/orders.csv,2026-07-12,,,,,P1067,legacy_original,True,P1067,CreekRambler Alpine Jacket 266,outerwear,rain shell,Creekline,,,,,CreekRambler Alpine Jacket 266,outerwear,rain shell,Creekline
20260712-0035,2026-07-12,S001,P1024,2,90.59,0,ship_from_store,Y,,legacy,data/raw/orders/2026-07-12/orders.csv,2026-07-12,,,,,P1024,legacy_original,True,P1024,CanyonNomad Travel Tumbler 223,hydration,insulated tumbler,TrailForge,,,,,CanyonNomad Travel Tumbler 223,hydration,insulated tumbler,TrailForge
20260712-0036,2026-07-12,S002,P1036,1,149.83,5,in_store,Y,,legacy,data/raw/orders/2026-07-12/orders.csv,2026-07-12,,,,,P1036,legacy_original,True,P1036,StormNomad 32oz Tumbler 235,hydration,insulated tumbler,Moss & Mile,,,,,StormNomad 32oz Tumbler 235,hydration,insulated tumbler,Moss & Mile
20260712-0037,2026-07-12,S007,P1008,2,157.95,10,in_store,Y,,legacy,data/raw/orders/2026-07-12/orders.csv,2026-07-12,,,,,P1008,legacy_original,True,P1008,CanyonNomad Waterproof Trail Shoes 207,footwear,trail shoes,TrailForge,,,,,CanyonNomad Waterproof Trail Shoes 207,footwear,trail shoes,TrailForge
20260712-0038,2026-07-12,S008,P1033,2,189.46,0,in_store,Y,,legacy,data/raw/orders/2026-07-12/orders.csv,2026-07-12,,,,,P1033,legacy_original,True,P1033,SummitRunner 4P Tent 232,camping,tent,Rocky Top Outfitters,,,,,SummitRunner 4P Tent 232,camping,tent,Rocky Top Outfitters
20260712-0039,2026-07-12,S006,P1048,3,59.74,15,ship_from_store,N,,legacy,data/raw/orders/2026-07-12/orders.csv,2026-07-12,,,,,P1048,legacy_original,True,P1048,PeakNomad Travel Tumbler 247,hydration,insulated tumbler,TrailForge,,,,,PeakNomad Travel Tumbler 247,hydration,insulated tumbler,TrailForge
20260712-0040,2026-07-12,S003,P1026,1,130.4,0,in_store,Y,,legacy,data/raw/orders/2026-07-12/orders.csv,2026-07-12,,,,,P1026,legacy_original,True,P1026,VistaRover Mid Trail Shoes 225,footwear,trail shoes,Highland Ember,,,,,VistaRover Mid Trail Shoes 225,footwear,trail shoes,Highland Ember
20260712-0041,2026-07-12,S003,P1006,1,44.73,20,in_store,Y,,legacy,data/raw/orders/2026-07-12/orders.csv,2026-07-12,,,,,P1006,legacy_original,True,P1006,TrailRover 20oz Tumbler 205,hydration,insulated tumbler,Summit Finch,,,,,TrailRover 20oz Tumbler 205,hydration,insulated tumbler,Summit Finch
20260712-0042,2026-07-12,S004,P1021,1,73.74,0,ship_from_store,N,,legacy,data/raw/orders/2026-07-12/orders.csv,2026-07-12,,,,,P1021,legacy_original,True,P1021,EmberRunner Basecamp Tent 220,camping,tent,Blue Ridge Works,,,,,EmberRunner Basecamp Tent 220,camping,tent,Blue Ridge Works
20260712-0043,2026-07-12,S004,P1012,1,123.66,0,ship_from_store,N,,legacy,data/raw/orders/2026-07-12/orders.csv,2026-07-12,,,,,P1012,legacy_original,True,P1012,CloudNomad 32oz Tumbler 211,hydration,insulated tumbler,Moss & Mile,,,,,CloudNomad 32oz Tumbler 211,hydration,insulated tumbler,Moss & Mile
20260712-0044,2026-07-12,S003,P1018,2,122.69,20,ship_from_store,Y,,legacy,data/raw/orders/2026-07-12/orders.csv,2026-07-12,,,,,P1018,legacy_original,True,P1018,RidgeRover Trail Tumbler 217,hydration,insulated tumbler,Highland Ember,,,,,RidgeRover Trail Tumbler 217,hydration,insulated tumbler,Highland Ember
20260712-0045,2026-07-12,S008,P1044,2,160.86,15,pickup,Y,,legacy,data/raw/orders/2026-07-12/orders.csv,2026-07-12,,,,,P1044,legacy_original,True,P1044,CloudNomad Approach Trail Shoes 243,footwear,trail shoes,Moss & Mile,,,,,CloudNomad Approach Trail Shoes 243,footwear,trail shoes,Moss & Mile
20260712-0046,2026-07-12,S006,P1050,1,71.54,5,in_store,Y,,legacy,data/raw/orders/2026-07-12/orders.csv,2026-07-12,,,,,P1050,legacy_original,True,P1050,RidgeRover Mid Trail Shoes 249,footwear,trail shoes,Highland Ember,,,,,RidgeRover Mid Trail Shoes 249,footwear,trail shoes,Highland Ember
20260712-0047,2026-07-12,S005,P1051,2,339.32,20,in_store,Y,,legacy,data/raw/orders/2026-07-12/orders.csv,2026-07-12,,,,,P1051,legacy_original,True,P1051,CreekRambler 2P Camp Chair 250,camping,camp chair,Creekline,,,,,CreekRambler 2P Camp Chair 250,camping,camp chair,Creekline
20260712-0048,2026-07-12,S004,P1042,3,97.96,15,pickup,Y,,legacy,data/raw/orders/2026-07-12/orders.csv,2026-07-12,,,,,P1042,legacy_original,True,P1042,VistaRover Trail Tumbler 241,hydration,insulated tumbler,Highland Ember,,,,,VistaRover Trail Tumbler 241,hydration,insulated tumbler,Highland Ember
20260712-0049,2026-07-12,S006,P1016,1,634.09,0,ship_from_store,Y,,legacy,data/raw/orders/2026-07-12/orders.csv,2026-07-12,,,,,P1016,legacy_original,True,P1016,PeakNomad XL Cooler 215,patio,cooler,TrailForge,,,,,PeakNomad XL Cooler 215,patio,cooler,TrailForge
20260712-0050,2026-07-12,S003,P1014,3,204.67,0,in_store,N,,legacy,data/raw/orders/2026-07-12/orders.csv,2026-07-12,,,,,P1014,legacy_original,True,P1014,SwitchbackRover Wide Trail Shoes 213,footwear,trail shoes,Summit Finch,,,,,SwitchbackRover Wide Trail Shoes 213,footwear,trail shoes,Summit Finch
20260712-0051,2026-07-12,S003,P1031,1,164.85,5,in_store,N,,legacy,data/raw/orders/2026-07-12/orders.csv,2026-07-12,,,,,P1031,legacy_original,True,P1031,MoonRambler Stormproof Jacket 230,outerwear,rain shell,Switchback Supply,,,,,MoonRambler Stormproof Jacket 230,outerwear,rain shell,Switchback Supply
20260712-0052,2026-07-12,S008,P1071,2,143.3,0,ship_from_store,N,,legacy,data/raw/orders/2026-07-12/orders.csv,2026-07-12,,,,,P1071,legacy_original,True,P1071,HearthRambler Expedition Flashlight 270,emergency,flashlight,Switchback Supply,,,,,HearthRambler Expedition Flashlight 270,emergency,flashlight,Switchback Supply
20260712-0053,2026-07-12,S004,P1014,4,163.74,20,in_store,Y,,legacy,data/raw/orders/2026-07-12/orders.csv,2026-07-12,,,,,P1014,legacy_original,True,P1014,SwitchbackRover Wide Trail Shoes 213,footwear,trail shoes,Summit Finch,,,,,SwitchbackRover Wide Trail Shoes 213,footwear,trail shoes,Summit Finch
20260712-0054,2026-07-12,S006,P1075,3,165.22,0,in_store,Y,,legacy,data/raw/orders/2026-07-12/orders.csv,2026-07-12,,,,,P1075,legacy_original,True,P1075,BoulderRambler 2P Camp Chair 274,camping,camp chair,Creekline,,,,,BoulderRambler 2P Camp Chair 274,camping,camp chair,Creekline
20260712-0055,2026-07-12,S001,P1029,1,125.93,0,in_store,Y,,legacy,data/raw/orders/2026-07-12/orders.csv,2026-07-12,,,,,P1029,legacy_original,True,P1029,FieldRunner Storm Kit Battery Pack 228,emergency,battery pack,Blue Ridge Works,,,,,FieldRunner Storm Kit Battery Pack 228,emergency,battery pack,Blue Ridge Works
20260712-0056,2026-07-12,S008,P1007,2,112.42,0,in_store,Y,,legacy,data/raw/orders/2026-07-12/orders.csv,2026-07-12,,,,,P1007,legacy_original,True,P1007,HearthRambler Stormproof Jacket 206,outerwear,rain shell,Switchback Supply,,,,,HearthRambler Stormproof Jacket 206,outerwear,rain shell,Switchback Supply
20260712-0057,2026-07-12,S006,P1037,1,91.75,0,in_store,N,,legacy,data/raw/orders/2026-07-12/orders.csv,2026-07-12,,,,,P1037,legacy_original,True,P1037,EmberRunner Packable Jacket 236,outerwear,rain shell,Blue Ridge Works,,,,,EmberRunner Packable Jacket 236,outerwear,rain shell,Blue Ridge Works
20260712-0058,2026-07-12,S001,P1074,1,153.36,20,in_store,N,,legacy,data/raw/orders/2026-07-12/orders.csv,2026-07-12,,,,,P1074,legacy_original,True,P1074,VistaRover Mid Trail Shoes 273,footwear,trail shoes,Highland Ember,,,,,VistaRover Mid Trail Shoes 273,footwear,trail shoes,Highland Ember
20260712-0059,2026-07-12,S005,P1033,1,189.46,0,ship_from_store,Y,,legacy,data/raw/orders/2026-07-12/orders.csv,2026-07-12,,,,,P1033,legacy_original,True,P1033,SummitRunner 4P Tent 232,camping,tent,Rocky Top Outfitters,,,,,SummitRunner 4P Tent 232,camping,tent,Rocky Top Outfitters
20260712-0060,2026-07-12,S004,P1007,3,95.56,15,ship_from_store,N,,legacy,data/raw/orders/2026-07-12/orders.csv,2026-07-12,,,,,P1007,legacy_original,True,P1007,HearthRambler Stormproof Jacket 206,outerwear,rain shell,Switchback Supply,,,,,HearthRambler Stormproof Jacket 206,outerwear,rain shell,Switchback Supply
20260712-0061,2026-07-12,S002,P1049,2,199.81,10,in_store,Y,,legacy,data/raw/orders/2026-07-12/orders.csv,2026-07-12,,,,,P1049,legacy_original,True,P1049,SummitRunner Lightweight Jacket 248,outerwear,rain shell,Rocky Top Outfitters,,,,,SummitRunner Lightweight Jacket 248,outerwear,rain shell,Rocky Top Outfitters
20260712-0062,2026-07-12,S003,P1016,2,538.98,15,pickup,Y,,legacy,data/raw/orders/2026-07-12/orders.csv,2026-07-12,,,,,P1016,legacy_original,True,P1016,PeakNomad XL Cooler 215,patio,cooler,TrailForge,,,,,PeakNomad XL Cooler 215,patio,cooler,TrailForge
20260712-0063,2026-07-12,S001,P1013,4,77.91,20,ship_from_store,Y,,legacy,data/raw/orders/2026-07-12/orders.csv,2026-07-12,,,,,P1013,legacy_original,True,P1013,FieldRunner Packable Jacket 212,outerwear,rain shell,Blue Ridge Works,,,,,FieldRunner Packable Jacket 212,outerwear,rain shell,Blue Ridge Works
20260712-0064,2026-07-12,S007,P1036,2,157.72,0,in_store,Y,,legacy,data/raw/orders/2026-07-12/orders.csv,2026-07-12,,,,,P1036,legacy_original,True,P1036,StormNomad 32oz Tumbler 235,hydration,insulated tumbler,Moss & Mile,,,,,StormNomad 32oz Tumbler 235,hydration,insulated tumbler,Moss & Mile
20260712-0065,2026-07-12,S002,P1039,4,331.06,10,ship_from_store,Y,,legacy,data/raw/orders/2026-07-12/orders.csv,2026-07-12,,,,,P1039,legacy_original,True,P1039,HearthRambler Ultralight Camp Chair 238,camping,camp chair,Switchback Supply,,,,,HearthRambler Ultralight Camp Chair 238,camping,camp chair,Switchback Supply
20260712-0066,2026-07-12,S003,P1020,1,211.48,0,in_store,Y,,legacy,data/raw/orders/2026-07-12/orders.csv,2026-07-12,,,,,P1020,legacy_original,True,P1020,StormNomad Approach Trail Shoes 219,footwear,trail shoes,Moss & Mile,,,,,StormNomad Approach Trail Shoes 219,footwear,trail shoes,Moss & Mile
20260712-0067,2026-07-12,S003,P1003,2,381.63,15,in_store,Y,,legacy,data/raw/orders/2026-07-12/orders.csv,2026-07-12,,,,,P1003,legacy_original,True,P1003,CreekRambler 2P Camp Chair 202,camping,camp chair,Creekline,,,,,CreekRambler 2P Camp Chair 202,camping,camp chair,Creekline
20260712-0068,2026-07-12,S007,P1006,4,55.91,0,pickup,N,,legacy,data/raw/orders/2026-07-12/orders.csv,2026-07-12,,,,,P1006,legacy_original,True,P1006,TrailRover 20oz Tumbler 205,hydration,insulated tumbler,Summit Finch,,,,,TrailRover 20oz Tumbler 205,hydration,insulated tumbler,Summit Finch
20260712-0069,2026-07-12,S006,P1038,1,167.35,15,in_store,N,,legacy,data/raw/orders/2026-07-12/orders.csv,2026-07-12,,,,,P1038,legacy_original,True,P1038,TrailRover Wide Trail Shoes 237,footwear,trail shoes,Summit Finch,,,,,TrailRover Wide Trail Shoes 237,footwear,trail shoes,Summit Finch
20260712-0070,2026-07-12,S008,P1063,1,75.92,5,in_store,Y,,legacy,data/raw/orders/2026-07-12/orders.csv,2026-07-12,,,,,P1063,legacy_original,True,P1063,MoonRambler Ultralight Camp Chair 262,camping,camp chair,Switchback Supply,,,,,MoonRambler Ultralight Camp Chair 262,camping,camp chair,Switchback Supply
20260712-0071,2026-07-12,S003,P1046,3,186.74,20,in_store,Y,,legacy,data/raw/orders/2026-07-12/orders.csv,2026-07-12,,,,,P1046,legacy_original,True,P1046,SwitchbackRover Weekend Patio Heater 245,patio,patio heater,Summit Finch,,,,,SwitchbackRover Weekend Patio Heater 245,patio,patio heater,Summit Finch
20260712-0072,2026-07-12,S001,P1017,3,58.17,10,in_store,Y,,legacy,data/raw/orders/2026-07-12/orders.csv,2026-07-12,,,,,P1017,legacy_original,True,P1017,SummitRunner Mini Battery Pack 216,emergency,battery pack,Rocky Top Outfitters,,,,,SummitRunner Mini Battery Pack 216,emergency,battery pack,Rocky Top Outfitters
20260712-0073,2026-07-12,S005,P1011,2,119.76,10,in_store,Y,,legacy,data/raw/orders/2026-07-12/orders.csv,2026-07-12,,,,,P1011,legacy_original,True,P1011,BoulderRambler Rechargeable Flashlight 210,emergency,flashlight,Creekline,,,,,BoulderRambler Rechargeable Flashlight 210,emergency,flashlight,Creekline
20260712-0074,2026-07-12,S005,P1034,2,143.53,15,ship_from_store,Y,,legacy,data/raw/orders/2026-07-12/orders.csv,2026-07-12,,,,,P1034,legacy_original,True,P1034,RidgeRover Deluxe Patio Heater 233,patio,patio heater,Highland Ember,,,,,RidgeRover Deluxe Patio Heater 233,patio,patio heater,Highland Ember
20260712-0075,2026-07-12,S005,P1045,2,313.57,10,pickup,Y,,legacy,data/raw/orders/2026-07-12/orders.csv,2026-07-12,,,,,P1045,legacy_original,True,P1045,FieldRunner Basecamp Tent 244,camping,tent,Blue Ridge Works,,,,,FieldRunner Basecamp Tent 244,camping,tent,Blue Ridge Works
20260712-0076,2026-07-12,S008,P1068,4,72.83,10,pickup,Y,,legacy,data/raw/orders/2026-07-12/orders.csv,2026-07-12,,,,,P1068,legacy_original,True,P1068,StormNomad Approach Trail Shoes 267,footwear,trail shoes,Moss & Mile,,,,,StormNomad Approach Trail Shoes 267,footwear,trail shoes,Moss & Mile
20260712-0077,2026-07-12,S004,P1057,1,369.15,10,pickup,Y,,legacy,data/raw/orders/2026-07-12/orders.csv,2026-07-12,,,,,P1057,legacy_original,True,P1057,PineRunner 4P Tent 256,camping,tent,Rocky Top Outfitters,,,,,PineRunner 4P Tent 256,camping,tent,Rocky Top Outfitters
20260712-0078,2026-07-12,S004,P1050,1,75.31,0,ship_from_store,N,,legacy,data/raw/orders/2026-07-12/orders.csv,2026-07-12,,,,,P1050,legacy_original,True,P1050,RidgeRover Mid Trail Shoes 249,footwear,trail shoes,Highland Ember,,,,,RidgeRover Mid Trail Shoes 249,footwear,trail shoes,Highland Ember
20260712-0079,2026-07-12,S001,P1075,3,140.44,15,in_store,Y,,legacy,data/raw/orders/2026-07-12/orders.csv,2026-07-12,,,,,P1075,legacy_original,True,P1075,BoulderRambler 2P Camp Chair 274,camping,camp chair,Creekline,,,,,BoulderRambler 2P Camp Chair 274,camping,camp chair,Creekline
20260712-0080,2026-07-12,S007,P1048,1,59.74,15,in_store,N,,legacy,data/raw/orders/2026-07-12/orders.csv,2026-07-12,,,,,P1048,legacy_original,True,P1048,PeakNomad Travel Tumbler 247,hydration,insulated tumbler,TrailForge,,,,,PeakNomad Travel Tumbler 247,hydration,insulated tumbler,TrailForge
20260712-0081,2026-07-12,S002,P1034,4,168.86,0,in_store,Y,,legacy,data/raw/orders/2026-07-12/orders.csv,2026-07-12,,,,,P1034,legacy_original,True,P1034,RidgeRover Deluxe Patio Heater 233,patio,patio heater,Highland Ember,,,,,RidgeRover Deluxe Patio Heater 233,patio,patio heater,Highland Ember
20260712-0082,2026-07-12,S001,P1003,3,448.98,0,in_store,N,,legacy,data/raw/orders/2026-07-12/orders.csv,2026-07-12,,,,,P1003,legacy_original,True,P1003,CreekRambler 2P Camp Chair 202,camping,camp chair,Creekline,,,,,CreekRambler 2P Camp Chair 202,camping,camp chair,Creekline
20260712-0083,2026-07-12,S008,P1037,3,87.16,5,in_store,Y,,legacy,data/raw/orders/2026-07-12/orders.csv,2026-07-12,,,,,P1037,legacy_original,True,P1037,EmberRunner Packable Jacket 236,outerwear,rain shell,Blue Ridge Works,,,,,EmberRunner Packable Jacket 236,outerwear,rain shell,Blue Ridge Works
20260712-0084,2026-07-12,S001,P1027,1,87.43,5,pickup,Y,,legacy,data/raw/orders/2026-07-12/orders.csv,2026-07-12,,,,,P1027,legacy_original,True,P1027,BoulderRambler 2P Camp Chair 226,camping,camp chair,Creekline,,,,,BoulderRambler 2P Camp Chair 226,camping,camp chair,Creekline
20260712-0085,2026-07-12,S003,P1071,3,143.3,0,in_store,N,,legacy,data/raw/orders/2026-07-12/orders.csv,2026-07-12,,,,,P1071,legacy_original,True,P1071,HearthRambler Expedition Flashlight 270,emergency,flashlight,Switchback Supply,,,,,HearthRambler Expedition Flashlight 270,emergency,flashlight,Switchback Supply
20260712-0086,2026-07-12,S007,P1069,1,256.36,0,ship_from_store,Y,,legacy,data/raw/orders/2026-07-12/orders.csv,2026-07-12,,,,,P1069,legacy_original,True,P1069,EmberRunner Basecamp Tent 268,camping,tent,Blue Ridge Works,,,,,EmberRunner Basecamp Tent 268,camping,tent,Blue Ridge Works
20260712-0087,2026-07-12,S005,P1063,1,79.92,0,pickup,Y,,legacy,data/raw/orders/2026-07-12/orders.csv,2026-07-12,,,,,P1063,legacy_original,True,P1063,MoonRambler Ultralight Camp Chair 262,camping,camp chair,Switchback Supply,,,,,MoonRambler Ultralight Camp Chair 262,camping,camp chair,Switchback Supply
20260712-0088,2026-07-12,S008,P1042,4,97.96,15,in_store,Y,,legacy,data/raw/orders/2026-07-12/orders.csv,2026-07-12,,,,,P1042,legacy_original,True,P1042,VistaRover Trail Tumbler 241,hydration,insulated tumbler,Highland Ember,,,,,VistaRover Trail Tumbler 241,hydration,insulated tumbler,Highland Ember
20260712-0089,2026-07-12,S008,P1018,2,130.36,15,in_store,Y,,legacy,data/raw/orders/2026-07-12/orders.csv,2026-07-12,,,,,P1018,legacy_original,True,P1018,RidgeRover Trail Tumbler 217,hydration,insulated tumbler,Highland Ember,,,,,RidgeRover Trail Tumbler 217,hydration,insulated tumbler,Highland Ember
20260712-0090,2026-07-12,S007,P1080,1,143.0,0,ship_from_store,Y,,legacy,data/raw/orders/2026-07-12/orders.csv,2026-07-12,,,,,P1080,legacy_original,True,P1080,PeakNomad Waterproof Trail Shoes 279,footwear,trail shoes,TrailForge,,,,,PeakNomad Waterproof Trail Shoes 279,footwear,trail shoes,TrailForge
20260712-0091,2026-07-12,S006,P1041,2,54.6,0,in_store,Y,,legacy,data/raw/orders/2026-07-12/orders.csv,2026-07-12,,,,,P1041,legacy_original,True,P1041,PineRunner Mini Battery Pack 240,emergency,battery pack,Rocky Top Outfitters,,,,,PineRunner Mini Battery Pack 240,emergency,battery pack,Rocky Top Outfitters
20260712-0092,2026-07-12,S005,P1065,2,90.29,20,pickup,Y,,legacy,data/raw/orders/2026-07-12/orders.csv,2026-07-12,,,,,P1065,legacy_original,True,P1065,SummitRunner Mini Battery Pack 264,emergency,battery pack,Rocky Top Outfitters,,,,,SummitRunner Mini Battery Pack 264,emergency,battery pack,Rocky Top Outfitters
20260712-0093,2026-07-12,S001,P1018,2,130.36,15,ship_from_store,Y,,legacy,data/raw/orders/2026-07-12/orders.csv,2026-07-12,,,,,P1018,legacy_original,True,P1018,RidgeRover Trail Tumbler 217,hydration,insulated tumbler,Highland Ember,,,,,RidgeRover Trail Tumbler 217,hydration,insulated tumbler,Highland Ember
20260712-0094,2026-07-12,S007,P1026,2,130.4,0,ship_from_store,N,,legacy,data/raw/orders/2026-07-12/orders.csv,2026-07-12,,,,,P1026,legacy_original,True,P1026,VistaRover Mid Trail Shoes 225,footwear,trail shoes,Highland Ember,,,,,VistaRover Mid Trail Shoes 225,footwear,trail shoes,Highland Ember
20260712-0095,2026-07-12,S005,P1039,1,312.66,15,in_store,Y,,legacy,data/raw/orders/2026-07-12/orders.csv,2026-07-12,,,,,P1039,legacy_original,True,P1039,HearthRambler Ultralight Camp Chair 238,camping,camp chair,Switchback Supply,,,,,HearthRambler Ultralight Camp Chair 238,camping,camp chair,Switchback Supply
20260712-0096,2026-07-12,S004,P1061,2,147.84,0,ship_from_store,Y,,legacy,data/raw/orders/2026-07-12/orders.csv,2026-07-12,,,,,P1061,legacy_original,True,P1061,FieldRunner Packable Jacket 260,outerwear,rain shell,Blue Ridge Works,,,,,FieldRunner Packable Jacket 260,outerwear,rain shell,Blue Ridge Works
20260712-0097,2026-07-12,S005,P1003,2,448.98,0,ship_from_store,Y,,legacy,data/raw/orders/2026-07-12/orders.csv,2026-07-12,,,,,P1003,legacy_original,True,P1003,CreekRambler 2P Camp Chair 202,camping,camp chair,Creekline,,,,,CreekRambler 2P Camp Chair 202,camping,camp chair,Creekline
20260712-0098,2026-07-12,S003,P1006,2,55.91,0,pickup,Y,,legacy,data/raw/orders/2026-07-12/orders.csv,2026-07-12,,,,,P1006,legacy_original,True,P1006,TrailRover 20oz Tumbler 205,hydration,insulated tumbler,Summit Finch,,,,,TrailRover 20oz Tumbler 205,hydration,insulated tumbler,Summit Finch
20260712-0099,2026-07-12,S002,P1023,1,141.44,0,ship_from_store,Y,,legacy,data/raw/orders/2026-07-12/orders.csv,2026-07-12,,,,,P1023,legacy_original,True,P1023,HearthRambler Expedition Flashlight 222,emergency,flashlight,Switchback Supply,,,,,HearthRambler Expedition Flashlight 222,emergency,flashlight,Switchback Supply
20260712-0100,2026-07-12,S001,P1054,1,70.68,0,pickup,Y,,legacy,data/raw/orders/2026-07-12/orders.csv,2026-07-12,,,,,P1054,legacy_original,True,P1054,TrailRover 20oz Tumbler 253,hydration,insulated tumbler,Summit Finch,,,,,TrailRover 20oz Tumbler 253,hydration,insulated tumbler,Summit Finch
20260712-0101,2026-07-12,S005,P1010,3,552.43,0,in_store,Y,,legacy,data/raw/orders/2026-07-12/orders.csv,2026-07-12,,,,,P1010,legacy_original,True,P1010,VistaRover Deluxe Patio Heater 209,patio,patio heater,Highland Ember,,,,,VistaRover Deluxe Patio Heater 209,patio,patio heater,Highland Ember
20260712-0102,2026-07-12,S001,P1007,2,101.18,10,in_store,Y,,legacy,data/raw/orders/2026-07-12/orders.csv,2026-07-12,,,,,P1007,legacy_original,True,P1007,HearthRambler Stormproof Jacket 206,outerwear,rain shell,Switchback Supply,,,,,HearthRambler Stormproof Jacket 206,outerwear,rain shell,Switchback Supply
20260712-0103,2026-07-12,S001,P1028,3,647.52,0,in_store,Y,,legacy,data/raw/orders/2026-07-12/orders.csv,2026-07-12,,,,,P1028,legacy_original,True,P1028,CloudNomad Compact Cooler 227,patio,cooler,Moss & Mile,,,,,CloudNomad Compact Cooler 227,patio,cooler,Moss & Mile
20260712-0104,2026-07-12,S005,P1074,1,172.53,10,in_store,Y,,legacy,data/raw/orders/2026-07-12/orders.csv,2026-07-12,,,,,P1074,legacy_original,True,P1074,VistaRover Mid Trail Shoes 273,footwear,trail shoes,Highland Ember,,,,,VistaRover Mid Trail Shoes 273,footwear,trail shoes,Highland Ember
20260714-0001,2026-07-14,S004,P1058,3,210.87,20,in_store,Y,,legacy,data/raw/orders/2026-07-14/orders.csv,2026-07-14,,,,,P1058,legacy_original,True,P1058,VistaRover Deluxe Patio Heater 257,patio,patio heater,Highland Ember,,,,,VistaRover Deluxe Patio Heater 257,patio,patio heater,Highland Ember
20260714-0002,2026-07-14,S008,P1075,3,165.22,0,ship_from_store,Y,,legacy,data/raw/orders/2026-07-14/orders.csv,2026-07-14,,,,,P1075,legacy_original,True,P1075,BoulderRambler 2P Camp Chair 274,camping,camp chair,Creekline,,,,,BoulderRambler 2P Camp Chair 274,camping,camp chair,Creekline
20260714-0003,2026-07-14,S003,P1063,3,79.92,0,ship_from_store,Y,,legacy,data/raw/orders/2026-07-14/orders.csv,2026-07-14,,,,,P1063,legacy_original,True,P1063,MoonRambler Ultralight Camp Chair 262,camping,camp chair,Switchback Supply,,,,,MoonRambler Ultralight Camp Chair 262,camping,camp chair,Switchback Supply
20260714-0004,2026-07-14,S007,P1064,1,614.45,0,ship_from_store,Y,,legacy,data/raw/orders/2026-07-14/orders.csv,2026-07-14,,,,,P1064,legacy_original,True,P1064,PeakNomad XL Cooler 263,patio,cooler,TrailForge,,,,,PeakNomad XL Cooler 263,patio,cooler,TrailForge
20260714-0005,2026-07-14,S004,P1029,2,125.93,0,in_store,Y,,legacy,data/raw/orders/2026-07-14/orders.csv,2026-07-14,,,,,P1029,legacy_original,True,P1029,FieldRunner Storm Kit Battery Pack 228,emergency,battery pack,Blue Ridge Works,,,,,FieldRunner Storm Kit Battery Pack 228,emergency,battery pack,Blue Ridge Works
20260714-0006,2026-07-14,S003,P1078,1,146.35,0,in_store,Y,,legacy,data/raw/orders/2026-07-14/orders.csv,2026-07-14,,,,,P1078,legacy_original,True,P1078,SwitchbackRover 20oz Tumbler 277,hydration,insulated tumbler,Summit Finch,,,,,SwitchbackRover 20oz Tumbler 277,hydration,insulated tumbler,Summit Finch
20260714-0007,2026-07-14,S004,P1061,2,118.27,20,ship_from_store,Y,,legacy,data/raw/orders/2026-07-14/orders.csv,2026-07-14,,,,,P1061,legacy_original,True,P1061,FieldRunner Packable Jacket 260,outerwear,rain shell,Blue Ridge Works,,,,,FieldRunner Packable Jacket 260,outerwear,rain shell,Blue Ridge Works
20260714-0008,2026-07-14,S001,P1074,2,191.7,0,in_store,Y,,legacy,data/raw/orders/2026-07-14/orders.csv,2026-07-14,,,,,P1074,legacy_original,True,P1074,VistaRover Mid Trail Shoes 273,footwear,trail shoes,Highland Ember,,,,,VistaRover Mid Trail Shoes 273,footwear,trail shoes,Highland Ember
20260714-0009,2026-07-14,S003,P1080,1,121.55,15,ship_from_store,Y,,legacy,data/raw/orders/2026-07-14/orders.csv,2026-07-14,,,,,P1080,legacy_original,True,P1080,PeakNomad Waterproof Trail Shoes 279,footwear,trail shoes,TrailForge,,,,,PeakNomad Waterproof Trail Shoes 279,footwear,trail shoes,TrailForge
20260714-0010,2026-07-14,S008,P1042,1,103.73,10,in_store,N,,legacy,data/raw/orders/2026-07-14/orders.csv,2026-07-14,,,,,P1042,legacy_original,True,P1042,VistaRover Trail Tumbler 241,hydration,insulated tumbler,Highland Ember,,,,,VistaRover Trail Tumbler 241,hydration,insulated tumbler,Highland Ember
20260714-0011,2026-07-14,S003,P1026,2,130.4,0,ship_from_store,N,,legacy,data/raw/orders/2026-07-14/orders.csv,2026-07-14,,,,,P1026,legacy_original,True,P1026,VistaRover Mid Trail Shoes 225,footwear,trail shoes,Highland Ember,,,,,VistaRover Mid Trail Shoes 225,footwear,trail shoes,Highland Ember
20260714-0012,2026-07-14,S003,P1053,2,108.53,0,pickup,Y,,legacy,data/raw/orders/2026-07-14/orders.csv,2026-07-14,,,,,P1053,legacy_original,True,P1053,EmberRunner Storm Kit Battery Pack 252,emergency,battery pack,Blue Ridge Works,,,,,EmberRunner Storm Kit Battery Pack 252,emergency,battery pack,Blue Ridge Works
20260714-0013,2026-07-14,S002,P1009,1,97.97,15,ship_from_store,Y,,legacy,data/raw/orders/2026-07-14/orders.csv,2026-07-14,,,,,P1009,legacy_original,True,P1009,PineRunner 4P Tent 208,camping,tent,Rocky Top Outfitters,,,,,PineRunner 4P Tent 208,camping,tent,Rocky Top Outfitters
20260714-0014,2026-07-14,S002,P1047,1,48.36,15,in_store,Y,,legacy,data/raw/orders/2026-07-14/orders.csv,2026-07-14,,,,,P1047,legacy_original,True,P1047,MoonRambler Expedition Flashlight 246,emergency,flashlight,Switchback Supply,,,,,MoonRambler Expedition Flashlight 246,emergency,flashlight,Switchback Supply
20260714-0015,2026-07-14,S006,P1031,1,156.18,10,in_store,N,,legacy,data/raw/orders/2026-07-14/orders.csv,2026-07-14,,,,,P1031,legacy_original,True,P1031,MoonRambler Stormproof Jacket 230,outerwear,rain shell,Switchback Supply,,,,,MoonRambler Stormproof Jacket 230,outerwear,rain shell,Switchback Supply
20260714-0016,2026-07-14,S006,P1061,1,140.45,5,pickup,N,,legacy,data/raw/orders/2026-07-14/orders.csv,2026-07-14,,,,,P1061,legacy_original,True,P1061,FieldRunner Packable Jacket 260,outerwear,rain shell,Blue Ridge Works,,,,,FieldRunner Packable Jacket 260,outerwear,rain shell,Blue Ridge Works
20260714-0017,2026-07-14,S005,P1079,1,217.78,15,pickup,Y,,legacy,data/raw/orders/2026-07-14/orders.csv,2026-07-14,,,,,P1079,legacy_original,True,P1079,MoonRambler Stormproof Jacket 278,outerwear,rain shell,Switchback Supply,,,,,MoonRambler Stormproof Jacket 278,outerwear,rain shell,Switchback Supply
20260714-0018,2026-07-14,S003,P1064,1,614.45,0,in_store,Y,,legacy,data/raw/orders/2026-07-14/orders.csv,2026-07-14,,,,,P1064,legacy_original,True,P1064,PeakNomad XL Cooler 263,patio,cooler,TrailForge,,,,,PeakNomad XL Cooler 263,patio,cooler,TrailForge
20260714-0019,2026-07-14,S007,P1058,2,263.59,0,in_store,Y,,legacy,data/raw/orders/2026-07-14/orders.csv,2026-07-14,,,,,P1058,legacy_original,True,P1058,VistaRover Deluxe Patio Heater 257,patio,patio heater,Highland Ember,,,,,VistaRover Deluxe Patio Heater 257,patio,patio heater,Highland Ember
20260714-0020,2026-07-14,S004,P1024,4,90.59,0,in_store,N,,legacy,data/raw/orders/2026-07-14/orders.csv,2026-07-14,,,,,P1024,legacy_original,True,P1024,CanyonNomad Travel Tumbler 223,hydration,insulated tumbler,TrailForge,,,,,CanyonNomad Travel Tumbler 223,hydration,insulated tumbler,TrailForge
20260714-0021,2026-07-14,S005,P1051,1,402.94,5,in_store,N,,legacy,data/raw/orders/2026-07-14/orders.csv,2026-07-14,,,,,P1051,legacy_original,True,P1051,CreekRambler 2P Camp Chair 250,camping,camp chair,Creekline,,,,,CreekRambler 2P Camp Chair 250,camping,camp chair,Creekline
20260714-0022,2026-07-14,S002,P1003,1,448.98,0,pickup,N,,legacy,data/raw/orders/2026-07-14/orders.csv,2026-07-14,,,,,P1003,legacy_original,True,P1003,CreekRambler 2P Camp Chair 202,camping,camp chair,Creekline,,,,,CreekRambler 2P Camp Chair 202,camping,camp chair,Creekline
20260714-0023,2026-07-14,S001,P1044,2,179.79,5,in_store,N,,legacy,data/raw/orders/2026-07-14/orders.csv,2026-07-14,,,,,P1044,legacy_original,True,P1044,CloudNomad Approach Trail Shoes 243,footwear,trail shoes,Moss & Mile,,,,,CloudNomad Approach Trail Shoes 243,footwear,trail shoes,Moss & Mile
20260714-0024,2026-07-14,S007,P1058,1,263.59,0,in_store,Y,,legacy,data/raw/orders/2026-07-14/orders.csv,2026-07-14,,,,,P1058,legacy_original,True,P1058,VistaRover Deluxe Patio Heater 257,patio,patio heater,Highland Ember,,,,,VistaRover Deluxe Patio Heater 257,patio,patio heater,Highland Ember
20260714-0025,2026-07-14,S002,P1008,2,149.17,15,in_store,Y,,legacy,data/raw/orders/2026-07-14/orders.csv,2026-07-14,,,,,P1008,legacy_original,True,P1008,CanyonNomad Waterproof Trail Shoes 207,footwear,trail shoes,TrailForge,,,,,CanyonNomad Waterproof Trail Shoes 207,footwear,trail shoes,TrailForge
20260714-0026,2026-07-14,S007,P1061,2,133.06,10,ship_from_store,N,,legacy,data/raw/orders/2026-07-14/orders.csv,2026-07-14,,,,,P1061,legacy_original,True,P1061,FieldRunner Packable Jacket 260,outerwear,rain shell,Blue Ridge Works,,,,,FieldRunner Packable Jacket 260,outerwear,rain shell,Blue Ridge Works
20260714-0027,2026-07-14,S001,P1052,4,350.02,10,in_store,N,,legacy,data/raw/orders/2026-07-14/orders.csv,2026-07-14,,,,,P1052,legacy_original,True,P1052,StormNomad Compact Cooler 251,patio,cooler,Moss & Mile,,,,,StormNomad Compact Cooler 251,patio,cooler,Moss & Mile
20260714-0028,2026-07-14,S001,P1019,1,178.99,0,pickup,Y,,legacy,data/raw/orders/2026-07-14/orders.csv,2026-07-14,,,,,P1019,legacy_original,True,P1019,CreekRambler Alpine Jacket 218,outerwear,rain shell,Creekline,,,,,CreekRambler Alpine Jacket 218,outerwear,rain shell,Creekline
20260714-0029,2026-07-14,S006,P1072,3,107.43,20,in_store,Y,,legacy,data/raw/orders/2026-07-14/orders.csv,2026-07-14,,,,,P1072,legacy_original,True,P1072,CanyonNomad Travel Tumbler 271,hydration,insulated tumbler,TrailForge,,,,,CanyonNomad Travel Tumbler 271,hydration,insulated tumbler,TrailForge
20260714-0030,2026-07-14,S006,P1027,3,82.83,10,in_store,Y,,legacy,data/raw/orders/2026-07-14/orders.csv,2026-07-14,,,,,P1027,legacy_original,True,P1027,BoulderRambler 2P Camp Chair 226,camping,camp chair,Creekline,,,,,BoulderRambler 2P Camp Chair 226,camping,camp chair,Creekline
20260714-0031,2026-07-14,S002,P1053,2,108.53,0,in_store,Y,,legacy,data/raw/orders/2026-07-14/orders.csv,2026-07-14,,,,,P1053,legacy_original,True,P1053,EmberRunner Storm Kit Battery Pack 252,emergency,battery pack,Blue Ridge Works,,,,,EmberRunner Storm Kit Battery Pack 252,emergency,battery pack,Blue Ridge Works
20260714-0032,2026-07-14,S006,P1003,1,448.98,0,in_store,N,,legacy,data/raw/orders/2026-07-14/orders.csv,2026-07-14,,,,,P1003,legacy_original,True,P1003,CreekRambler 2P Camp Chair 202,camping,camp chair,Creekline,,,,,CreekRambler 2P Camp Chair 202,camping,camp chair,Creekline
20260714-0033,2026-07-14,S001,P1027,1,92.03,0,pickup,N,,legacy,data/raw/orders/2026-07-14/orders.csv,2026-07-14,,,,,P1027,legacy_original,True,P1027,BoulderRambler 2P Camp Chair 226,camping,camp chair,Creekline,,,,,BoulderRambler 2P Camp Chair 226,camping,camp chair,Creekline
20260714-0034,2026-07-14,S005,P1055,1,222.06,20,ship_from_store,N,,legacy,data/raw/orders/2026-07-14/orders.csv,2026-07-14,,,,,P1055,legacy_original,True,P1055,HearthRambler Stormproof Jacket 254,outerwear,rain shell,Switchback Supply,,,,,HearthRambler Stormproof Jacket 254,outerwear,rain shell,Switchback Supply
20260714-0035,2026-07-14,S008,P1054,1,67.15,5,ship_from_store,N,,legacy,data/raw/orders/2026-07-14/orders.csv,2026-07-14,,,,,P1054,legacy_original,True,P1054,TrailRover 20oz Tumbler 253,hydration,insulated tumbler,Summit Finch,,,,,TrailRover 20oz Tumbler 253,hydration,insulated tumbler,Summit Finch
20260714-0036,2026-07-14,S007,P1008,2,175.5,0,in_store,Y,,legacy,data/raw/orders/2026-07-14/orders.csv,2026-07-14,,,,,P1008,legacy_original,True,P1008,CanyonNomad Waterproof Trail Shoes 207,footwear,trail shoes,TrailForge,,,,,CanyonNomad Waterproof Trail Shoes 207,footwear,trail shoes,TrailForge
20260714-0037,2026-07-14,S003,P1038,3,177.19,10,in_store,Y,,legacy,data/raw/orders/2026-07-14/orders.csv,2026-07-14,,,,,P1038,legacy_original,True,P1038,TrailRover Wide Trail Shoes 237,footwear,trail shoes,Summit Finch,,,,,TrailRover Wide Trail Shoes 237,footwear,trail shoes,Summit Finch
20260714-0038,2026-07-14,S004,P1061,2,140.45,5,in_store,Y,,legacy,data/raw/orders/2026-07-14/orders.csv,2026-07-14,,,,,P1061,legacy_original,True,P1061,FieldRunner Packable Jacket 260,outerwear,rain shell,Blue Ridge Works,,,,,FieldRunner Packable Jacket 260,outerwear,rain shell,Blue Ridge Works
20260714-0039,2026-07-14,S001,P1036,2,149.83,5,in_store,Y,,legacy,data/raw/orders/2026-07-14/orders.csv,2026-07-14,,,,,P1036,legacy_original,True,P1036,StormNomad 32oz Tumbler 235,hydration,insulated tumbler,Moss & Mile,,,,,StormNomad 32oz Tumbler 235,hydration,insulated tumbler,Moss & Mile
20260714-0040,2026-07-14,S006,P1042,2,115.25,0,in_store,Y,,legacy,data/raw/orders/2026-07-14/orders.csv,2026-07-14,,,,,P1042,legacy_original,True,P1042,VistaRover Trail Tumbler 241,hydration,insulated tumbler,Highland Ember,,,,,VistaRover Trail Tumbler 241,hydration,insulated tumbler,Highland Ember
20260714-0041,2026-07-14,S003,P1076,1,617.47,10,in_store,Y,,legacy,data/raw/orders/2026-07-14/orders.csv,2026-07-14,,,,,P1076,legacy_original,True,P1076,CloudNomad Compact Cooler 275,patio,cooler,Moss & Mile,,,,,CloudNomad Compact Cooler 275,patio,cooler,Moss & Mile
20260714-0042,2026-07-14,S006,P1054,2,56.54,20,in_store,Y,,legacy,data/raw/orders/2026-07-14/orders.csv,2026-07-14,,,,,P1054,legacy_original,True,P1054,TrailRover 20oz Tumbler 253,hydration,insulated tumbler,Summit Finch,,,,,TrailRover 20oz Tumbler 253,hydration,insulated tumbler,Summit Finch
20260714-0043,2026-07-14,S002,P1076,1,617.47,10,in_store,Y,,legacy,data/raw/orders/2026-07-14/orders.csv,2026-07-14,,,,,P1076,legacy_original,True,P1076,CloudNomad Compact Cooler 275,patio,cooler,Moss & Mile,,,,,CloudNomad Compact Cooler 275,patio,cooler,Moss & Mile
20260714-0044,2026-07-14,S008,P1006,1,53.11,5,in_store,Y,,legacy,data/raw/orders/2026-07-14/orders.csv,2026-07-14,,,,,P1006,legacy_original,True,P1006,TrailRover 20oz Tumbler 205,hydration,insulated tumbler,Summit Finch,,,,,TrailRover 20oz Tumbler 205,hydration,insulated tumbler,Summit Finch
20260714-0045,2026-07-14,S004,P1013,4,97.39,0,ship_from_store,Y,,legacy,data/raw/orders/2026-07-14/orders.csv,2026-07-14,,,,,P1013,legacy_original,True,P1013,FieldRunner Packable Jacket 212,outerwear,rain shell,Blue Ridge Works,,,,,FieldRunner Packable Jacket 212,outerwear,rain shell,Blue Ridge Works
20260714-0046,2026-07-14,S004,P1046,1,233.42,0,pickup,Y,,legacy,data/raw/orders/2026-07-14/orders.csv,2026-07-14,,,,,P1046,legacy_original,True,P1046,SwitchbackRover Weekend Patio Heater 245,patio,patio heater,Summit Finch,,,,,SwitchbackRover Weekend Patio Heater 245,patio,patio heater,Summit Finch
20260714-0047,2026-07-14,S001,P1060,4,154.39,0,pickup,Y,,legacy,data/raw/orders/2026-07-14/orders.csv,2026-07-14,,,,,P1060,legacy_original,True,P1060,CloudNomad 32oz Tumbler 259,hydration,insulated tumbler,Moss & Mile,,,,,CloudNomad 32oz Tumbler 259,hydration,insulated tumbler,Moss & Mile
20260714-0048,2026-07-14,S007,P1071,1,136.13,5,pickup,N,,legacy,data/raw/orders/2026-07-14/orders.csv,2026-07-14,,,,,P1071,legacy_original,True,P1071,HearthRambler Expedition Flashlight 270,emergency,flashlight,Switchback Supply,,,,,HearthRambler Expedition Flashlight 270,emergency,flashlight,Switchback Supply
20260714-0049,2026-07-14,S002,P1010,1,552.43,0,in_store,N,,legacy,data/raw/orders/2026-07-14/orders.csv,2026-07-14,,,,,P1010,legacy_original,True,P1010,VistaRover Deluxe Patio Heater 209,patio,patio heater,Highland Ember,,,,,VistaRover Deluxe Patio Heater 209,patio,patio heater,Highland Ember
20260714-0050,2026-07-14,S001,P1003,1,381.63,15,in_store,Y,,legacy,data/raw/orders/2026-07-14/orders.csv,2026-07-14,,,,,P1003,legacy_original,True,P1003,CreekRambler 2P Camp Chair 202,camping,camp chair,Creekline,,,,,CreekRambler 2P Camp Chair 202,camping,camp chair,Creekline
20260714-0051,2026-07-14,S008,P1069,1,256.36,0,ship_from_store,Y,,legacy,data/raw/orders/2026-07-14/orders.csv,2026-07-14,,,,,P1069,legacy_original,True,P1069,EmberRunner Basecamp Tent 268,camping,tent,Blue Ridge Works,,,,,EmberRunner Basecamp Tent 268,camping,tent,Blue Ridge Works
20260714-0052,2026-07-14,S002,P1039,4,331.06,10,in_store,Y,,legacy,data/raw/orders/2026-07-14/orders.csv,2026-07-14,,,,,P1039,legacy_original,True,P1039,HearthRambler Ultralight Camp Chair 238,camping,camp chair,Switchback Supply,,,,,HearthRambler Ultralight Camp Chair 238,camping,camp chair,Switchback Supply
20260714-0053,2026-07-14,S001,P1044,1,179.79,5,in_store,Y,,legacy,data/raw/orders/2026-07-14/orders.csv,2026-07-14,,,,,P1044,legacy_original,True,P1044,CloudNomad Approach Trail Shoes 243,footwear,trail shoes,Moss & Mile,,,,,CloudNomad Approach Trail Shoes 243,footwear,trail shoes,Moss & Mile
20260714-0054,2026-07-14,S001,P1012,1,105.11,15,in_store,N,,legacy,data/raw/orders/2026-07-14/orders.csv,2026-07-14,,,,,P1012,legacy_original,True,P1012,CloudNomad 32oz Tumbler 211,hydration,insulated tumbler,Moss & Mile,,,,,CloudNomad 32oz Tumbler 211,hydration,insulated tumbler,Moss & Mile
20260714-0055,2026-07-14,S005,P1076,1,686.08,0,in_store,Y,,legacy,data/raw/orders/2026-07-14/orders.csv,2026-07-14,,,,,P1076,legacy_original,True,P1076,CloudNomad Compact Cooler 275,patio,cooler,Moss & Mile,,,,,CloudNomad Compact Cooler 275,patio,cooler,Moss & Mile
20260714-0056,2026-07-14,S001,P1042,4,103.73,10,in_store,N,,legacy,data/raw/orders/2026-07-14/orders.csv,2026-07-14,,,,,P1042,legacy_original,True,P1042,VistaRover Trail Tumbler 241,hydration,insulated tumbler,Highland Ember,,,,,VistaRover Trail Tumbler 241,hydration,insulated tumbler,Highland Ember
20260714-0057,2026-07-14,S004,P1073,3,112.79,10,ship_from_store,Y,,legacy,data/raw/orders/2026-07-14/orders.csv,2026-07-14,,,,,P1073,legacy_original,True,P1073,PineRunner Lightweight Jacket 272,outerwear,rain shell,Rocky Top Outfitters,,,,,PineRunner Lightweight Jacket 272,outerwear,rain shell,Rocky Top Outfitters
20260714-0058,2026-07-14,S004,P1033,1,151.57,20,in_store,Y,,legacy,data/raw/orders/2026-07-14/orders.csv,2026-07-14,,,,,P1033,legacy_original,True,P1033,SummitRunner 4P Tent 232,camping,tent,Rocky Top Outfitters,,,,,SummitRunner 4P Tent 232,camping,tent,Rocky Top Outfitters
20260714-0059,2026-07-14,S003,P1045,4,348.41,0,pickup,N,,legacy,data/raw/orders/2026-07-14/orders.csv,2026-07-14,,,,,P1045,legacy_original,True,P1045,FieldRunner Basecamp Tent 244,camping,tent,Blue Ridge Works,,,,,FieldRunner Basecamp Tent 244,camping,tent,Blue Ridge Works
20260714-0060,2026-07-14,S005,P1076,1,686.08,0,pickup,Y,,legacy,data/raw/orders/2026-07-14/orders.csv,2026-07-14,,,,,P1076,legacy_original,True,P1076,CloudNomad Compact Cooler 275,patio,cooler,Moss & Mile,,,,,CloudNomad Compact Cooler 275,patio,cooler,Moss & Mile
20260714-0061,2026-07-14,S008,P1028,3,615.14,5,in_store,N,,legacy,data/raw/orders/2026-07-14/orders.csv,2026-07-14,,,,,P1028,legacy_original,True,P1028,CloudNomad Compact Cooler 227,patio,cooler,Moss & Mile,,,,,CloudNomad Compact Cooler 227,patio,cooler,Moss & Mile
20260714-0062,2026-07-14,S008,P1039,4,349.45,5,pickup,Y,,legacy,data/raw/orders/2026-07-14/orders.csv,2026-07-14,,,,,P1039,legacy_original,True,P1039,HearthRambler Ultralight Camp Chair 238,camping,camp chair,Switchback Supply,,,,,HearthRambler Ultralight Camp Chair 238,camping,camp chair,Switchback Supply
20260714-0063,2026-07-14,S006,P1015,2,163.09,15,in_store,Y,,legacy,data/raw/orders/2026-07-14/orders.csv,2026-07-14,,,,,P1015,legacy_original,True,P1015,MoonRambler Ultralight Camp Chair 214,camping,camp chair,Switchback Supply,,,,,MoonRambler Ultralight Camp Chair 214,camping,camp chair,Switchback Supply
20260714-0064,2026-07-14,S006,P1004,4,104.41,5,in_store,Y,,legacy,data/raw/orders/2026-07-14/orders.csv,2026-07-14,,,,,P1004,legacy_original,True,P1004,StormNomad Compact Cooler 203,patio,cooler,Moss & Mile,,,,,StormNomad Compact Cooler 203,patio,cooler,Moss & Mile
20260714-0065,2026-07-14,S007,P1015,4,163.09,15,pickup,Y,,legacy,data/raw/orders/2026-07-14/orders.csv,2026-07-14,,,,,P1015,legacy_original,True,P1015,MoonRambler Ultralight Camp Chair 214,camping,camp chair,Switchback Supply,,,,,MoonRambler Ultralight Camp Chair 214,camping,camp chair,Switchback Supply
20260714-0066,2026-07-14,S004,P1027,1,92.03,0,in_store,Y,,legacy,data/raw/orders/2026-07-14/orders.csv,2026-07-14,,,,,P1027,legacy_original,True,P1027,BoulderRambler 2P Camp Chair 226,camping,camp chair,Creekline,,,,,BoulderRambler 2P Camp Chair 226,camping,camp chair,Creekline
20260714-0067,2026-07-14,S002,P1036,4,157.72,0,pickup,Y,,legacy,data/raw/orders/2026-07-14/orders.csv,2026-07-14,,,,,P1036,legacy_original,True,P1036,StormNomad 32oz Tumbler 235,hydration,insulated tumbler,Moss & Mile,,,,,StormNomad 32oz Tumbler 235,hydration,insulated tumbler,Moss & Mile
20260714-0068,2026-07-14,S002,P1022,2,310.97,20,pickup,Y,,legacy,data/raw/orders/2026-07-14/orders.csv,2026-07-14,,,,,P1022,legacy_original,True,P1022,TrailRover Weekend Patio Heater 221,patio,patio heater,Summit Finch,,,,,TrailRover Weekend Patio Heater 221,patio,patio heater,Summit Finch
20260714-0069,2026-07-14,S005,P1027,1,73.62,20,in_store,N,,legacy,data/raw/orders/2026-07-14/orders.csv,2026-07-14,,,,,P1027,legacy_original,True,P1027,BoulderRambler 2P Camp Chair 226,camping,camp chair,Creekline,,,,,BoulderRambler 2P Camp Chair 226,camping,camp chair,Creekline
20260714-0070,2026-07-14,S006,P1027,1,73.62,20,in_store,N,,legacy,data/raw/orders/2026-07-14/orders.csv,2026-07-14,,,,,P1027,legacy_original,True,P1027,BoulderRambler 2P Camp Chair 226,camping,camp chair,Creekline,,,,,BoulderRambler 2P Camp Chair 226,camping,camp chair,Creekline
20260714-0071,2026-07-14,S006,P1048,1,59.74,15,in_store,Y,,legacy,data/raw/orders/2026-07-14/orders.csv,2026-07-14,,,,,P1048,legacy_original,True,P1048,PeakNomad Travel Tumbler 247,hydration,insulated tumbler,TrailForge,,,,,PeakNomad Travel Tumbler 247,hydration,insulated tumbler,TrailForge
20260714-0072,2026-07-14,S002,P1047,2,56.9,0,ship_from_store,Y,,legacy,data/raw/orders/2026-07-14/orders.csv,2026-07-14,,,,,P1047,legacy_original,True,P1047,MoonRambler Expedition Flashlight 246,emergency,flashlight,Switchback Supply,,,,,MoonRambler Expedition Flashlight 246,emergency,flashlight,Switchback Supply
20260714-0073,2026-07-14,S004,P1080,1,114.4,20,in_store,Y,,legacy,data/raw/orders/2026-07-14/orders.csv,2026-07-14,,,,,P1080,legacy_original,True,P1080,PeakNomad Waterproof Trail Shoes 279,footwear,trail shoes,TrailForge,,,,,PeakNomad Waterproof Trail Shoes 279,footwear,trail shoes,TrailForge
20260714-0074,2026-07-14,S004,P1057,1,389.66,5,pickup,Y,,legacy,data/raw/orders/2026-07-14/orders.csv,2026-07-14,,,,,P1057,legacy_original,True,P1057,PineRunner 4P Tent 256,camping,tent,Rocky Top Outfitters,,,,,PineRunner 4P Tent 256,camping,tent,Rocky Top Outfitters
20260714-0075,2026-07-14,S001,P1051,1,381.74,10,in_store,Y,,legacy,data/raw/orders/2026-07-14/orders.csv,2026-07-14,,,,,P1051,legacy_original,True,P1051,CreekRambler 2P Camp Chair 250,camping,camp chair,Creekline,,,,,CreekRambler 2P Camp Chair 250,camping,camp chair,Creekline
20260714-0076,2026-07-14,S005,P1015,1,191.87,0,ship_from_store,Y,,legacy,data/raw/orders/2026-07-14/orders.csv,2026-07-14,,,,,P1015,legacy_original,True,P1015,MoonRambler Ultralight Camp Chair 214,camping,camp chair,Switchback Supply,,,,,MoonRambler Ultralight Camp Chair 214,camping,camp chair,Switchback Supply
20260714-0077,2026-07-14,S003,P1052,1,369.46,5,pickup,Y,,legacy,data/raw/orders/2026-07-14/orders.csv,2026-07-14,,,,,P1052,legacy_original,True,P1052,StormNomad Compact Cooler 251,patio,cooler,Moss & Mile,,,,,StormNomad Compact Cooler 251,patio,cooler,Moss & Mile
20260714-0078,2026-07-14,S003,P1002,1,203.43,0,in_store,Y,,legacy,data/raw/orders/2026-07-14/orders.csv,2026-07-14,,,,,P1002,legacy_original,True,P1002,RidgeRover Mid Trail Shoes 201,footwear,trail shoes,Highland Ember,,,,,RidgeRover Mid Trail Shoes 201,footwear,trail shoes,Highland Ember
20260714-0079,2026-07-14,S003,P1026,1,130.4,0,in_store,Y,,legacy,data/raw/orders/2026-07-14/orders.csv,2026-07-14,,,,,P1026,legacy_original,True,P1026,VistaRover Mid Trail Shoes 225,footwear,trail shoes,Highland Ember,,,,,VistaRover Mid Trail Shoes 225,footwear,trail shoes,Highland Ember
20260714-0080,2026-07-14,S004,P1046,2,210.08,10,in_store,Y,,legacy,data/raw/orders/2026-07-14/orders.csv,2026-07-14,,,,,P1046,legacy_original,True,P1046,SwitchbackRover Weekend Patio Heater 245,patio,patio heater,Summit Finch,,,,,SwitchbackRover Weekend Patio Heater 245,patio,patio heater,Summit Finch
20260714-0081,2026-07-14,S006,P1018,3,145.69,5,in_store,Y,,legacy,data/raw/orders/2026-07-14/orders.csv,2026-07-14,,,,,P1018,legacy_original,True,P1018,RidgeRover Trail Tumbler 217,hydration,insulated tumbler,Highland Ember,,,,,RidgeRover Trail Tumbler 217,hydration,insulated tumbler,Highland Ember
20260714-0082,2026-07-14,S001,P1048,3,59.74,15,pickup,Y,,legacy,data/raw/orders/2026-07-14/orders.csv,2026-07-14,,,,,P1048,legacy_original,True,P1048,PeakNomad Travel Tumbler 247,hydration,insulated tumbler,TrailForge,,,,,PeakNomad Travel Tumbler 247,hydration,insulated tumbler,TrailForge
20260714-0083,2026-07-14,S003,P1060,1,138.95,10,in_store,N,,legacy,data/raw/orders/2026-07-14/orders.csv,2026-07-14,,,,,P1060,legacy_original,True,P1060,CloudNomad 32oz Tumbler 259,hydration,insulated tumbler,Moss & Mile,,,,,CloudNomad 32oz Tumbler 259,hydration,insulated tumbler,Moss & Mile
20260714-0084,2026-07-14,S001,P1056,2,136.81,5,in_store,Y,,legacy,data/raw/orders/2026-07-14/orders.csv,2026-07-14,,,,,P1056,legacy_original,True,P1056,CanyonNomad Waterproof Trail Shoes 255,footwear,trail shoes,TrailForge,,,,,CanyonNomad Waterproof Trail Shoes 255,footwear,trail shoes,TrailForge
20260714-0085,2026-07-14,S001,P1066,2,89.15,15,in_store,Y,,legacy,data/raw/orders/2026-07-14/orders.csv,2026-07-14,,,,,P1066,legacy_original,True,P1066,RidgeRover Trail Tumbler 265,hydration,insulated tumbler,Highland Ember,,,,,RidgeRover Trail Tumbler 265,hydration,insulated tumbler,Highland Ember
20260714-0086,2026-07-14,S004,P1066,1,104.88,0,ship_from_store,Y,,legacy,data/raw/orders/2026-07-14/orders.csv,2026-07-14,,,,,P1066,legacy_original,True,P1066,RidgeRover Trail Tumbler 265,hydration,insulated tumbler,Highland Ember,,,,,RidgeRover Trail Tumbler 265,hydration,insulated tumbler,Highland Ember
20260714-0087,2026-07-14,S002,P1045,1,296.15,15,in_store,N,,legacy,data/raw/orders/2026-07-14/orders.csv,2026-07-14,,,,,P1045,legacy_original,True,P1045,FieldRunner Basecamp Tent 244,camping,tent,Blue Ridge Works,,,,,FieldRunner Basecamp Tent 244,camping,tent,Blue Ridge Works
20260714-0088,2026-07-14,S004,P1059,3,100.22,5,pickup,Y,,legacy,data/raw/orders/2026-07-14/orders.csv,2026-07-14,,,,,P1059,legacy_original,True,P1059,BoulderRambler Rechargeable Flashlight 258,emergency,flashlight,Creekline,,,,,BoulderRambler Rechargeable Flashlight 258,emergency,flashlight,Creekline
20260714-0089,2026-07-14,S007,P1076,3,583.17,15,pickup,Y,,legacy,data/raw/orders/2026-07-14/orders.csv,2026-07-14,,,,,P1076,legacy_original,True,P1076,CloudNomad Compact Cooler 275,patio,cooler,Moss & Mile,,,,,CloudNomad Compact Cooler 275,patio,cooler,Moss & Mile
20260714-0090,2026-07-14,S006,P1080,4,143.0,0,in_store,N,,legacy,data/raw/orders/2026-07-14/orders.csv,2026-07-14,,,,,P1080,legacy_original,True,P1080,PeakNomad Waterproof Trail Shoes 279,footwear,trail shoes,TrailForge,,,,,PeakNomad Waterproof Trail Shoes 279,footwear,trail shoes,TrailForge
20260714-0091,2026-07-14,S004,P1067,1,266.98,0,ship_from_store,Y,,legacy,data/raw/orders/2026-07-14/orders.csv,2026-07-14,,,,,P1067,legacy_original,True,P1067,CreekRambler Alpine Jacket 266,outerwear,rain shell,Creekline,,,,,CreekRambler Alpine Jacket 266,outerwear,rain shell,Creekline
20260714-0092,2026-07-14,S005,P1072,1,120.86,10,in_store,Y,,legacy,data/raw/orders/2026-07-14/orders.csv,2026-07-14,,,,,P1072,legacy_original,True,P1072,CanyonNomad Travel Tumbler 271,hydration,insulated tumbler,TrailForge,,,,,CanyonNomad Travel Tumbler 271,hydration,insulated tumbler,TrailForge
20260714-0093,2026-07-14,S008,P1010,1,497.19,10,in_store,Y,,legacy,data/raw/orders/2026-07-14/orders.csv,2026-07-14,,,,,P1010,legacy_original,True,P1010,VistaRover Deluxe Patio Heater 209,patio,patio heater,Highland Ember,,,,,VistaRover Deluxe Patio Heater 209,patio,patio heater,Highland Ember
20260714-0094,2026-07-14,S004,P1056,4,115.21,20,in_store,Y,,legacy,data/raw/orders/2026-07-14/orders.csv,2026-07-14,,,,,P1056,legacy_original,True,P1056,CanyonNomad Waterproof Trail Shoes 255,footwear,trail shoes,TrailForge,,,,,CanyonNomad Waterproof Trail Shoes 255,footwear,trail shoes,TrailForge
20260714-0095,2026-07-14,S005,P1049,1,199.81,10,in_store,Y,,legacy,data/raw/orders/2026-07-14/orders.csv,2026-07-14,,,,,P1049,legacy_original,True,P1049,SummitRunner Lightweight Jacket 248,outerwear,rain shell,Rocky Top Outfitters,,,,,SummitRunner Lightweight Jacket 248,outerwear,rain shell,Rocky Top Outfitters
20260714-0096,2026-07-14,S006,P1043,1,241.0,0,in_store,Y,,legacy,data/raw/orders/2026-07-14/orders.csv,2026-07-14,,,,,P1043,legacy_original,True,P1043,BoulderRambler Alpine Jacket 242,outerwear,rain shell,Creekline,,,,,BoulderRambler Alpine Jacket 242,outerwear,rain shell,Creekline
20260714-0097,2026-07-14,S005,P1045,2,313.57,10,in_store,N,,legacy,data/raw/orders/2026-07-14/orders.csv,2026-07-14,,,,,P1045,legacy_original,True,P1045,FieldRunner Basecamp Tent 244,camping,tent,Blue Ridge Works,,,,,FieldRunner Basecamp Tent 244,camping,tent,Blue Ridge Works
20260714-0098,2026-07-14,S001,P1007,1,106.8,5,in_store,Y,,legacy,data/raw/orders/2026-07-14/orders.csv,2026-07-14,,,,,P1007,legacy_original,True,P1007,HearthRambler Stormproof Jacket 206,outerwear,rain shell,Switchback Supply,,,,,HearthRambler Stormproof Jacket 206,outerwear,rain shell,Switchback Supply
20260714-0099,2026-07-14,S007,P1007,1,112.42,0,in_store,Y,,legacy,data/raw/orders/2026-07-14/orders.csv,2026-07-14,,,,,P1007,legacy_original,True,P1007,HearthRambler Stormproof Jacket 206,outerwear,rain shell,Switchback Supply,,,,,HearthRambler Stormproof Jacket 206,outerwear,rain shell,Switchback Supply
20260714-0100,2026-07-14,S005,P1056,2,136.81,5,ship_from_store,N,,legacy,data/raw/orders/2026-07-14/orders.csv,2026-07-14,,,,,P1056,legacy_original,True,P1056,CanyonNomad Waterproof Trail Shoes 255,footwear,trail shoes,TrailForge,,,,,CanyonNomad Waterproof Trail Shoes 255,footwear,trail shoes,TrailForge
20260714-0101,2026-07-14,S005,P1041,2,51.87,5,pickup,Y,,legacy,data/raw/orders/2026-07-14/orders.csv,2026-07-14,,,,,P1041,legacy_original,True,P1041,PineRunner Mini Battery Pack 240,emergency,battery pack,Rocky Top Outfitters,,,,,PineRunner Mini Battery Pack 240,emergency,battery pack,Rocky Top Outfitters
20260714-0102,2026-07-14,S004,P1078,1,117.08,20,in_store,Y,,legacy,data/raw/orders/2026-07-14/orders.csv,2026-07-14,,,,,P1078,legacy_original,True,P1078,SwitchbackRover 20oz Tumbler 277,hydration,insulated tumbler,Summit Finch,,,,,SwitchbackRover 20oz Tumbler 277,hydration,insulated tumbler,Summit Finch
20260714-0103,2026-07-14,S004,P1018,1,122.69,20,in_store,Y,,legacy,data/raw/orders/2026-07-14/orders.csv,2026-07-14,,,,,P1018,legacy_original,True,P1018,RidgeRover Trail Tumbler 217,hydration,insulated tumbler,Highland Ember,,,,,RidgeRover Trail Tumbler 217,hydration,insulated tumbler,Highland Ember
20260714-0104,2026-07-14,S002,P1020,1,169.18,20,in_store,Y,,legacy,data/raw/orders/2026-07-14/orders.csv,2026-07-14,,,,,P1020,legacy_original,True,P1020,StormNomad Approach Trail Shoes 219,footwear,trail shoes,Moss & Mile,,,,,StormNomad Approach Trail Shoes 219,footwear,trail shoes,Moss & Mile
20260714-0105,2026-07-14,S008,P1070,1,162.02,20,in_store,N,,legacy,data/raw/orders/2026-07-14/orders.csv,2026-07-14,,,,,P1070,legacy_original,True,P1070,TrailRover Weekend Patio Heater 269,patio,patio heater,Summit Finch,,,,,TrailRover Weekend Patio Heater 269,patio,patio heater,Summit Finch
20260714-0106,2026-07-14,S002,P1029,2,125.93,0,in_store,Y,,legacy,data/raw/orders/2026-07-14/orders.csv,2026-07-14,,,,,P1029,legacy_original,True,P1029,FieldRunner Storm Kit Battery Pack 228,emergency,battery pack,Blue Ridge Works,,,,,FieldRunner Storm Kit Battery Pack 228,emergency,battery pack,Blue Ridge Works
20260714-0107,2026-07-14,S003,P1042,2,115.25,0,in_store,Y,,legacy,data/raw/orders/2026-07-14/orders.csv,2026-07-14,,,,,P1042,legacy_original,True,P1042,VistaRover Trail Tumbler 241,hydration,insulated tumbler,Highland Ember,,,,,VistaRover Trail Tumbler 241,hydration,insulated tumbler,Highland Ember
20260714-0108,2026-07-14,S007,P1006,2,55.91,0,in_store,Y,,legacy,data/raw/orders/2026-07-14/orders.csv,2026-07-14,,,,,P1006,legacy_original,True,P1006,TrailRover 20oz Tumbler 205,hydration,insulated tumbler,Summit Finch,,,,,TrailRover 20oz Tumbler 205,hydration,insulated tumbler,Summit Finch
20260714-0109,2026-07-14,S005,P1003,2,448.98,0,in_store,N,,legacy,data/raw/orders/2026-07-14/orders.csv,2026-07-14,,,,,P1003,legacy_original,True,P1003,CreekRambler 2P Camp Chair 202,camping,camp chair,Creekline,,,,,CreekRambler 2P Camp Chair 202,camping,camp chair,Creekline
20260714-0110,2026-07-14,S006,P1034,2,151.97,10,ship_from_store,Y,,legacy,data/raw/orders/2026-07-14/orders.csv,2026-07-14,,,,,P1034,legacy_original,True,P1034,RidgeRover Deluxe Patio Heater 233,patio,patio heater,Highland Ember,,,,,RidgeRover Deluxe Patio Heater 233,patio,patio heater,Highland Ember
20260714-0111,2026-07-14,S005,P1030,3,107.32,15,pickup,N,,legacy,data/raw/orders/2026-07-14/orders.csv,2026-07-14,,,,,P1030,legacy_original,True,P1030,SwitchbackRover 20oz Tumbler 229,hydration,insulated tumbler,Summit Finch,,,,,SwitchbackRover 20oz Tumbler 229,hydration,insulated tumbler,Summit Finch
20260714-0112,2026-07-14,S005,P1061,1,147.84,0,in_store,N,,legacy,data/raw/orders/2026-07-14/orders.csv,2026-07-14,,,,,P1061,legacy_original,True,P1061,FieldRunner Packable Jacket 260,outerwear,rain shell,Blue Ridge Works,,,,,FieldRunner Packable Jacket 260,outerwear,rain shell,Blue Ridge Works
20260714-0113,2026-07-14,S004,P1027,1,73.62,20,ship_from_store,Y,,legacy,data/raw/orders/2026-07-14/orders.csv,2026-07-14,,,,,P1027,legacy_original,True,P1027,BoulderRambler 2P Camp Chair 226,camping,camp chair,Creekline,,,,,BoulderRambler 2P Camp Chair 226,camping,camp chair,Creekline
20260714-0114,2026-07-14,S007,P1013,1,82.78,15,in_store,N,,legacy,data/raw/orders/2026-07-14/orders.csv,2026-07-14,,,,,P1013,legacy_original,True,P1013,FieldRunner Packable Jacket 212,outerwear,rain shell,Blue Ridge Works,,,,,FieldRunner Packable Jacket 212,outerwear,rain shell,Blue Ridge Works
20260714-0115,2026-07-14,S005,P1009,4,103.73,10,ship_from_store,Y,,legacy,data/raw/orders/2026-07-14/orders.csv,2026-07-14,,,,,P1009,legacy_original,True,P1009,PineRunner 4P Tent 208,camping,tent,Rocky Top Outfitters,,,,,PineRunner 4P Tent 208,camping,tent,Rocky Top Outfitters
20260714-0116,2026-07-14,S004,P1030,1,126.26,0,in_store,N,,legacy,data/raw/orders/2026-07-14/orders.csv,2026-07-14,,,,,P1030,legacy_original,True,P1030,SwitchbackRover 20oz Tumbler 229,hydration,insulated tumbler,Summit Finch,,,,,SwitchbackRover 20oz Tumbler 229,hydration,insulated tumbler,Summit Finch
20260714-0117,2026-07-14,S002,P1049,1,177.61,20,in_store,Y,,legacy,data/raw/orders/2026-07-14/orders.csv,2026-07-14,,,,,P1049,legacy_original,True,P1049,SummitRunner Lightweight Jacket 248,outerwear,rain shell,Rocky Top Outfitters,,,,,SummitRunner Lightweight Jacket 248,outerwear,rain shell,Rocky Top Outfitters
20260714-0118,2026-07-14,S008,P1055,3,222.06,20,in_store,Y,,legacy,data/raw/orders/2026-07-14/orders.csv,2026-07-14,,,,,P1055,legacy_original,True,P1055,HearthRambler Stormproof Jacket 254,outerwear,rain shell,Switchback Supply,,,,,HearthRambler Stormproof Jacket 254,outerwear,rain shell,Switchback Supply
20260714-0119,2026-07-14,S005,P1063,1,63.94,20,in_store,N,,legacy,data/raw/orders/2026-07-14/orders.csv,2026-07-14,,,,,P1063,legacy_original,True,P1063,MoonRambler Ultralight Camp Chair 262,camping,camp chair,Switchback Supply,,,,,MoonRambler Ultralight Camp Chair 262,camping,camp chair,Switchback Supply
20260714-0120,2026-07-14,S002,P1013,1,97.39,0,in_store,Y,,legacy,data/raw/orders/2026-07-14/orders.csv,2026-07-14,,,,,P1013,legacy_original,True,P1013,FieldRunner Packable Jacket 212,outerwear,rain shell,Blue Ridge Works,,,,,FieldRunner Packable Jacket 212,outerwear,rain shell,Blue Ridge Works
20260714-0121,2026-07-14,S002,P1034,2,168.86,0,in_store,Y,,legacy,data/raw/orders/2026-07-14/orders.csv,2026-07-14,,,,,P1034,legacy_original,True,P1034,RidgeRover Deluxe Patio Heater 233,patio,patio heater,Highland Ember,,,,,RidgeRover Deluxe Patio Heater 233,patio,patio heater,Highland Ember
20260714-0122,2026-07-14,S004,P1053,1,86.82,20,in_store,Y,,legacy,data/raw/orders/2026-07-14/orders.csv,2026-07-14,,,,,P1053,legacy_original,True,P1053,EmberRunner Storm Kit Battery Pack 252,emergency,battery pack,Blue Ridge Works,,,,,EmberRunner Storm Kit Battery Pack 252,emergency,battery pack,Blue Ridge Works
20260714-0123,2026-07-14,S003,P1031,1,164.85,5,in_store,Y,,legacy,data/raw/orders/2026-07-14/orders.csv,2026-07-14,,,,,P1031,legacy_original,True,P1031,MoonRambler Stormproof Jacket 230,outerwear,rain shell,Switchback Supply,,,,,MoonRambler Stormproof Jacket 230,outerwear,rain shell,Switchback Supply
20260714-0124,2026-07-14,S004,P1076,2,686.08,0,ship_from_store,Y,,legacy,data/raw/orders/2026-07-14/orders.csv,2026-07-14,,,,,P1076,legacy_original,True,P1076,CloudNomad Compact Cooler 275,patio,cooler,Moss & Mile,,,,,CloudNomad Compact Cooler 275,patio,cooler,Moss & Mile
20260714-0125,2026-07-14,S003,P1079,3,217.78,15,in_store,N,,legacy,data/raw/orders/2026-07-14/orders.csv,2026-07-14,,,,,P1079,legacy_original,True,P1079,MoonRambler Stormproof Jacket 278,outerwear,rain shell,Switchback Supply,,,,,MoonRambler Stormproof Jacket 278,outerwear,rain shell,Switchback Supply
20260714-0126,2026-07-14,S004,P1070,2,182.27,10,pickup,Y,,legacy,data/raw/orders/2026-07-14/orders.csv,2026-07-14,,,,,P1070,legacy_original,True,P1070,TrailRover Weekend Patio Heater 269,patio,patio heater,Summit Finch,,,,,TrailRover Weekend Patio Heater 269,patio,patio heater,Summit Finch
20260714-0127,2026-07-14,S005,P1080,3,143.0,0,pickup,N,,legacy,data/raw/orders/2026-07-14/orders.csv,2026-07-14,,,,,P1080,legacy_original,True,P1080,PeakNomad Waterproof Trail Shoes 279,footwear,trail shoes,TrailForge,,,,,PeakNomad Waterproof Trail Shoes 279,footwear,trail shoes,TrailForge
20260714-0128,2026-07-14,S005,P1003,1,359.18,20,ship_from_store,N,,legacy,data/raw/orders/2026-07-14/orders.csv,2026-07-14,,,,,P1003,legacy_original,True,P1003,CreekRambler 2P Camp Chair 202,camping,camp chair,Creekline,,,,,CreekRambler 2P Camp Chair 202,camping,camp chair,Creekline
20260715-0001,2026-07-15,S002,P1063,4,63.94,20,ship_from_store,Y,,legacy,data/raw/orders/2026-07-15/orders.csv,2026-07-15,,,,,P1063,legacy_original,True,P1063,MoonRambler Ultralight Camp Chair 262,camping,camp chair,Switchback Supply,,,,,MoonRambler Ultralight Camp Chair 262,camping,camp chair,Switchback Supply
20260715-0002,2026-07-15,S006,P1030,1,126.26,0,in_store,Y,,legacy,data/raw/orders/2026-07-15/orders.csv,2026-07-15,,,,,P1030,legacy_original,True,P1030,SwitchbackRover 20oz Tumbler 229,hydration,insulated tumbler,Summit Finch,,,,,SwitchbackRover 20oz Tumbler 229,hydration,insulated tumbler,Summit Finch
20260715-0003,2026-07-15,S002,P1027,1,73.62,20,pickup,Y,,legacy,data/raw/orders/2026-07-15/orders.csv,2026-07-15,,,,,P1027,legacy_original,True,P1027,BoulderRambler 2P Camp Chair 226,camping,camp chair,Creekline,,,,,BoulderRambler 2P Camp Chair 226,camping,camp chair,Creekline
20260715-0004,2026-07-15,S008,P1001,3,130.82,0,ship_from_store,Y,,legacy,data/raw/orders/2026-07-15/orders.csv,2026-07-15,,,,,P1001,legacy_original,True,P1001,SummitRunner Lightweight Jacket 200,outerwear,rain shell,Rocky Top Outfitters,,,,,SummitRunner Lightweight Jacket 200,outerwear,rain shell,Rocky Top Outfitters
20260715-0005,2026-07-15,S001,P1013,1,97.39,0,ship_from_store,N,,legacy,data/raw/orders/2026-07-15/orders.csv,2026-07-15,,,,,P1013,legacy_original,True,P1013,FieldRunner Packable Jacket 212,outerwear,rain shell,Blue Ridge Works,,,,,FieldRunner Packable Jacket 212,outerwear,rain shell,Blue Ridge Works
20260715-0006,2026-07-15,S008,P1058,1,263.59,0,in_store,Y,,legacy,data/raw/orders/2026-07-15/orders.csv,2026-07-15,,,,,P1058,legacy_original,True,P1058,VistaRover Deluxe Patio Heater 257,patio,patio heater,Highland Ember,,,,,VistaRover Deluxe Patio Heater 257,patio,patio heater,Highland Ember
20260715-0007,2026-07-15,S002,P1026,3,104.32,20,in_store,Y,,legacy,data/raw/orders/2026-07-15/orders.csv,2026-07-15,,,,,P1026,legacy_original,True,P1026,VistaRover Mid Trail Shoes 225,footwear,trail shoes,Highland Ember,,,,,VistaRover Mid Trail Shoes 225,footwear,trail shoes,Highland Ember
20260715-0008,2026-07-15,S003,P1052,1,369.46,5,in_store,N,,legacy,data/raw/orders/2026-07-15/orders.csv,2026-07-15,,,,,P1052,legacy_original,True,P1052,StormNomad Compact Cooler 251,patio,cooler,Moss & Mile,,,,,StormNomad Compact Cooler 251,patio,cooler,Moss & Mile
20260715-0009,2026-07-15,S001,P1029,3,125.93,0,ship_from_store,Y,,legacy,data/raw/orders/2026-07-15/orders.csv,2026-07-15,,,,,P1029,legacy_original,True,P1029,FieldRunner Storm Kit Battery Pack 228,emergency,battery pack,Blue Ridge Works,,,,,FieldRunner Storm Kit Battery Pack 228,emergency,battery pack,Blue Ridge Works
20260715-0010,2026-07-15,S002,P1029,1,125.93,0,in_store,Y,,legacy,data/raw/orders/2026-07-15/orders.csv,2026-07-15,,,,,P1029,legacy_original,True,P1029,FieldRunner Storm Kit Battery Pack 228,emergency,battery pack,Blue Ridge Works,,,,,FieldRunner Storm Kit Battery Pack 228,emergency,battery pack,Blue Ridge Works
20260715-0011,2026-07-15,S002,P1024,2,86.06,5,in_store,Y,,legacy,data/raw/orders/2026-07-15/orders.csv,2026-07-15,,,,,P1024,legacy_original,True,P1024,CanyonNomad Travel Tumbler 223,hydration,insulated tumbler,TrailForge,,,,,CanyonNomad Travel Tumbler 223,hydration,insulated tumbler,TrailForge
20260715-0012,2026-07-15,S001,P1020,1,211.48,0,in_store,Y,,legacy,data/raw/orders/2026-07-15/orders.csv,2026-07-15,,,,,P1020,legacy_original,True,P1020,StormNomad Approach Trail Shoes 219,footwear,trail shoes,Moss & Mile,,,,,StormNomad Approach Trail Shoes 219,footwear,trail shoes,Moss & Mile
20260715-0013,2026-07-15,S005,P1037,2,82.58,10,pickup,Y,,legacy,data/raw/orders/2026-07-15/orders.csv,2026-07-15,,,,,P1037,legacy_original,True,P1037,EmberRunner Packable Jacket 236,outerwear,rain shell,Blue Ridge Works,,,,,EmberRunner Packable Jacket 236,outerwear,rain shell,Blue Ridge Works
20260715-0014,2026-07-15,S001,P1006,3,53.11,5,pickup,N,,legacy,data/raw/orders/2026-07-15/orders.csv,2026-07-15,,,,,P1006,legacy_original,True,P1006,TrailRover 20oz Tumbler 205,hydration,insulated tumbler,Summit Finch,,,,,TrailRover 20oz Tumbler 205,hydration,insulated tumbler,Summit Finch
20260715-0015,2026-07-15,S006,P1052,2,330.57,15,ship_from_store,Y,,legacy,data/raw/orders/2026-07-15/orders.csv,2026-07-15,,,,,P1052,legacy_original,True,P1052,StormNomad Compact Cooler 251,patio,cooler,Moss & Mile,,,,,StormNomad Compact Cooler 251,patio,cooler,Moss & Mile
20260715-0016,2026-07-15,S005,P1078,1,139.03,5,pickup,Y,,legacy,data/raw/orders/2026-07-15/orders.csv,2026-07-15,,,,,P1078,legacy_original,True,P1078,SwitchbackRover 20oz Tumbler 277,hydration,insulated tumbler,Summit Finch,,,,,SwitchbackRover 20oz Tumbler 277,hydration,insulated tumbler,Summit Finch
20260715-0017,2026-07-15,S006,P1073,2,112.79,10,in_store,Y,,legacy,data/raw/orders/2026-07-15/orders.csv,2026-07-15,,,,,P1073,legacy_original,True,P1073,PineRunner Lightweight Jacket 272,outerwear,rain shell,Rocky Top Outfitters,,,,,PineRunner Lightweight Jacket 272,outerwear,rain shell,Rocky Top Outfitters
20260715-0018,2026-07-15,S002,P1030,4,113.63,10,ship_from_store,Y,,legacy,data/raw/orders/2026-07-15/orders.csv,2026-07-15,,,,,P1030,legacy_original,True,P1030,SwitchbackRover 20oz Tumbler 229,hydration,insulated tumbler,Summit Finch,,,,,SwitchbackRover 20oz Tumbler 229,hydration,insulated tumbler,Summit Finch
20260715-0019,2026-07-15,S002,P1040,3,108.81,0,in_store,Y,,legacy,data/raw/orders/2026-07-15/orders.csv,2026-07-15,,,,,P1040,legacy_original,True,P1040,CanyonNomad XL Cooler 239,patio,cooler,TrailForge,,,,,CanyonNomad XL Cooler 239,patio,cooler,TrailForge
20260715-0020,2026-07-15,S007,P1041,1,51.87,5,ship_from_store,Y,,legacy,data/raw/orders/2026-07-15/orders.csv,2026-07-15,,,,,P1041,legacy_original,True,P1041,PineRunner Mini Battery Pack 240,emergency,battery pack,Rocky Top Outfitters,,,,,PineRunner Mini Battery Pack 240,emergency,battery pack,Rocky Top Outfitters
20260715-0021,2026-07-15,S002,P1020,2,211.48,0,in_store,Y,,legacy,data/raw/orders/2026-07-15/orders.csv,2026-07-15,,,,,P1020,legacy_original,True,P1020,StormNomad Approach Trail Shoes 219,footwear,trail shoes,Moss & Mile,,,,,StormNomad Approach Trail Shoes 219,footwear,trail shoes,Moss & Mile
20260715-0022,2026-07-15,S008,P1061,1,118.27,20,in_store,Y,,legacy,data/raw/orders/2026-07-15/orders.csv,2026-07-15,,,,,P1061,legacy_original,True,P1061,FieldRunner Packable Jacket 260,outerwear,rain shell,Blue Ridge Works,,,,,FieldRunner Packable Jacket 260,outerwear,rain shell,Blue Ridge Works
20260715-0023,2026-07-15,S008,P1006,1,55.91,0,pickup,Y,,legacy,data/raw/orders/2026-07-15/orders.csv,2026-07-15,,,,,P1006,legacy_original,True,P1006,TrailRover 20oz Tumbler 205,hydration,insulated tumbler,Summit Finch,,,,,TrailRover 20oz Tumbler 205,hydration,insulated tumbler,Summit Finch
20260715-0024,2026-07-15,S007,P1078,1,146.35,0,in_store,Y,,legacy,data/raw/orders/2026-07-15/orders.csv,2026-07-15,,,,,P1078,legacy_original,True,P1078,SwitchbackRover 20oz Tumbler 277,hydration,insulated tumbler,Summit Finch,,,,,SwitchbackRover 20oz Tumbler 277,hydration,insulated tumbler,Summit Finch
20260715-0025,2026-07-15,S008,P1043,1,228.95,5,in_store,Y,,legacy,data/raw/orders/2026-07-15/orders.csv,2026-07-15,,,,,P1043,legacy_original,True,P1043,BoulderRambler Alpine Jacket 242,outerwear,rain shell,Creekline,,,,,BoulderRambler Alpine Jacket 242,outerwear,rain shell,Creekline
20260715-0026,2026-07-15,S007,P1035,1,125.57,15,in_store,Y,,legacy,data/raw/orders/2026-07-15/orders.csv,2026-07-15,,,,,P1035,legacy_original,True,P1035,CreekRambler Rechargeable Flashlight 234,emergency,flashlight,Creekline,,,,,CreekRambler Rechargeable Flashlight 234,emergency,flashlight,Creekline
20260715-0027,2026-07-15,S004,P1031,4,173.53,0,ship_from_store,Y,,legacy,data/raw/orders/2026-07-15/orders.csv,2026-07-15,,,,,P1031,legacy_original,True,P1031,MoonRambler Stormproof Jacket 230,outerwear,rain shell,Switchback Supply,,,,,MoonRambler Stormproof Jacket 230,outerwear,rain shell,Switchback Supply
20260715-0028,2026-07-15,S005,P1068,4,64.74,20,in_store,Y,,legacy,data/raw/orders/2026-07-15/orders.csv,2026-07-15,,,,,P1068,legacy_original,True,P1068,StormNomad Approach Trail Shoes 267,footwear,trail shoes,Moss & Mile,,,,,StormNomad Approach Trail Shoes 267,footwear,trail shoes,Moss & Mile
20260715-0029,2026-07-15,S005,P1065,2,90.29,20,in_store,N,,legacy,data/raw/orders/2026-07-15/orders.csv,2026-07-15,,,,,P1065,legacy_original,True,P1065,SummitRunner Mini Battery Pack 264,emergency,battery pack,Rocky Top Outfitters,,,,,SummitRunner Mini Battery Pack 264,emergency,battery pack,Rocky Top Outfitters
20260715-0030,2026-07-15,S001,P1042,1,115.25,0,ship_from_store,N,,legacy,data/raw/orders/2026-07-15/orders.csv,2026-07-15,,,,,P1042,legacy_original,True,P1042,VistaRover Trail Tumbler 241,hydration,insulated tumbler,Highland Ember,,,,,VistaRover Trail Tumbler 241,hydration,insulated tumbler,Highland Ember
20260715-0031,2026-07-15,S003,P1058,1,250.41,5,in_store,Y,,legacy,data/raw/orders/2026-07-15/orders.csv,2026-07-15,,,,,P1058,legacy_original,True,P1058,VistaRover Deluxe Patio Heater 257,patio,patio heater,Highland Ember,,,,,VistaRover Deluxe Patio Heater 257,patio,patio heater,Highland Ember
20260715-0032,2026-07-15,S002,P1011,1,126.42,5,in_store,N,,legacy,data/raw/orders/2026-07-15/orders.csv,2026-07-15,,,,,P1011,legacy_original,True,P1011,BoulderRambler Rechargeable Flashlight 210,emergency,flashlight,Creekline,,,,,BoulderRambler Rechargeable Flashlight 210,emergency,flashlight,Creekline
20260715-0033,2026-07-15,S006,P1024,1,90.59,0,pickup,Y,,legacy,data/raw/orders/2026-07-15/orders.csv,2026-07-15,,,,,P1024,legacy_original,True,P1024,CanyonNomad Travel Tumbler 223,hydration,insulated tumbler,TrailForge,,,,,CanyonNomad Travel Tumbler 223,hydration,insulated tumbler,TrailForge
20260715-0034,2026-07-15,S004,P1015,4,191.87,0,ship_from_store,Y,,legacy,data/raw/orders/2026-07-15/orders.csv,2026-07-15,,,,,P1015,legacy_original,True,P1015,MoonRambler Ultralight Camp Chair 214,camping,camp chair,Switchback Supply,,,,,MoonRambler Ultralight Camp Chair 214,camping,camp chair,Switchback Supply
20260715-0035,2026-07-15,S006,P1049,1,210.91,5,in_store,Y,,legacy,data/raw/orders/2026-07-15/orders.csv,2026-07-15,,,,,P1049,legacy_original,True,P1049,SummitRunner Lightweight Jacket 248,outerwear,rain shell,Rocky Top Outfitters,,,,,SummitRunner Lightweight Jacket 248,outerwear,rain shell,Rocky Top Outfitters
20260715-0036,2026-07-15,S008,P1043,1,241.0,0,in_store,Y,,legacy,data/raw/orders/2026-07-15/orders.csv,2026-07-15,,,,,P1043,legacy_original,True,P1043,BoulderRambler Alpine Jacket 242,outerwear,rain shell,Creekline,,,,,BoulderRambler Alpine Jacket 242,outerwear,rain shell,Creekline
20260715-0037,2026-07-15,S002,P1009,4,115.26,0,ship_from_store,Y,,legacy,data/raw/orders/2026-07-15/orders.csv,2026-07-15,,,,,P1009,legacy_original,True,P1009,PineRunner 4P Tent 208,camping,tent,Rocky Top Outfitters,,,,,PineRunner 4P Tent 208,camping,tent,Rocky Top Outfitters
20260715-0038,2026-07-15,S002,P1056,1,136.81,5,pickup,Y,,legacy,data/raw/orders/2026-07-15/orders.csv,2026-07-15,,,,,P1056,legacy_original,True,P1056,CanyonNomad Waterproof Trail Shoes 255,footwear,trail shoes,TrailForge,,,,,CanyonNomad Waterproof Trail Shoes 255,footwear,trail shoes,TrailForge
20260715-0039,2026-07-15,S003,P1047,2,56.9,0,in_store,Y,,legacy,data/raw/orders/2026-07-15/orders.csv,2026-07-15,,,,,P1047,legacy_original,True,P1047,MoonRambler Expedition Flashlight 246,emergency,flashlight,Switchback Supply,,,,,MoonRambler Expedition Flashlight 246,emergency,flashlight,Switchback Supply
20260715-0040,2026-07-15,S002,P1035,2,118.18,20,in_store,Y,,legacy,data/raw/orders/2026-07-15/orders.csv,2026-07-15,,,,,P1035,legacy_original,True,P1035,CreekRambler Rechargeable Flashlight 234,emergency,flashlight,Creekline,,,,,CreekRambler Rechargeable Flashlight 234,emergency,flashlight,Creekline
20260715-0041,2026-07-15,S002,P1052,2,388.91,0,in_store,Y,,legacy,data/raw/orders/2026-07-15/orders.csv,2026-07-15,,,,,P1052,legacy_original,True,P1052,StormNomad Compact Cooler 251,patio,cooler,Moss & Mile,,,,,StormNomad Compact Cooler 251,patio,cooler,Moss & Mile
20260715-0042,2026-07-15,S004,P1033,1,170.51,10,in_store,Y,,legacy,data/raw/orders/2026-07-15/orders.csv,2026-07-15,,,,,P1033,legacy_original,True,P1033,SummitRunner 4P Tent 232,camping,tent,Rocky Top Outfitters,,,,,SummitRunner 4P Tent 232,camping,tent,Rocky Top Outfitters
20260715-0043,2026-07-15,S006,P1033,2,151.57,20,in_store,N,,legacy,data/raw/orders/2026-07-15/orders.csv,2026-07-15,,,,,P1033,legacy_original,True,P1033,SummitRunner 4P Tent 232,camping,tent,Rocky Top Outfitters,,,,,SummitRunner 4P Tent 232,camping,tent,Rocky Top Outfitters
20260715-0044,2026-07-15,S007,P1045,1,330.99,5,ship_from_store,N,,legacy,data/raw/orders/2026-07-15/orders.csv,2026-07-15,,,,,P1045,legacy_original,True,P1045,FieldRunner Basecamp Tent 244,camping,tent,Blue Ridge Works,,,,,FieldRunner Basecamp Tent 244,camping,tent,Blue Ridge Works
20260715-0045,2026-07-15,S008,P1019,1,178.99,0,in_store,Y,,legacy,data/raw/orders/2026-07-15/orders.csv,2026-07-15,,,,,P1019,legacy_original,True,P1019,CreekRambler Alpine Jacket 218,outerwear,rain shell,Creekline,,,,,CreekRambler Alpine Jacket 218,outerwear,rain shell,Creekline
20260715-0046,2026-07-15,S002,P1076,1,583.17,15,in_store,Y,,legacy,data/raw/orders/2026-07-15/orders.csv,2026-07-15,,,,,P1076,legacy_original,True,P1076,CloudNomad Compact Cooler 275,patio,cooler,Moss & Mile,,,,,CloudNomad Compact Cooler 275,patio,cooler,Moss & Mile
20260715-0047,2026-07-15,S003,P1041,2,54.6,0,pickup,Y,,legacy,data/raw/orders/2026-07-15/orders.csv,2026-07-15,,,,,P1041,legacy_original,True,P1041,PineRunner Mini Battery Pack 240,emergency,battery pack,Rocky Top Outfitters,,,,,PineRunner Mini Battery Pack 240,emergency,battery pack,Rocky Top Outfitters
20260715-0048,2026-07-15,S006,P1040,2,97.93,10,pickup,Y,,legacy,data/raw/orders/2026-07-15/orders.csv,2026-07-15,,,,,P1040,legacy_original,True,P1040,CanyonNomad XL Cooler 239,patio,cooler,TrailForge,,,,,CanyonNomad XL Cooler 239,patio,cooler,TrailForge
20260715-0049,2026-07-15,S002,P1018,3,153.36,0,ship_from_store,Y,,legacy,data/raw/orders/2026-07-15/orders.csv,2026-07-15,,,,,P1018,legacy_original,True,P1018,RidgeRover Trail Tumbler 217,hydration,insulated tumbler,Highland Ember,,,,,RidgeRover Trail Tumbler 217,hydration,insulated tumbler,Highland Ember
20260715-0050,2026-07-15,S005,P1015,2,153.5,20,ship_from_store,Y,,legacy,data/raw/orders/2026-07-15/orders.csv,2026-07-15,,,,,P1015,legacy_original,True,P1015,MoonRambler Ultralight Camp Chair 214,camping,camp chair,Switchback Supply,,,,,MoonRambler Ultralight Camp Chair 214,camping,camp chair,Switchback Supply
20260715-0051,2026-07-15,S005,P1005,1,111.54,0,in_store,N,,legacy,data/raw/orders/2026-07-15/orders.csv,2026-07-15,,,,,P1005,legacy_original,True,P1005,EmberRunner Storm Kit Battery Pack 204,emergency,battery pack,Blue Ridge Works,,,,,EmberRunner Storm Kit Battery Pack 204,emergency,battery pack,Blue Ridge Works
20260715-0052,2026-07-15,S008,P1019,2,178.99,0,pickup,Y,,legacy,data/raw/orders/2026-07-15/orders.csv,2026-07-15,,,,,P1019,legacy_original,True,P1019,CreekRambler Alpine Jacket 218,outerwear,rain shell,Creekline,,,,,CreekRambler Alpine Jacket 218,outerwear,rain shell,Creekline
20260715-0053,2026-07-15,S002,P1045,2,330.99,5,in_store,Y,,legacy,data/raw/orders/2026-07-15/orders.csv,2026-07-15,,,,,P1045,legacy_original,True,P1045,FieldRunner Basecamp Tent 244,camping,tent,Blue Ridge Works,,,,,FieldRunner Basecamp Tent 244,camping,tent,Blue Ridge Works
20260715-0054,2026-07-15,S007,P1050,3,64.01,15,pickup,Y,,legacy,data/raw/orders/2026-07-15/orders.csv,2026-07-15,,,,,P1050,legacy_original,True,P1050,RidgeRover Mid Trail Shoes 249,footwear,trail shoes,Highland Ember,,,,,RidgeRover Mid Trail Shoes 249,footwear,trail shoes,Highland Ember
20260715-0055,2026-07-15,S001,P1056,2,122.41,15,pickup,Y,,legacy,data/raw/orders/2026-07-15/orders.csv,2026-07-15,,,,,P1056,legacy_original,True,P1056,CanyonNomad Waterproof Trail Shoes 255,footwear,trail shoes,TrailForge,,,,,CanyonNomad Waterproof Trail Shoes 255,footwear,trail shoes,TrailForge
20260715-0056,2026-07-15,S006,P1071,4,114.64,20,pickup,N,,legacy,data/raw/orders/2026-07-15/orders.csv,2026-07-15,,,,,P1071,legacy_original,True,P1071,HearthRambler Expedition Flashlight 270,emergency,flashlight,Switchback Supply,,,,,HearthRambler Expedition Flashlight 270,emergency,flashlight,Switchback Supply
20260715-0057,2026-07-15,S003,P1034,2,168.86,0,in_store,Y,,legacy,data/raw/orders/2026-07-15/orders.csv,2026-07-15,,,,,P1034,legacy_original,True,P1034,RidgeRover Deluxe Patio Heater 233,patio,patio heater,Highland Ember,,,,,RidgeRover Deluxe Patio Heater 233,patio,patio heater,Highland Ember
20260715-0058,2026-07-15,S007,P1036,1,157.72,0,in_store,Y,,legacy,data/raw/orders/2026-07-15/orders.csv,2026-07-15,,,,,P1036,legacy_original,True,P1036,StormNomad 32oz Tumbler 235,hydration,insulated tumbler,Moss & Mile,,,,,StormNomad 32oz Tumbler 235,hydration,insulated tumbler,Moss & Mile
20260715-0059,2026-07-15,S006,P1077,3,90.39,5,pickup,Y,,legacy,data/raw/orders/2026-07-15/orders.csv,2026-07-15,,,,,P1077,legacy_original,True,P1077,FieldRunner Storm Kit Battery Pack 276,emergency,battery pack,Blue Ridge Works,,,,,FieldRunner Storm Kit Battery Pack 276,emergency,battery pack,Blue Ridge Works
20260715-0060,2026-07-15,S006,P1058,1,263.59,0,in_store,Y,,legacy,data/raw/orders/2026-07-15/orders.csv,2026-07-15,,,,,P1058,legacy_original,True,P1058,VistaRover Deluxe Patio Heater 257,patio,patio heater,Highland Ember,,,,,VistaRover Deluxe Patio Heater 257,patio,patio heater,Highland Ember
20260715-0061,2026-07-15,S007,P1001,1,104.66,20,in_store,N,,legacy,data/raw/orders/2026-07-15/orders.csv,2026-07-15,,,,,P1001,legacy_original,True,P1001,SummitRunner Lightweight Jacket 200,outerwear,rain shell,Rocky Top Outfitters,,,,,SummitRunner Lightweight Jacket 200,outerwear,rain shell,Rocky Top Outfitters
20260715-0062,2026-07-15,S005,P1030,4,107.32,15,in_store,N,,legacy,data/raw/orders/2026-07-15/orders.csv,2026-07-15,,,,,P1030,legacy_original,True,P1030,SwitchbackRover 20oz Tumbler 229,hydration,insulated tumbler,Summit Finch,,,,,SwitchbackRover 20oz Tumbler 229,hydration,insulated tumbler,Summit Finch
20260715-0063,2026-07-15,S007,P1040,1,92.49,15,in_store,Y,,legacy,data/raw/orders/2026-07-15/orders.csv,2026-07-15,,,,,P1040,legacy_original,True,P1040,CanyonNomad XL Cooler 239,patio,cooler,TrailForge,,,,,CanyonNomad XL Cooler 239,patio,cooler,TrailForge
20260715-0064,2026-07-15,S006,P1064,4,614.45,0,ship_from_store,Y,,legacy,data/raw/orders/2026-07-15/orders.csv,2026-07-15,,,,,P1064,legacy_original,True,P1064,PeakNomad XL Cooler 263,patio,cooler,TrailForge,,,,,PeakNomad XL Cooler 263,patio,cooler,TrailForge
20260715-0065,2026-07-15,S003,P1015,1,153.5,20,in_store,N,,legacy,data/raw/orders/2026-07-15/orders.csv,2026-07-15,,,,,P1015,legacy_original,True,P1015,MoonRambler Ultralight Camp Chair 214,camping,camp chair,Switchback Supply,,,,,MoonRambler Ultralight Camp Chair 214,camping,camp chair,Switchback Supply
20260715-0066,2026-07-15,S002,P1027,4,78.23,15,in_store,Y,,legacy,data/raw/orders/2026-07-15/orders.csv,2026-07-15,,,,,P1027,legacy_original,True,P1027,BoulderRambler 2P Camp Chair 226,camping,camp chair,Creekline,,,,,BoulderRambler 2P Camp Chair 226,camping,camp chair,Creekline
20260715-0067,2026-07-15,S001,P1080,3,143.0,0,in_store,Y,,legacy,data/raw/orders/2026-07-15/orders.csv,2026-07-15,,,,,P1080,legacy_original,True,P1080,PeakNomad Waterproof Trail Shoes 279,footwear,trail shoes,TrailForge,,,,,PeakNomad Waterproof Trail Shoes 279,footwear,trail shoes,TrailForge
20260715-0068,2026-07-15,S005,P1006,1,50.32,10,in_store,Y,,legacy,data/raw/orders/2026-07-15/orders.csv,2026-07-15,,,,,P1006,legacy_original,True,P1006,TrailRover 20oz Tumbler 205,hydration,insulated tumbler,Summit Finch,,,,,TrailRover 20oz Tumbler 205,hydration,insulated tumbler,Summit Finch
20260715-0069,2026-07-15,S004,P1027,1,82.83,10,pickup,Y,,legacy,data/raw/orders/2026-07-15/orders.csv,2026-07-15,,,,,P1027,legacy_original,True,P1027,BoulderRambler 2P Camp Chair 226,camping,camp chair,Creekline,,,,,BoulderRambler 2P Camp Chair 226,camping,camp chair,Creekline
20260715-0070,2026-07-15,S008,P1023,1,134.37,5,in_store,Y,,legacy,data/raw/orders/2026-07-15/orders.csv,2026-07-15,,,,,P1023,legacy_original,True,P1023,HearthRambler Expedition Flashlight 222,emergency,flashlight,Switchback Supply,,,,,HearthRambler Expedition Flashlight 222,emergency,flashlight,Switchback Supply
20260715-0071,2026-07-15,S007,P1072,1,134.29,0,in_store,Y,,legacy,data/raw/orders/2026-07-15/orders.csv,2026-07-15,,,,,P1072,legacy_original,True,P1072,CanyonNomad Travel Tumbler 271,hydration,insulated tumbler,TrailForge,,,,,CanyonNomad Travel Tumbler 271,hydration,insulated tumbler,TrailForge
20260715-0072,2026-07-15,S005,P1020,2,179.76,15,in_store,Y,,legacy,data/raw/orders/2026-07-15/orders.csv,2026-07-15,,,,,P1020,legacy_original,True,P1020,StormNomad Approach Trail Shoes 219,footwear,trail shoes,Moss & Mile,,,,,StormNomad Approach Trail Shoes 219,footwear,trail shoes,Moss & Mile
20260715-0073,2026-07-15,S007,P1054,2,63.61,10,ship_from_store,N,,legacy,data/raw/orders/2026-07-15/orders.csv,2026-07-15,,,,,P1054,legacy_original,True,P1054,TrailRover 20oz Tumbler 253,hydration,insulated tumbler,Summit Finch,,,,,TrailRover 20oz Tumbler 253,hydration,insulated tumbler,Summit Finch
20260715-0074,2026-07-15,S004,P1011,1,133.07,0,pickup,Y,,legacy,data/raw/orders/2026-07-15/orders.csv,2026-07-15,,,,,P1011,legacy_original,True,P1011,BoulderRambler Rechargeable Flashlight 210,emergency,flashlight,Creekline,,,,,BoulderRambler Rechargeable Flashlight 210,emergency,flashlight,Creekline
20260715-0075,2026-07-15,S003,P1058,1,224.05,15,pickup,Y,,legacy,data/raw/orders/2026-07-15/orders.csv,2026-07-15,,,,,P1058,legacy_original,True,P1058,VistaRover Deluxe Patio Heater 257,patio,patio heater,Highland Ember,,,,,VistaRover Deluxe Patio Heater 257,patio,patio heater,Highland Ember
20260715-0076,2026-07-15,S002,P1051,4,424.15,0,in_store,N,,legacy,data/raw/orders/2026-07-15/orders.csv,2026-07-15,,,,,P1051,legacy_original,True,P1051,CreekRambler 2P Camp Chair 250,camping,camp chair,Creekline,,,,,CreekRambler 2P Camp Chair 250,camping,camp chair,Creekline
20260715-0077,2026-07-15,S007,P1041,1,54.6,0,in_store,N,,legacy,data/raw/orders/2026-07-15/orders.csv,2026-07-15,,,,,P1041,legacy_original,True,P1041,PineRunner Mini Battery Pack 240,emergency,battery pack,Rocky Top Outfitters,,,,,PineRunner Mini Battery Pack 240,emergency,battery pack,Rocky Top Outfitters
20260715-0078,2026-07-15,S003,P1063,1,79.92,0,in_store,Y,,legacy,data/raw/orders/2026-07-15/orders.csv,2026-07-15,,,,,P1063,legacy_original,True,P1063,MoonRambler Ultralight Camp Chair 262,camping,camp chair,Switchback Supply,,,,,MoonRambler Ultralight Camp Chair 262,camping,camp chair,Switchback Supply
20260715-0079,2026-07-15,S007,P1073,1,125.32,0,ship_from_store,Y,,legacy,data/raw/orders/2026-07-15/orders.csv,2026-07-15,,,,,P1073,legacy_original,True,P1073,PineRunner Lightweight Jacket 272,outerwear,rain shell,Rocky Top Outfitters,,,,,PineRunner Lightweight Jacket 272,outerwear,rain shell,Rocky Top Outfitters
20260715-0080,2026-07-15,S001,P1024,1,72.47,20,in_store,N,,legacy,data/raw/orders/2026-07-15/orders.csv,2026-07-15,,,,,P1024,legacy_original,True,P1024,CanyonNomad Travel Tumbler 223,hydration,insulated tumbler,TrailForge,,,,,CanyonNomad Travel Tumbler 223,hydration,insulated tumbler,TrailForge
20260715-0081,2026-07-15,S001,P1045,1,296.15,15,ship_from_store,Y,,legacy,data/raw/orders/2026-07-15/orders.csv,2026-07-15,,,,,P1045,legacy_original,True,P1045,FieldRunner Basecamp Tent 244,camping,tent,Blue Ridge Works,,,,,FieldRunner Basecamp Tent 244,camping,tent,Blue Ridge Works
20260715-0082,2026-07-15,S005,P1003,1,381.63,15,in_store,N,,legacy,data/raw/orders/2026-07-15/orders.csv,2026-07-15,,,,,P1003,legacy_original,True,P1003,CreekRambler 2P Camp Chair 202,camping,camp chair,Creekline,,,,,CreekRambler 2P Camp Chair 202,camping,camp chair,Creekline
20260715-0083,2026-07-15,S002,P1036,2,149.83,5,pickup,Y,,legacy,data/raw/orders/2026-07-15/orders.csv,2026-07-15,,,,,P1036,legacy_original,True,P1036,StormNomad 32oz Tumbler 235,hydration,insulated tumbler,Moss & Mile,,,,,StormNomad 32oz Tumbler 235,hydration,insulated tumbler,Moss & Mile
20260715-0084,2026-07-15,S004,P1035,3,147.73,0,in_store,N,,legacy,data/raw/orders/2026-07-15/orders.csv,2026-07-15,,,,,P1035,legacy_original,True,P1035,CreekRambler Rechargeable Flashlight 234,emergency,flashlight,Creekline,,,,,CreekRambler Rechargeable Flashlight 234,emergency,flashlight,Creekline
20260715-0085,2026-07-15,S007,P1070,1,202.52,0,in_store,N,,legacy,data/raw/orders/2026-07-15/orders.csv,2026-07-15,,,,,P1070,legacy_original,True,P1070,TrailRover Weekend Patio Heater 269,patio,patio heater,Summit Finch,,,,,TrailRover Weekend Patio Heater 269,patio,patio heater,Summit Finch
20260715-0086,2026-07-15,S001,P1075,4,148.7,10,ship_from_store,N,,legacy,data/raw/orders/2026-07-15/orders.csv,2026-07-15,,,,,P1075,legacy_original,True,P1075,BoulderRambler 2P Camp Chair 274,camping,camp chair,Creekline,,,,,BoulderRambler 2P Camp Chair 274,camping,camp chair,Creekline
20260715-0087,2026-07-15,S002,P1063,2,63.94,20,in_store,N,,legacy,data/raw/orders/2026-07-15/orders.csv,2026-07-15,,,,,P1063,legacy_original,True,P1063,MoonRambler Ultralight Camp Chair 262,camping,camp chair,Switchback Supply,,,,,MoonRambler Ultralight Camp Chair 262,camping,camp chair,Switchback Supply
20260715-0088,2026-07-15,S006,P1048,3,70.28,0,ship_from_store,Y,,legacy,data/raw/orders/2026-07-15/orders.csv,2026-07-15,,,,,P1048,legacy_original,True,P1048,PeakNomad Travel Tumbler 247,hydration,insulated tumbler,TrailForge,,,,,PeakNomad Travel Tumbler 247,hydration,insulated tumbler,TrailForge
20260715-0089,2026-07-15,S006,P1070,1,182.27,10,ship_from_store,Y,,legacy,data/raw/orders/2026-07-15/orders.csv,2026-07-15,,,,,P1070,legacy_original,True,P1070,TrailRover Weekend Patio Heater 269,patio,patio heater,Summit Finch,,,,,TrailRover Weekend Patio Heater 269,patio,patio heater,Summit Finch
20260715-0090,2026-07-15,S004,P1049,1,177.61,20,pickup,Y,,legacy,data/raw/orders/2026-07-15/orders.csv,2026-07-15,,,,,P1049,legacy_original,True,P1049,SummitRunner Lightweight Jacket 248,outerwear,rain shell,Rocky Top Outfitters,,,,,SummitRunner Lightweight Jacket 248,outerwear,rain shell,Rocky Top Outfitters
20260715-0091,2026-07-15,S003,P1003,1,381.63,15,ship_from_store,Y,,legacy,data/raw/orders/2026-07-15/orders.csv,2026-07-15,,,,,P1003,legacy_original,True,P1003,CreekRambler 2P Camp Chair 202,camping,camp chair,Creekline,,,,,CreekRambler 2P Camp Chair 202,camping,camp chair,Creekline
20260715-0092,2026-07-15,S006,P1046,3,233.42,0,pickup,Y,,legacy,data/raw/orders/2026-07-15/orders.csv,2026-07-15,,,,,P1046,legacy_original,True,P1046,SwitchbackRover Weekend Patio Heater 245,patio,patio heater,Summit Finch,,,,,SwitchbackRover Weekend Patio Heater 245,patio,patio heater,Summit Finch
20260715-0093,2026-07-15,S007,P1008,1,157.95,10,in_store,Y,,legacy,data/raw/orders/2026-07-15/orders.csv,2026-07-15,,,,,P1008,legacy_original,True,P1008,CanyonNomad Waterproof Trail Shoes 207,footwear,trail shoes,TrailForge,,,,,CanyonNomad Waterproof Trail Shoes 207,footwear,trail shoes,TrailForge
20260715-0094,2026-07-15,S008,P1012,2,98.93,20,in_store,Y,,legacy,data/raw/orders/2026-07-15/orders.csv,2026-07-15,,,,,P1012,legacy_original,True,P1012,CloudNomad 32oz Tumbler 211,hydration,insulated tumbler,Moss & Mile,,,,,CloudNomad 32oz Tumbler 211,hydration,insulated tumbler,Moss & Mile
20260715-0095,2026-07-15,S001,P1078,1,117.08,20,in_store,Y,,legacy,data/raw/orders/2026-07-15/orders.csv,2026-07-15,,,,,P1078,legacy_original,True,P1078,SwitchbackRover 20oz Tumbler 277,hydration,insulated tumbler,Summit Finch,,,,,SwitchbackRover 20oz Tumbler 277,hydration,insulated tumbler,Summit Finch
20260715-0096,2026-07-15,S001,P1027,1,87.43,5,pickup,Y,,legacy,data/raw/orders/2026-07-15/orders.csv,2026-07-15,,,,,P1027,legacy_original,True,P1027,BoulderRambler 2P Camp Chair 226,camping,camp chair,Creekline,,,,,BoulderRambler 2P Camp Chair 226,camping,camp chair,Creekline
20260715-0097,2026-07-15,S006,P1055,2,249.81,10,in_store,Y,,legacy,data/raw/orders/2026-07-15/orders.csv,2026-07-15,,,,,P1055,legacy_original,True,P1055,HearthRambler Stormproof Jacket 254,outerwear,rain shell,Switchback Supply,,,,,HearthRambler Stormproof Jacket 254,outerwear,rain shell,Switchback Supply
20260715-0098,2026-07-15,S003,P1049,2,222.01,0,in_store,Y,,legacy,data/raw/orders/2026-07-15/orders.csv,2026-07-15,,,,,P1049,legacy_original,True,P1049,SummitRunner Lightweight Jacket 248,outerwear,rain shell,Rocky Top Outfitters,,,,,SummitRunner Lightweight Jacket 248,outerwear,rain shell,Rocky Top Outfitters
20260715-0099,2026-07-15,S006,P1044,1,151.4,20,ship_from_store,N,,legacy,data/raw/orders/2026-07-15/orders.csv,2026-07-15,,,,,P1044,legacy_original,True,P1044,CloudNomad Approach Trail Shoes 243,footwear,trail shoes,Moss & Mile,,,,,CloudNomad Approach Trail Shoes 243,footwear,trail shoes,Moss & Mile
20260715-0100,2026-07-15,S003,P1045,2,348.41,0,in_store,Y,,legacy,data/raw/orders/2026-07-15/orders.csv,2026-07-15,,,,,P1045,legacy_original,True,P1045,FieldRunner Basecamp Tent 244,camping,tent,Blue Ridge Works,,,,,FieldRunner Basecamp Tent 244,camping,tent,Blue Ridge Works
20260715-0101,2026-07-15,S001,P1076,2,548.86,20,in_store,Y,,legacy,data/raw/orders/2026-07-15/orders.csv,2026-07-15,,,,,P1076,legacy_original,True,P1076,CloudNomad Compact Cooler 275,patio,cooler,Moss & Mile,,,,,CloudNomad Compact Cooler 275,patio,cooler,Moss & Mile
20260715-0102,2026-07-15,S006,P1063,1,79.92,0,in_store,Y,,legacy,data/raw/orders/2026-07-15/orders.csv,2026-07-15,,,,,P1063,legacy_original,True,P1063,MoonRambler Ultralight Camp Chair 262,camping,camp chair,Switchback Supply,,,,,MoonRambler Ultralight Camp Chair 262,camping,camp chair,Switchback Supply
20260715-0103,2026-07-15,S002,P1074,3,182.11,5,in_store,Y,,legacy,data/raw/orders/2026-07-15/orders.csv,2026-07-15,,,,,P1074,legacy_original,True,P1074,VistaRover Mid Trail Shoes 273,footwear,trail shoes,Highland Ember,,,,,VistaRover Mid Trail Shoes 273,footwear,trail shoes,Highland Ember
20260715-0104,2026-07-15,S005,P1063,2,71.93,10,pickup,N,,legacy,data/raw/orders/2026-07-15/orders.csv,2026-07-15,,,,,P1063,legacy_original,True,P1063,MoonRambler Ultralight Camp Chair 262,camping,camp chair,Switchback Supply,,,,,MoonRambler Ultralight Camp Chair 262,camping,camp chair,Switchback Supply
20260715-0105,2026-07-15,S007,P1067,1,266.98,0,in_store,N,,legacy,data/raw/orders/2026-07-15/orders.csv,2026-07-15,,,,,P1067,legacy_original,True,P1067,CreekRambler Alpine Jacket 266,outerwear,rain shell,Creekline,,,,,CreekRambler Alpine Jacket 266,outerwear,rain shell,Creekline
20260715-0106,2026-07-15,S006,P1009,1,97.97,15,in_store,Y,,legacy,data/raw/orders/2026-07-15/orders.csv,2026-07-15,,,,,P1009,legacy_original,True,P1009,PineRunner 4P Tent 208,camping,tent,Rocky Top Outfitters,,,,,PineRunner 4P Tent 208,camping,tent,Rocky Top Outfitters
20260715-0107,2026-07-15,S005,P1070,2,172.14,15,in_store,Y,,legacy,data/raw/orders/2026-07-15/orders.csv,2026-07-15,,,,,P1070,legacy_original,True,P1070,TrailRover Weekend Patio Heater 269,patio,patio heater,Summit Finch,,,,,TrailRover Weekend Patio Heater 269,patio,patio heater,Summit Finch
20260715-0108,2026-07-15,S005,P1073,4,106.52,15,ship_from_store,Y,,legacy,data/raw/orders/2026-07-15/orders.csv,2026-07-15,,,,,P1073,legacy_original,True,P1073,PineRunner Lightweight Jacket 272,outerwear,rain shell,Rocky Top Outfitters,,,,,PineRunner Lightweight Jacket 272,outerwear,rain shell,Rocky Top Outfitters
20260715-0109,2026-07-15,S003,P1052,1,330.57,15,in_store,Y,,legacy,data/raw/orders/2026-07-15/orders.csv,2026-07-15,,,,,P1052,legacy_original,True,P1052,StormNomad Compact Cooler 251,patio,cooler,Moss & Mile,,,,,StormNomad Compact Cooler 251,patio,cooler,Moss & Mile
20260715-0110,2026-07-15,S007,P1078,2,139.03,5,in_store,Y,,legacy,data/raw/orders/2026-07-15/orders.csv,2026-07-15,,,,,P1078,legacy_original,True,P1078,SwitchbackRover 20oz Tumbler 277,hydration,insulated tumbler,Summit Finch,,,,,SwitchbackRover 20oz Tumbler 277,hydration,insulated tumbler,Summit Finch
20260715-0111,2026-07-15,S003,P1004,1,109.9,0,ship_from_store,Y,,legacy,data/raw/orders/2026-07-15/orders.csv,2026-07-15,,,,,P1004,legacy_original,True,P1004,StormNomad Compact Cooler 203,patio,cooler,Moss & Mile,,,,,StormNomad Compact Cooler 203,patio,cooler,Moss & Mile
20260715-0112,2026-07-15,S006,P1050,1,75.31,0,pickup,Y,,legacy,data/raw/orders/2026-07-15/orders.csv,2026-07-15,,,,,P1050,legacy_original,True,P1050,RidgeRover Mid Trail Shoes 249,footwear,trail shoes,Highland Ember,,,,,RidgeRover Mid Trail Shoes 249,footwear,trail shoes,Highland Ember
20260715-0113,2026-07-15,S006,P1004,3,93.42,15,ship_from_store,Y,,legacy,data/raw/orders/2026-07-15/orders.csv,2026-07-15,,,,,P1004,legacy_original,True,P1004,StormNomad Compact Cooler 203,patio,cooler,Moss & Mile,,,,,StormNomad Compact Cooler 203,patio,cooler,Moss & Mile
20260715-0114,2026-07-15,S007,P1068,1,76.87,5,in_store,Y,,legacy,data/raw/orders/2026-07-15/orders.csv,2026-07-15,,,,,P1068,legacy_original,True,P1068,StormNomad Approach Trail Shoes 267,footwear,trail shoes,Moss & Mile,,,,,StormNomad Approach Trail Shoes 267,footwear,trail shoes,Moss & Mile
20260715-0115,2026-07-15,S001,P1007,1,89.94,20,pickup,Y,,legacy,data/raw/orders/2026-07-15/orders.csv,2026-07-15,,,,,P1007,legacy_original,True,P1007,HearthRambler Stormproof Jacket 206,outerwear,rain shell,Switchback Supply,,,,,HearthRambler Stormproof Jacket 206,outerwear,rain shell,Switchback Supply
20260715-0116,2026-07-15,S005,P1010,3,552.43,0,ship_from_store,N,,legacy,data/raw/orders/2026-07-15/orders.csv,2026-07-15,,,,,P1010,legacy_original,True,P1010,VistaRover Deluxe Patio Heater 209,patio,patio heater,Highland Ember,,,,,VistaRover Deluxe Patio Heater 209,patio,patio heater,Highland Ember
20260715-0117,2026-07-15,S008,P1011,3,126.42,5,in_store,Y,,legacy,data/raw/orders/2026-07-15/orders.csv,2026-07-15,,,,,P1011,legacy_original,True,P1011,BoulderRambler Rechargeable Flashlight 210,emergency,flashlight,Creekline,,,,,BoulderRambler Rechargeable Flashlight 210,emergency,flashlight,Creekline
20260715-0118,2026-07-15,S002,P1052,4,388.91,0,in_store,Y,,legacy,data/raw/orders/2026-07-15/orders.csv,2026-07-15,,,,,P1052,legacy_original,True,P1052,StormNomad Compact Cooler 251,patio,cooler,Moss & Mile,,,,,StormNomad Compact Cooler 251,patio,cooler,Moss & Mile
20260715-0119,2026-07-15,S008,P1057,1,328.14,20,pickup,Y,,legacy,data/raw/orders/2026-07-15/orders.csv,2026-07-15,,,,,P1057,legacy_original,True,P1057,PineRunner 4P Tent 256,camping,tent,Rocky Top Outfitters,,,,,PineRunner 4P Tent 256,camping,tent,Rocky Top Outfitters
20260715-0120,2026-07-15,S005,P1074,1,162.94,15,in_store,N,,legacy,data/raw/orders/2026-07-15/orders.csv,2026-07-15,,,,,P1074,legacy_original,True,P1074,VistaRover Mid Trail Shoes 273,footwear,trail shoes,Highland Ember,,,,,VistaRover Mid Trail Shoes 273,footwear,trail shoes,Highland Ember
20260715-0121,2026-07-15,S007,P1036,4,126.18,20,in_store,Y,,legacy,data/raw/orders/2026-07-15/orders.csv,2026-07-15,,,,,P1036,legacy_original,True,P1036,StormNomad 32oz Tumbler 235,hydration,insulated tumbler,Moss & Mile,,,,,StormNomad 32oz Tumbler 235,hydration,insulated tumbler,Moss & Mile
20260715-0122,2026-07-15,S005,P1049,1,222.01,0,in_store,Y,,legacy,data/raw/orders/2026-07-15/orders.csv,2026-07-15,,,,,P1049,legacy_original,True,P1049,SummitRunner Lightweight Jacket 248,outerwear,rain shell,Rocky Top Outfitters,,,,,SummitRunner Lightweight Jacket 248,outerwear,rain shell,Rocky Top Outfitters
20260715-0123,2026-07-15,S001,P1077,1,95.15,0,in_store,Y,,legacy,data/raw/orders/2026-07-15/orders.csv,2026-07-15,,,,,P1077,legacy_original,True,P1077,FieldRunner Storm Kit Battery Pack 276,emergency,battery pack,Blue Ridge Works,,,,,FieldRunner Storm Kit Battery Pack 276,emergency,battery pack,Blue Ridge Works
20260715-0124,2026-07-15,S002,P1006,1,55.91,0,in_store,Y,,legacy,data/raw/orders/2026-07-15/orders.csv,2026-07-15,,,,,P1006,legacy_original,True,P1006,TrailRover 20oz Tumbler 205,hydration,insulated tumbler,Summit Finch,,,,,TrailRover 20oz Tumbler 205,hydration,insulated tumbler,Summit Finch
20260715-0125,2026-07-15,S007,P1007,2,95.56,15,in_store,Y,,legacy,data/raw/orders/2026-07-15/orders.csv,2026-07-15,,,,,P1007,legacy_original,True,P1007,HearthRambler Stormproof Jacket 206,outerwear,rain shell,Switchback Supply,,,,,HearthRambler Stormproof Jacket 206,outerwear,rain shell,Switchback Supply
20260715-0126,2026-07-15,S004,P1014,2,184.2,10,in_store,Y,,legacy,data/raw/orders/2026-07-15/orders.csv,2026-07-15,,,,,P1014,legacy_original,True,P1014,SwitchbackRover Wide Trail Shoes 213,footwear,trail shoes,Summit Finch,,,,,SwitchbackRover Wide Trail Shoes 213,footwear,trail shoes,Summit Finch
20260715-0127,2026-07-15,S005,P1045,4,278.73,20,in_store,N,,legacy,data/raw/orders/2026-07-15/orders.csv,2026-07-15,,,,,P1045,legacy_original,True,P1045,FieldRunner Basecamp Tent 244,camping,tent,Blue Ridge Works,,,,,FieldRunner Basecamp Tent 244,camping,tent,Blue Ridge Works
20260715-0128,2026-07-15,S002,P1018,1,130.36,15,in_store,Y,,legacy,data/raw/orders/2026-07-15/orders.csv,2026-07-15,,,,,P1018,legacy_original,True,P1018,RidgeRover Trail Tumbler 217,hydration,insulated tumbler,Highland Ember,,,,,RidgeRover Trail Tumbler 217,hydration,insulated tumbler,Highland Ember
20260715-0129,2026-07-15,S005,P1030,2,107.32,15,in_store,N,,legacy,data/raw/orders/2026-07-15/orders.csv,2026-07-15,,,,,P1030,legacy_original,True,P1030,SwitchbackRover 20oz Tumbler 229,hydration,insulated tumbler,Summit Finch,,,,,SwitchbackRover 20oz Tumbler 229,hydration,insulated tumbler,Summit Finch
20260715-0130,2026-07-15,S006,P1014,1,163.74,20,in_store,Y,,legacy,data/raw/orders/2026-07-15/orders.csv,2026-07-15,,,,,P1014,legacy_original,True,P1014,SwitchbackRover Wide Trail Shoes 213,footwear,trail shoes,Summit Finch,,,,,SwitchbackRover Wide Trail Shoes 213,footwear,trail shoes,Summit Finch
20260715-0131,2026-07-15,S004,P1042,4,103.73,10,in_store,Y,,legacy,data/raw/orders/2026-07-15/orders.csv,2026-07-15,,,,,P1042,legacy_original,True,P1042,VistaRover Trail Tumbler 241,hydration,insulated tumbler,Highland Ember,,,,,VistaRover Trail Tumbler 241,hydration,insulated tumbler,Highland Ember
20260715-0132,2026-07-15,S006,P1045,4,296.15,15,pickup,Y,,legacy,data/raw/orders/2026-07-15/orders.csv,2026-07-15,,,,,P1045,legacy_original,True,P1045,FieldRunner Basecamp Tent 244,camping,tent,Blue Ridge Works,,,,,FieldRunner Basecamp Tent 244,camping,tent,Blue Ridge Works
20260715-0133,2026-07-15,S008,P1021,4,73.74,0,in_store,Y,,legacy,data/raw/orders/2026-07-15/orders.csv,2026-07-15,,,,,P1021,legacy_original,True,P1021,EmberRunner Basecamp Tent 220,camping,tent,Blue Ridge Works,,,,,EmberRunner Basecamp Tent 220,camping,tent,Blue Ridge Works
20260715-0134,2026-07-15,S007,P1011,1,113.11,15,pickup,Y,,legacy,data/raw/orders/2026-07-15/orders.csv,2026-07-15,,,,,P1011,legacy_original,True,P1011,BoulderRambler Rechargeable Flashlight 210,emergency,flashlight,Creekline,,,,,BoulderRambler Rechargeable Flashlight 210,emergency,flashlight,Creekline
20260716-0001,2026-07-16,S005,P1010,2,469.57,15,in_store,N,,legacy,data/raw/orders/2026-07-16/orders.csv,2026-07-16,,,,,P1010,legacy_original,True,P1010,VistaRover Deluxe Patio Heater 209,patio,patio heater,Highland Ember,,,,,VistaRover Deluxe Patio Heater 209,patio,patio heater,Highland Ember
20260716-0002,2026-07-16,S004,P1034,1,160.42,5,in_store,N,,legacy,data/raw/orders/2026-07-16/orders.csv,2026-07-16,,,,,P1034,legacy_original,True,P1034,RidgeRover Deluxe Patio Heater 233,patio,patio heater,Highland Ember,,,,,RidgeRover Deluxe Patio Heater 233,patio,patio heater,Highland Ember
20260716-0003,2026-07-16,S002,P1054,2,67.15,5,pickup,N,,legacy,data/raw/orders/2026-07-16/orders.csv,2026-07-16,,,,,P1054,legacy_original,True,P1054,TrailRover 20oz Tumbler 253,hydration,insulated tumbler,Summit Finch,,,,,TrailRover 20oz Tumbler 253,hydration,insulated tumbler,Summit Finch
20260716-0004,2026-07-16,S006,P1010,2,524.81,5,in_store,Y,,legacy,data/raw/orders/2026-07-16/orders.csv,2026-07-16,,,,,P1010,legacy_original,True,P1010,VistaRover Deluxe Patio Heater 209,patio,patio heater,Highland Ember,,,,,VistaRover Deluxe Patio Heater 209,patio,patio heater,Highland Ember
20260716-0005,2026-07-16,S008,P1003,2,448.98,0,pickup,Y,,legacy,data/raw/orders/2026-07-16/orders.csv,2026-07-16,,,,,P1003,legacy_original,True,P1003,CreekRambler 2P Camp Chair 202,camping,camp chair,Creekline,,,,,CreekRambler 2P Camp Chair 202,camping,camp chair,Creekline
20260716-0006,2026-07-16,S002,P1065,2,101.57,10,in_store,Y,,legacy,data/raw/orders/2026-07-16/orders.csv,2026-07-16,,,,,P1065,legacy_original,True,P1065,SummitRunner Mini Battery Pack 264,emergency,battery pack,Rocky Top Outfitters,,,,,SummitRunner Mini Battery Pack 264,emergency,battery pack,Rocky Top Outfitters
20260716-0007,2026-07-16,S001,P1021,1,70.05,5,ship_from_store,Y,,legacy,data/raw/orders/2026-07-16/orders.csv,2026-07-16,,,,,P1021,legacy_original,True,P1021,EmberRunner Basecamp Tent 220,camping,tent,Blue Ridge Works,,,,,EmberRunner Basecamp Tent 220,camping,tent,Blue Ridge Works
20260716-0008,2026-07-16,S005,P1024,2,90.59,0,pickup,Y,,legacy,data/raw/orders/2026-07-16/orders.csv,2026-07-16,,,,,P1024,legacy_original,True,P1024,CanyonNomad Travel Tumbler 223,hydration,insulated tumbler,TrailForge,,,,,CanyonNomad Travel Tumbler 223,hydration,insulated tumbler,TrailForge
20260716-0009,2026-07-16,S006,P1048,4,66.77,5,in_store,Y,,legacy,data/raw/orders/2026-07-16/orders.csv,2026-07-16,,,,,P1048,legacy_original,True,P1048,PeakNomad Travel Tumbler 247,hydration,insulated tumbler,TrailForge,,,,,PeakNomad Travel Tumbler 247,hydration,insulated tumbler,TrailForge
20260716-0010,2026-07-16,S005,P1007,3,106.8,5,in_store,N,,legacy,data/raw/orders/2026-07-16/orders.csv,2026-07-16,,,,,P1007,legacy_original,True,P1007,HearthRambler Stormproof Jacket 206,outerwear,rain shell,Switchback Supply,,,,,HearthRambler Stormproof Jacket 206,outerwear,rain shell,Switchback Supply
20260716-0011,2026-07-16,S002,P1058,2,263.59,0,in_store,Y,,legacy,data/raw/orders/2026-07-16/orders.csv,2026-07-16,,,,,P1058,legacy_original,True,P1058,VistaRover Deluxe Patio Heater 257,patio,patio heater,Highland Ember,,,,,VistaRover Deluxe Patio Heater 257,patio,patio heater,Highland Ember
20260716-0012,2026-07-16,S002,P1078,2,124.4,15,ship_from_store,Y,,legacy,data/raw/orders/2026-07-16/orders.csv,2026-07-16,,,,,P1078,legacy_original,True,P1078,SwitchbackRover 20oz Tumbler 277,hydration,insulated tumbler,Summit Finch,,,,,SwitchbackRover 20oz Tumbler 277,hydration,insulated tumbler,Summit Finch
20260716-0013,2026-07-16,S007,P1013,1,97.39,0,pickup,Y,,legacy,data/raw/orders/2026-07-16/orders.csv,2026-07-16,,,,,P1013,legacy_original,True,P1013,FieldRunner Packable Jacket 212,outerwear,rain shell,Blue Ridge Works,,,,,FieldRunner Packable Jacket 212,outerwear,rain shell,Blue Ridge Works
20260716-0014,2026-07-16,S008,P1073,3,125.32,0,in_store,N,,legacy,data/raw/orders/2026-07-16/orders.csv,2026-07-16,,,,,P1073,legacy_original,True,P1073,PineRunner Lightweight Jacket 272,outerwear,rain shell,Rocky Top Outfitters,,,,,PineRunner Lightweight Jacket 272,outerwear,rain shell,Rocky Top Outfitters
20260716-0015,2026-07-16,S008,P1033,1,151.57,20,pickup,N,,legacy,data/raw/orders/2026-07-16/orders.csv,2026-07-16,,,,,P1033,legacy_original,True,P1033,SummitRunner 4P Tent 232,camping,tent,Rocky Top Outfitters,,,,,SummitRunner 4P Tent 232,camping,tent,Rocky Top Outfitters
20260716-0016,2026-07-16,S001,P1029,4,125.93,0,in_store,Y,,legacy,data/raw/orders/2026-07-16/orders.csv,2026-07-16,,,,,P1029,legacy_original,True,P1029,FieldRunner Storm Kit Battery Pack 228,emergency,battery pack,Blue Ridge Works,,,,,FieldRunner Storm Kit Battery Pack 228,emergency,battery pack,Blue Ridge Works
20260716-0017,2026-07-16,S008,P1046,1,233.42,0,ship_from_store,N,,legacy,data/raw/orders/2026-07-16/orders.csv,2026-07-16,,,,,P1046,legacy_original,True,P1046,SwitchbackRover Weekend Patio Heater 245,patio,patio heater,Summit Finch,,,,,SwitchbackRover Weekend Patio Heater 245,patio,patio heater,Summit Finch
20260716-0018,2026-07-16,S007,P1009,4,115.26,0,ship_from_store,Y,,legacy,data/raw/orders/2026-07-16/orders.csv,2026-07-16,,,,,P1009,legacy_original,True,P1009,PineRunner 4P Tent 208,camping,tent,Rocky Top Outfitters,,,,,PineRunner 4P Tent 208,camping,tent,Rocky Top Outfitters
20260716-0019,2026-07-16,S006,P1052,2,388.91,0,in_store,N,,legacy,data/raw/orders/2026-07-16/orders.csv,2026-07-16,,,,,P1052,legacy_original,True,P1052,StormNomad Compact Cooler 251,patio,cooler,Moss & Mile,,,,,StormNomad Compact Cooler 251,patio,cooler,Moss & Mile
20260716-0020,2026-07-16,S003,P1034,2,168.86,0,in_store,Y,,legacy,data/raw/orders/2026-07-16/orders.csv,2026-07-16,,,,,P1034,legacy_original,True,P1034,RidgeRover Deluxe Patio Heater 233,patio,patio heater,Highland Ember,,,,,RidgeRover Deluxe Patio Heater 233,patio,patio heater,Highland Ember
20260716-0021,2026-07-16,S002,P1053,1,97.68,10,in_store,Y,,legacy,data/raw/orders/2026-07-16/orders.csv,2026-07-16,,,,,P1053,legacy_original,True,P1053,EmberRunner Storm Kit Battery Pack 252,emergency,battery pack,Blue Ridge Works,,,,,EmberRunner Storm Kit Battery Pack 252,emergency,battery pack,Blue Ridge Works
20260716-0022,2026-07-16,S008,P1008,2,175.5,0,in_store,Y,,legacy,data/raw/orders/2026-07-16/orders.csv,2026-07-16,,,,,P1008,legacy_original,True,P1008,CanyonNomad Waterproof Trail Shoes 207,footwear,trail shoes,TrailForge,,,,,CanyonNomad Waterproof Trail Shoes 207,footwear,trail shoes,TrailForge
20260716-0023,2026-07-16,S008,P1050,4,75.31,0,in_store,Y,,legacy,data/raw/orders/2026-07-16/orders.csv,2026-07-16,,,,,P1050,legacy_original,True,P1050,RidgeRover Mid Trail Shoes 249,footwear,trail shoes,Highland Ember,,,,,RidgeRover Mid Trail Shoes 249,footwear,trail shoes,Highland Ember
20260716-0024,2026-07-16,S003,P1004,4,104.41,5,in_store,N,,legacy,data/raw/orders/2026-07-16/orders.csv,2026-07-16,,,,,P1004,legacy_original,True,P1004,StormNomad Compact Cooler 203,patio,cooler,Moss & Mile,,,,,StormNomad Compact Cooler 203,patio,cooler,Moss & Mile
20260716-0025,2026-07-16,S002,P1050,1,71.54,5,pickup,Y,,legacy,data/raw/orders/2026-07-16/orders.csv,2026-07-16,,,,,P1050,legacy_original,True,P1050,RidgeRover Mid Trail Shoes 249,footwear,trail shoes,Highland Ember,,,,,RidgeRover Mid Trail Shoes 249,footwear,trail shoes,Highland Ember
20260716-0026,2026-07-16,S008,P1049,3,222.01,0,ship_from_store,Y,,legacy,data/raw/orders/2026-07-16/orders.csv,2026-07-16,,,,,P1049,legacy_original,True,P1049,SummitRunner Lightweight Jacket 248,outerwear,rain shell,Rocky Top Outfitters,,,,,SummitRunner Lightweight Jacket 248,outerwear,rain shell,Rocky Top Outfitters
20260716-0027,2026-07-16,S001,P1007,2,106.8,5,in_store,Y,,legacy,data/raw/orders/2026-07-16/orders.csv,2026-07-16,,,,,P1007,legacy_original,True,P1007,HearthRambler Stormproof Jacket 206,outerwear,rain shell,Switchback Supply,,,,,HearthRambler Stormproof Jacket 206,outerwear,rain shell,Switchback Supply
20260716-0028,2026-07-16,S004,P1041,2,54.6,0,in_store,N,,legacy,data/raw/orders/2026-07-16/orders.csv,2026-07-16,,,,,P1041,legacy_original,True,P1041,PineRunner Mini Battery Pack 240,emergency,battery pack,Rocky Top Outfitters,,,,,PineRunner Mini Battery Pack 240,emergency,battery pack,Rocky Top Outfitters
20260716-0029,2026-07-16,S001,P1017,4,51.7,20,pickup,N,,legacy,data/raw/orders/2026-07-16/orders.csv,2026-07-16,,,,,P1017,legacy_original,True,P1017,SummitRunner Mini Battery Pack 216,emergency,battery pack,Rocky Top Outfitters,,,,,SummitRunner Mini Battery Pack 216,emergency,battery pack,Rocky Top Outfitters
20260716-0030,2026-07-16,S004,P1026,1,130.4,0,in_store,N,,legacy,data/raw/orders/2026-07-16/orders.csv,2026-07-16,,,,,P1026,legacy_original,True,P1026,VistaRover Mid Trail Shoes 225,footwear,trail shoes,Highland Ember,,,,,VistaRover Mid Trail Shoes 225,footwear,trail shoes,Highland Ember
20260716-0031,2026-07-16,S003,P1061,1,147.84,0,in_store,Y,,legacy,data/raw/orders/2026-07-16/orders.csv,2026-07-16,,,,,P1061,legacy_original,True,P1061,FieldRunner Packable Jacket 260,outerwear,rain shell,Blue Ridge Works,,,,,FieldRunner Packable Jacket 260,outerwear,rain shell,Blue Ridge Works
20260716-0032,2026-07-16,S004,P1029,2,100.74,20,ship_from_store,Y,,legacy,data/raw/orders/2026-07-16/orders.csv,2026-07-16,,,,,P1029,legacy_original,True,P1029,FieldRunner Storm Kit Battery Pack 228,emergency,battery pack,Blue Ridge Works,,,,,FieldRunner Storm Kit Battery Pack 228,emergency,battery pack,Blue Ridge Works
20260716-0033,2026-07-16,S001,P1027,4,92.03,0,in_store,N,,legacy,data/raw/orders/2026-07-16/orders.csv,2026-07-16,,,,,P1027,legacy_original,True,P1027,BoulderRambler 2P Camp Chair 226,camping,camp chair,Creekline,,,,,BoulderRambler 2P Camp Chair 226,camping,camp chair,Creekline
20260716-0034,2026-07-16,S001,P1023,4,134.37,5,in_store,N,,legacy,data/raw/orders/2026-07-16/orders.csv,2026-07-16,,,,,P1023,legacy_original,True,P1023,HearthRambler Expedition Flashlight 222,emergency,flashlight,Switchback Supply,,,,,HearthRambler Expedition Flashlight 222,emergency,flashlight,Switchback Supply
20260716-0035,2026-07-16,S001,P1026,1,117.36,10,in_store,Y,,legacy,data/raw/orders/2026-07-16/orders.csv,2026-07-16,,,,,P1026,legacy_original,True,P1026,VistaRover Mid Trail Shoes 225,footwear,trail shoes,Highland Ember,,,,,VistaRover Mid Trail Shoes 225,footwear,trail shoes,Highland Ember
20260716-0036,2026-07-16,S006,P1010,1,497.19,10,in_store,Y,,legacy,data/raw/orders/2026-07-16/orders.csv,2026-07-16,,,,,P1010,legacy_original,True,P1010,VistaRover Deluxe Patio Heater 209,patio,patio heater,Highland Ember,,,,,VistaRover Deluxe Patio Heater 209,patio,patio heater,Highland Ember
20260716-0037,2026-07-16,S004,P1002,1,203.43,0,in_store,Y,,legacy,data/raw/orders/2026-07-16/orders.csv,2026-07-16,,,,,P1002,legacy_original,True,P1002,RidgeRover Mid Trail Shoes 201,footwear,trail shoes,Highland Ember,,,,,RidgeRover Mid Trail Shoes 201,footwear,trail shoes,Highland Ember
20260716-0038,2026-07-16,S002,P1003,3,448.98,0,in_store,N,,legacy,data/raw/orders/2026-07-16/orders.csv,2026-07-16,,,,,P1003,legacy_original,True,P1003,CreekRambler 2P Camp Chair 202,camping,camp chair,Creekline,,,,,CreekRambler 2P Camp Chair 202,camping,camp chair,Creekline
20260716-0039,2026-07-16,S005,P1031,1,138.82,20,in_store,Y,,legacy,data/raw/orders/2026-07-16/orders.csv,2026-07-16,,,,,P1031,legacy_original,True,P1031,MoonRambler Stormproof Jacket 230,outerwear,rain shell,Switchback Supply,,,,,MoonRambler Stormproof Jacket 230,outerwear,rain shell,Switchback Supply
20260716-0040,2026-07-16,S005,P1003,2,381.63,15,in_store,Y,,legacy,data/raw/orders/2026-07-16/orders.csv,2026-07-16,,,,,P1003,legacy_original,True,P1003,CreekRambler 2P Camp Chair 202,camping,camp chair,Creekline,,,,,CreekRambler 2P Camp Chair 202,camping,camp chair,Creekline
20260716-0041,2026-07-16,S004,P1024,3,77.0,15,in_store,N,,legacy,data/raw/orders/2026-07-16/orders.csv,2026-07-16,,,,,P1024,legacy_original,True,P1024,CanyonNomad Travel Tumbler 223,hydration,insulated tumbler,TrailForge,,,,,CanyonNomad Travel Tumbler 223,hydration,insulated tumbler,TrailForge
20260716-0042,2026-07-16,S008,P1060,4,146.67,5,in_store,N,,legacy,data/raw/orders/2026-07-16/orders.csv,2026-07-16,,,,,P1060,legacy_original,True,P1060,CloudNomad 32oz Tumbler 259,hydration,insulated tumbler,Moss & Mile,,,,,CloudNomad 32oz Tumbler 259,hydration,insulated tumbler,Moss & Mile
20260716-0043,2026-07-16,S001,P1052,1,369.46,5,in_store,Y,,legacy,data/raw/orders/2026-07-16/orders.csv,2026-07-16,,,,,P1052,legacy_original,True,P1052,StormNomad Compact Cooler 251,patio,cooler,Moss & Mile,,,,,StormNomad Compact Cooler 251,patio,cooler,Moss & Mile
20260716-0044,2026-07-16,S007,P1056,3,144.01,0,ship_from_store,Y,,legacy,data/raw/orders/2026-07-16/orders.csv,2026-07-16,,,,,P1056,legacy_original,True,P1056,CanyonNomad Waterproof Trail Shoes 255,footwear,trail shoes,TrailForge,,,,,CanyonNomad Waterproof Trail Shoes 255,footwear,trail shoes,TrailForge
20260716-0045,2026-07-16,S005,P1006,4,55.91,0,in_store,Y,,legacy,data/raw/orders/2026-07-16/orders.csv,2026-07-16,,,,,P1006,legacy_original,True,P1006,TrailRover 20oz Tumbler 205,hydration,insulated tumbler,Summit Finch,,,,,TrailRover 20oz Tumbler 205,hydration,insulated tumbler,Summit Finch
20260716-0046,2026-07-16,S002,P1067,1,253.63,5,in_store,Y,,legacy,data/raw/orders/2026-07-16/orders.csv,2026-07-16,,,,,P1067,legacy_original,True,P1067,CreekRambler Alpine Jacket 266,outerwear,rain shell,Creekline,,,,,CreekRambler Alpine Jacket 266,outerwear,rain shell,Creekline
20260716-0047,2026-07-16,S006,P1074,1,191.7,0,in_store,Y,,legacy,data/raw/orders/2026-07-16/orders.csv,2026-07-16,,,,,P1074,legacy_original,True,P1074,VistaRover Mid Trail Shoes 273,footwear,trail shoes,Highland Ember,,,,,VistaRover Mid Trail Shoes 273,footwear,trail shoes,Highland Ember
20260716-0048,2026-07-16,S001,P1039,4,349.45,5,pickup,N,,legacy,data/raw/orders/2026-07-16/orders.csv,2026-07-16,,,,,P1039,legacy_original,True,P1039,HearthRambler Ultralight Camp Chair 238,camping,camp chair,Switchback Supply,,,,,HearthRambler Ultralight Camp Chair 238,camping,camp chair,Switchback Supply
20260716-0049,2026-07-16,S001,P1035,2,140.34,5,in_store,Y,,legacy,data/raw/orders/2026-07-16/orders.csv,2026-07-16,,,,,P1035,legacy_original,True,P1035,CreekRambler Rechargeable Flashlight 234,emergency,flashlight,Creekline,,,,,CreekRambler Rechargeable Flashlight 234,emergency,flashlight,Creekline
20260716-0050,2026-07-16,S007,P1014,1,184.2,10,in_store,Y,,legacy,data/raw/orders/2026-07-16/orders.csv,2026-07-16,,,,,P1014,legacy_original,True,P1014,SwitchbackRover Wide Trail Shoes 213,footwear,trail shoes,Summit Finch,,,,,SwitchbackRover Wide Trail Shoes 213,footwear,trail shoes,Summit Finch
20260716-0051,2026-07-16,S007,P1025,2,124.6,0,in_store,Y,,legacy,data/raw/orders/2026-07-16/orders.csv,2026-07-16,,,,,P1025,legacy_original,True,P1025,PineRunner Lightweight Jacket 224,outerwear,rain shell,Rocky Top Outfitters,,,,,PineRunner Lightweight Jacket 224,outerwear,rain shell,Rocky Top Outfitters
20260716-0052,2026-07-16,S003,P1051,2,360.53,15,in_store,Y,,legacy,data/raw/orders/2026-07-16/orders.csv,2026-07-16,,,,,P1051,legacy_original,True,P1051,CreekRambler 2P Camp Chair 250,camping,camp chair,Creekline,,,,,CreekRambler 2P Camp Chair 250,camping,camp chair,Creekline
20260716-0053,2026-07-16,S005,P1074,2,191.7,0,pickup,Y,,legacy,data/raw/orders/2026-07-16/orders.csv,2026-07-16,,,,,P1074,legacy_original,True,P1074,VistaRover Mid Trail Shoes 273,footwear,trail shoes,Highland Ember,,,,,VistaRover Mid Trail Shoes 273,footwear,trail shoes,Highland Ember
20260716-0054,2026-07-16,S007,P1001,1,130.82,0,pickup,Y,,legacy,data/raw/orders/2026-07-16/orders.csv,2026-07-16,,,,,P1001,legacy_original,True,P1001,SummitRunner Lightweight Jacket 200,outerwear,rain shell,Rocky Top Outfitters,,,,,SummitRunner Lightweight Jacket 200,outerwear,rain shell,Rocky Top Outfitters
20260716-0055,2026-07-16,S007,P1062,1,170.69,0,in_store,Y,,legacy,data/raw/orders/2026-07-16/orders.csv,2026-07-16,,,,,P1062,legacy_original,True,P1062,SwitchbackRover Wide Trail Shoes 261,footwear,trail shoes,Summit Finch,,,,,SwitchbackRover Wide Trail Shoes 261,footwear,trail shoes,Summit Finch
20260716-0056,2026-07-16,S005,P1070,4,202.52,0,ship_from_store,Y,,legacy,data/raw/orders/2026-07-16/orders.csv,2026-07-16,,,,,P1070,legacy_original,True,P1070,TrailRover Weekend Patio Heater 269,patio,patio heater,Summit Finch,,,,,TrailRover Weekend Patio Heater 269,patio,patio heater,Summit Finch
20260716-0057,2026-07-16,S004,P1041,2,46.41,15,ship_from_store,Y,,legacy,data/raw/orders/2026-07-16/orders.csv,2026-07-16,,,,,P1041,legacy_original,True,P1041,PineRunner Mini Battery Pack 240,emergency,battery pack,Rocky Top Outfitters,,,,,PineRunner Mini Battery Pack 240,emergency,battery pack,Rocky Top Outfitters
20260716-0058,2026-07-16,S004,P1045,2,296.15,15,ship_from_store,Y,,legacy,data/raw/orders/2026-07-16/orders.csv,2026-07-16,,,,,P1045,legacy_original,True,P1045,FieldRunner Basecamp Tent 244,camping,tent,Blue Ridge Works,,,,,FieldRunner Basecamp Tent 244,camping,tent,Blue Ridge Works
20260716-0059,2026-07-16,S003,P1010,2,524.81,5,in_store,Y,,legacy,data/raw/orders/2026-07-16/orders.csv,2026-07-16,,,,,P1010,legacy_original,True,P1010,VistaRover Deluxe Patio Heater 209,patio,patio heater,Highland Ember,,,,,VistaRover Deluxe Patio Heater 209,patio,patio heater,Highland Ember
20260716-0060,2026-07-16,S001,P1040,1,92.49,15,in_store,Y,,legacy,data/raw/orders/2026-07-16/orders.csv,2026-07-16,,,,,P1040,legacy_original,True,P1040,CanyonNomad XL Cooler 239,patio,cooler,TrailForge,,,,,CanyonNomad XL Cooler 239,patio,cooler,TrailForge
20260716-0061,2026-07-16,S007,P1073,1,125.32,0,pickup,N,,legacy,data/raw/orders/2026-07-16/orders.csv,2026-07-16,,,,,P1073,legacy_original,True,P1073,PineRunner Lightweight Jacket 272,outerwear,rain shell,Rocky Top Outfitters,,,,,PineRunner Lightweight Jacket 272,outerwear,rain shell,Rocky Top Outfitters
20260716-0062,2026-07-16,S007,P1074,1,191.7,0,in_store,Y,,legacy,data/raw/orders/2026-07-16/orders.csv,2026-07-16,,,,,P1074,legacy_original,True,P1074,VistaRover Mid Trail Shoes 273,footwear,trail shoes,Highland Ember,,,,,VistaRover Mid Trail Shoes 273,footwear,trail shoes,Highland Ember
20260716-0063,2026-07-16,S001,P1033,1,151.57,20,in_store,Y,,legacy,data/raw/orders/2026-07-16/orders.csv,2026-07-16,,,,,P1033,legacy_original,True,P1033,SummitRunner 4P Tent 232,camping,tent,Rocky Top Outfitters,,,,,SummitRunner 4P Tent 232,camping,tent,Rocky Top Outfitters
20260716-0064,2026-07-16,S004,P1026,3,117.36,10,in_store,Y,,legacy,data/raw/orders/2026-07-16/orders.csv,2026-07-16,,,,,P1026,legacy_original,True,P1026,VistaRover Mid Trail Shoes 225,footwear,trail shoes,Highland Ember,,,,,VistaRover Mid Trail Shoes 225,footwear,trail shoes,Highland Ember
20260716-0065,2026-07-16,S001,P1007,3,112.42,0,in_store,N,,legacy,data/raw/orders/2026-07-16/orders.csv,2026-07-16,,,,,P1007,legacy_original,True,P1007,HearthRambler Stormproof Jacket 206,outerwear,rain shell,Switchback Supply,,,,,HearthRambler Stormproof Jacket 206,outerwear,rain shell,Switchback Supply
20260716-0066,2026-07-16,S002,P1074,1,153.36,20,in_store,N,,legacy,data/raw/orders/2026-07-16/orders.csv,2026-07-16,,,,,P1074,legacy_original,True,P1074,VistaRover Mid Trail Shoes 273,footwear,trail shoes,Highland Ember,,,,,VistaRover Mid Trail Shoes 273,footwear,trail shoes,Highland Ember
20260716-0067,2026-07-16,S007,P1078,1,131.72,10,in_store,Y,,legacy,data/raw/orders/2026-07-16/orders.csv,2026-07-16,,,,,P1078,legacy_original,True,P1078,SwitchbackRover 20oz Tumbler 277,hydration,insulated tumbler,Summit Finch,,,,,SwitchbackRover 20oz Tumbler 277,hydration,insulated tumbler,Summit Finch
20260716-0068,2026-07-16,S007,P1011,2,119.76,10,in_store,Y,,legacy,data/raw/orders/2026-07-16/orders.csv,2026-07-16,,,,,P1011,legacy_original,True,P1011,BoulderRambler Rechargeable Flashlight 210,emergency,flashlight,Creekline,,,,,BoulderRambler Rechargeable Flashlight 210,emergency,flashlight,Creekline
20260716-0069,2026-07-16,S005,P1036,1,126.18,20,pickup,Y,,legacy,data/raw/orders/2026-07-16/orders.csv,2026-07-16,,,,,P1036,legacy_original,True,P1036,StormNomad 32oz Tumbler 235,hydration,insulated tumbler,Moss & Mile,,,,,StormNomad 32oz Tumbler 235,hydration,insulated tumbler,Moss & Mile
20260716-0070,2026-07-16,S001,P1042,1,109.49,5,in_store,Y,,legacy,data/raw/orders/2026-07-16/orders.csv,2026-07-16,,,,,P1042,legacy_original,True,P1042,VistaRover Trail Tumbler 241,hydration,insulated tumbler,Highland Ember,,,,,VistaRover Trail Tumbler 241,hydration,insulated tumbler,Highland Ember
20260716-0071,2026-07-16,S003,P1043,1,241.0,0,pickup,Y,,legacy,data/raw/orders/2026-07-16/orders.csv,2026-07-16,,,,,P1043,legacy_original,True,P1043,BoulderRambler Alpine Jacket 242,outerwear,rain shell,Creekline,,,,,BoulderRambler Alpine Jacket 242,outerwear,rain shell,Creekline
20260716-0072,2026-07-16,S002,P1015,1,191.87,0,in_store,Y,,legacy,data/raw/orders/2026-07-16/orders.csv,2026-07-16,,,,,P1015,legacy_original,True,P1015,MoonRambler Ultralight Camp Chair 214,camping,camp chair,Switchback Supply,,,,,MoonRambler Ultralight Camp Chair 214,camping,camp chair,Switchback Supply
20260716-0073,2026-07-16,S001,P1038,1,196.88,0,in_store,Y,,legacy,data/raw/orders/2026-07-16/orders.csv,2026-07-16,,,,,P1038,legacy_original,True,P1038,TrailRover Wide Trail Shoes 237,footwear,trail shoes,Summit Finch,,,,,TrailRover Wide Trail Shoes 237,footwear,trail shoes,Summit Finch
20260716-0074,2026-07-16,S008,P1013,2,92.52,5,ship_from_store,Y,,legacy,data/raw/orders/2026-07-16/orders.csv,2026-07-16,,,,,P1013,legacy_original,True,P1013,FieldRunner Packable Jacket 212,outerwear,rain shell,Blue Ridge Works,,,,,FieldRunner Packable Jacket 212,outerwear,rain shell,Blue Ridge Works
20260716-0075,2026-07-16,S007,P1057,1,410.17,0,in_store,Y,,legacy,data/raw/orders/2026-07-16/orders.csv,2026-07-16,,,,,P1057,legacy_original,True,P1057,PineRunner 4P Tent 256,camping,tent,Rocky Top Outfitters,,,,,PineRunner 4P Tent 256,camping,tent,Rocky Top Outfitters
20260716-0076,2026-07-16,S005,P1004,2,98.91,10,in_store,Y,,legacy,data/raw/orders/2026-07-16/orders.csv,2026-07-16,,,,,P1004,legacy_original,True,P1004,StormNomad Compact Cooler 203,patio,cooler,Moss & Mile,,,,,StormNomad Compact Cooler 203,patio,cooler,Moss & Mile
20260716-0077,2026-07-16,S003,P1001,4,124.28,5,in_store,N,,legacy,data/raw/orders/2026-07-16/orders.csv,2026-07-16,,,,,P1001,legacy_original,True,P1001,SummitRunner Lightweight Jacket 200,outerwear,rain shell,Rocky Top Outfitters,,,,,SummitRunner Lightweight Jacket 200,outerwear,rain shell,Rocky Top Outfitters
20260716-0078,2026-07-16,S008,P1014,2,163.74,20,in_store,Y,,legacy,data/raw/orders/2026-07-16/orders.csv,2026-07-16,,,,,P1014,legacy_original,True,P1014,SwitchbackRover Wide Trail Shoes 213,footwear,trail shoes,Summit Finch,,,,,SwitchbackRover Wide Trail Shoes 213,footwear,trail shoes,Summit Finch
20260716-0079,2026-07-16,S007,P1010,1,497.19,10,ship_from_store,N,,legacy,data/raw/orders/2026-07-16/orders.csv,2026-07-16,,,,,P1010,legacy_original,True,P1010,VistaRover Deluxe Patio Heater 209,patio,patio heater,Highland Ember,,,,,VistaRover Deluxe Patio Heater 209,patio,patio heater,Highland Ember
20260716-0080,2026-07-16,S008,P1058,4,237.23,10,in_store,Y,,legacy,data/raw/orders/2026-07-16/orders.csv,2026-07-16,,,,,P1058,legacy_original,True,P1058,VistaRover Deluxe Patio Heater 257,patio,patio heater,Highland Ember,,,,,VistaRover Deluxe Patio Heater 257,patio,patio heater,Highland Ember
20260716-0081,2026-07-16,S007,P1014,3,163.74,20,pickup,Y,,legacy,data/raw/orders/2026-07-16/orders.csv,2026-07-16,,,,,P1014,legacy_original,True,P1014,SwitchbackRover Wide Trail Shoes 213,footwear,trail shoes,Summit Finch,,,,,SwitchbackRover Wide Trail Shoes 213,footwear,trail shoes,Summit Finch
20260716-0082,2026-07-16,S001,P1009,2,109.5,5,pickup,Y,,legacy,data/raw/orders/2026-07-16/orders.csv,2026-07-16,,,,,P1009,legacy_original,True,P1009,PineRunner 4P Tent 208,camping,tent,Rocky Top Outfitters,,,,,PineRunner 4P Tent 208,camping,tent,Rocky Top Outfitters
20260716-0083,2026-07-16,S002,P1036,1,149.83,5,in_store,Y,,legacy,data/raw/orders/2026-07-16/orders.csv,2026-07-16,,,,,P1036,legacy_original,True,P1036,StormNomad 32oz Tumbler 235,hydration,insulated tumbler,Moss & Mile,,,,,StormNomad 32oz Tumbler 235,hydration,insulated tumbler,Moss & Mile
20260716-0084,2026-07-16,S001,P1017,2,54.94,15,in_store,Y,,legacy,data/raw/orders/2026-07-16/orders.csv,2026-07-16,,,,,P1017,legacy_original,True,P1017,SummitRunner Mini Battery Pack 216,emergency,battery pack,Rocky Top Outfitters,,,,,SummitRunner Mini Battery Pack 216,emergency,battery pack,Rocky Top Outfitters
20260716-0085,2026-07-16,S001,P1059,1,105.5,0,in_store,Y,,legacy,data/raw/orders/2026-07-16/orders.csv,2026-07-16,,,,,P1059,legacy_original,True,P1059,BoulderRambler Rechargeable Flashlight 258,emergency,flashlight,Creekline,,,,,BoulderRambler Rechargeable Flashlight 258,emergency,flashlight,Creekline
20260716-0086,2026-07-16,S005,P1063,4,79.92,0,in_store,Y,,legacy,data/raw/orders/2026-07-16/orders.csv,2026-07-16,,,,,P1063,legacy_original,True,P1063,MoonRambler Ultralight Camp Chair 262,camping,camp chair,Switchback Supply,,,,,MoonRambler Ultralight Camp Chair 262,camping,camp chair,Switchback Supply
20260716-0087,2026-07-16,S008,P1068,2,68.78,15,in_store,Y,,legacy,data/raw/orders/2026-07-16/orders.csv,2026-07-16,,,,,P1068,legacy_original,True,P1068,StormNomad Approach Trail Shoes 267,footwear,trail shoes,Moss & Mile,,,,,StormNomad Approach Trail Shoes 267,footwear,trail shoes,Moss & Mile
20260716-0088,2026-07-16,S003,P1041,1,51.87,5,in_store,Y,,legacy,data/raw/orders/2026-07-16/orders.csv,2026-07-16,,,,,P1041,legacy_original,True,P1041,PineRunner Mini Battery Pack 240,emergency,battery pack,Rocky Top Outfitters,,,,,PineRunner Mini Battery Pack 240,emergency,battery pack,Rocky Top Outfitters
20260716-0089,2026-07-16,S003,P1018,1,138.02,10,pickup,Y,,legacy,data/raw/orders/2026-07-16/orders.csv,2026-07-16,,,,,P1018,legacy_original,True,P1018,RidgeRover Trail Tumbler 217,hydration,insulated tumbler,Highland Ember,,,,,RidgeRover Trail Tumbler 217,hydration,insulated tumbler,Highland Ember
20260716-0090,2026-07-16,S003,P1069,2,243.54,5,pickup,N,,legacy,data/raw/orders/2026-07-16/orders.csv,2026-07-16,,,,,P1069,legacy_original,True,P1069,EmberRunner Basecamp Tent 268,camping,tent,Blue Ridge Works,,,,,EmberRunner Basecamp Tent 268,camping,tent,Blue Ridge Works
20260716-0091,2026-07-16,S002,P1006,2,55.91,0,in_store,N,,legacy,data/raw/orders/2026-07-16/orders.csv,2026-07-16,,,,,P1006,legacy_original,True,P1006,TrailRover 20oz Tumbler 205,hydration,insulated tumbler,Summit Finch,,,,,TrailRover 20oz Tumbler 205,hydration,insulated tumbler,Summit Finch
20260716-0092,2026-07-16,S003,P1068,3,80.92,0,in_store,N,,legacy,data/raw/orders/2026-07-16/orders.csv,2026-07-16,,,,,P1068,legacy_original,True,P1068,StormNomad Approach Trail Shoes 267,footwear,trail shoes,Moss & Mile,,,,,StormNomad Approach Trail Shoes 267,footwear,trail shoes,Moss & Mile
20260716-0093,2026-07-16,S007,P1035,1,147.73,0,in_store,Y,,legacy,data/raw/orders/2026-07-16/orders.csv,2026-07-16,,,,,P1035,legacy_original,True,P1035,CreekRambler Rechargeable Flashlight 234,emergency,flashlight,Creekline,,,,,CreekRambler Rechargeable Flashlight 234,emergency,flashlight,Creekline
20260716-0094,2026-07-16,S003,P1069,3,256.36,0,in_store,Y,,legacy,data/raw/orders/2026-07-16/orders.csv,2026-07-16,,,,,P1069,legacy_original,True,P1069,EmberRunner Basecamp Tent 268,camping,tent,Blue Ridge Works,,,,,EmberRunner Basecamp Tent 268,camping,tent,Blue Ridge Works
20260716-0095,2026-07-16,S006,P1066,2,104.88,0,in_store,Y,,legacy,data/raw/orders/2026-07-16/orders.csv,2026-07-16,,,,,P1066,legacy_original,True,P1066,RidgeRover Trail Tumbler 265,hydration,insulated tumbler,Highland Ember,,,,,RidgeRover Trail Tumbler 265,hydration,insulated tumbler,Highland Ember
20260716-0096,2026-07-16,S004,P1015,4,153.5,20,ship_from_store,Y,,legacy,data/raw/orders/2026-07-16/orders.csv,2026-07-16,,,,,P1015,legacy_original,True,P1015,MoonRambler Ultralight Camp Chair 214,camping,camp chair,Switchback Supply,,,,,MoonRambler Ultralight Camp Chair 214,camping,camp chair,Switchback Supply
20260716-0097,2026-07-16,S005,P1059,3,89.67,15,ship_from_store,Y,,legacy,data/raw/orders/2026-07-16/orders.csv,2026-07-16,,,,,P1059,legacy_original,True,P1059,BoulderRambler Rechargeable Flashlight 258,emergency,flashlight,Creekline,,,,,BoulderRambler Rechargeable Flashlight 258,emergency,flashlight,Creekline
20260716-0098,2026-07-16,S004,P1012,1,123.66,0,pickup,Y,,legacy,data/raw/orders/2026-07-16/orders.csv,2026-07-16,,,,,P1012,legacy_original,True,P1012,CloudNomad 32oz Tumbler 211,hydration,insulated tumbler,Moss & Mile,,,,,CloudNomad 32oz Tumbler 211,hydration,insulated tumbler,Moss & Mile
20260716-0099,2026-07-16,S002,P1021,4,66.37,10,pickup,Y,,legacy,data/raw/orders/2026-07-16/orders.csv,2026-07-16,,,,,P1021,legacy_original,True,P1021,EmberRunner Basecamp Tent 220,camping,tent,Blue Ridge Works,,,,,EmberRunner Basecamp Tent 220,camping,tent,Blue Ridge Works
20260716-0100,2026-07-16,S003,P1029,1,125.93,0,pickup,N,,legacy,data/raw/orders/2026-07-16/orders.csv,2026-07-16,,,,,P1029,legacy_original,True,P1029,FieldRunner Storm Kit Battery Pack 228,emergency,battery pack,Blue Ridge Works,,,,,FieldRunner Storm Kit Battery Pack 228,emergency,battery pack,Blue Ridge Works
20260716-0101,2026-07-16,S002,P1011,1,126.42,5,in_store,N,,legacy,data/raw/orders/2026-07-16/orders.csv,2026-07-16,,,,,P1011,legacy_original,True,P1011,BoulderRambler Rechargeable Flashlight 210,emergency,flashlight,Creekline,,,,,BoulderRambler Rechargeable Flashlight 210,emergency,flashlight,Creekline
20260716-0102,2026-07-16,S005,P1030,1,126.26,0,ship_from_store,N,,legacy,data/raw/orders/2026-07-16/orders.csv,2026-07-16,,,,,P1030,legacy_original,True,P1030,SwitchbackRover 20oz Tumbler 229,hydration,insulated tumbler,Summit Finch,,,,,SwitchbackRover 20oz Tumbler 229,hydration,insulated tumbler,Summit Finch
20260716-0103,2026-07-16,S006,P1044,1,189.25,0,in_store,Y,,legacy,data/raw/orders/2026-07-16/orders.csv,2026-07-16,,,,,P1044,legacy_original,True,P1044,CloudNomad Approach Trail Shoes 243,footwear,trail shoes,Moss & Mile,,,,,CloudNomad Approach Trail Shoes 243,footwear,trail shoes,Moss & Mile
20260716-0104,2026-07-16,S004,P1007,2,106.8,5,in_store,Y,,legacy,data/raw/orders/2026-07-16/orders.csv,2026-07-16,,,,,P1007,legacy_original,True,P1007,HearthRambler Stormproof Jacket 206,outerwear,rain shell,Switchback Supply,,,,,HearthRambler Stormproof Jacket 206,outerwear,rain shell,Switchback Supply
20260716-0105,2026-07-16,S001,P1077,4,95.15,0,pickup,Y,,legacy,data/raw/orders/2026-07-16/orders.csv,2026-07-16,,,,,P1077,legacy_original,True,P1077,FieldRunner Storm Kit Battery Pack 276,emergency,battery pack,Blue Ridge Works,,,,,FieldRunner Storm Kit Battery Pack 276,emergency,battery pack,Blue Ridge Works
20260716-0106,2026-07-16,S003,P1074,3,191.7,0,in_store,Y,,legacy,data/raw/orders/2026-07-16/orders.csv,2026-07-16,,,,,P1074,legacy_original,True,P1074,VistaRover Mid Trail Shoes 273,footwear,trail shoes,Highland Ember,,,,,VistaRover Mid Trail Shoes 273,footwear,trail shoes,Highland Ember
20260716-0107,2026-07-16,S008,P1076,2,686.08,0,in_store,Y,,legacy,data/raw/orders/2026-07-16/orders.csv,2026-07-16,,,,,P1076,legacy_original,True,P1076,CloudNomad Compact Cooler 275,patio,cooler,Moss & Mile,,,,,CloudNomad Compact Cooler 275,patio,cooler,Moss & Mile
20260716-0108,2026-07-16,S008,P1010,2,441.94,20,in_store,Y,,legacy,data/raw/orders/2026-07-16/orders.csv,2026-07-16,,,,,P1010,legacy_original,True,P1010,VistaRover Deluxe Patio Heater 209,patio,patio heater,Highland Ember,,,,,VistaRover Deluxe Patio Heater 209,patio,patio heater,Highland Ember
20260717-0001,2026-07-17,S007,P1040,2,92.49,15,in_store,Y,,legacy,data/raw/orders/2026-07-17/orders.csv,2026-07-17,,,,,P1040,legacy_original,True,P1040,CanyonNomad XL Cooler 239,patio,cooler,TrailForge,,,,,CanyonNomad XL Cooler 239,patio,cooler,TrailForge
20260717-0002,2026-07-17,S008,P1046,2,186.74,20,in_store,Y,,legacy,data/raw/orders/2026-07-17/orders.csv,2026-07-17,,,,,P1046,legacy_original,True,P1046,SwitchbackRover Weekend Patio Heater 245,patio,patio heater,Summit Finch,,,,,SwitchbackRover Weekend Patio Heater 245,patio,patio heater,Summit Finch
20260717-0003,2026-07-17,S008,P1040,1,87.05,20,ship_from_store,Y,,legacy,data/raw/orders/2026-07-17/orders.csv,2026-07-17,,,,,P1040,legacy_original,True,P1040,CanyonNomad XL Cooler 239,patio,cooler,TrailForge,,,,,CanyonNomad XL Cooler 239,patio,cooler,TrailForge
20260717-0004,2026-07-17,S004,P1057,2,348.64,15,pickup,N,,legacy,data/raw/orders/2026-07-17/orders.csv,2026-07-17,,,,,P1057,legacy_original,True,P1057,PineRunner 4P Tent 256,camping,tent,Rocky Top Outfitters,,,,,PineRunner 4P Tent 256,camping,tent,Rocky Top Outfitters
20260717-0005,2026-07-17,S008,P1018,1,138.02,10,in_store,Y,,legacy,data/raw/orders/2026-07-17/orders.csv,2026-07-17,,,,,P1018,legacy_original,True,P1018,RidgeRover Trail Tumbler 217,hydration,insulated tumbler,Highland Ember,,,,,RidgeRover Trail Tumbler 217,hydration,insulated tumbler,Highland Ember
20260717-0006,2026-07-17,S006,P1024,2,90.59,0,in_store,N,,legacy,data/raw/orders/2026-07-17/orders.csv,2026-07-17,,,,,P1024,legacy_original,True,P1024,CanyonNomad Travel Tumbler 223,hydration,insulated tumbler,TrailForge,,,,,CanyonNomad Travel Tumbler 223,hydration,insulated tumbler,TrailForge
20260717-0007,2026-07-17,S005,P1013,4,97.39,0,in_store,Y,,legacy,data/raw/orders/2026-07-17/orders.csv,2026-07-17,,,,,P1013,legacy_original,True,P1013,FieldRunner Packable Jacket 212,outerwear,rain shell,Blue Ridge Works,,,,,FieldRunner Packable Jacket 212,outerwear,rain shell,Blue Ridge Works
20260717-0008,2026-07-17,S006,P1066,4,94.39,10,in_store,Y,,legacy,data/raw/orders/2026-07-17/orders.csv,2026-07-17,,,,,P1066,legacy_original,True,P1066,RidgeRover Trail Tumbler 265,hydration,insulated tumbler,Highland Ember,,,,,RidgeRover Trail Tumbler 265,hydration,insulated tumbler,Highland Ember
20260717-0009,2026-07-17,S002,P1003,1,448.98,0,in_store,Y,,legacy,data/raw/orders/2026-07-17/orders.csv,2026-07-17,,,,,P1003,legacy_original,True,P1003,CreekRambler 2P Camp Chair 202,camping,camp chair,Creekline,,,,,CreekRambler 2P Camp Chair 202,camping,camp chair,Creekline
20260717-0010,2026-07-17,S003,P1031,4,173.53,0,in_store,Y,,legacy,data/raw/orders/2026-07-17/orders.csv,2026-07-17,,,,,P1031,legacy_original,True,P1031,MoonRambler Stormproof Jacket 230,outerwear,rain shell,Switchback Supply,,,,,MoonRambler Stormproof Jacket 230,outerwear,rain shell,Switchback Supply
20260717-0011,2026-07-17,S006,P1073,2,119.05,5,pickup,Y,,legacy,data/raw/orders/2026-07-17/orders.csv,2026-07-17,,,,,P1073,legacy_original,True,P1073,PineRunner Lightweight Jacket 272,outerwear,rain shell,Rocky Top Outfitters,,,,,PineRunner Lightweight Jacket 272,outerwear,rain shell,Rocky Top Outfitters
20260717-0012,2026-07-17,S005,P1070,3,202.52,0,in_store,N,,legacy,data/raw/orders/2026-07-17/orders.csv,2026-07-17,,,,,P1070,legacy_original,True,P1070,TrailRover Weekend Patio Heater 269,patio,patio heater,Summit Finch,,,,,TrailRover Weekend Patio Heater 269,patio,patio heater,Summit Finch
20260717-0013,2026-07-17,S002,P1029,2,119.63,5,in_store,Y,,legacy,data/raw/orders/2026-07-17/orders.csv,2026-07-17,,,,,P1029,legacy_original,True,P1029,FieldRunner Storm Kit Battery Pack 228,emergency,battery pack,Blue Ridge Works,,,,,FieldRunner Storm Kit Battery Pack 228,emergency,battery pack,Blue Ridge Works
20260717-0014,2026-07-17,S004,P1063,4,67.93,15,ship_from_store,Y,,legacy,data/raw/orders/2026-07-17/orders.csv,2026-07-17,,,,,P1063,legacy_original,True,P1063,MoonRambler Ultralight Camp Chair 262,camping,camp chair,Switchback Supply,,,,,MoonRambler Ultralight Camp Chair 262,camping,camp chair,Switchback Supply
20260717-0015,2026-07-17,S002,P1057,4,389.66,5,ship_from_store,Y,,legacy,data/raw/orders/2026-07-17/orders.csv,2026-07-17,,,,,P1057,legacy_original,True,P1057,PineRunner 4P Tent 256,camping,tent,Rocky Top Outfitters,,,,,PineRunner 4P Tent 256,camping,tent,Rocky Top Outfitters
20260717-0016,2026-07-17,S001,P1026,1,104.32,20,in_store,N,,legacy,data/raw/orders/2026-07-17/orders.csv,2026-07-17,,,,,P1026,legacy_original,True,P1026,VistaRover Mid Trail Shoes 225,footwear,trail shoes,Highland Ember,,,,,VistaRover Mid Trail Shoes 225,footwear,trail shoes,Highland Ember
20260717-0017,2026-07-17,S007,P1010,1,524.81,5,in_store,Y,,legacy,data/raw/orders/2026-07-17/orders.csv,2026-07-17,,,,,P1010,legacy_original,True,P1010,VistaRover Deluxe Patio Heater 209,patio,patio heater,Highland Ember,,,,,VistaRover Deluxe Patio Heater 209,patio,patio heater,Highland Ember
20260717-0018,2026-07-17,S005,P1071,4,143.3,0,pickup,Y,,legacy,data/raw/orders/2026-07-17/orders.csv,2026-07-17,,,,,P1071,legacy_original,True,P1071,HearthRambler Expedition Flashlight 270,emergency,flashlight,Switchback Supply,,,,,HearthRambler Expedition Flashlight 270,emergency,flashlight,Switchback Supply
20260717-0019,2026-07-17,S002,P1007,1,112.42,0,in_store,Y,,legacy,data/raw/orders/2026-07-17/orders.csv,2026-07-17,,,,,P1007,legacy_original,True,P1007,HearthRambler Stormproof Jacket 206,outerwear,rain shell,Switchback Supply,,,,,HearthRambler Stormproof Jacket 206,outerwear,rain shell,Switchback Supply
20260717-0020,2026-07-17,S003,P1075,2,156.96,5,in_store,Y,,legacy,data/raw/orders/2026-07-17/orders.csv,2026-07-17,,,,,P1075,legacy_original,True,P1075,BoulderRambler 2P Camp Chair 274,camping,camp chair,Creekline,,,,,BoulderRambler 2P Camp Chair 274,camping,camp chair,Creekline
20260717-0021,2026-07-17,S003,P1031,1,173.53,0,in_store,Y,,legacy,data/raw/orders/2026-07-17/orders.csv,2026-07-17,,,,,P1031,legacy_original,True,P1031,MoonRambler Stormproof Jacket 230,outerwear,rain shell,Switchback Supply,,,,,MoonRambler Stormproof Jacket 230,outerwear,rain shell,Switchback Supply
20260717-0022,2026-07-17,S004,P1038,3,177.19,10,in_store,Y,,legacy,data/raw/orders/2026-07-17/orders.csv,2026-07-17,,,,,P1038,legacy_original,True,P1038,TrailRover Wide Trail Shoes 237,footwear,trail shoes,Summit Finch,,,,,TrailRover Wide Trail Shoes 237,footwear,trail shoes,Summit Finch
20260717-0023,2026-07-17,S002,P1001,2,130.82,0,ship_from_store,N,,legacy,data/raw/orders/2026-07-17/orders.csv,2026-07-17,,,,,P1001,legacy_original,True,P1001,SummitRunner Lightweight Jacket 200,outerwear,rain shell,Rocky Top Outfitters,,,,,SummitRunner Lightweight Jacket 200,outerwear,rain shell,Rocky Top Outfitters
20260717-0024,2026-07-17,S003,P1008,1,175.5,0,ship_from_store,N,,legacy,data/raw/orders/2026-07-17/orders.csv,2026-07-17,,,,,P1008,legacy_original,True,P1008,CanyonNomad Waterproof Trail Shoes 207,footwear,trail shoes,TrailForge,,,,,CanyonNomad Waterproof Trail Shoes 207,footwear,trail shoes,TrailForge
20260717-0025,2026-07-17,S003,P1022,4,349.84,10,in_store,Y,,legacy,data/raw/orders/2026-07-17/orders.csv,2026-07-17,,,,,P1022,legacy_original,True,P1022,TrailRover Weekend Patio Heater 221,patio,patio heater,Summit Finch,,,,,TrailRover Weekend Patio Heater 221,patio,patio heater,Summit Finch
20260717-0026,2026-07-17,S007,P1028,1,647.52,0,in_store,Y,,legacy,data/raw/orders/2026-07-17/orders.csv,2026-07-17,,,,,P1028,legacy_original,True,P1028,CloudNomad Compact Cooler 227,patio,cooler,Moss & Mile,,,,,CloudNomad Compact Cooler 227,patio,cooler,Moss & Mile
20260717-0027,2026-07-17,S007,P1014,1,204.67,0,in_store,Y,,legacy,data/raw/orders/2026-07-17/orders.csv,2026-07-17,,,,,P1014,legacy_original,True,P1014,SwitchbackRover Wide Trail Shoes 213,footwear,trail shoes,Summit Finch,,,,,SwitchbackRover Wide Trail Shoes 213,footwear,trail shoes,Summit Finch
20260717-0028,2026-07-17,S003,P1034,1,135.09,20,pickup,N,,legacy,data/raw/orders/2026-07-17/orders.csv,2026-07-17,,,,,P1034,legacy_original,True,P1034,RidgeRover Deluxe Patio Heater 233,patio,patio heater,Highland Ember,,,,,RidgeRover Deluxe Patio Heater 233,patio,patio heater,Highland Ember
20260717-0029,2026-07-17,S008,P1080,3,128.7,10,in_store,Y,,legacy,data/raw/orders/2026-07-17/orders.csv,2026-07-17,,,,,P1080,legacy_original,True,P1080,PeakNomad Waterproof Trail Shoes 279,footwear,trail shoes,TrailForge,,,,,PeakNomad Waterproof Trail Shoes 279,footwear,trail shoes,TrailForge
20260717-0030,2026-07-17,S006,P1075,1,165.22,0,in_store,Y,,legacy,data/raw/orders/2026-07-17/orders.csv,2026-07-17,,,,,P1075,legacy_original,True,P1075,BoulderRambler 2P Camp Chair 274,camping,camp chair,Creekline,,,,,BoulderRambler 2P Camp Chair 274,camping,camp chair,Creekline
20260717-0031,2026-07-17,S001,P1041,2,54.6,0,in_store,Y,,legacy,data/raw/orders/2026-07-17/orders.csv,2026-07-17,,,,,P1041,legacy_original,True,P1041,PineRunner Mini Battery Pack 240,emergency,battery pack,Rocky Top Outfitters,,,,,PineRunner Mini Battery Pack 240,emergency,battery pack,Rocky Top Outfitters
20260717-0032,2026-07-17,S004,P1059,1,105.5,0,in_store,Y,,legacy,data/raw/orders/2026-07-17/orders.csv,2026-07-17,,,,,P1059,legacy_original,True,P1059,BoulderRambler Rechargeable Flashlight 258,emergency,flashlight,Creekline,,,,,BoulderRambler Rechargeable Flashlight 258,emergency,flashlight,Creekline
20260717-0033,2026-07-17,S001,P1015,1,172.68,10,ship_from_store,Y,,legacy,data/raw/orders/2026-07-17/orders.csv,2026-07-17,,,,,P1015,legacy_original,True,P1015,MoonRambler Ultralight Camp Chair 214,camping,camp chair,Switchback Supply,,,,,MoonRambler Ultralight Camp Chair 214,camping,camp chair,Switchback Supply
20260717-0034,2026-07-17,S004,P1031,2,138.82,20,in_store,Y,,legacy,data/raw/orders/2026-07-17/orders.csv,2026-07-17,,,,,P1031,legacy_original,True,P1031,MoonRambler Stormproof Jacket 230,outerwear,rain shell,Switchback Supply,,,,,MoonRambler Stormproof Jacket 230,outerwear,rain shell,Switchback Supply
20260717-0035,2026-07-17,S006,P1042,3,92.2,20,in_store,Y,,legacy,data/raw/orders/2026-07-17/orders.csv,2026-07-17,,,,,P1042,legacy_original,True,P1042,VistaRover Trail Tumbler 241,hydration,insulated tumbler,Highland Ember,,,,,VistaRover Trail Tumbler 241,hydration,insulated tumbler,Highland Ember
20260717-0036,2026-07-17,S003,P1040,2,97.93,10,ship_from_store,N,,legacy,data/raw/orders/2026-07-17/orders.csv,2026-07-17,,,,,P1040,legacy_original,True,P1040,CanyonNomad XL Cooler 239,patio,cooler,TrailForge,,,,,CanyonNomad XL Cooler 239,patio,cooler,TrailForge
20260717-0037,2026-07-17,S006,P1018,1,145.69,5,in_store,Y,,legacy,data/raw/orders/2026-07-17/orders.csv,2026-07-17,,,,,P1018,legacy_original,True,P1018,RidgeRover Trail Tumbler 217,hydration,insulated tumbler,Highland Ember,,,,,RidgeRover Trail Tumbler 217,hydration,insulated tumbler,Highland Ember
20260717-0038,2026-07-17,S005,P1063,1,63.94,20,ship_from_store,Y,,legacy,data/raw/orders/2026-07-17/orders.csv,2026-07-17,,,,,P1063,legacy_original,True,P1063,MoonRambler Ultralight Camp Chair 262,camping,camp chair,Switchback Supply,,,,,MoonRambler Ultralight Camp Chair 262,camping,camp chair,Switchback Supply
20260717-0039,2026-07-17,S006,P1069,4,230.72,10,in_store,N,,legacy,data/raw/orders/2026-07-17/orders.csv,2026-07-17,,,,,P1069,legacy_original,True,P1069,EmberRunner Basecamp Tent 268,camping,tent,Blue Ridge Works,,,,,EmberRunner Basecamp Tent 268,camping,tent,Blue Ridge Works
20260717-0040,2026-07-17,S006,P1056,1,122.41,15,in_store,Y,,legacy,data/raw/orders/2026-07-17/orders.csv,2026-07-17,,,,,P1056,legacy_original,True,P1056,CanyonNomad Waterproof Trail Shoes 255,footwear,trail shoes,TrailForge,,,,,CanyonNomad Waterproof Trail Shoes 255,footwear,trail shoes,TrailForge
20260717-0041,2026-07-17,S002,P1057,1,348.64,15,in_store,N,,legacy,data/raw/orders/2026-07-17/orders.csv,2026-07-17,,,,,P1057,legacy_original,True,P1057,PineRunner 4P Tent 256,camping,tent,Rocky Top Outfitters,,,,,PineRunner 4P Tent 256,camping,tent,Rocky Top Outfitters
20260717-0042,2026-07-17,S001,P1008,1,175.5,0,ship_from_store,Y,,legacy,data/raw/orders/2026-07-17/orders.csv,2026-07-17,,,,,P1008,legacy_original,True,P1008,CanyonNomad Waterproof Trail Shoes 207,footwear,trail shoes,TrailForge,,,,,CanyonNomad Waterproof Trail Shoes 207,footwear,trail shoes,TrailForge
20260717-0043,2026-07-17,S002,P1035,1,147.73,0,in_store,N,,legacy,data/raw/orders/2026-07-17/orders.csv,2026-07-17,,,,,P1035,legacy_original,True,P1035,CreekRambler Rechargeable Flashlight 234,emergency,flashlight,Creekline,,,,,CreekRambler Rechargeable Flashlight 234,emergency,flashlight,Creekline
20260717-0044,2026-07-17,S003,P1032,1,194.08,0,in_store,N,,legacy,data/raw/orders/2026-07-17/orders.csv,2026-07-17,,,,,P1032,legacy_original,True,P1032,PeakNomad Waterproof Trail Shoes 231,footwear,trail shoes,TrailForge,,,,,PeakNomad Waterproof Trail Shoes 231,footwear,trail shoes,TrailForge
20260717-0045,2026-07-17,S006,P1070,2,202.52,0,ship_from_store,Y,,legacy,data/raw/orders/2026-07-17/orders.csv,2026-07-17,,,,,P1070,legacy_original,True,P1070,TrailRover Weekend Patio Heater 269,patio,patio heater,Summit Finch,,,,,TrailRover Weekend Patio Heater 269,patio,patio heater,Summit Finch
20260717-0046,2026-07-17,S007,P1054,1,70.68,0,pickup,Y,,legacy,data/raw/orders/2026-07-17/orders.csv,2026-07-17,,,,,P1054,legacy_original,True,P1054,TrailRover 20oz Tumbler 253,hydration,insulated tumbler,Summit Finch,,,,,TrailRover 20oz Tumbler 253,hydration,insulated tumbler,Summit Finch
20260717-0047,2026-07-17,S003,P1043,4,241.0,0,in_store,N,,legacy,data/raw/orders/2026-07-17/orders.csv,2026-07-17,,,,,P1043,legacy_original,True,P1043,BoulderRambler Alpine Jacket 242,outerwear,rain shell,Creekline,,,,,BoulderRambler Alpine Jacket 242,outerwear,rain shell,Creekline
20260717-0048,2026-07-17,S002,P1009,2,92.21,20,in_store,N,,legacy,data/raw/orders/2026-07-17/orders.csv,2026-07-17,,,,,P1009,legacy_original,True,P1009,PineRunner 4P Tent 208,camping,tent,Rocky Top Outfitters,,,,,PineRunner 4P Tent 208,camping,tent,Rocky Top Outfitters
20260717-0049,2026-07-17,S002,P1069,2,230.72,10,in_store,Y,,legacy,data/raw/orders/2026-07-17/orders.csv,2026-07-17,,,,,P1069,legacy_original,True,P1069,EmberRunner Basecamp Tent 268,camping,tent,Blue Ridge Works,,,,,EmberRunner Basecamp Tent 268,camping,tent,Blue Ridge Works
20260717-0050,2026-07-17,S006,P1016,1,602.39,5,pickup,Y,,legacy,data/raw/orders/2026-07-17/orders.csv,2026-07-17,,,,,P1016,legacy_original,True,P1016,PeakNomad XL Cooler 215,patio,cooler,TrailForge,,,,,PeakNomad XL Cooler 215,patio,cooler,TrailForge
20260717-0051,2026-07-17,S005,P1052,1,311.13,20,in_store,Y,,legacy,data/raw/orders/2026-07-17/orders.csv,2026-07-17,,,,,P1052,legacy_original,True,P1052,StormNomad Compact Cooler 251,patio,cooler,Moss & Mile,,,,,StormNomad Compact Cooler 251,patio,cooler,Moss & Mile
20260717-0052,2026-07-17,S008,P1062,3,136.55,20,pickup,Y,,legacy,data/raw/orders/2026-07-17/orders.csv,2026-07-17,,,,,P1062,legacy_original,True,P1062,SwitchbackRover Wide Trail Shoes 261,footwear,trail shoes,Summit Finch,,,,,SwitchbackRover Wide Trail Shoes 261,footwear,trail shoes,Summit Finch
20260717-0053,2026-07-17,S006,P1048,3,66.77,5,in_store,Y,,legacy,data/raw/orders/2026-07-17/orders.csv,2026-07-17,,,,,P1048,legacy_original,True,P1048,PeakNomad Travel Tumbler 247,hydration,insulated tumbler,TrailForge,,,,,PeakNomad Travel Tumbler 247,hydration,insulated tumbler,TrailForge
20260717-0054,2026-07-17,S004,P1019,4,143.19,20,pickup,Y,,legacy,data/raw/orders/2026-07-17/orders.csv,2026-07-17,,,,,P1019,legacy_original,True,P1019,CreekRambler Alpine Jacket 218,outerwear,rain shell,Creekline,,,,,CreekRambler Alpine Jacket 218,outerwear,rain shell,Creekline
20260717-0055,2026-07-17,S002,P1015,1,191.87,0,ship_from_store,Y,,legacy,data/raw/orders/2026-07-17/orders.csv,2026-07-17,,,,,P1015,legacy_original,True,P1015,MoonRambler Ultralight Camp Chair 214,camping,camp chair,Switchback Supply,,,,,MoonRambler Ultralight Camp Chair 214,camping,camp chair,Switchback Supply
20260717-0056,2026-07-17,S007,P1001,1,117.74,10,in_store,Y,,legacy,data/raw/orders/2026-07-17/orders.csv,2026-07-17,,,,,P1001,legacy_original,True,P1001,SummitRunner Lightweight Jacket 200,outerwear,rain shell,Rocky Top Outfitters,,,,,SummitRunner Lightweight Jacket 200,outerwear,rain shell,Rocky Top Outfitters
20260717-0057,2026-07-17,S007,P1048,1,59.74,15,in_store,Y,,legacy,data/raw/orders/2026-07-17/orders.csv,2026-07-17,,,,,P1048,legacy_original,True,P1048,PeakNomad Travel Tumbler 247,hydration,insulated tumbler,TrailForge,,,,,PeakNomad Travel Tumbler 247,hydration,insulated tumbler,TrailForge
20260717-0058,2026-07-17,S003,P1069,2,243.54,5,ship_from_store,Y,,legacy,data/raw/orders/2026-07-17/orders.csv,2026-07-17,,,,,P1069,legacy_original,True,P1069,EmberRunner Basecamp Tent 268,camping,tent,Blue Ridge Works,,,,,EmberRunner Basecamp Tent 268,camping,tent,Blue Ridge Works
20260717-0059,2026-07-17,S001,P1067,1,266.98,0,in_store,Y,,legacy,data/raw/orders/2026-07-17/orders.csv,2026-07-17,,,,,P1067,legacy_original,True,P1067,CreekRambler Alpine Jacket 266,outerwear,rain shell,Creekline,,,,,CreekRambler Alpine Jacket 266,outerwear,rain shell,Creekline
20260717-0060,2026-07-17,S001,P1015,2,153.5,20,in_store,Y,,legacy,data/raw/orders/2026-07-17/orders.csv,2026-07-17,,,,,P1015,legacy_original,True,P1015,MoonRambler Ultralight Camp Chair 214,camping,camp chair,Switchback Supply,,,,,MoonRambler Ultralight Camp Chair 214,camping,camp chair,Switchback Supply
20260717-0061,2026-07-17,S008,P1041,2,49.14,10,ship_from_store,Y,,legacy,data/raw/orders/2026-07-17/orders.csv,2026-07-17,,,,,P1041,legacy_original,True,P1041,PineRunner Mini Battery Pack 240,emergency,battery pack,Rocky Top Outfitters,,,,,PineRunner Mini Battery Pack 240,emergency,battery pack,Rocky Top Outfitters
20260717-0062,2026-07-17,S004,P1068,2,76.87,5,in_store,N,,legacy,data/raw/orders/2026-07-17/orders.csv,2026-07-17,,,,,P1068,legacy_original,True,P1068,StormNomad Approach Trail Shoes 267,footwear,trail shoes,Moss & Mile,,,,,StormNomad Approach Trail Shoes 267,footwear,trail shoes,Moss & Mile
20260717-0063,2026-07-17,S004,P1074,2,191.7,0,pickup,Y,,legacy,data/raw/orders/2026-07-17/orders.csv,2026-07-17,,,,,P1074,legacy_original,True,P1074,VistaRover Mid Trail Shoes 273,footwear,trail shoes,Highland Ember,,,,,VistaRover Mid Trail Shoes 273,footwear,trail shoes,Highland Ember
20260717-0064,2026-07-17,S003,P1001,1,111.2,15,in_store,Y,,legacy,data/raw/orders/2026-07-17/orders.csv,2026-07-17,,,,,P1001,legacy_original,True,P1001,SummitRunner Lightweight Jacket 200,outerwear,rain shell,Rocky Top Outfitters,,,,,SummitRunner Lightweight Jacket 200,outerwear,rain shell,Rocky Top Outfitters
20260717-0065,2026-07-17,S005,P1051,1,424.15,0,ship_from_store,N,,legacy,data/raw/orders/2026-07-17/orders.csv,2026-07-17,,,,,P1051,legacy_original,True,P1051,CreekRambler 2P Camp Chair 250,camping,camp chair,Creekline,,,,,CreekRambler 2P Camp Chair 250,camping,camp chair,Creekline
20260717-0066,2026-07-17,S006,P1030,1,126.26,0,in_store,N,,legacy,data/raw/orders/2026-07-17/orders.csv,2026-07-17,,,,,P1030,legacy_original,True,P1030,SwitchbackRover 20oz Tumbler 229,hydration,insulated tumbler,Summit Finch,,,,,SwitchbackRover 20oz Tumbler 229,hydration,insulated tumbler,Summit Finch
20260717-0067,2026-07-17,S008,P1053,1,108.53,0,ship_from_store,Y,,legacy,data/raw/orders/2026-07-17/orders.csv,2026-07-17,,,,,P1053,legacy_original,True,P1053,EmberRunner Storm Kit Battery Pack 252,emergency,battery pack,Blue Ridge Works,,,,,EmberRunner Storm Kit Battery Pack 252,emergency,battery pack,Blue Ridge Works
20260717-0068,2026-07-17,S005,P1062,4,170.69,0,in_store,Y,,legacy,data/raw/orders/2026-07-17/orders.csv,2026-07-17,,,,,P1062,legacy_original,True,P1062,SwitchbackRover Wide Trail Shoes 261,footwear,trail shoes,Summit Finch,,,,,SwitchbackRover Wide Trail Shoes 261,footwear,trail shoes,Summit Finch
20260717-0069,2026-07-17,S007,P1068,3,72.83,10,in_store,Y,,legacy,data/raw/orders/2026-07-17/orders.csv,2026-07-17,,,,,P1068,legacy_original,True,P1068,StormNomad Approach Trail Shoes 267,footwear,trail shoes,Moss & Mile,,,,,StormNomad Approach Trail Shoes 267,footwear,trail shoes,Moss & Mile
20260717-0070,2026-07-17,S001,P1060,1,154.39,0,in_store,Y,,legacy,data/raw/orders/2026-07-17/orders.csv,2026-07-17,,,,,P1060,legacy_original,True,P1060,CloudNomad 32oz Tumbler 259,hydration,insulated tumbler,Moss & Mile,,,,,CloudNomad 32oz Tumbler 259,hydration,insulated tumbler,Moss & Mile
20260717-0071,2026-07-17,S006,P1019,3,143.19,20,ship_from_store,N,,legacy,data/raw/orders/2026-07-17/orders.csv,2026-07-17,,,,,P1019,legacy_original,True,P1019,CreekRambler Alpine Jacket 218,outerwear,rain shell,Creekline,,,,,CreekRambler Alpine Jacket 218,outerwear,rain shell,Creekline
20260717-0072,2026-07-17,S003,P1049,2,222.01,0,in_store,Y,,legacy,data/raw/orders/2026-07-17/orders.csv,2026-07-17,,,,,P1049,legacy_original,True,P1049,SummitRunner Lightweight Jacket 248,outerwear,rain shell,Rocky Top Outfitters,,,,,SummitRunner Lightweight Jacket 248,outerwear,rain shell,Rocky Top Outfitters
20260717-0073,2026-07-17,S002,P1008,1,166.72,5,in_store,Y,,legacy,data/raw/orders/2026-07-17/orders.csv,2026-07-17,,,,,P1008,legacy_original,True,P1008,CanyonNomad Waterproof Trail Shoes 207,footwear,trail shoes,TrailForge,,,,,CanyonNomad Waterproof Trail Shoes 207,footwear,trail shoes,TrailForge
20260717-0074,2026-07-17,S004,P1064,1,491.56,20,in_store,Y,,legacy,data/raw/orders/2026-07-17/orders.csv,2026-07-17,,,,,P1064,legacy_original,True,P1064,PeakNomad XL Cooler 263,patio,cooler,TrailForge,,,,,PeakNomad XL Cooler 263,patio,cooler,TrailForge
20260717-0075,2026-07-17,S007,P1005,2,94.81,15,pickup,N,,legacy,data/raw/orders/2026-07-17/orders.csv,2026-07-17,,,,,P1005,legacy_original,True,P1005,EmberRunner Storm Kit Battery Pack 204,emergency,battery pack,Blue Ridge Works,,,,,EmberRunner Storm Kit Battery Pack 204,emergency,battery pack,Blue Ridge Works
20260717-0076,2026-07-17,S005,P1063,1,79.92,0,pickup,Y,,legacy,data/raw/orders/2026-07-17/orders.csv,2026-07-17,,,,,P1063,legacy_original,True,P1063,MoonRambler Ultralight Camp Chair 262,camping,camp chair,Switchback Supply,,,,,MoonRambler Ultralight Camp Chair 262,camping,camp chair,Switchback Supply
20260717-0077,2026-07-17,S001,P1070,2,192.39,5,in_store,N,,legacy,data/raw/orders/2026-07-17/orders.csv,2026-07-17,,,,,P1070,legacy_original,True,P1070,TrailRover Weekend Patio Heater 269,patio,patio heater,Summit Finch,,,,,TrailRover Weekend Patio Heater 269,patio,patio heater,Summit Finch
20260717-0078,2026-07-17,S001,P1080,4,143.0,0,in_store,Y,,legacy,data/raw/orders/2026-07-17/orders.csv,2026-07-17,,,,,P1080,legacy_original,True,P1080,PeakNomad Waterproof Trail Shoes 279,footwear,trail shoes,TrailForge,,,,,PeakNomad Waterproof Trail Shoes 279,footwear,trail shoes,TrailForge
20260717-0079,2026-07-17,S004,P1020,3,200.91,5,in_store,N,,legacy,data/raw/orders/2026-07-17/orders.csv,2026-07-17,,,,,P1020,legacy_original,True,P1020,StormNomad Approach Trail Shoes 219,footwear,trail shoes,Moss & Mile,,,,,StormNomad Approach Trail Shoes 219,footwear,trail shoes,Moss & Mile
20260717-0080,2026-07-17,S006,P1003,4,426.53,5,ship_from_store,Y,,legacy,data/raw/orders/2026-07-17/orders.csv,2026-07-17,,,,,P1003,legacy_original,True,P1003,CreekRambler 2P Camp Chair 202,camping,camp chair,Creekline,,,,,CreekRambler 2P Camp Chair 202,camping,camp chair,Creekline
20260717-0081,2026-07-17,S001,P1064,1,522.28,15,pickup,N,,legacy,data/raw/orders/2026-07-17/orders.csv,2026-07-17,,,,,P1064,legacy_original,True,P1064,PeakNomad XL Cooler 263,patio,cooler,TrailForge,,,,,PeakNomad XL Cooler 263,patio,cooler,TrailForge
20260717-0082,2026-07-17,S003,P1072,2,127.58,5,in_store,N,,legacy,data/raw/orders/2026-07-17/orders.csv,2026-07-17,,,,,P1072,legacy_original,True,P1072,CanyonNomad Travel Tumbler 271,hydration,insulated tumbler,TrailForge,,,,,CanyonNomad Travel Tumbler 271,hydration,insulated tumbler,TrailForge
20260717-0083,2026-07-17,S005,P1017,1,64.63,0,in_store,Y,,legacy,data/raw/orders/2026-07-17/orders.csv,2026-07-17,,,,,P1017,legacy_original,True,P1017,SummitRunner Mini Battery Pack 216,emergency,battery pack,Rocky Top Outfitters,,,,,SummitRunner Mini Battery Pack 216,emergency,battery pack,Rocky Top Outfitters
20260717-0084,2026-07-17,S002,P1022,2,369.27,5,ship_from_store,Y,,legacy,data/raw/orders/2026-07-17/orders.csv,2026-07-17,,,,,P1022,legacy_original,True,P1022,TrailRover Weekend Patio Heater 221,patio,patio heater,Summit Finch,,,,,TrailRover Weekend Patio Heater 221,patio,patio heater,Summit Finch
20260717-0085,2026-07-17,S005,P1003,1,359.18,20,ship_from_store,Y,,legacy,data/raw/orders/2026-07-17/orders.csv,2026-07-17,,,,,P1003,legacy_original,True,P1003,CreekRambler 2P Camp Chair 202,camping,camp chair,Creekline,,,,,CreekRambler 2P Camp Chair 202,camping,camp chair,Creekline
20260717-0086,2026-07-17,S006,P1006,2,50.32,10,ship_from_store,Y,,legacy,data/raw/orders/2026-07-17/orders.csv,2026-07-17,,,,,P1006,legacy_original,True,P1006,TrailRover 20oz Tumbler 205,hydration,insulated tumbler,Summit Finch,,,,,TrailRover 20oz Tumbler 205,hydration,insulated tumbler,Summit Finch
20260717-0087,2026-07-17,S005,P1042,1,115.25,0,pickup,Y,,legacy,data/raw/orders/2026-07-17/orders.csv,2026-07-17,,,,,P1042,legacy_original,True,P1042,VistaRover Trail Tumbler 241,hydration,insulated tumbler,Highland Ember,,,,,VistaRover Trail Tumbler 241,hydration,insulated tumbler,Highland Ember
20260717-0088,2026-07-17,S002,P1026,1,130.4,0,in_store,Y,,legacy,data/raw/orders/2026-07-17/orders.csv,2026-07-17,,,,,P1026,legacy_original,True,P1026,VistaRover Mid Trail Shoes 225,footwear,trail shoes,Highland Ember,,,,,VistaRover Mid Trail Shoes 225,footwear,trail shoes,Highland Ember
20260717-0089,2026-07-17,S002,P1066,1,94.39,10,in_store,Y,,legacy,data/raw/orders/2026-07-17/orders.csv,2026-07-17,,,,,P1066,legacy_original,True,P1066,RidgeRover Trail Tumbler 265,hydration,insulated tumbler,Highland Ember,,,,,RidgeRover Trail Tumbler 265,hydration,insulated tumbler,Highland Ember
20260717-0090,2026-07-17,S007,P1023,2,120.22,15,in_store,N,,legacy,data/raw/orders/2026-07-17/orders.csv,2026-07-17,,,,,P1023,legacy_original,True,P1023,HearthRambler Expedition Flashlight 222,emergency,flashlight,Switchback Supply,,,,,HearthRambler Expedition Flashlight 222,emergency,flashlight,Switchback Supply
20260717-0091,2026-07-17,S001,P1068,2,80.92,0,pickup,Y,,legacy,data/raw/orders/2026-07-17/orders.csv,2026-07-17,,,,,P1068,legacy_original,True,P1068,StormNomad Approach Trail Shoes 267,footwear,trail shoes,Moss & Mile,,,,,StormNomad Approach Trail Shoes 267,footwear,trail shoes,Moss & Mile
20260717-0092,2026-07-17,S004,P1048,1,59.74,15,in_store,N,,legacy,data/raw/orders/2026-07-17/orders.csv,2026-07-17,,,,,P1048,legacy_original,True,P1048,PeakNomad Travel Tumbler 247,hydration,insulated tumbler,TrailForge,,,,,PeakNomad Travel Tumbler 247,hydration,insulated tumbler,TrailForge
20260717-0093,2026-07-17,S004,P1001,2,104.66,20,ship_from_store,Y,,legacy,data/raw/orders/2026-07-17/orders.csv,2026-07-17,,,,,P1001,legacy_original,True,P1001,SummitRunner Lightweight Jacket 200,outerwear,rain shell,Rocky Top Outfitters,,,,,SummitRunner Lightweight Jacket 200,outerwear,rain shell,Rocky Top Outfitters
20260717-0094,2026-07-17,S006,P1026,4,104.32,20,in_store,Y,,legacy,data/raw/orders/2026-07-17/orders.csv,2026-07-17,,,,,P1026,legacy_original,True,P1026,VistaRover Mid Trail Shoes 225,footwear,trail shoes,Highland Ember,,,,,VistaRover Mid Trail Shoes 225,footwear,trail shoes,Highland Ember
20260717-0095,2026-07-17,S004,P1048,2,66.77,5,pickup,N,,legacy,data/raw/orders/2026-07-17/orders.csv,2026-07-17,,,,,P1048,legacy_original,True,P1048,PeakNomad Travel Tumbler 247,hydration,insulated tumbler,TrailForge,,,,,PeakNomad Travel Tumbler 247,hydration,insulated tumbler,TrailForge
20260717-0096,2026-07-17,S003,P1049,3,188.71,15,in_store,Y,,legacy,data/raw/orders/2026-07-17/orders.csv,2026-07-17,,,,,P1049,legacy_original,True,P1049,SummitRunner Lightweight Jacket 248,outerwear,rain shell,Rocky Top Outfitters,,,,,SummitRunner Lightweight Jacket 248,outerwear,rain shell,Rocky Top Outfitters
20260717-0097,2026-07-17,S005,P1031,3,173.53,0,in_store,Y,,legacy,data/raw/orders/2026-07-17/orders.csv,2026-07-17,,,,,P1031,legacy_original,True,P1031,MoonRambler Stormproof Jacket 230,outerwear,rain shell,Switchback Supply,,,,,MoonRambler Stormproof Jacket 230,outerwear,rain shell,Switchback Supply
20260717-0098,2026-07-17,S006,P1069,4,256.36,0,in_store,Y,,legacy,data/raw/orders/2026-07-17/orders.csv,2026-07-17,,,,,P1069,legacy_original,True,P1069,EmberRunner Basecamp Tent 268,camping,tent,Blue Ridge Works,,,,,EmberRunner Basecamp Tent 268,camping,tent,Blue Ridge Works
20260717-0099,2026-07-17,S001,P1052,1,388.91,0,pickup,Y,,legacy,data/raw/orders/2026-07-17/orders.csv,2026-07-17,,,,,P1052,legacy_original,True,P1052,StormNomad Compact Cooler 251,patio,cooler,Moss & Mile,,,,,StormNomad Compact Cooler 251,patio,cooler,Moss & Mile
20260717-0100,2026-07-17,S003,P1050,2,75.31,0,in_store,Y,,legacy,data/raw/orders/2026-07-17/orders.csv,2026-07-17,,,,,P1050,legacy_original,True,P1050,RidgeRover Mid Trail Shoes 249,footwear,trail shoes,Highland Ember,,,,,RidgeRover Mid Trail Shoes 249,footwear,trail shoes,Highland Ember
20260717-0101,2026-07-17,S005,P1048,2,70.28,0,in_store,Y,,legacy,data/raw/orders/2026-07-17/orders.csv,2026-07-17,,,,,P1048,legacy_original,True,P1048,PeakNomad Travel Tumbler 247,hydration,insulated tumbler,TrailForge,,,,,PeakNomad Travel Tumbler 247,hydration,insulated tumbler,TrailForge
20260717-0102,2026-07-17,S005,P1018,1,138.02,10,in_store,N,,legacy,data/raw/orders/2026-07-17/orders.csv,2026-07-17,,,,,P1018,legacy_original,True,P1018,RidgeRover Trail Tumbler 217,hydration,insulated tumbler,Highland Ember,,,,,RidgeRover Trail Tumbler 217,hydration,insulated tumbler,Highland Ember
20260717-0103,2026-07-17,S002,P1012,4,123.66,0,in_store,N,,legacy,data/raw/orders/2026-07-17/orders.csv,2026-07-17,,,,,P1012,legacy_original,True,P1012,CloudNomad 32oz Tumbler 211,hydration,insulated tumbler,Moss & Mile,,,,,CloudNomad 32oz Tumbler 211,hydration,insulated tumbler,Moss & Mile
20260717-0104,2026-07-17,S005,P1063,2,79.92,0,in_store,Y,,legacy,data/raw/orders/2026-07-17/orders.csv,2026-07-17,,,,,P1063,legacy_original,True,P1063,MoonRambler Ultralight Camp Chair 262,camping,camp chair,Switchback Supply,,,,,MoonRambler Ultralight Camp Chair 262,camping,camp chair,Switchback Supply
20260717-0105,2026-07-17,S005,P1035,4,125.57,15,in_store,Y,,legacy,data/raw/orders/2026-07-17/orders.csv,2026-07-17,,,,,P1035,legacy_original,True,P1035,CreekRambler Rechargeable Flashlight 234,emergency,flashlight,Creekline,,,,,CreekRambler Rechargeable Flashlight 234,emergency,flashlight,Creekline
20260718-0001,2026-07-18,S002,P1033,1,170.51,10,pickup,Y,,legacy,data/raw/orders/2026-07-18/orders.csv,2026-07-18,,,,,P1033,legacy_original,True,P1033,SummitRunner 4P Tent 232,camping,tent,Rocky Top Outfitters,,,,,SummitRunner 4P Tent 232,camping,tent,Rocky Top Outfitters
20260718-0002,2026-07-18,S002,P1069,1,256.36,0,pickup,Y,,legacy,data/raw/orders/2026-07-18/orders.csv,2026-07-18,,,,,P1069,legacy_original,True,P1069,EmberRunner Basecamp Tent 268,camping,tent,Blue Ridge Works,,,,,EmberRunner Basecamp Tent 268,camping,tent,Blue Ridge Works
20260718-0003,2026-07-18,S007,P1016,1,602.39,5,in_store,Y,,legacy,data/raw/orders/2026-07-18/orders.csv,2026-07-18,,,,,P1016,legacy_original,True,P1016,PeakNomad XL Cooler 215,patio,cooler,TrailForge,,,,,PeakNomad XL Cooler 215,patio,cooler,TrailForge
20260718-0004,2026-07-18,S004,P1037,3,91.75,0,in_store,N,,legacy,data/raw/orders/2026-07-18/orders.csv,2026-07-18,,,,,P1037,legacy_original,True,P1037,EmberRunner Packable Jacket 236,outerwear,rain shell,Blue Ridge Works,,,,,EmberRunner Packable Jacket 236,outerwear,rain shell,Blue Ridge Works
20260718-0005,2026-07-18,S001,P1060,1,154.39,0,in_store,Y,,legacy,data/raw/orders/2026-07-18/orders.csv,2026-07-18,,,,,P1060,legacy_original,True,P1060,CloudNomad 32oz Tumbler 259,hydration,insulated tumbler,Moss & Mile,,,,,CloudNomad 32oz Tumbler 259,hydration,insulated tumbler,Moss & Mile
20260718-0006,2026-07-18,S002,P1057,3,410.17,0,in_store,Y,,legacy,data/raw/orders/2026-07-18/orders.csv,2026-07-18,,,,,P1057,legacy_original,True,P1057,PineRunner 4P Tent 256,camping,tent,Rocky Top Outfitters,,,,,PineRunner 4P Tent 256,camping,tent,Rocky Top Outfitters
20260718-0007,2026-07-18,S003,P1071,4,121.81,15,pickup,Y,,legacy,data/raw/orders/2026-07-18/orders.csv,2026-07-18,,,,,P1071,legacy_original,True,P1071,HearthRambler Expedition Flashlight 270,emergency,flashlight,Switchback Supply,,,,,HearthRambler Expedition Flashlight 270,emergency,flashlight,Switchback Supply
20260718-0008,2026-07-18,S006,P1045,1,296.15,15,in_store,N,,legacy,data/raw/orders/2026-07-18/orders.csv,2026-07-18,,,,,P1045,legacy_original,True,P1045,FieldRunner Basecamp Tent 244,camping,tent,Blue Ridge Works,,,,,FieldRunner Basecamp Tent 244,camping,tent,Blue Ridge Works
20260718-0009,2026-07-18,S004,P1027,2,92.03,0,in_store,Y,,legacy,data/raw/orders/2026-07-18/orders.csv,2026-07-18,,,,,P1027,legacy_original,True,P1027,BoulderRambler 2P Camp Chair 226,camping,camp chair,Creekline,,,,,BoulderRambler 2P Camp Chair 226,camping,camp chair,Creekline
20260718-0010,2026-07-18,S004,P1026,1,110.84,15,in_store,N,,legacy,data/raw/orders/2026-07-18/orders.csv,2026-07-18,,,,,P1026,legacy_original,True,P1026,VistaRover Mid Trail Shoes 225,footwear,trail shoes,Highland Ember,,,,,VistaRover Mid Trail Shoes 225,footwear,trail shoes,Highland Ember
20260718-0011,2026-07-18,S004,P1052,4,388.91,0,in_store,Y,,legacy,data/raw/orders/2026-07-18/orders.csv,2026-07-18,,,,,P1052,legacy_original,True,P1052,StormNomad Compact Cooler 251,patio,cooler,Moss & Mile,,,,,StormNomad Compact Cooler 251,patio,cooler,Moss & Mile
20260718-0012,2026-07-18,S006,P1071,2,136.13,5,in_store,N,,legacy,data/raw/orders/2026-07-18/orders.csv,2026-07-18,,,,,P1071,legacy_original,True,P1071,HearthRambler Expedition Flashlight 270,emergency,flashlight,Switchback Supply,,,,,HearthRambler Expedition Flashlight 270,emergency,flashlight,Switchback Supply
20260718-0013,2026-07-18,S008,P1057,4,410.17,0,in_store,Y,,legacy,data/raw/orders/2026-07-18/orders.csv,2026-07-18,,,,,P1057,legacy_original,True,P1057,PineRunner 4P Tent 256,camping,tent,Rocky Top Outfitters,,,,,PineRunner 4P Tent 256,camping,tent,Rocky Top Outfitters
20260718-0014,2026-07-18,S006,P1043,4,204.85,15,in_store,Y,,legacy,data/raw/orders/2026-07-18/orders.csv,2026-07-18,,,,,P1043,legacy_original,True,P1043,BoulderRambler Alpine Jacket 242,outerwear,rain shell,Creekline,,,,,BoulderRambler Alpine Jacket 242,outerwear,rain shell,Creekline
20260718-0015,2026-07-18,S001,P1019,1,143.19,20,in_store,Y,,legacy,data/raw/orders/2026-07-18/orders.csv,2026-07-18,,,,,P1019,legacy_original,True,P1019,CreekRambler Alpine Jacket 218,outerwear,rain shell,Creekline,,,,,CreekRambler Alpine Jacket 218,outerwear,rain shell,Creekline
20260718-0016,2026-07-18,S006,P1051,1,339.32,20,pickup,N,,legacy,data/raw/orders/2026-07-18/orders.csv,2026-07-18,,,,,P1051,legacy_original,True,P1051,CreekRambler 2P Camp Chair 250,camping,camp chair,Creekline,,,,,CreekRambler 2P Camp Chair 250,camping,camp chair,Creekline
20260718-0017,2026-07-18,S005,P1003,1,381.63,15,ship_from_store,Y,,legacy,data/raw/orders/2026-07-18/orders.csv,2026-07-18,,,,,P1003,legacy_original,True,P1003,CreekRambler 2P Camp Chair 202,camping,camp chair,Creekline,,,,,CreekRambler 2P Camp Chair 202,camping,camp chair,Creekline
20260718-0018,2026-07-18,S005,P1036,2,157.72,0,in_store,Y,,legacy,data/raw/orders/2026-07-18/orders.csv,2026-07-18,,,,,P1036,legacy_original,True,P1036,StormNomad 32oz Tumbler 235,hydration,insulated tumbler,Moss & Mile,,,,,StormNomad 32oz Tumbler 235,hydration,insulated tumbler,Moss & Mile
20260718-0019,2026-07-18,S002,P1006,1,55.91,0,in_store,N,,legacy,data/raw/orders/2026-07-18/orders.csv,2026-07-18,,,,,P1006,legacy_original,True,P1006,TrailRover 20oz Tumbler 205,hydration,insulated tumbler,Summit Finch,,,,,TrailRover 20oz Tumbler 205,hydration,insulated tumbler,Summit Finch
20260718-0020,2026-07-18,S001,P1056,2,144.01,0,in_store,Y,,legacy,data/raw/orders/2026-07-18/orders.csv,2026-07-18,,,,,P1056,legacy_original,True,P1056,CanyonNomad Waterproof Trail Shoes 255,footwear,trail shoes,TrailForge,,,,,CanyonNomad Waterproof Trail Shoes 255,footwear,trail shoes,TrailForge
20260718-0021,2026-07-18,S005,P1022,2,330.4,15,in_store,N,,legacy,data/raw/orders/2026-07-18/orders.csv,2026-07-18,,,,,P1022,legacy_original,True,P1022,TrailRover Weekend Patio Heater 221,patio,patio heater,Summit Finch,,,,,TrailRover Weekend Patio Heater 221,patio,patio heater,Summit Finch
20260718-0022,2026-07-18,S002,P1072,1,134.29,0,pickup,Y,,legacy,data/raw/orders/2026-07-18/orders.csv,2026-07-18,,,,,P1072,legacy_original,True,P1072,CanyonNomad Travel Tumbler 271,hydration,insulated tumbler,TrailForge,,,,,CanyonNomad Travel Tumbler 271,hydration,insulated tumbler,TrailForge
20260718-0023,2026-07-18,S005,P1056,1,129.61,10,in_store,N,,legacy,data/raw/orders/2026-07-18/orders.csv,2026-07-18,,,,,P1056,legacy_original,True,P1056,CanyonNomad Waterproof Trail Shoes 255,footwear,trail shoes,TrailForge,,,,,CanyonNomad Waterproof Trail Shoes 255,footwear,trail shoes,TrailForge
20260718-0024,2026-07-18,S006,P1046,2,186.74,20,in_store,Y,,legacy,data/raw/orders/2026-07-18/orders.csv,2026-07-18,,,,,P1046,legacy_original,True,P1046,SwitchbackRover Weekend Patio Heater 245,patio,patio heater,Summit Finch,,,,,SwitchbackRover Weekend Patio Heater 245,patio,patio heater,Summit Finch
20260718-0025,2026-07-18,S006,P1021,1,73.74,0,pickup,Y,,legacy,data/raw/orders/2026-07-18/orders.csv,2026-07-18,,,,,P1021,legacy_original,True,P1021,EmberRunner Basecamp Tent 220,camping,tent,Blue Ridge Works,,,,,EmberRunner Basecamp Tent 220,camping,tent,Blue Ridge Works
20260718-0026,2026-07-18,S004,P1035,2,140.34,5,ship_from_store,Y,,legacy,data/raw/orders/2026-07-18/orders.csv,2026-07-18,,,,,P1035,legacy_original,True,P1035,CreekRambler Rechargeable Flashlight 234,emergency,flashlight,Creekline,,,,,CreekRambler Rechargeable Flashlight 234,emergency,flashlight,Creekline
20260718-0027,2026-07-18,S004,P1003,4,381.63,15,pickup,N,,legacy,data/raw/orders/2026-07-18/orders.csv,2026-07-18,,,,,P1003,legacy_original,True,P1003,CreekRambler 2P Camp Chair 202,camping,camp chair,Creekline,,,,,CreekRambler 2P Camp Chair 202,camping,camp chair,Creekline
20260718-0028,2026-07-18,S004,P1003,2,448.98,0,in_store,Y,,legacy,data/raw/orders/2026-07-18/orders.csv,2026-07-18,,,,,P1003,legacy_original,True,P1003,CreekRambler 2P Camp Chair 202,camping,camp chair,Creekline,,,,,CreekRambler 2P Camp Chair 202,camping,camp chair,Creekline
20260718-0029,2026-07-18,S008,P1048,3,70.28,0,in_store,N,,legacy,data/raw/orders/2026-07-18/orders.csv,2026-07-18,,,,,P1048,legacy_original,True,P1048,PeakNomad Travel Tumbler 247,hydration,insulated tumbler,TrailForge,,,,,PeakNomad Travel Tumbler 247,hydration,insulated tumbler,TrailForge
20260718-0030,2026-07-18,S007,P1075,2,148.7,10,ship_from_store,Y,,legacy,data/raw/orders/2026-07-18/orders.csv,2026-07-18,,,,,P1075,legacy_original,True,P1075,BoulderRambler 2P Camp Chair 274,camping,camp chair,Creekline,,,,,BoulderRambler 2P Camp Chair 274,camping,camp chair,Creekline
20260718-0031,2026-07-18,S008,P1031,1,138.82,20,in_store,N,,legacy,data/raw/orders/2026-07-18/orders.csv,2026-07-18,,,,,P1031,legacy_original,True,P1031,MoonRambler Stormproof Jacket 230,outerwear,rain shell,Switchback Supply,,,,,MoonRambler Stormproof Jacket 230,outerwear,rain shell,Switchback Supply
20260718-0032,2026-07-18,S004,P1073,1,119.05,5,in_store,Y,,legacy,data/raw/orders/2026-07-18/orders.csv,2026-07-18,,,,,P1073,legacy_original,True,P1073,PineRunner Lightweight Jacket 272,outerwear,rain shell,Rocky Top Outfitters,,,,,PineRunner Lightweight Jacket 272,outerwear,rain shell,Rocky Top Outfitters
20260718-0033,2026-07-18,S005,P1009,3,97.97,15,in_store,Y,,legacy,data/raw/orders/2026-07-18/orders.csv,2026-07-18,,,,,P1009,legacy_original,True,P1009,PineRunner 4P Tent 208,camping,tent,Rocky Top Outfitters,,,,,PineRunner 4P Tent 208,camping,tent,Rocky Top Outfitters
20260718-0034,2026-07-18,S007,P1026,4,123.88,5,pickup,Y,,legacy,data/raw/orders/2026-07-18/orders.csv,2026-07-18,,,,,P1026,legacy_original,True,P1026,VistaRover Mid Trail Shoes 225,footwear,trail shoes,Highland Ember,,,,,VistaRover Mid Trail Shoes 225,footwear,trail shoes,Highland Ember
20260718-0035,2026-07-18,S005,P1036,3,126.18,20,pickup,Y,,legacy,data/raw/orders/2026-07-18/orders.csv,2026-07-18,,,,,P1036,legacy_original,True,P1036,StormNomad 32oz Tumbler 235,hydration,insulated tumbler,Moss & Mile,,,,,StormNomad 32oz Tumbler 235,hydration,insulated tumbler,Moss & Mile
20260718-0036,2026-07-18,S005,P1070,2,182.27,10,pickup,N,,legacy,data/raw/orders/2026-07-18/orders.csv,2026-07-18,,,,,P1070,legacy_original,True,P1070,TrailRover Weekend Patio Heater 269,patio,patio heater,Summit Finch,,,,,TrailRover Weekend Patio Heater 269,patio,patio heater,Summit Finch
20260718-0037,2026-07-18,S007,P1058,1,224.05,15,pickup,N,,legacy,data/raw/orders/2026-07-18/orders.csv,2026-07-18,,,,,P1058,legacy_original,True,P1058,VistaRover Deluxe Patio Heater 257,patio,patio heater,Highland Ember,,,,,VistaRover Deluxe Patio Heater 257,patio,patio heater,Highland Ember
20260718-0038,2026-07-18,S003,P1080,2,128.7,10,ship_from_store,Y,,legacy,data/raw/orders/2026-07-18/orders.csv,2026-07-18,,,,,P1080,legacy_original,True,P1080,PeakNomad Waterproof Trail Shoes 279,footwear,trail shoes,TrailForge,,,,,PeakNomad Waterproof Trail Shoes 279,footwear,trail shoes,TrailForge
20260718-0039,2026-07-18,S002,P1002,1,183.09,10,ship_from_store,Y,,legacy,data/raw/orders/2026-07-18/orders.csv,2026-07-18,,,,,P1002,legacy_original,True,P1002,RidgeRover Mid Trail Shoes 201,footwear,trail shoes,Highland Ember,,,,,RidgeRover Mid Trail Shoes 201,footwear,trail shoes,Highland Ember
20260718-0040,2026-07-18,S004,P1049,4,222.01,0,ship_from_store,N,,legacy,data/raw/orders/2026-07-18/orders.csv,2026-07-18,,,,,P1049,legacy_original,True,P1049,SummitRunner Lightweight Jacket 248,outerwear,rain shell,Rocky Top Outfitters,,,,,SummitRunner Lightweight Jacket 248,outerwear,rain shell,Rocky Top Outfitters
20260718-0041,2026-07-18,S002,P1014,1,204.67,0,in_store,N,,legacy,data/raw/orders/2026-07-18/orders.csv,2026-07-18,,,,,P1014,legacy_original,True,P1014,SwitchbackRover Wide Trail Shoes 213,footwear,trail shoes,Summit Finch,,,,,SwitchbackRover Wide Trail Shoes 213,footwear,trail shoes,Summit Finch
20260718-0042,2026-07-18,S001,P1067,1,253.63,5,in_store,Y,,legacy,data/raw/orders/2026-07-18/orders.csv,2026-07-18,,,,,P1067,legacy_original,True,P1067,CreekRambler Alpine Jacket 266,outerwear,rain shell,Creekline,,,,,CreekRambler Alpine Jacket 266,outerwear,rain shell,Creekline
20260718-0043,2026-07-18,S003,P1049,2,222.01,0,ship_from_store,N,,legacy,data/raw/orders/2026-07-18/orders.csv,2026-07-18,,,,,P1049,legacy_original,True,P1049,SummitRunner Lightweight Jacket 248,outerwear,rain shell,Rocky Top Outfitters,,,,,SummitRunner Lightweight Jacket 248,outerwear,rain shell,Rocky Top Outfitters
20260718-0044,2026-07-18,S003,P1059,1,100.22,5,in_store,Y,,legacy,data/raw/orders/2026-07-18/orders.csv,2026-07-18,,,,,P1059,legacy_original,True,P1059,BoulderRambler Rechargeable Flashlight 258,emergency,flashlight,Creekline,,,,,BoulderRambler Rechargeable Flashlight 258,emergency,flashlight,Creekline
20260718-0045,2026-07-18,S003,P1055,2,263.69,5,in_store,N,,legacy,data/raw/orders/2026-07-18/orders.csv,2026-07-18,,,,,P1055,legacy_original,True,P1055,HearthRambler Stormproof Jacket 254,outerwear,rain shell,Switchback Supply,,,,,HearthRambler Stormproof Jacket 254,outerwear,rain shell,Switchback Supply
20260718-0046,2026-07-18,S005,P1029,3,119.63,5,in_store,Y,,legacy,data/raw/orders/2026-07-18/orders.csv,2026-07-18,,,,,P1029,legacy_original,True,P1029,FieldRunner Storm Kit Battery Pack 228,emergency,battery pack,Blue Ridge Works,,,,,FieldRunner Storm Kit Battery Pack 228,emergency,battery pack,Blue Ridge Works
20260718-0047,2026-07-18,S006,P1024,2,90.59,0,pickup,Y,,legacy,data/raw/orders/2026-07-18/orders.csv,2026-07-18,,,,,P1024,legacy_original,True,P1024,CanyonNomad Travel Tumbler 223,hydration,insulated tumbler,TrailForge,,,,,CanyonNomad Travel Tumbler 223,hydration,insulated tumbler,TrailForge
20260718-0048,2026-07-18,S003,P1045,1,348.41,0,ship_from_store,N,,legacy,data/raw/orders/2026-07-18/orders.csv,2026-07-18,,,,,P1045,legacy_original,True,P1045,FieldRunner Basecamp Tent 244,camping,tent,Blue Ridge Works,,,,,FieldRunner Basecamp Tent 244,camping,tent,Blue Ridge Works
20260718-0049,2026-07-18,S006,P1035,1,147.73,0,pickup,Y,,legacy,data/raw/orders/2026-07-18/orders.csv,2026-07-18,,,,,P1035,legacy_original,True,P1035,CreekRambler Rechargeable Flashlight 234,emergency,flashlight,Creekline,,,,,CreekRambler Rechargeable Flashlight 234,emergency,flashlight,Creekline
20260718-0050,2026-07-18,S004,P1071,2,128.97,10,in_store,Y,,legacy,data/raw/orders/2026-07-18/orders.csv,2026-07-18,,,,,P1071,legacy_original,True,P1071,HearthRambler Expedition Flashlight 270,emergency,flashlight,Switchback Supply,,,,,HearthRambler Expedition Flashlight 270,emergency,flashlight,Switchback Supply
20260718-0051,2026-07-18,S007,P1065,4,112.86,0,in_store,Y,,legacy,data/raw/orders/2026-07-18/orders.csv,2026-07-18,,,,,P1065,legacy_original,True,P1065,SummitRunner Mini Battery Pack 264,emergency,battery pack,Rocky Top Outfitters,,,,,SummitRunner Mini Battery Pack 264,emergency,battery pack,Rocky Top Outfitters
20260718-0052,2026-07-18,S001,P1046,4,210.08,10,in_store,Y,,legacy,data/raw/orders/2026-07-18/orders.csv,2026-07-18,,,,,P1046,legacy_original,True,P1046,SwitchbackRover Weekend Patio Heater 245,patio,patio heater,Summit Finch,,,,,SwitchbackRover Weekend Patio Heater 245,patio,patio heater,Summit Finch
20260718-0053,2026-07-18,S002,P1069,2,230.72,10,in_store,N,,legacy,data/raw/orders/2026-07-18/orders.csv,2026-07-18,,,,,P1069,legacy_original,True,P1069,EmberRunner Basecamp Tent 268,camping,tent,Blue Ridge Works,,,,,EmberRunner Basecamp Tent 268,camping,tent,Blue Ridge Works
20260718-0054,2026-07-18,S008,P1014,1,204.67,0,pickup,N,,legacy,data/raw/orders/2026-07-18/orders.csv,2026-07-18,,,,,P1014,legacy_original,True,P1014,SwitchbackRover Wide Trail Shoes 213,footwear,trail shoes,Summit Finch,,,,,SwitchbackRover Wide Trail Shoes 213,footwear,trail shoes,Summit Finch
20260718-0055,2026-07-18,S004,P1064,2,583.73,5,in_store,Y,,legacy,data/raw/orders/2026-07-18/orders.csv,2026-07-18,,,,,P1064,legacy_original,True,P1064,PeakNomad XL Cooler 263,patio,cooler,TrailForge,,,,,PeakNomad XL Cooler 263,patio,cooler,TrailForge
20260718-0056,2026-07-18,S002,P1028,1,647.52,0,pickup,Y,,legacy,data/raw/orders/2026-07-18/orders.csv,2026-07-18,,,,,P1028,legacy_original,True,P1028,CloudNomad Compact Cooler 227,patio,cooler,Moss & Mile,,,,,CloudNomad Compact Cooler 227,patio,cooler,Moss & Mile
20260718-0057,2026-07-18,S002,P1021,1,73.74,0,pickup,N,,legacy,data/raw/orders/2026-07-18/orders.csv,2026-07-18,,,,,P1021,legacy_original,True,P1021,EmberRunner Basecamp Tent 220,camping,tent,Blue Ridge Works,,,,,EmberRunner Basecamp Tent 220,camping,tent,Blue Ridge Works
20260718-0058,2026-07-18,S008,P1010,3,497.19,10,ship_from_store,Y,,legacy,data/raw/orders/2026-07-18/orders.csv,2026-07-18,,,,,P1010,legacy_original,True,P1010,VistaRover Deluxe Patio Heater 209,patio,patio heater,Highland Ember,,,,,VistaRover Deluxe Patio Heater 209,patio,patio heater,Highland Ember
20260718-0059,2026-07-18,S007,P1033,2,189.46,0,in_store,N,,legacy,data/raw/orders/2026-07-18/orders.csv,2026-07-18,,,,,P1033,legacy_original,True,P1033,SummitRunner 4P Tent 232,camping,tent,Rocky Top Outfitters,,,,,SummitRunner 4P Tent 232,camping,tent,Rocky Top Outfitters
20260718-0060,2026-07-18,S006,P1045,2,348.41,0,in_store,Y,,legacy,data/raw/orders/2026-07-18/orders.csv,2026-07-18,,,,,P1045,legacy_original,True,P1045,FieldRunner Basecamp Tent 244,camping,tent,Blue Ridge Works,,,,,FieldRunner Basecamp Tent 244,camping,tent,Blue Ridge Works
20260718-0061,2026-07-18,S004,P1066,4,99.64,5,pickup,Y,,legacy,data/raw/orders/2026-07-18/orders.csv,2026-07-18,,,,,P1066,legacy_original,True,P1066,RidgeRover Trail Tumbler 265,hydration,insulated tumbler,Highland Ember,,,,,RidgeRover Trail Tumbler 265,hydration,insulated tumbler,Highland Ember
20260718-0062,2026-07-18,S008,P1039,2,367.84,0,pickup,Y,,legacy,data/raw/orders/2026-07-18/orders.csv,2026-07-18,,,,,P1039,legacy_original,True,P1039,HearthRambler Ultralight Camp Chair 238,camping,camp chair,Switchback Supply,,,,,HearthRambler Ultralight Camp Chair 238,camping,camp chair,Switchback Supply
20260718-0063,2026-07-18,S003,P1067,2,240.28,10,in_store,Y,,legacy,data/raw/orders/2026-07-18/orders.csv,2026-07-18,,,,,P1067,legacy_original,True,P1067,CreekRambler Alpine Jacket 266,outerwear,rain shell,Creekline,,,,,CreekRambler Alpine Jacket 266,outerwear,rain shell,Creekline
20260718-0064,2026-07-18,S003,P1071,1,136.13,5,in_store,Y,,legacy,data/raw/orders/2026-07-18/orders.csv,2026-07-18,,,,,P1071,legacy_original,True,P1071,HearthRambler Expedition Flashlight 270,emergency,flashlight,Switchback Supply,,,,,HearthRambler Expedition Flashlight 270,emergency,flashlight,Switchback Supply
20260718-0065,2026-07-18,S002,P1044,2,189.25,0,in_store,Y,,legacy,data/raw/orders/2026-07-18/orders.csv,2026-07-18,,,,,P1044,legacy_original,True,P1044,CloudNomad Approach Trail Shoes 243,footwear,trail shoes,Moss & Mile,,,,,CloudNomad Approach Trail Shoes 243,footwear,trail shoes,Moss & Mile
20260718-0066,2026-07-18,S001,P1070,3,172.14,15,pickup,Y,,legacy,data/raw/orders/2026-07-18/orders.csv,2026-07-18,,,,,P1070,legacy_original,True,P1070,TrailRover Weekend Patio Heater 269,patio,patio heater,Summit Finch,,,,,TrailRover Weekend Patio Heater 269,patio,patio heater,Summit Finch
20260718-0067,2026-07-18,S004,P1018,3,138.02,10,ship_from_store,Y,,legacy,data/raw/orders/2026-07-18/orders.csv,2026-07-18,,,,,P1018,legacy_original,True,P1018,RidgeRover Trail Tumbler 217,hydration,insulated tumbler,Highland Ember,,,,,RidgeRover Trail Tumbler 217,hydration,insulated tumbler,Highland Ember
20260718-0068,2026-07-18,S003,P1028,4,647.52,0,pickup,N,,legacy,data/raw/orders/2026-07-18/orders.csv,2026-07-18,,,,,P1028,legacy_original,True,P1028,CloudNomad Compact Cooler 227,patio,cooler,Moss & Mile,,,,,CloudNomad Compact Cooler 227,patio,cooler,Moss & Mile
20260718-0069,2026-07-18,S002,P1056,1,129.61,10,ship_from_store,Y,,legacy,data/raw/orders/2026-07-18/orders.csv,2026-07-18,,,,,P1056,legacy_original,True,P1056,CanyonNomad Waterproof Trail Shoes 255,footwear,trail shoes,TrailForge,,,,,CanyonNomad Waterproof Trail Shoes 255,footwear,trail shoes,TrailForge
20260718-0070,2026-07-18,S006,P1011,1,113.11,15,in_store,Y,,legacy,data/raw/orders/2026-07-18/orders.csv,2026-07-18,,,,,P1011,legacy_original,True,P1011,BoulderRambler Rechargeable Flashlight 210,emergency,flashlight,Creekline,,,,,BoulderRambler Rechargeable Flashlight 210,emergency,flashlight,Creekline
20260718-0071,2026-07-18,S006,P1077,1,76.12,20,in_store,Y,,legacy,data/raw/orders/2026-07-18/orders.csv,2026-07-18,,,,,P1077,legacy_original,True,P1077,FieldRunner Storm Kit Battery Pack 276,emergency,battery pack,Blue Ridge Works,,,,,FieldRunner Storm Kit Battery Pack 276,emergency,battery pack,Blue Ridge Works
20260718-0072,2026-07-18,S008,P1064,1,583.73,5,in_store,N,,legacy,data/raw/orders/2026-07-18/orders.csv,2026-07-18,,,,,P1064,legacy_original,True,P1064,PeakNomad XL Cooler 263,patio,cooler,TrailForge,,,,,PeakNomad XL Cooler 263,patio,cooler,TrailForge
20260718-0073,2026-07-18,S004,P1041,1,46.41,15,ship_from_store,Y,,legacy,data/raw/orders/2026-07-18/orders.csv,2026-07-18,,,,,P1041,legacy_original,True,P1041,PineRunner Mini Battery Pack 240,emergency,battery pack,Rocky Top Outfitters,,,,,PineRunner Mini Battery Pack 240,emergency,battery pack,Rocky Top Outfitters
20260718-0074,2026-07-18,S006,P1050,4,75.31,0,pickup,Y,,legacy,data/raw/orders/2026-07-18/orders.csv,2026-07-18,,,,,P1050,legacy_original,True,P1050,RidgeRover Mid Trail Shoes 249,footwear,trail shoes,Highland Ember,,,,,RidgeRover Mid Trail Shoes 249,footwear,trail shoes,Highland Ember
20260718-0075,2026-07-18,S005,P1021,4,66.37,10,in_store,Y,,legacy,data/raw/orders/2026-07-18/orders.csv,2026-07-18,,,,,P1021,legacy_original,True,P1021,EmberRunner Basecamp Tent 220,camping,tent,Blue Ridge Works,,,,,EmberRunner Basecamp Tent 220,camping,tent,Blue Ridge Works
20260718-0076,2026-07-18,S008,P1054,1,56.54,20,in_store,Y,,legacy,data/raw/orders/2026-07-18/orders.csv,2026-07-18,,,,,P1054,legacy_original,True,P1054,TrailRover 20oz Tumbler 253,hydration,insulated tumbler,Summit Finch,,,,,TrailRover 20oz Tumbler 253,hydration,insulated tumbler,Summit Finch
20260718-0077,2026-07-18,S001,P1065,1,107.22,5,in_store,Y,,legacy,data/raw/orders/2026-07-18/orders.csv,2026-07-18,,,,,P1065,legacy_original,True,P1065,SummitRunner Mini Battery Pack 264,emergency,battery pack,Rocky Top Outfitters,,,,,SummitRunner Mini Battery Pack 264,emergency,battery pack,Rocky Top Outfitters
20260718-0078,2026-07-18,S002,P1002,2,162.74,20,in_store,N,,legacy,data/raw/orders/2026-07-18/orders.csv,2026-07-18,,,,,P1002,legacy_original,True,P1002,RidgeRover Mid Trail Shoes 201,footwear,trail shoes,Highland Ember,,,,,RidgeRover Mid Trail Shoes 201,footwear,trail shoes,Highland Ember
20260718-0079,2026-07-18,S006,P1050,3,75.31,0,pickup,N,,legacy,data/raw/orders/2026-07-18/orders.csv,2026-07-18,,,,,P1050,legacy_original,True,P1050,RidgeRover Mid Trail Shoes 249,footwear,trail shoes,Highland Ember,,,,,RidgeRover Mid Trail Shoes 249,footwear,trail shoes,Highland Ember
20260718-0080,2026-07-18,S001,P1014,1,204.67,0,in_store,Y,,legacy,data/raw/orders/2026-07-18/orders.csv,2026-07-18,,,,,P1014,legacy_original,True,P1014,SwitchbackRover Wide Trail Shoes 213,footwear,trail shoes,Summit Finch,,,,,SwitchbackRover Wide Trail Shoes 213,footwear,trail shoes,Summit Finch
20260718-0081,2026-07-18,S002,P1055,2,222.06,20,in_store,Y,,legacy,data/raw/orders/2026-07-18/orders.csv,2026-07-18,,,,,P1055,legacy_original,True,P1055,HearthRambler Stormproof Jacket 254,outerwear,rain shell,Switchback Supply,,,,,HearthRambler Stormproof Jacket 254,outerwear,rain shell,Switchback Supply
20260718-0082,2026-07-18,S005,P1001,4,104.66,20,in_store,Y,,legacy,data/raw/orders/2026-07-18/orders.csv,2026-07-18,,,,,P1001,legacy_original,True,P1001,SummitRunner Lightweight Jacket 200,outerwear,rain shell,Rocky Top Outfitters,,,,,SummitRunner Lightweight Jacket 200,outerwear,rain shell,Rocky Top Outfitters
20260718-0083,2026-07-18,S004,P1060,3,154.39,0,in_store,Y,,legacy,data/raw/orders/2026-07-18/orders.csv,2026-07-18,,,,,P1060,legacy_original,True,P1060,CloudNomad 32oz Tumbler 259,hydration,insulated tumbler,Moss & Mile,,,,,CloudNomad 32oz Tumbler 259,hydration,insulated tumbler,Moss & Mile
20260718-0084,2026-07-18,S003,P1006,1,55.91,0,in_store,Y,,legacy,data/raw/orders/2026-07-18/orders.csv,2026-07-18,,,,,P1006,legacy_original,True,P1006,TrailRover 20oz Tumbler 205,hydration,insulated tumbler,Summit Finch,,,,,TrailRover 20oz Tumbler 205,hydration,insulated tumbler,Summit Finch
20260718-0085,2026-07-18,S003,P1024,2,90.59,0,ship_from_store,N,,legacy,data/raw/orders/2026-07-18/orders.csv,2026-07-18,,,,,P1024,legacy_original,True,P1024,CanyonNomad Travel Tumbler 223,hydration,insulated tumbler,TrailForge,,,,,CanyonNomad Travel Tumbler 223,hydration,insulated tumbler,TrailForge
20260718-0086,2026-07-18,S003,P1037,3,77.99,15,ship_from_store,N,,legacy,data/raw/orders/2026-07-18/orders.csv,2026-07-18,,,,,P1037,legacy_original,True,P1037,EmberRunner Packable Jacket 236,outerwear,rain shell,Blue Ridge Works,,,,,EmberRunner Packable Jacket 236,outerwear,rain shell,Blue Ridge Works
20260718-0087,2026-07-18,S003,P1015,2,163.09,15,in_store,Y,,legacy,data/raw/orders/2026-07-18/orders.csv,2026-07-18,,,,,P1015,legacy_original,True,P1015,MoonRambler Ultralight Camp Chair 214,camping,camp chair,Switchback Supply,,,,,MoonRambler Ultralight Camp Chair 214,camping,camp chair,Switchback Supply
20260718-0088,2026-07-18,S008,P1016,1,602.39,5,in_store,Y,,legacy,data/raw/orders/2026-07-18/orders.csv,2026-07-18,,,,,P1016,legacy_original,True,P1016,PeakNomad XL Cooler 215,patio,cooler,TrailForge,,,,,PeakNomad XL Cooler 215,patio,cooler,TrailForge
20260718-0089,2026-07-18,S003,P1080,1,114.4,20,in_store,Y,,legacy,data/raw/orders/2026-07-18/orders.csv,2026-07-18,,,,,P1080,legacy_original,True,P1080,PeakNomad Waterproof Trail Shoes 279,footwear,trail shoes,TrailForge,,,,,PeakNomad Waterproof Trail Shoes 279,footwear,trail shoes,TrailForge
20260718-0090,2026-07-18,S004,P1060,1,154.39,0,in_store,N,,legacy,data/raw/orders/2026-07-18/orders.csv,2026-07-18,,,,,P1060,legacy_original,True,P1060,CloudNomad 32oz Tumbler 259,hydration,insulated tumbler,Moss & Mile,,,,,CloudNomad 32oz Tumbler 259,hydration,insulated tumbler,Moss & Mile
20260718-0091,2026-07-18,S008,P1008,1,149.17,15,ship_from_store,N,,legacy,data/raw/orders/2026-07-18/orders.csv,2026-07-18,,,,,P1008,legacy_original,True,P1008,CanyonNomad Waterproof Trail Shoes 207,footwear,trail shoes,TrailForge,,,,,CanyonNomad Waterproof Trail Shoes 207,footwear,trail shoes,TrailForge
20260718-0092,2026-07-18,S005,P1025,4,105.91,15,in_store,N,,legacy,data/raw/orders/2026-07-18/orders.csv,2026-07-18,,,,,P1025,legacy_original,True,P1025,PineRunner Lightweight Jacket 224,outerwear,rain shell,Rocky Top Outfitters,,,,,PineRunner Lightweight Jacket 224,outerwear,rain shell,Rocky Top Outfitters
20260718-0093,2026-07-18,S004,P1054,1,60.08,15,in_store,Y,,legacy,data/raw/orders/2026-07-18/orders.csv,2026-07-18,,,,,P1054,legacy_original,True,P1054,TrailRover 20oz Tumbler 253,hydration,insulated tumbler,Summit Finch,,,,,TrailRover 20oz Tumbler 253,hydration,insulated tumbler,Summit Finch
20260718-0094,2026-07-18,S006,P1023,1,113.15,20,in_store,Y,,legacy,data/raw/orders/2026-07-18/orders.csv,2026-07-18,,,,,P1023,legacy_original,True,P1023,HearthRambler Expedition Flashlight 222,emergency,flashlight,Switchback Supply,,,,,HearthRambler Expedition Flashlight 222,emergency,flashlight,Switchback Supply
20260718-0095,2026-07-18,S002,P1056,2,115.21,20,in_store,Y,,legacy,data/raw/orders/2026-07-18/orders.csv,2026-07-18,,,,,P1056,legacy_original,True,P1056,CanyonNomad Waterproof Trail Shoes 255,footwear,trail shoes,TrailForge,,,,,CanyonNomad Waterproof Trail Shoes 255,footwear,trail shoes,TrailForge
20260718-0096,2026-07-18,S006,P1080,2,114.4,20,pickup,Y,,legacy,data/raw/orders/2026-07-18/orders.csv,2026-07-18,,,,,P1080,legacy_original,True,P1080,PeakNomad Waterproof Trail Shoes 279,footwear,trail shoes,TrailForge,,,,,PeakNomad Waterproof Trail Shoes 279,footwear,trail shoes,TrailForge
20260718-0097,2026-07-18,S006,P1062,2,153.62,10,in_store,N,,legacy,data/raw/orders/2026-07-18/orders.csv,2026-07-18,,,,,P1062,legacy_original,True,P1062,SwitchbackRover Wide Trail Shoes 261,footwear,trail shoes,Summit Finch,,,,,SwitchbackRover Wide Trail Shoes 261,footwear,trail shoes,Summit Finch
20260718-0098,2026-07-18,S008,P1026,1,123.88,5,pickup,N,,legacy,data/raw/orders/2026-07-18/orders.csv,2026-07-18,,,,,P1026,legacy_original,True,P1026,VistaRover Mid Trail Shoes 225,footwear,trail shoes,Highland Ember,,,,,VistaRover Mid Trail Shoes 225,footwear,trail shoes,Highland Ember
20260718-0099,2026-07-18,S005,P1029,1,100.74,20,pickup,Y,,legacy,data/raw/orders/2026-07-18/orders.csv,2026-07-18,,,,,P1029,legacy_original,True,P1029,FieldRunner Storm Kit Battery Pack 228,emergency,battery pack,Blue Ridge Works,,,,,FieldRunner Storm Kit Battery Pack 228,emergency,battery pack,Blue Ridge Works
20260718-0100,2026-07-18,S003,P1056,1,136.81,5,in_store,Y,,legacy,data/raw/orders/2026-07-18/orders.csv,2026-07-18,,,,,P1056,legacy_original,True,P1056,CanyonNomad Waterproof Trail Shoes 255,footwear,trail shoes,TrailForge,,,,,CanyonNomad Waterproof Trail Shoes 255,footwear,trail shoes,TrailForge
20260718-0101,2026-07-18,S006,P1061,1,147.84,0,in_store,Y,,legacy,data/raw/orders/2026-07-18/orders.csv,2026-07-18,,,,,P1061,legacy_original,True,P1061,FieldRunner Packable Jacket 260,outerwear,rain shell,Blue Ridge Works,,,,,FieldRunner Packable Jacket 260,outerwear,rain shell,Blue Ridge Works
20260718-0102,2026-07-18,S004,P1055,4,263.69,5,in_store,Y,,legacy,data/raw/orders/2026-07-18/orders.csv,2026-07-18,,,,,P1055,legacy_original,True,P1055,HearthRambler Stormproof Jacket 254,outerwear,rain shell,Switchback Supply,,,,,HearthRambler Stormproof Jacket 254,outerwear,rain shell,Switchback Supply
20260718-0103,2026-07-18,S008,P1076,1,583.17,15,in_store,Y,,legacy,data/raw/orders/2026-07-18/orders.csv,2026-07-18,,,,,P1076,legacy_original,True,P1076,CloudNomad Compact Cooler 275,patio,cooler,Moss & Mile,,,,,CloudNomad Compact Cooler 275,patio,cooler,Moss & Mile
20260718-0104,2026-07-18,S008,P1055,2,277.57,0,ship_from_store,Y,,legacy,data/raw/orders/2026-07-18/orders.csv,2026-07-18,,,,,P1055,legacy_original,True,P1055,HearthRambler Stormproof Jacket 254,outerwear,rain shell,Switchback Supply,,,,,HearthRambler Stormproof Jacket 254,outerwear,rain shell,Switchback Supply
20260718-0105,2026-07-18,S004,P1056,2,144.01,0,pickup,Y,,legacy,data/raw/orders/2026-07-18/orders.csv,2026-07-18,,,,,P1056,legacy_original,True,P1056,CanyonNomad Waterproof Trail Shoes 255,footwear,trail shoes,TrailForge,,,,,CanyonNomad Waterproof Trail Shoes 255,footwear,trail shoes,TrailForge
20260718-0106,2026-07-18,S007,P1027,1,92.03,0,pickup,N,,legacy,data/raw/orders/2026-07-18/orders.csv,2026-07-18,,,,,P1027,legacy_original,True,P1027,BoulderRambler 2P Camp Chair 226,camping,camp chair,Creekline,,,,,BoulderRambler 2P Camp Chair 226,camping,camp chair,Creekline
20260719-0001,2026-07-19,S007,P1073,1,100.26,20,ship_from_store,Y,,legacy,data/raw/orders/2026-07-19/orders.csv,2026-07-19,,,,,P1073,legacy_original,True,P1073,PineRunner Lightweight Jacket 272,outerwear,rain shell,Rocky Top Outfitters,,,,,PineRunner Lightweight Jacket 272,outerwear,rain shell,Rocky Top Outfitters
20260719-0002,2026-07-19,S006,P1076,1,583.17,15,in_store,Y,,legacy,data/raw/orders/2026-07-19/orders.csv,2026-07-19,,,,,P1076,legacy_original,True,P1076,CloudNomad Compact Cooler 275,patio,cooler,Moss & Mile,,,,,CloudNomad Compact Cooler 275,patio,cooler,Moss & Mile
20260719-0003,2026-07-19,S006,P1037,4,91.75,0,in_store,Y,,legacy,data/raw/orders/2026-07-19/orders.csv,2026-07-19,,,,,P1037,legacy_original,True,P1037,EmberRunner Packable Jacket 236,outerwear,rain shell,Blue Ridge Works,,,,,EmberRunner Packable Jacket 236,outerwear,rain shell,Blue Ridge Works
20260719-0004,2026-07-19,S001,P1055,3,277.57,0,in_store,Y,,legacy,data/raw/orders/2026-07-19/orders.csv,2026-07-19,,,,,P1055,legacy_original,True,P1055,HearthRambler Stormproof Jacket 254,outerwear,rain shell,Switchback Supply,,,,,HearthRambler Stormproof Jacket 254,outerwear,rain shell,Switchback Supply
20260719-0005,2026-07-19,S003,P1019,1,178.99,0,pickup,Y,,legacy,data/raw/orders/2026-07-19/orders.csv,2026-07-19,,,,,P1019,legacy_original,True,P1019,CreekRambler Alpine Jacket 218,outerwear,rain shell,Creekline,,,,,CreekRambler Alpine Jacket 218,outerwear,rain shell,Creekline
20260719-0006,2026-07-19,S001,P1013,1,82.78,15,in_store,Y,,legacy,data/raw/orders/2026-07-19/orders.csv,2026-07-19,,,,,P1013,legacy_original,True,P1013,FieldRunner Packable Jacket 212,outerwear,rain shell,Blue Ridge Works,,,,,FieldRunner Packable Jacket 212,outerwear,rain shell,Blue Ridge Works
20260719-0007,2026-07-19,S005,P1006,1,44.73,20,in_store,Y,,legacy,data/raw/orders/2026-07-19/orders.csv,2026-07-19,,,,,P1006,legacy_original,True,P1006,TrailRover 20oz Tumbler 205,hydration,insulated tumbler,Summit Finch,,,,,TrailRover 20oz Tumbler 205,hydration,insulated tumbler,Summit Finch
20260719-0008,2026-07-19,S008,P1037,1,73.4,20,ship_from_store,Y,,legacy,data/raw/orders/2026-07-19/orders.csv,2026-07-19,,,,,P1037,legacy_original,True,P1037,EmberRunner Packable Jacket 236,outerwear,rain shell,Blue Ridge Works,,,,,EmberRunner Packable Jacket 236,outerwear,rain shell,Blue Ridge Works
20260719-0009,2026-07-19,S008,P1005,1,105.96,5,in_store,Y,,legacy,data/raw/orders/2026-07-19/orders.csv,2026-07-19,,,,,P1005,legacy_original,True,P1005,EmberRunner Storm Kit Battery Pack 204,emergency,battery pack,Blue Ridge Works,,,,,EmberRunner Storm Kit Battery Pack 204,emergency,battery pack,Blue Ridge Works
20260719-0010,2026-07-19,S006,P1055,4,277.57,0,ship_from_store,Y,,legacy,data/raw/orders/2026-07-19/orders.csv,2026-07-19,,,,,P1055,legacy_original,True,P1055,HearthRambler Stormproof Jacket 254,outerwear,rain shell,Switchback Supply,,,,,HearthRambler Stormproof Jacket 254,outerwear,rain shell,Switchback Supply
20260719-0011,2026-07-19,S004,P1009,2,109.5,5,in_store,Y,,legacy,data/raw/orders/2026-07-19/orders.csv,2026-07-19,,,,,P1009,legacy_original,True,P1009,PineRunner 4P Tent 208,camping,tent,Rocky Top Outfitters,,,,,PineRunner 4P Tent 208,camping,tent,Rocky Top Outfitters
20260719-0012,2026-07-19,S002,P1075,1,148.7,10,in_store,Y,,legacy,data/raw/orders/2026-07-19/orders.csv,2026-07-19,,,,,P1075,legacy_original,True,P1075,BoulderRambler 2P Camp Chair 274,camping,camp chair,Creekline,,,,,BoulderRambler 2P Camp Chair 274,camping,camp chair,Creekline
20260719-0013,2026-07-19,S007,P1051,2,381.74,10,in_store,Y,,legacy,data/raw/orders/2026-07-19/orders.csv,2026-07-19,,,,,P1051,legacy_original,True,P1051,CreekRambler 2P Camp Chair 250,camping,camp chair,Creekline,,,,,CreekRambler 2P Camp Chair 250,camping,camp chair,Creekline
20260719-0014,2026-07-19,S004,P1079,1,243.4,5,pickup,Y,,legacy,data/raw/orders/2026-07-19/orders.csv,2026-07-19,,,,,P1079,legacy_original,True,P1079,MoonRambler Stormproof Jacket 278,outerwear,rain shell,Switchback Supply,,,,,MoonRambler Stormproof Jacket 278,outerwear,rain shell,Switchback Supply
20260719-0015,2026-07-19,S005,P1071,3,143.3,0,in_store,Y,,legacy,data/raw/orders/2026-07-19/orders.csv,2026-07-19,,,,,P1071,legacy_original,True,P1071,HearthRambler Expedition Flashlight 270,emergency,flashlight,Switchback Supply,,,,,HearthRambler Expedition Flashlight 270,emergency,flashlight,Switchback Supply
20260719-0016,2026-07-19,S003,P1037,1,91.75,0,ship_from_store,Y,,legacy,data/raw/orders/2026-07-19/orders.csv,2026-07-19,,,,,P1037,legacy_original,True,P1037,EmberRunner Packable Jacket 236,outerwear,rain shell,Blue Ridge Works,,,,,EmberRunner Packable Jacket 236,outerwear,rain shell,Blue Ridge Works
20260719-0017,2026-07-19,S005,P1021,4,70.05,5,pickup,N,,legacy,data/raw/orders/2026-07-19/orders.csv,2026-07-19,,,,,P1021,legacy_original,True,P1021,EmberRunner Basecamp Tent 220,camping,tent,Blue Ridge Works,,,,,EmberRunner Basecamp Tent 220,camping,tent,Blue Ridge Works
20260719-0018,2026-07-19,S001,P1024,3,81.53,10,ship_from_store,Y,,legacy,data/raw/orders/2026-07-19/orders.csv,2026-07-19,,,,,P1024,legacy_original,True,P1024,CanyonNomad Travel Tumbler 223,hydration,insulated tumbler,TrailForge,,,,,CanyonNomad Travel Tumbler 223,hydration,insulated tumbler,TrailForge
20260719-0019,2026-07-19,S003,P1007,2,89.94,20,in_store,Y,,legacy,data/raw/orders/2026-07-19/orders.csv,2026-07-19,,,,,P1007,legacy_original,True,P1007,HearthRambler Stormproof Jacket 206,outerwear,rain shell,Switchback Supply,,,,,HearthRambler Stormproof Jacket 206,outerwear,rain shell,Switchback Supply
20260719-0020,2026-07-19,S005,P1027,2,92.03,0,ship_from_store,Y,,legacy,data/raw/orders/2026-07-19/orders.csv,2026-07-19,,,,,P1027,legacy_original,True,P1027,BoulderRambler 2P Camp Chair 226,camping,camp chair,Creekline,,,,,BoulderRambler 2P Camp Chair 226,camping,camp chair,Creekline
20260719-0021,2026-07-19,S001,P1056,1,144.01,0,pickup,Y,,legacy,data/raw/orders/2026-07-19/orders.csv,2026-07-19,,,,,P1056,legacy_original,True,P1056,CanyonNomad Waterproof Trail Shoes 255,footwear,trail shoes,TrailForge,,,,,CanyonNomad Waterproof Trail Shoes 255,footwear,trail shoes,TrailForge
20260719-0022,2026-07-19,S001,P1064,1,614.45,0,in_store,Y,,legacy,data/raw/orders/2026-07-19/orders.csv,2026-07-19,,,,,P1064,legacy_original,True,P1064,PeakNomad XL Cooler 263,patio,cooler,TrailForge,,,,,PeakNomad XL Cooler 263,patio,cooler,TrailForge
20260719-0023,2026-07-19,S006,P1035,1,147.73,0,in_store,N,,legacy,data/raw/orders/2026-07-19/orders.csv,2026-07-19,,,,,P1035,legacy_original,True,P1035,CreekRambler Rechargeable Flashlight 234,emergency,flashlight,Creekline,,,,,CreekRambler Rechargeable Flashlight 234,emergency,flashlight,Creekline
20260719-0024,2026-07-19,S004,P1010,1,552.43,0,in_store,Y,,legacy,data/raw/orders/2026-07-19/orders.csv,2026-07-19,,,,,P1010,legacy_original,True,P1010,VistaRover Deluxe Patio Heater 209,patio,patio heater,Highland Ember,,,,,VistaRover Deluxe Patio Heater 209,patio,patio heater,Highland Ember
20260719-0025,2026-07-19,S007,P1053,4,97.68,10,ship_from_store,Y,,legacy,data/raw/orders/2026-07-19/orders.csv,2026-07-19,,,,,P1053,legacy_original,True,P1053,EmberRunner Storm Kit Battery Pack 252,emergency,battery pack,Blue Ridge Works,,,,,EmberRunner Storm Kit Battery Pack 252,emergency,battery pack,Blue Ridge Works
20260719-0026,2026-07-19,S008,P1065,1,112.86,0,in_store,Y,,legacy,data/raw/orders/2026-07-19/orders.csv,2026-07-19,,,,,P1065,legacy_original,True,P1065,SummitRunner Mini Battery Pack 264,emergency,battery pack,Rocky Top Outfitters,,,,,SummitRunner Mini Battery Pack 264,emergency,battery pack,Rocky Top Outfitters
20260719-0027,2026-07-19,S002,P1072,1,134.29,0,pickup,Y,,legacy,data/raw/orders/2026-07-19/orders.csv,2026-07-19,,,,,P1072,legacy_original,True,P1072,CanyonNomad Travel Tumbler 271,hydration,insulated tumbler,TrailForge,,,,,CanyonNomad Travel Tumbler 271,hydration,insulated tumbler,TrailForge
20260719-0028,2026-07-19,S007,P1039,2,367.84,0,in_store,Y,,legacy,data/raw/orders/2026-07-19/orders.csv,2026-07-19,,,,,P1039,legacy_original,True,P1039,HearthRambler Ultralight Camp Chair 238,camping,camp chair,Switchback Supply,,,,,HearthRambler Ultralight Camp Chair 238,camping,camp chair,Switchback Supply
20260719-0029,2026-07-19,S008,P1072,2,134.29,0,pickup,N,,legacy,data/raw/orders/2026-07-19/orders.csv,2026-07-19,,,,,P1072,legacy_original,True,P1072,CanyonNomad Travel Tumbler 271,hydration,insulated tumbler,TrailForge,,,,,CanyonNomad Travel Tumbler 271,hydration,insulated tumbler,TrailForge
20260719-0030,2026-07-19,S004,P1026,2,110.84,15,in_store,N,,legacy,data/raw/orders/2026-07-19/orders.csv,2026-07-19,,,,,P1026,legacy_original,True,P1026,VistaRover Mid Trail Shoes 225,footwear,trail shoes,Highland Ember,,,,,VistaRover Mid Trail Shoes 225,footwear,trail shoes,Highland Ember
20260719-0031,2026-07-19,S001,P1014,2,204.67,0,ship_from_store,Y,,legacy,data/raw/orders/2026-07-19/orders.csv,2026-07-19,,,,,P1014,legacy_original,True,P1014,SwitchbackRover Wide Trail Shoes 213,footwear,trail shoes,Summit Finch,,,,,SwitchbackRover Wide Trail Shoes 213,footwear,trail shoes,Summit Finch
20260719-0032,2026-07-19,S001,P1018,2,153.36,0,in_store,Y,,legacy,data/raw/orders/2026-07-19/orders.csv,2026-07-19,,,,,P1018,legacy_original,True,P1018,RidgeRover Trail Tumbler 217,hydration,insulated tumbler,Highland Ember,,,,,RidgeRover Trail Tumbler 217,hydration,insulated tumbler,Highland Ember
20260719-0033,2026-07-19,S005,P1007,1,112.42,0,ship_from_store,Y,,legacy,data/raw/orders/2026-07-19/orders.csv,2026-07-19,,,,,P1007,legacy_original,True,P1007,HearthRambler Stormproof Jacket 206,outerwear,rain shell,Switchback Supply,,,,,HearthRambler Stormproof Jacket 206,outerwear,rain shell,Switchback Supply
20260719-0034,2026-07-19,S005,P1037,2,91.75,0,in_store,Y,,legacy,data/raw/orders/2026-07-19/orders.csv,2026-07-19,,,,,P1037,legacy_original,True,P1037,EmberRunner Packable Jacket 236,outerwear,rain shell,Blue Ridge Works,,,,,EmberRunner Packable Jacket 236,outerwear,rain shell,Blue Ridge Works
20260719-0035,2026-07-19,S005,P1042,4,103.73,10,pickup,Y,,legacy,data/raw/orders/2026-07-19/orders.csv,2026-07-19,,,,,P1042,legacy_original,True,P1042,VistaRover Trail Tumbler 241,hydration,insulated tumbler,Highland Ember,,,,,VistaRover Trail Tumbler 241,hydration,insulated tumbler,Highland Ember
20260719-0036,2026-07-19,S006,P1006,1,50.32,10,ship_from_store,N,,legacy,data/raw/orders/2026-07-19/orders.csv,2026-07-19,,,,,P1006,legacy_original,True,P1006,TrailRover 20oz Tumbler 205,hydration,insulated tumbler,Summit Finch,,,,,TrailRover 20oz Tumbler 205,hydration,insulated tumbler,Summit Finch
20260719-0037,2026-07-19,S007,P1012,2,117.48,5,pickup,Y,,legacy,data/raw/orders/2026-07-19/orders.csv,2026-07-19,,,,,P1012,legacy_original,True,P1012,CloudNomad 32oz Tumbler 211,hydration,insulated tumbler,Moss & Mile,,,,,CloudNomad 32oz Tumbler 211,hydration,insulated tumbler,Moss & Mile
20260719-0038,2026-07-19,S001,P1029,2,113.34,10,in_store,Y,,legacy,data/raw/orders/2026-07-19/orders.csv,2026-07-19,,,,,P1029,legacy_original,True,P1029,FieldRunner Storm Kit Battery Pack 228,emergency,battery pack,Blue Ridge Works,,,,,FieldRunner Storm Kit Battery Pack 228,emergency,battery pack,Blue Ridge Works
20260719-0039,2026-07-19,S004,P1042,2,103.73,10,pickup,Y,,legacy,data/raw/orders/2026-07-19/orders.csv,2026-07-19,,,,,P1042,legacy_original,True,P1042,VistaRover Trail Tumbler 241,hydration,insulated tumbler,Highland Ember,,,,,VistaRover Trail Tumbler 241,hydration,insulated tumbler,Highland Ember
20260719-0040,2026-07-19,S003,P1024,2,86.06,5,ship_from_store,Y,,legacy,data/raw/orders/2026-07-19/orders.csv,2026-07-19,,,,,P1024,legacy_original,True,P1024,CanyonNomad Travel Tumbler 223,hydration,insulated tumbler,TrailForge,,,,,CanyonNomad Travel Tumbler 223,hydration,insulated tumbler,TrailForge
20260719-0041,2026-07-19,S006,P1038,1,187.04,5,pickup,Y,,legacy,data/raw/orders/2026-07-19/orders.csv,2026-07-19,,,,,P1038,legacy_original,True,P1038,TrailRover Wide Trail Shoes 237,footwear,trail shoes,Summit Finch,,,,,TrailRover Wide Trail Shoes 237,footwear,trail shoes,Summit Finch
20260719-0042,2026-07-19,S004,P1072,3,134.29,0,in_store,Y,,legacy,data/raw/orders/2026-07-19/orders.csv,2026-07-19,,,,,P1072,legacy_original,True,P1072,CanyonNomad Travel Tumbler 271,hydration,insulated tumbler,TrailForge,,,,,CanyonNomad Travel Tumbler 271,hydration,insulated tumbler,TrailForge
20260719-0043,2026-07-19,S007,P1025,2,124.6,0,in_store,Y,,legacy,data/raw/orders/2026-07-19/orders.csv,2026-07-19,,,,,P1025,legacy_original,True,P1025,PineRunner Lightweight Jacket 224,outerwear,rain shell,Rocky Top Outfitters,,,,,PineRunner Lightweight Jacket 224,outerwear,rain shell,Rocky Top Outfitters
20260719-0044,2026-07-19,S007,P1055,4,249.81,10,ship_from_store,Y,,legacy,data/raw/orders/2026-07-19/orders.csv,2026-07-19,,,,,P1055,legacy_original,True,P1055,HearthRambler Stormproof Jacket 254,outerwear,rain shell,Switchback Supply,,,,,HearthRambler Stormproof Jacket 254,outerwear,rain shell,Switchback Supply
20260719-0045,2026-07-19,S008,P1031,2,138.82,20,in_store,Y,,legacy,data/raw/orders/2026-07-19/orders.csv,2026-07-19,,,,,P1031,legacy_original,True,P1031,MoonRambler Stormproof Jacket 230,outerwear,rain shell,Switchback Supply,,,,,MoonRambler Stormproof Jacket 230,outerwear,rain shell,Switchback Supply
20260719-0046,2026-07-19,S007,P1068,2,64.74,20,in_store,Y,,legacy,data/raw/orders/2026-07-19/orders.csv,2026-07-19,,,,,P1068,legacy_original,True,P1068,StormNomad Approach Trail Shoes 267,footwear,trail shoes,Moss & Mile,,,,,StormNomad Approach Trail Shoes 267,footwear,trail shoes,Moss & Mile
20260719-0047,2026-07-19,S007,P1071,1,136.13,5,in_store,Y,,legacy,data/raw/orders/2026-07-19/orders.csv,2026-07-19,,,,,P1071,legacy_original,True,P1071,HearthRambler Expedition Flashlight 270,emergency,flashlight,Switchback Supply,,,,,HearthRambler Expedition Flashlight 270,emergency,flashlight,Switchback Supply
20260719-0048,2026-07-19,S007,P1015,1,153.5,20,pickup,Y,,legacy,data/raw/orders/2026-07-19/orders.csv,2026-07-19,,,,,P1015,legacy_original,True,P1015,MoonRambler Ultralight Camp Chair 214,camping,camp chair,Switchback Supply,,,,,MoonRambler Ultralight Camp Chair 214,camping,camp chair,Switchback Supply
20260719-0049,2026-07-19,S006,P1040,3,87.05,20,ship_from_store,Y,,legacy,data/raw/orders/2026-07-19/orders.csv,2026-07-19,,,,,P1040,legacy_original,True,P1040,CanyonNomad XL Cooler 239,patio,cooler,TrailForge,,,,,CanyonNomad XL Cooler 239,patio,cooler,TrailForge
20260719-0050,2026-07-19,S002,P1012,2,111.29,10,in_store,N,,legacy,data/raw/orders/2026-07-19/orders.csv,2026-07-19,,,,,P1012,legacy_original,True,P1012,CloudNomad 32oz Tumbler 211,hydration,insulated tumbler,Moss & Mile,,,,,CloudNomad 32oz Tumbler 211,hydration,insulated tumbler,Moss & Mile
20260719-0051,2026-07-19,S008,P1060,4,131.23,15,in_store,Y,,legacy,data/raw/orders/2026-07-19/orders.csv,2026-07-19,,,,,P1060,legacy_original,True,P1060,CloudNomad 32oz Tumbler 259,hydration,insulated tumbler,Moss & Mile,,,,,CloudNomad 32oz Tumbler 259,hydration,insulated tumbler,Moss & Mile
20260719-0052,2026-07-19,S007,P1026,4,104.32,20,pickup,N,,legacy,data/raw/orders/2026-07-19/orders.csv,2026-07-19,,,,,P1026,legacy_original,True,P1026,VistaRover Mid Trail Shoes 225,footwear,trail shoes,Highland Ember,,,,,VistaRover Mid Trail Shoes 225,footwear,trail shoes,Highland Ember
20260719-0053,2026-07-19,S008,P1025,1,124.6,0,in_store,Y,,legacy,data/raw/orders/2026-07-19/orders.csv,2026-07-19,,,,,P1025,legacy_original,True,P1025,PineRunner Lightweight Jacket 224,outerwear,rain shell,Rocky Top Outfitters,,,,,PineRunner Lightweight Jacket 224,outerwear,rain shell,Rocky Top Outfitters
20260719-0054,2026-07-19,S004,P1052,1,388.91,0,in_store,Y,,legacy,data/raw/orders/2026-07-19/orders.csv,2026-07-19,,,,,P1052,legacy_original,True,P1052,StormNomad Compact Cooler 251,patio,cooler,Moss & Mile,,,,,StormNomad Compact Cooler 251,patio,cooler,Moss & Mile
20260719-0055,2026-07-19,S002,P1043,1,204.85,15,in_store,Y,,legacy,data/raw/orders/2026-07-19/orders.csv,2026-07-19,,,,,P1043,legacy_original,True,P1043,BoulderRambler Alpine Jacket 242,outerwear,rain shell,Creekline,,,,,BoulderRambler Alpine Jacket 242,outerwear,rain shell,Creekline
20260719-0056,2026-07-19,S007,P1038,4,196.88,0,in_store,Y,,legacy,data/raw/orders/2026-07-19/orders.csv,2026-07-19,,,,,P1038,legacy_original,True,P1038,TrailRover Wide Trail Shoes 237,footwear,trail shoes,Summit Finch,,,,,TrailRover Wide Trail Shoes 237,footwear,trail shoes,Summit Finch
20260719-0057,2026-07-19,S004,P1056,2,144.01,0,in_store,Y,,legacy,data/raw/orders/2026-07-19/orders.csv,2026-07-19,,,,,P1056,legacy_original,True,P1056,CanyonNomad Waterproof Trail Shoes 255,footwear,trail shoes,TrailForge,,,,,CanyonNomad Waterproof Trail Shoes 255,footwear,trail shoes,TrailForge
20260719-0058,2026-07-19,S001,P1068,1,80.92,0,ship_from_store,Y,,legacy,data/raw/orders/2026-07-19/orders.csv,2026-07-19,,,,,P1068,legacy_original,True,P1068,StormNomad Approach Trail Shoes 267,footwear,trail shoes,Moss & Mile,,,,,StormNomad Approach Trail Shoes 267,footwear,trail shoes,Moss & Mile
20260719-0059,2026-07-19,S002,P1028,3,518.02,20,pickup,Y,,legacy,data/raw/orders/2026-07-19/orders.csv,2026-07-19,,,,,P1028,legacy_original,True,P1028,CloudNomad Compact Cooler 227,patio,cooler,Moss & Mile,,,,,CloudNomad Compact Cooler 227,patio,cooler,Moss & Mile
20260719-0060,2026-07-19,S003,P1061,1,133.06,10,in_store,Y,,legacy,data/raw/orders/2026-07-19/orders.csv,2026-07-19,,,,,P1061,legacy_original,True,P1061,FieldRunner Packable Jacket 260,outerwear,rain shell,Blue Ridge Works,,,,,FieldRunner Packable Jacket 260,outerwear,rain shell,Blue Ridge Works
20260719-0061,2026-07-19,S001,P1031,2,164.85,5,in_store,N,,legacy,data/raw/orders/2026-07-19/orders.csv,2026-07-19,,,,,P1031,legacy_original,True,P1031,MoonRambler Stormproof Jacket 230,outerwear,rain shell,Switchback Supply,,,,,MoonRambler Stormproof Jacket 230,outerwear,rain shell,Switchback Supply
20260719-0062,2026-07-19,S008,P1008,2,157.95,10,ship_from_store,Y,,legacy,data/raw/orders/2026-07-19/orders.csv,2026-07-19,,,,,P1008,legacy_original,True,P1008,CanyonNomad Waterproof Trail Shoes 207,footwear,trail shoes,TrailForge,,,,,CanyonNomad Waterproof Trail Shoes 207,footwear,trail shoes,TrailForge
20260719-0063,2026-07-19,S001,P1023,3,127.3,10,pickup,N,,legacy,data/raw/orders/2026-07-19/orders.csv,2026-07-19,,,,,P1023,legacy_original,True,P1023,HearthRambler Expedition Flashlight 222,emergency,flashlight,Switchback Supply,,,,,HearthRambler Expedition Flashlight 222,emergency,flashlight,Switchback Supply
20260719-0064,2026-07-19,S003,P1079,1,217.78,15,in_store,Y,,legacy,data/raw/orders/2026-07-19/orders.csv,2026-07-19,,,,,P1079,legacy_original,True,P1079,MoonRambler Stormproof Jacket 278,outerwear,rain shell,Switchback Supply,,,,,MoonRambler Stormproof Jacket 278,outerwear,rain shell,Switchback Supply
20260719-0065,2026-07-19,S001,P1051,2,381.74,10,ship_from_store,N,,legacy,data/raw/orders/2026-07-19/orders.csv,2026-07-19,,,,,P1051,legacy_original,True,P1051,CreekRambler 2P Camp Chair 250,camping,camp chair,Creekline,,,,,CreekRambler 2P Camp Chair 250,camping,camp chair,Creekline
20260719-0066,2026-07-19,S004,P1021,1,73.74,0,in_store,Y,,legacy,data/raw/orders/2026-07-19/orders.csv,2026-07-19,,,,,P1021,legacy_original,True,P1021,EmberRunner Basecamp Tent 220,camping,tent,Blue Ridge Works,,,,,EmberRunner Basecamp Tent 220,camping,tent,Blue Ridge Works
20260719-0067,2026-07-19,S001,P1031,1,173.53,0,ship_from_store,Y,,legacy,data/raw/orders/2026-07-19/orders.csv,2026-07-19,,,,,P1031,legacy_original,True,P1031,MoonRambler Stormproof Jacket 230,outerwear,rain shell,Switchback Supply,,,,,MoonRambler Stormproof Jacket 230,outerwear,rain shell,Switchback Supply
20260719-0068,2026-07-19,S005,P1077,1,95.15,0,pickup,Y,,legacy,data/raw/orders/2026-07-19/orders.csv,2026-07-19,,,,,P1077,legacy_original,True,P1077,FieldRunner Storm Kit Battery Pack 276,emergency,battery pack,Blue Ridge Works,,,,,FieldRunner Storm Kit Battery Pack 276,emergency,battery pack,Blue Ridge Works
20260719-0069,2026-07-19,S003,P1002,2,203.43,0,in_store,N,,legacy,data/raw/orders/2026-07-19/orders.csv,2026-07-19,,,,,P1002,legacy_original,True,P1002,RidgeRover Mid Trail Shoes 201,footwear,trail shoes,Highland Ember,,,,,RidgeRover Mid Trail Shoes 201,footwear,trail shoes,Highland Ember
20260719-0070,2026-07-19,S007,P1016,2,570.68,10,in_store,Y,,legacy,data/raw/orders/2026-07-19/orders.csv,2026-07-19,,,,,P1016,legacy_original,True,P1016,PeakNomad XL Cooler 215,patio,cooler,TrailForge,,,,,PeakNomad XL Cooler 215,patio,cooler,TrailForge
20260719-0071,2026-07-19,S006,P1013,4,77.91,20,pickup,Y,,legacy,data/raw/orders/2026-07-19/orders.csv,2026-07-19,,,,,P1013,legacy_original,True,P1013,FieldRunner Packable Jacket 212,outerwear,rain shell,Blue Ridge Works,,,,,FieldRunner Packable Jacket 212,outerwear,rain shell,Blue Ridge Works
20260719-0072,2026-07-19,S007,P1039,1,349.45,5,pickup,Y,,legacy,data/raw/orders/2026-07-19/orders.csv,2026-07-19,,,,,P1039,legacy_original,True,P1039,HearthRambler Ultralight Camp Chair 238,camping,camp chair,Switchback Supply,,,,,HearthRambler Ultralight Camp Chair 238,camping,camp chair,Switchback Supply
20260719-0073,2026-07-19,S004,P1038,2,167.35,15,in_store,Y,,legacy,data/raw/orders/2026-07-19/orders.csv,2026-07-19,,,,,P1038,legacy_original,True,P1038,TrailRover Wide Trail Shoes 237,footwear,trail shoes,Summit Finch,,,,,TrailRover Wide Trail Shoes 237,footwear,trail shoes,Summit Finch
20260719-0074,2026-07-19,S008,P1072,1,120.86,10,in_store,N,,legacy,data/raw/orders/2026-07-19/orders.csv,2026-07-19,,,,,P1072,legacy_original,True,P1072,CanyonNomad Travel Tumbler 271,hydration,insulated tumbler,TrailForge,,,,,CanyonNomad Travel Tumbler 271,hydration,insulated tumbler,TrailForge
20260719-0075,2026-07-19,S002,P1012,1,105.11,15,pickup,Y,,legacy,data/raw/orders/2026-07-19/orders.csv,2026-07-19,,,,,P1012,legacy_original,True,P1012,CloudNomad 32oz Tumbler 211,hydration,insulated tumbler,Moss & Mile,,,,,CloudNomad 32oz Tumbler 211,hydration,insulated tumbler,Moss & Mile
20260719-0076,2026-07-19,S008,P1026,1,130.4,0,in_store,N,,legacy,data/raw/orders/2026-07-19/orders.csv,2026-07-19,,,,,P1026,legacy_original,True,P1026,VistaRover Mid Trail Shoes 225,footwear,trail shoes,Highland Ember,,,,,VistaRover Mid Trail Shoes 225,footwear,trail shoes,Highland Ember
20260719-0077,2026-07-19,S007,P1009,2,115.26,0,in_store,Y,,legacy,data/raw/orders/2026-07-19/orders.csv,2026-07-19,,,,,P1009,legacy_original,True,P1009,PineRunner 4P Tent 208,camping,tent,Rocky Top Outfitters,,,,,PineRunner 4P Tent 208,camping,tent,Rocky Top Outfitters
20260719-0078,2026-07-19,S004,P1071,1,143.3,0,pickup,Y,,legacy,data/raw/orders/2026-07-19/orders.csv,2026-07-19,,,,,P1071,legacy_original,True,P1071,HearthRambler Expedition Flashlight 270,emergency,flashlight,Switchback Supply,,,,,HearthRambler Expedition Flashlight 270,emergency,flashlight,Switchback Supply
20260719-0079,2026-07-19,S003,P1046,4,233.42,0,ship_from_store,N,,legacy,data/raw/orders/2026-07-19/orders.csv,2026-07-19,,,,,P1046,legacy_original,True,P1046,SwitchbackRover Weekend Patio Heater 245,patio,patio heater,Summit Finch,,,,,SwitchbackRover Weekend Patio Heater 245,patio,patio heater,Summit Finch
20260719-0080,2026-07-19,S007,P1005,4,105.96,5,in_store,N,,legacy,data/raw/orders/2026-07-19/orders.csv,2026-07-19,,,,,P1005,legacy_original,True,P1005,EmberRunner Storm Kit Battery Pack 204,emergency,battery pack,Blue Ridge Works,,,,,EmberRunner Storm Kit Battery Pack 204,emergency,battery pack,Blue Ridge Works
20260719-0081,2026-07-19,S007,P1014,2,184.2,10,ship_from_store,Y,,legacy,data/raw/orders/2026-07-19/orders.csv,2026-07-19,,,,,P1014,legacy_original,True,P1014,SwitchbackRover Wide Trail Shoes 213,footwear,trail shoes,Summit Finch,,,,,SwitchbackRover Wide Trail Shoes 213,footwear,trail shoes,Summit Finch
20260719-0082,2026-07-19,S006,P1074,1,191.7,0,ship_from_store,Y,,legacy,data/raw/orders/2026-07-19/orders.csv,2026-07-19,,,,,P1074,legacy_original,True,P1074,VistaRover Mid Trail Shoes 273,footwear,trail shoes,Highland Ember,,,,,VistaRover Mid Trail Shoes 273,footwear,trail shoes,Highland Ember
20260719-0083,2026-07-19,S003,P1066,2,104.88,0,in_store,Y,,legacy,data/raw/orders/2026-07-19/orders.csv,2026-07-19,,,,,P1066,legacy_original,True,P1066,RidgeRover Trail Tumbler 265,hydration,insulated tumbler,Highland Ember,,,,,RidgeRover Trail Tumbler 265,hydration,insulated tumbler,Highland Ember
20260719-0084,2026-07-19,S002,P1048,2,70.28,0,pickup,Y,,legacy,data/raw/orders/2026-07-19/orders.csv,2026-07-19,,,,,P1048,legacy_original,True,P1048,PeakNomad Travel Tumbler 247,hydration,insulated tumbler,TrailForge,,,,,PeakNomad Travel Tumbler 247,hydration,insulated tumbler,TrailForge
20260719-0085,2026-07-19,S006,P1069,3,256.36,0,in_store,N,,legacy,data/raw/orders/2026-07-19/orders.csv,2026-07-19,,,,,P1069,legacy_original,True,P1069,EmberRunner Basecamp Tent 268,camping,tent,Blue Ridge Works,,,,,EmberRunner Basecamp Tent 268,camping,tent,Blue Ridge Works
20260719-0086,2026-07-19,S003,P1066,1,99.64,5,ship_from_store,N,,legacy,data/raw/orders/2026-07-19/orders.csv,2026-07-19,,,,,P1066,legacy_original,True,P1066,RidgeRover Trail Tumbler 265,hydration,insulated tumbler,Highland Ember,,,,,RidgeRover Trail Tumbler 265,hydration,insulated tumbler,Highland Ember
20260719-0087,2026-07-19,S005,P1078,1,131.72,10,pickup,Y,,legacy,data/raw/orders/2026-07-19/orders.csv,2026-07-19,,,,,P1078,legacy_original,True,P1078,SwitchbackRover 20oz Tumbler 277,hydration,insulated tumbler,Summit Finch,,,,,SwitchbackRover 20oz Tumbler 277,hydration,insulated tumbler,Summit Finch
20260719-0088,2026-07-19,S004,P1068,1,72.83,10,in_store,Y,,legacy,data/raw/orders/2026-07-19/orders.csv,2026-07-19,,,,,P1068,legacy_original,True,P1068,StormNomad Approach Trail Shoes 267,footwear,trail shoes,Moss & Mile,,,,,StormNomad Approach Trail Shoes 267,footwear,trail shoes,Moss & Mile
20260719-0089,2026-07-19,S007,P1077,2,95.15,0,in_store,Y,,legacy,data/raw/orders/2026-07-19/orders.csv,2026-07-19,,,,,P1077,legacy_original,True,P1077,FieldRunner Storm Kit Battery Pack 276,emergency,battery pack,Blue Ridge Works,,,,,FieldRunner Storm Kit Battery Pack 276,emergency,battery pack,Blue Ridge Works
20260719-0090,2026-07-19,S006,P1080,1,143.0,0,in_store,Y,,legacy,data/raw/orders/2026-07-19/orders.csv,2026-07-19,,,,,P1080,legacy_original,True,P1080,PeakNomad Waterproof Trail Shoes 279,footwear,trail shoes,TrailForge,,,,,PeakNomad Waterproof Trail Shoes 279,footwear,trail shoes,TrailForge
20260719-0091,2026-07-19,S005,P1029,1,119.63,5,ship_from_store,Y,,legacy,data/raw/orders/2026-07-19/orders.csv,2026-07-19,,,,,P1029,legacy_original,True,P1029,FieldRunner Storm Kit Battery Pack 228,emergency,battery pack,Blue Ridge Works,,,,,FieldRunner Storm Kit Battery Pack 228,emergency,battery pack,Blue Ridge Works
20260719-0092,2026-07-19,S002,P1070,2,202.52,0,in_store,Y,,legacy,data/raw/orders/2026-07-19/orders.csv,2026-07-19,,,,,P1070,legacy_original,True,P1070,TrailRover Weekend Patio Heater 269,patio,patio heater,Summit Finch,,,,,TrailRover Weekend Patio Heater 269,patio,patio heater,Summit Finch
20260719-0093,2026-07-19,S007,P1023,1,127.3,10,in_store,Y,,legacy,data/raw/orders/2026-07-19/orders.csv,2026-07-19,,,,,P1023,legacy_original,True,P1023,HearthRambler Expedition Flashlight 222,emergency,flashlight,Switchback Supply,,,,,HearthRambler Expedition Flashlight 222,emergency,flashlight,Switchback Supply
20260719-0094,2026-07-19,S004,P1030,1,113.63,10,in_store,Y,,legacy,data/raw/orders/2026-07-19/orders.csv,2026-07-19,,,,,P1030,legacy_original,True,P1030,SwitchbackRover 20oz Tumbler 229,hydration,insulated tumbler,Summit Finch,,,,,SwitchbackRover 20oz Tumbler 229,hydration,insulated tumbler,Summit Finch
20260719-0095,2026-07-19,S006,P1067,2,266.98,0,in_store,Y,,legacy,data/raw/orders/2026-07-19/orders.csv,2026-07-19,,,,,P1067,legacy_original,True,P1067,CreekRambler Alpine Jacket 266,outerwear,rain shell,Creekline,,,,,CreekRambler Alpine Jacket 266,outerwear,rain shell,Creekline
20260719-0096,2026-07-19,S003,P1035,1,140.34,5,in_store,Y,,legacy,data/raw/orders/2026-07-19/orders.csv,2026-07-19,,,,,P1035,legacy_original,True,P1035,CreekRambler Rechargeable Flashlight 234,emergency,flashlight,Creekline,,,,,CreekRambler Rechargeable Flashlight 234,emergency,flashlight,Creekline
20260719-0097,2026-07-19,S004,P1010,1,524.81,5,pickup,N,,legacy,data/raw/orders/2026-07-19/orders.csv,2026-07-19,,,,,P1010,legacy_original,True,P1010,VistaRover Deluxe Patio Heater 209,patio,patio heater,Highland Ember,,,,,VistaRover Deluxe Patio Heater 209,patio,patio heater,Highland Ember
20260719-0098,2026-07-19,S008,P1041,1,43.68,20,pickup,Y,,legacy,data/raw/orders/2026-07-19/orders.csv,2026-07-19,,,,,P1041,legacy_original,True,P1041,PineRunner Mini Battery Pack 240,emergency,battery pack,Rocky Top Outfitters,,,,,PineRunner Mini Battery Pack 240,emergency,battery pack,Rocky Top Outfitters
20260719-0099,2026-07-19,S004,P1035,1,147.73,0,in_store,N,,legacy,data/raw/orders/2026-07-19/orders.csv,2026-07-19,,,,,P1035,legacy_original,True,P1035,CreekRambler Rechargeable Flashlight 234,emergency,flashlight,Creekline,,,,,CreekRambler Rechargeable Flashlight 234,emergency,flashlight,Creekline
20260719-0100,2026-07-19,S008,P1037,2,91.75,0,in_store,Y,,legacy,data/raw/orders/2026-07-19/orders.csv,2026-07-19,,,,,P1037,legacy_original,True,P1037,EmberRunner Packable Jacket 236,outerwear,rain shell,Blue Ridge Works,,,,,EmberRunner Packable Jacket 236,outerwear,rain shell,Blue Ridge Works
20260719-0101,2026-07-19,S003,P1028,3,647.52,0,in_store,Y,,legacy,data/raw/orders/2026-07-19/orders.csv,2026-07-19,,,,,P1028,legacy_original,True,P1028,CloudNomad Compact Cooler 227,patio,cooler,Moss & Mile,,,,,CloudNomad Compact Cooler 227,patio,cooler,Moss & Mile
20260719-0102,2026-07-19,S005,P1021,2,58.99,20,ship_from_store,Y,,legacy,data/raw/orders/2026-07-19/orders.csv,2026-07-19,,,,,P1021,legacy_original,True,P1021,EmberRunner Basecamp Tent 220,camping,tent,Blue Ridge Works,,,,,EmberRunner Basecamp Tent 220,camping,tent,Blue Ridge Works
20260719-0103,2026-07-19,S005,P1014,4,184.2,10,in_store,Y,,legacy,data/raw/orders/2026-07-19/orders.csv,2026-07-19,,,,,P1014,legacy_original,True,P1014,SwitchbackRover Wide Trail Shoes 213,footwear,trail shoes,Summit Finch,,,,,SwitchbackRover Wide Trail Shoes 213,footwear,trail shoes,Summit Finch
20260719-0104,2026-07-19,S003,P1040,2,92.49,15,pickup,Y,,legacy,data/raw/orders/2026-07-19/orders.csv,2026-07-19,,,,,P1040,legacy_original,True,P1040,CanyonNomad XL Cooler 239,patio,cooler,TrailForge,,,,,CanyonNomad XL Cooler 239,patio,cooler,TrailForge
20260719-0105,2026-07-19,S001,P1020,1,211.48,0,in_store,Y,,legacy,data/raw/orders/2026-07-19/orders.csv,2026-07-19,,,,,P1020,legacy_original,True,P1020,StormNomad Approach Trail Shoes 219,footwear,trail shoes,Moss & Mile,,,,,StormNomad Approach Trail Shoes 219,footwear,trail shoes,Moss & Mile
20260719-0106,2026-07-19,S005,P1056,4,144.01,0,ship_from_store,N,,legacy,data/raw/orders/2026-07-19/orders.csv,2026-07-19,,,,,P1056,legacy_original,True,P1056,CanyonNomad Waterproof Trail Shoes 255,footwear,trail shoes,TrailForge,,,,,CanyonNomad Waterproof Trail Shoes 255,footwear,trail shoes,TrailForge
20260719-0107,2026-07-19,S008,P1001,1,130.82,0,in_store,Y,,legacy,data/raw/orders/2026-07-19/orders.csv,2026-07-19,,,,,P1001,legacy_original,True,P1001,SummitRunner Lightweight Jacket 200,outerwear,rain shell,Rocky Top Outfitters,,,,,SummitRunner Lightweight Jacket 200,outerwear,rain shell,Rocky Top Outfitters
20260719-0108,2026-07-19,S006,P1058,1,263.59,0,in_store,N,,legacy,data/raw/orders/2026-07-19/orders.csv,2026-07-19,,,,,P1058,legacy_original,True,P1058,VistaRover Deluxe Patio Heater 257,patio,patio heater,Highland Ember,,,,,VistaRover Deluxe Patio Heater 257,patio,patio heater,Highland Ember
20260719-0109,2026-07-19,S008,P1036,1,134.06,15,in_store,N,,legacy,data/raw/orders/2026-07-19/orders.csv,2026-07-19,,,,,P1036,legacy_original,True,P1036,StormNomad 32oz Tumbler 235,hydration,insulated tumbler,Moss & Mile,,,,,StormNomad 32oz Tumbler 235,hydration,insulated tumbler,Moss & Mile
20260719-0110,2026-07-19,S003,P1002,4,203.43,0,in_store,N,,legacy,data/raw/orders/2026-07-19/orders.csv,2026-07-19,,,,,P1002,legacy_original,True,P1002,RidgeRover Mid Trail Shoes 201,footwear,trail shoes,Highland Ember,,,,,RidgeRover Mid Trail Shoes 201,footwear,trail shoes,Highland Ember
20260719-0111,2026-07-19,S004,P1064,1,583.73,5,in_store,N,,legacy,data/raw/orders/2026-07-19/orders.csv,2026-07-19,,,,,P1064,legacy_original,True,P1064,PeakNomad XL Cooler 263,patio,cooler,TrailForge,,,,,PeakNomad XL Cooler 263,patio,cooler,TrailForge
20260719-0112,2026-07-19,S003,P1044,3,170.33,10,in_store,N,,legacy,data/raw/orders/2026-07-19/orders.csv,2026-07-19,,,,,P1044,legacy_original,True,P1044,CloudNomad Approach Trail Shoes 243,footwear,trail shoes,Moss & Mile,,,,,CloudNomad Approach Trail Shoes 243,footwear,trail shoes,Moss & Mile
20260719-0113,2026-07-19,S003,P1040,2,108.81,0,ship_from_store,Y,,legacy,data/raw/orders/2026-07-19/orders.csv,2026-07-19,,,,,P1040,legacy_original,True,P1040,CanyonNomad XL Cooler 239,patio,cooler,TrailForge,,,,,CanyonNomad XL Cooler 239,patio,cooler,TrailForge
20260719-0114,2026-07-19,S004,P1058,2,237.23,10,ship_from_store,N,,legacy,data/raw/orders/2026-07-19/orders.csv,2026-07-19,,,,,P1058,legacy_original,True,P1058,VistaRover Deluxe Patio Heater 257,patio,patio heater,Highland Ember,,,,,VistaRover Deluxe Patio Heater 257,patio,patio heater,Highland Ember
20260719-0115,2026-07-19,S003,P1078,2,146.35,0,in_store,Y,,legacy,data/raw/orders/2026-07-19/orders.csv,2026-07-19,,,,,P1078,legacy_original,True,P1078,SwitchbackRover 20oz Tumbler 277,hydration,insulated tumbler,Summit Finch,,,,,SwitchbackRover 20oz Tumbler 277,hydration,insulated tumbler,Summit Finch
20260719-0116,2026-07-19,S003,P1049,1,188.71,15,in_store,Y,,legacy,data/raw/orders/2026-07-19/orders.csv,2026-07-19,,,,,P1049,legacy_original,True,P1049,SummitRunner Lightweight Jacket 248,outerwear,rain shell,Rocky Top Outfitters,,,,,SummitRunner Lightweight Jacket 248,outerwear,rain shell,Rocky Top Outfitters
20260719-0117,2026-07-19,S001,P1036,1,134.06,15,pickup,Y,,legacy,data/raw/orders/2026-07-19/orders.csv,2026-07-19,,,,,P1036,legacy_original,True,P1036,StormNomad 32oz Tumbler 235,hydration,insulated tumbler,Moss & Mile,,,,,StormNomad 32oz Tumbler 235,hydration,insulated tumbler,Moss & Mile
20260719-0118,2026-07-19,S001,P1076,2,686.08,0,pickup,N,,legacy,data/raw/orders/2026-07-19/orders.csv,2026-07-19,,,,,P1076,legacy_original,True,P1076,CloudNomad Compact Cooler 275,patio,cooler,Moss & Mile,,,,,CloudNomad Compact Cooler 275,patio,cooler,Moss & Mile
20260719-0119,2026-07-19,S001,P1075,3,156.96,5,ship_from_store,Y,,legacy,data/raw/orders/2026-07-19/orders.csv,2026-07-19,,,,,P1075,legacy_original,True,P1075,BoulderRambler 2P Camp Chair 274,camping,camp chair,Creekline,,,,,BoulderRambler 2P Camp Chair 274,camping,camp chair,Creekline
20260719-0120,2026-07-19,S005,P1036,1,126.18,20,ship_from_store,N,,legacy,data/raw/orders/2026-07-19/orders.csv,2026-07-19,,,,,P1036,legacy_original,True,P1036,StormNomad 32oz Tumbler 235,hydration,insulated tumbler,Moss & Mile,,,,,StormNomad 32oz Tumbler 235,hydration,insulated tumbler,Moss & Mile
20260719-0121,2026-07-19,S007,P1050,4,75.31,0,ship_from_store,Y,,legacy,data/raw/orders/2026-07-19/orders.csv,2026-07-19,,,,,P1050,legacy_original,True,P1050,RidgeRover Mid Trail Shoes 249,footwear,trail shoes,Highland Ember,,,,,RidgeRover Mid Trail Shoes 249,footwear,trail shoes,Highland Ember
20260719-0122,2026-07-19,S004,P1073,3,106.52,15,ship_from_store,Y,,legacy,data/raw/orders/2026-07-19/orders.csv,2026-07-19,,,,,P1073,legacy_original,True,P1073,PineRunner Lightweight Jacket 272,outerwear,rain shell,Rocky Top Outfitters,,,,,PineRunner Lightweight Jacket 272,outerwear,rain shell,Rocky Top Outfitters
20260719-0123,2026-07-19,S003,P1076,1,548.86,20,in_store,Y,,legacy,data/raw/orders/2026-07-19/orders.csv,2026-07-19,,,,,P1076,legacy_original,True,P1076,CloudNomad Compact Cooler 275,patio,cooler,Moss & Mile,,,,,CloudNomad Compact Cooler 275,patio,cooler,Moss & Mile
20260719-0124,2026-07-19,S003,P1004,3,109.9,0,in_store,Y,,legacy,data/raw/orders/2026-07-19/orders.csv,2026-07-19,,,,,P1004,legacy_original,True,P1004,StormNomad Compact Cooler 203,patio,cooler,Moss & Mile,,,,,StormNomad Compact Cooler 203,patio,cooler,Moss & Mile
20260719-0125,2026-07-19,S001,P1014,1,194.44,5,in_store,Y,,legacy,data/raw/orders/2026-07-19/orders.csv,2026-07-19,,,,,P1014,legacy_original,True,P1014,SwitchbackRover Wide Trail Shoes 213,footwear,trail shoes,Summit Finch,,,,,SwitchbackRover Wide Trail Shoes 213,footwear,trail shoes,Summit Finch
20260719-0126,2026-07-19,S004,P1022,1,310.97,20,ship_from_store,N,,legacy,data/raw/orders/2026-07-19/orders.csv,2026-07-19,,,,,P1022,legacy_original,True,P1022,TrailRover Weekend Patio Heater 221,patio,patio heater,Summit Finch,,,,,TrailRover Weekend Patio Heater 221,patio,patio heater,Summit Finch
20260719-0127,2026-07-19,S006,P1027,1,92.03,0,pickup,Y,,legacy,data/raw/orders/2026-07-19/orders.csv,2026-07-19,,,,,P1027,legacy_original,True,P1027,BoulderRambler 2P Camp Chair 226,camping,camp chair,Creekline,,,,,BoulderRambler 2P Camp Chair 226,camping,camp chair,Creekline
20260719-0128,2026-07-19,S006,P1072,3,134.29,0,in_store,Y,,legacy,data/raw/orders/2026-07-19/orders.csv,2026-07-19,,,,,P1072,legacy_original,True,P1072,CanyonNomad Travel Tumbler 271,hydration,insulated tumbler,TrailForge,,,,,CanyonNomad Travel Tumbler 271,hydration,insulated tumbler,TrailForge
20260719-0129,2026-07-19,S002,P1080,2,143.0,0,in_store,N,,legacy,data/raw/orders/2026-07-19/orders.csv,2026-07-19,,,,,P1080,legacy_original,True,P1080,PeakNomad Waterproof Trail Shoes 279,footwear,trail shoes,TrailForge,,,,,PeakNomad Waterproof Trail Shoes 279,footwear,trail shoes,TrailForge
20260719-0130,2026-07-19,S008,P1053,3,92.25,15,ship_from_store,N,,legacy,data/raw/orders/2026-07-19/orders.csv,2026-07-19,,,,,P1053,legacy_original,True,P1053,EmberRunner Storm Kit Battery Pack 252,emergency,battery pack,Blue Ridge Works,,,,,EmberRunner Storm Kit Battery Pack 252,emergency,battery pack,Blue Ridge Works
20260719-0131,2026-07-19,S002,P1001,3,130.82,0,ship_from_store,Y,,legacy,data/raw/orders/2026-07-19/orders.csv,2026-07-19,,,,,P1001,legacy_original,True,P1001,SummitRunner Lightweight Jacket 200,outerwear,rain shell,Rocky Top Outfitters,,,,,SummitRunner Lightweight Jacket 200,outerwear,rain shell,Rocky Top Outfitters
20260719-0132,2026-07-19,S006,P1044,1,189.25,0,in_store,Y,,legacy,data/raw/orders/2026-07-19/orders.csv,2026-07-19,,,,,P1044,legacy_original,True,P1044,CloudNomad Approach Trail Shoes 243,footwear,trail shoes,Moss & Mile,,,,,CloudNomad Approach Trail Shoes 243,footwear,trail shoes,Moss & Mile
20260719-0133,2026-07-19,S006,P1021,2,70.05,5,pickup,N,,legacy,data/raw/orders/2026-07-19/orders.csv,2026-07-19,,,,,P1021,legacy_original,True,P1021,EmberRunner Basecamp Tent 220,camping,tent,Blue Ridge Works,,,,,EmberRunner Basecamp Tent 220,camping,tent,Blue Ridge Works
20260719-0134,2026-07-19,S003,P1030,1,126.26,0,ship_from_store,Y,,legacy,data/raw/orders/2026-07-19/orders.csv,2026-07-19,,,,,P1030,legacy_original,True,P1030,SwitchbackRover 20oz Tumbler 229,hydration,insulated tumbler,Summit Finch,,,,,SwitchbackRover 20oz Tumbler 229,hydration,insulated tumbler,Summit Finch
20260719-0135,2026-07-19,S005,P1004,2,109.9,0,in_store,N,,legacy,data/raw/orders/2026-07-19/orders.csv,2026-07-19,,,,,P1004,legacy_original,True,P1004,StormNomad Compact Cooler 203,patio,cooler,Moss & Mile,,,,,StormNomad Compact Cooler 203,patio,cooler,Moss & Mile
20260719-0136,2026-07-19,S003,P1048,1,70.28,0,in_store,Y,,legacy,data/raw/orders/2026-07-19/orders.csv,2026-07-19,,,,,P1048,legacy_original,True,P1048,PeakNomad Travel Tumbler 247,hydration,insulated tumbler,TrailForge,,,,,PeakNomad Travel Tumbler 247,hydration,insulated tumbler,TrailForge
20260719-0137,2026-07-19,S003,P1042,2,115.25,0,in_store,Y,,legacy,data/raw/orders/2026-07-19/orders.csv,2026-07-19,,,,,P1042,legacy_original,True,P1042,VistaRover Trail Tumbler 241,hydration,insulated tumbler,Highland Ember,,,,,VistaRover Trail Tumbler 241,hydration,insulated tumbler,Highland Ember
20260719-0138,2026-07-19,S008,P1077,2,95.15,0,in_store,Y,,legacy,data/raw/orders/2026-07-19/orders.csv,2026-07-19,,,,,P1077,legacy_original,True,P1077,FieldRunner Storm Kit Battery Pack 276,emergency,battery pack,Blue Ridge Works,,,,,FieldRunner Storm Kit Battery Pack 276,emergency,battery pack,Blue Ridge Works
20260719-0139,2026-07-19,S006,P1068,3,68.78,15,pickup,Y,,legacy,data/raw/orders/2026-07-19/orders.csv,2026-07-19,,,,,P1068,legacy_original,True,P1068,StormNomad Approach Trail Shoes 267,footwear,trail shoes,Moss & Mile,,,,,StormNomad Approach Trail Shoes 267,footwear,trail shoes,Moss & Mile
20260719-0140,2026-07-19,S001,P1008,2,175.5,0,in_store,Y,,legacy,data/raw/orders/2026-07-19/orders.csv,2026-07-19,,,,,P1008,legacy_original,True,P1008,CanyonNomad Waterproof Trail Shoes 207,footwear,trail shoes,TrailForge,,,,,CanyonNomad Waterproof Trail Shoes 207,footwear,trail shoes,TrailForge
20260719-0141,2026-07-19,S008,P1044,2,189.25,0,ship_from_store,Y,,legacy,data/raw/orders/2026-07-19/orders.csv,2026-07-19,,,,,P1044,legacy_original,True,P1044,CloudNomad Approach Trail Shoes 243,footwear,trail shoes,Moss & Mile,,,,,CloudNomad Approach Trail Shoes 243,footwear,trail shoes,Moss & Mile
20260719-0142,2026-07-19,S002,P1073,2,125.32,0,in_store,Y,,legacy,data/raw/orders/2026-07-19/orders.csv,2026-07-19,,,,,P1073,legacy_original,True,P1073,PineRunner Lightweight Jacket 272,outerwear,rain shell,Rocky Top Outfitters,,,,,PineRunner Lightweight Jacket 272,outerwear,rain shell,Rocky Top Outfitters
20260719-0143,2026-07-19,S006,P1066,1,104.88,0,ship_from_store,Y,,legacy,data/raw/orders/2026-07-19/orders.csv,2026-07-19,,,,,P1066,legacy_original,True,P1066,RidgeRover Trail Tumbler 265,hydration,insulated tumbler,Highland Ember,,,,,RidgeRover Trail Tumbler 265,hydration,insulated tumbler,Highland Ember
20260719-0144,2026-07-19,S006,P1032,2,194.08,0,pickup,Y,,legacy,data/raw/orders/2026-07-19/orders.csv,2026-07-19,,,,,P1032,legacy_original,True,P1032,PeakNomad Waterproof Trail Shoes 231,footwear,trail shoes,TrailForge,,,,,PeakNomad Waterproof Trail Shoes 231,footwear,trail shoes,TrailForge
20260719-0145,2026-07-19,S003,P1052,2,350.02,10,in_store,Y,,legacy,data/raw/orders/2026-07-19/orders.csv,2026-07-19,,,,,P1052,legacy_original,True,P1052,StormNomad Compact Cooler 251,patio,cooler,Moss & Mile,,,,,StormNomad Compact Cooler 251,patio,cooler,Moss & Mile
20260719-0146,2026-07-19,S003,P1022,2,388.71,0,in_store,Y,,legacy,data/raw/orders/2026-07-19/orders.csv,2026-07-19,,,,,P1022,legacy_original,True,P1022,TrailRover Weekend Patio Heater 221,patio,patio heater,Summit Finch,,,,,TrailRover Weekend Patio Heater 221,patio,patio heater,Summit Finch
20260719-0147,2026-07-19,S003,P1063,4,75.92,5,in_store,Y,,legacy,data/raw/orders/2026-07-19/orders.csv,2026-07-19,,,,,P1063,legacy_original,True,P1063,MoonRambler Ultralight Camp Chair 262,camping,camp chair,Switchback Supply,,,,,MoonRambler Ultralight Camp Chair 262,camping,camp chair,Switchback Supply
20260719-0148,2026-07-19,S004,P1031,3,173.53,0,ship_from_store,Y,,legacy,data/raw/orders/2026-07-19/orders.csv,2026-07-19,,,,,P1031,legacy_original,True,P1031,MoonRambler Stormproof Jacket 230,outerwear,rain shell,Switchback Supply,,,,,MoonRambler Stormproof Jacket 230,outerwear,rain shell,Switchback Supply
20260719-0149,2026-07-19,S003,P1027,1,92.03,0,in_store,Y,,legacy,data/raw/orders/2026-07-19/orders.csv,2026-07-19,,,,,P1027,legacy_original,True,P1027,BoulderRambler 2P Camp Chair 226,camping,camp chair,Creekline,,,,,BoulderRambler 2P Camp Chair 226,camping,camp chair,Creekline
20260719-0150,2026-07-19,S004,P1005,2,111.54,0,ship_from_store,N,,legacy,data/raw/orders/2026-07-19/orders.csv,2026-07-19,,,,,P1005,legacy_original,True,P1005,EmberRunner Storm Kit Battery Pack 204,emergency,battery pack,Blue Ridge Works,,,,,EmberRunner Storm Kit Battery Pack 204,emergency,battery pack,Blue Ridge Works
20260719-0151,2026-07-19,S007,P1039,1,367.84,0,pickup,Y,,legacy,data/raw/orders/2026-07-19/orders.csv,2026-07-19,,,,,P1039,legacy_original,True,P1039,HearthRambler Ultralight Camp Chair 238,camping,camp chair,Switchback Supply,,,,,HearthRambler Ultralight Camp Chair 238,camping,camp chair,Switchback Supply
20260719-0152,2026-07-19,S002,P1048,1,70.28,0,in_store,N,,legacy,data/raw/orders/2026-07-19/orders.csv,2026-07-19,,,,,P1048,legacy_original,True,P1048,PeakNomad Travel Tumbler 247,hydration,insulated tumbler,TrailForge,,,,,PeakNomad Travel Tumbler 247,hydration,insulated tumbler,TrailForge
20260719-0153,2026-07-19,S007,P1040,1,87.05,20,in_store,Y,,legacy,data/raw/orders/2026-07-19/orders.csv,2026-07-19,,,,,P1040,legacy_original,True,P1040,CanyonNomad XL Cooler 239,patio,cooler,TrailForge,,,,,CanyonNomad XL Cooler 239,patio,cooler,TrailForge
20260719-0154,2026-07-19,S001,P1043,1,192.8,20,in_store,N,,legacy,data/raw/orders/2026-07-19/orders.csv,2026-07-19,,,,,P1043,legacy_original,True,P1043,BoulderRambler Alpine Jacket 242,outerwear,rain shell,Creekline,,,,,BoulderRambler Alpine Jacket 242,outerwear,rain shell,Creekline
20260719-0155,2026-07-19,S004,P1073,1,125.32,0,in_store,Y,,legacy,data/raw/orders/2026-07-19/orders.csv,2026-07-19,,,,,P1073,legacy_original,True,P1073,PineRunner Lightweight Jacket 272,outerwear,rain shell,Rocky Top Outfitters,,,,,PineRunner Lightweight Jacket 272,outerwear,rain shell,Rocky Top Outfitters
20260719-0156,2026-07-19,S005,P1031,4,164.85,5,in_store,Y,,legacy,data/raw/orders/2026-07-19/orders.csv,2026-07-19,,,,,P1031,legacy_original,True,P1031,MoonRambler Stormproof Jacket 230,outerwear,rain shell,Switchback Supply,,,,,MoonRambler Stormproof Jacket 230,outerwear,rain shell,Switchback Supply
20260719-0157,2026-07-19,S004,P1037,1,91.75,0,in_store,Y,,legacy,data/raw/orders/2026-07-19/orders.csv,2026-07-19,,,,,P1037,legacy_original,True,P1037,EmberRunner Packable Jacket 236,outerwear,rain shell,Blue Ridge Works,,,,,EmberRunner Packable Jacket 236,outerwear,rain shell,Blue Ridge Works
20260719-0158,2026-07-19,S003,P1048,1,70.28,0,in_store,N,,legacy,data/raw/orders/2026-07-19/orders.csv,2026-07-19,,,,,P1048,legacy_original,True,P1048,PeakNomad Travel Tumbler 247,hydration,insulated tumbler,TrailForge,,,,,PeakNomad Travel Tumbler 247,hydration,insulated tumbler,TrailForge
20260719-0159,2026-07-19,S007,P1036,1,126.18,20,in_store,Y,,legacy,data/raw/orders/2026-07-19/orders.csv,2026-07-19,,,,,P1036,legacy_original,True,P1036,StormNomad 32oz Tumbler 235,hydration,insulated tumbler,Moss & Mile,,,,,StormNomad 32oz Tumbler 235,hydration,insulated tumbler,Moss & Mile
20260719-0160,2026-07-19,S003,P1060,1,146.67,5,in_store,Y,,legacy,data/raw/orders/2026-07-19/orders.csv,2026-07-19,,,,,P1060,legacy_original,True,P1060,CloudNomad 32oz Tumbler 259,hydration,insulated tumbler,Moss & Mile,,,,,CloudNomad 32oz Tumbler 259,hydration,insulated tumbler,Moss & Mile
20260719-0161,2026-07-19,S008,P1014,2,173.97,15,in_store,Y,,legacy,data/raw/orders/2026-07-19/orders.csv,2026-07-19,,,,,P1014,legacy_original,True,P1014,SwitchbackRover Wide Trail Shoes 213,footwear,trail shoes,Summit Finch,,,,,SwitchbackRover Wide Trail Shoes 213,footwear,trail shoes,Summit Finch
20260719-0162,2026-07-19,S007,P1003,1,448.98,0,pickup,Y,,legacy,data/raw/orders/2026-07-19/orders.csv,2026-07-19,,,,,P1003,legacy_original,True,P1003,CreekRambler 2P Camp Chair 202,camping,camp chair,Creekline,,,,,CreekRambler 2P Camp Chair 202,camping,camp chair,Creekline
20260719-0163,2026-07-19,S003,P1035,2,147.73,0,in_store,Y,,legacy,data/raw/orders/2026-07-19/orders.csv,2026-07-19,,,,,P1035,legacy_original,True,P1035,CreekRambler Rechargeable Flashlight 234,emergency,flashlight,Creekline,,,,,CreekRambler Rechargeable Flashlight 234,emergency,flashlight,Creekline
20260719-0164,2026-07-19,S007,P1031,2,173.53,0,in_store,Y,,legacy,data/raw/orders/2026-07-19/orders.csv,2026-07-19,,,,,P1031,legacy_original,True,P1031,MoonRambler Stormproof Jacket 230,outerwear,rain shell,Switchback Supply,,,,,MoonRambler Stormproof Jacket 230,outerwear,rain shell,Switchback Supply
20260719-0165,2026-07-19,S007,P1020,3,190.33,10,in_store,Y,,legacy,data/raw/orders/2026-07-19/orders.csv,2026-07-19,,,,,P1020,legacy_original,True,P1020,StormNomad Approach Trail Shoes 219,footwear,trail shoes,Moss & Mile,,,,,StormNomad Approach Trail Shoes 219,footwear,trail shoes,Moss & Mile
20260719-0166,2026-07-19,S001,P1006,2,50.32,10,pickup,Y,,legacy,data/raw/orders/2026-07-19/orders.csv,2026-07-19,,,,,P1006,legacy_original,True,P1006,TrailRover 20oz Tumbler 205,hydration,insulated tumbler,Summit Finch,,,,,TrailRover 20oz Tumbler 205,hydration,insulated tumbler,Summit Finch
20260719-0167,2026-07-19,S003,P1047,1,56.9,0,in_store,Y,,legacy,data/raw/orders/2026-07-19/orders.csv,2026-07-19,,,,,P1047,legacy_original,True,P1047,MoonRambler Expedition Flashlight 246,emergency,flashlight,Switchback Supply,,,,,MoonRambler Expedition Flashlight 246,emergency,flashlight,Switchback Supply
20260720-0001,2026-07-20,S006,P1055,2,222.06,20,pickup,Y,,legacy,data/raw/orders/2026-07-20/orders.csv,2026-07-20,,,,,P1055,legacy_original,True,P1055,HearthRambler Stormproof Jacket 254,outerwear,rain shell,Switchback Supply,,,,,HearthRambler Stormproof Jacket 254,outerwear,rain shell,Switchback Supply
20260720-0002,2026-07-20,S005,P1042,1,92.2,20,in_store,N,,legacy,data/raw/orders/2026-07-20/orders.csv,2026-07-20,,,,,P1042,legacy_original,True,P1042,VistaRover Trail Tumbler 241,hydration,insulated tumbler,Highland Ember,,,,,VistaRover Trail Tumbler 241,hydration,insulated tumbler,Highland Ember
20260720-0003,2026-07-20,S002,P1010,2,497.19,10,pickup,Y,,legacy,data/raw/orders/2026-07-20/orders.csv,2026-07-20,,,,,P1010,legacy_original,True,P1010,VistaRover Deluxe Patio Heater 209,patio,patio heater,Highland Ember,,,,,VistaRover Deluxe Patio Heater 209,patio,patio heater,Highland Ember
20260720-0004,2026-07-20,S003,P1015,1,191.87,0,pickup,Y,,legacy,data/raw/orders/2026-07-20/orders.csv,2026-07-20,,,,,P1015,legacy_original,True,P1015,MoonRambler Ultralight Camp Chair 214,camping,camp chair,Switchback Supply,,,,,MoonRambler Ultralight Camp Chair 214,camping,camp chair,Switchback Supply
20260720-0005,2026-07-20,S002,P1004,2,104.41,5,pickup,Y,,legacy,data/raw/orders/2026-07-20/orders.csv,2026-07-20,,,,,P1004,legacy_original,True,P1004,StormNomad Compact Cooler 203,patio,cooler,Moss & Mile,,,,,StormNomad Compact Cooler 203,patio,cooler,Moss & Mile
20260720-0006,2026-07-20,S008,P1065,3,112.86,0,in_store,Y,,legacy,data/raw/orders/2026-07-20/orders.csv,2026-07-20,,,,,P1065,legacy_original,True,P1065,SummitRunner Mini Battery Pack 264,emergency,battery pack,Rocky Top Outfitters,,,,,SummitRunner Mini Battery Pack 264,emergency,battery pack,Rocky Top Outfitters
20260720-0007,2026-07-20,S001,P1048,4,70.28,0,ship_from_store,Y,,legacy,data/raw/orders/2026-07-20/orders.csv,2026-07-20,,,,,P1048,legacy_original,True,P1048,PeakNomad Travel Tumbler 247,hydration,insulated tumbler,TrailForge,,,,,PeakNomad Travel Tumbler 247,hydration,insulated tumbler,TrailForge
20260720-0008,2026-07-20,S006,P1054,2,70.68,0,in_store,Y,,legacy,data/raw/orders/2026-07-20/orders.csv,2026-07-20,,,,,P1054,legacy_original,True,P1054,TrailRover 20oz Tumbler 253,hydration,insulated tumbler,Summit Finch,,,,,TrailRover 20oz Tumbler 253,hydration,insulated tumbler,Summit Finch
20260720-0009,2026-07-20,S006,P1035,2,118.18,20,in_store,Y,,legacy,data/raw/orders/2026-07-20/orders.csv,2026-07-20,,,,,P1035,legacy_original,True,P1035,CreekRambler Rechargeable Flashlight 234,emergency,flashlight,Creekline,,,,,CreekRambler Rechargeable Flashlight 234,emergency,flashlight,Creekline
20260720-0010,2026-07-20,S008,P1007,1,112.42,0,in_store,N,,legacy,data/raw/orders/2026-07-20/orders.csv,2026-07-20,,,,,P1007,legacy_original,True,P1007,HearthRambler Stormproof Jacket 206,outerwear,rain shell,Switchback Supply,,,,,HearthRambler Stormproof Jacket 206,outerwear,rain shell,Switchback Supply
20260720-0011,2026-07-20,S001,P1025,1,112.14,10,in_store,Y,,legacy,data/raw/orders/2026-07-20/orders.csv,2026-07-20,,,,,P1025,legacy_original,True,P1025,PineRunner Lightweight Jacket 224,outerwear,rain shell,Rocky Top Outfitters,,,,,PineRunner Lightweight Jacket 224,outerwear,rain shell,Rocky Top Outfitters
20260720-0012,2026-07-20,S003,P1060,1,154.39,0,ship_from_store,Y,,legacy,data/raw/orders/2026-07-20/orders.csv,2026-07-20,,,,,P1060,legacy_original,True,P1060,CloudNomad 32oz Tumbler 259,hydration,insulated tumbler,Moss & Mile,,,,,CloudNomad 32oz Tumbler 259,hydration,insulated tumbler,Moss & Mile
20260720-0013,2026-07-20,S006,P1044,3,151.4,20,pickup,Y,,legacy,data/raw/orders/2026-07-20/orders.csv,2026-07-20,,,,,P1044,legacy_original,True,P1044,CloudNomad Approach Trail Shoes 243,footwear,trail shoes,Moss & Mile,,,,,CloudNomad Approach Trail Shoes 243,footwear,trail shoes,Moss & Mile
20260720-0014,2026-07-20,S001,P1022,1,388.71,0,ship_from_store,Y,,legacy,data/raw/orders/2026-07-20/orders.csv,2026-07-20,,,,,P1022,legacy_original,True,P1022,TrailRover Weekend Patio Heater 221,patio,patio heater,Summit Finch,,,,,TrailRover Weekend Patio Heater 221,patio,patio heater,Summit Finch
20260720-0015,2026-07-20,S008,P1006,4,47.52,15,pickup,Y,,legacy,data/raw/orders/2026-07-20/orders.csv,2026-07-20,,,,,P1006,legacy_original,True,P1006,TrailRover 20oz Tumbler 205,hydration,insulated tumbler,Summit Finch,,,,,TrailRover 20oz Tumbler 205,hydration,insulated tumbler,Summit Finch
20260720-0016,2026-07-20,S006,P1011,2,133.07,0,pickup,Y,,legacy,data/raw/orders/2026-07-20/orders.csv,2026-07-20,,,,,P1011,legacy_original,True,P1011,BoulderRambler Rechargeable Flashlight 210,emergency,flashlight,Creekline,,,,,BoulderRambler Rechargeable Flashlight 210,emergency,flashlight,Creekline
20260720-0017,2026-07-20,S001,P1041,4,43.68,20,in_store,Y,,legacy,data/raw/orders/2026-07-20/orders.csv,2026-07-20,,,,,P1041,legacy_original,True,P1041,PineRunner Mini Battery Pack 240,emergency,battery pack,Rocky Top Outfitters,,,,,PineRunner Mini Battery Pack 240,emergency,battery pack,Rocky Top Outfitters
20260720-0018,2026-07-20,S006,P1069,2,217.91,15,ship_from_store,Y,,legacy,data/raw/orders/2026-07-20/orders.csv,2026-07-20,,,,,P1069,legacy_original,True,P1069,EmberRunner Basecamp Tent 268,camping,tent,Blue Ridge Works,,,,,EmberRunner Basecamp Tent 268,camping,tent,Blue Ridge Works
20260720-0019,2026-07-20,S003,P1019,3,178.99,0,ship_from_store,Y,,legacy,data/raw/orders/2026-07-20/orders.csv,2026-07-20,,,,,P1019,legacy_original,True,P1019,CreekRambler Alpine Jacket 218,outerwear,rain shell,Creekline,,,,,CreekRambler Alpine Jacket 218,outerwear,rain shell,Creekline
20260720-0020,2026-07-20,S006,P1059,1,105.5,0,in_store,Y,,legacy,data/raw/orders/2026-07-20/orders.csv,2026-07-20,,,,,P1059,legacy_original,True,P1059,BoulderRambler Rechargeable Flashlight 258,emergency,flashlight,Creekline,,,,,BoulderRambler Rechargeable Flashlight 258,emergency,flashlight,Creekline
20260720-0021,2026-07-20,S006,P1037,2,73.4,20,in_store,Y,,legacy,data/raw/orders/2026-07-20/orders.csv,2026-07-20,,,,,P1037,legacy_original,True,P1037,EmberRunner Packable Jacket 236,outerwear,rain shell,Blue Ridge Works,,,,,EmberRunner Packable Jacket 236,outerwear,rain shell,Blue Ridge Works
20260720-0022,2026-07-20,S008,P1035,3,132.96,10,pickup,Y,,legacy,data/raw/orders/2026-07-20/orders.csv,2026-07-20,,,,,P1035,legacy_original,True,P1035,CreekRambler Rechargeable Flashlight 234,emergency,flashlight,Creekline,,,,,CreekRambler Rechargeable Flashlight 234,emergency,flashlight,Creekline
20260720-0023,2026-07-20,S006,P1045,2,330.99,5,in_store,Y,,legacy,data/raw/orders/2026-07-20/orders.csv,2026-07-20,,,,,P1045,legacy_original,True,P1045,FieldRunner Basecamp Tent 244,camping,tent,Blue Ridge Works,,,,,FieldRunner Basecamp Tent 244,camping,tent,Blue Ridge Works
20260720-0024,2026-07-20,S008,P1072,3,107.43,20,ship_from_store,Y,,legacy,data/raw/orders/2026-07-20/orders.csv,2026-07-20,,,,,P1072,legacy_original,True,P1072,CanyonNomad Travel Tumbler 271,hydration,insulated tumbler,TrailForge,,,,,CanyonNomad Travel Tumbler 271,hydration,insulated tumbler,TrailForge
20260720-0025,2026-07-20,S006,P1065,1,112.86,0,pickup,Y,,legacy,data/raw/orders/2026-07-20/orders.csv,2026-07-20,,,,,P1065,legacy_original,True,P1065,SummitRunner Mini Battery Pack 264,emergency,battery pack,Rocky Top Outfitters,,,,,SummitRunner Mini Battery Pack 264,emergency,battery pack,Rocky Top Outfitters
20260720-0026,2026-07-20,S001,P1020,1,179.76,15,in_store,Y,,legacy,data/raw/orders/2026-07-20/orders.csv,2026-07-20,,,,,P1020,legacy_original,True,P1020,StormNomad Approach Trail Shoes 219,footwear,trail shoes,Moss & Mile,,,,,StormNomad Approach Trail Shoes 219,footwear,trail shoes,Moss & Mile
20260720-0027,2026-07-20,S004,P1068,3,80.92,0,in_store,N,,legacy,data/raw/orders/2026-07-20/orders.csv,2026-07-20,,,,,P1068,legacy_original,True,P1068,StormNomad Approach Trail Shoes 267,footwear,trail shoes,Moss & Mile,,,,,StormNomad Approach Trail Shoes 267,footwear,trail shoes,Moss & Mile
20260720-0028,2026-07-20,S004,P1057,2,410.17,0,in_store,Y,,legacy,data/raw/orders/2026-07-20/orders.csv,2026-07-20,,,,,P1057,legacy_original,True,P1057,PineRunner 4P Tent 256,camping,tent,Rocky Top Outfitters,,,,,PineRunner 4P Tent 256,camping,tent,Rocky Top Outfitters
20260720-0029,2026-07-20,S001,P1034,4,143.53,15,pickup,Y,,legacy,data/raw/orders/2026-07-20/orders.csv,2026-07-20,,,,,P1034,legacy_original,True,P1034,RidgeRover Deluxe Patio Heater 233,patio,patio heater,Highland Ember,,,,,RidgeRover Deluxe Patio Heater 233,patio,patio heater,Highland Ember
20260720-0030,2026-07-20,S008,P1020,1,211.48,0,pickup,Y,,legacy,data/raw/orders/2026-07-20/orders.csv,2026-07-20,,,,,P1020,legacy_original,True,P1020,StormNomad Approach Trail Shoes 219,footwear,trail shoes,Moss & Mile,,,,,StormNomad Approach Trail Shoes 219,footwear,trail shoes,Moss & Mile
20260720-0031,2026-07-20,S002,P1029,1,113.34,10,ship_from_store,Y,,legacy,data/raw/orders/2026-07-20/orders.csv,2026-07-20,,,,,P1029,legacy_original,True,P1029,FieldRunner Storm Kit Battery Pack 228,emergency,battery pack,Blue Ridge Works,,,,,FieldRunner Storm Kit Battery Pack 228,emergency,battery pack,Blue Ridge Works
20260720-0032,2026-07-20,S002,P1053,1,108.53,0,pickup,N,,legacy,data/raw/orders/2026-07-20/orders.csv,2026-07-20,,,,,P1053,legacy_original,True,P1053,EmberRunner Storm Kit Battery Pack 252,emergency,battery pack,Blue Ridge Works,,,,,EmberRunner Storm Kit Battery Pack 252,emergency,battery pack,Blue Ridge Works
20260720-0033,2026-07-20,S006,P1066,1,83.9,20,in_store,Y,,legacy,data/raw/orders/2026-07-20/orders.csv,2026-07-20,,,,,P1066,legacy_original,True,P1066,RidgeRover Trail Tumbler 265,hydration,insulated tumbler,Highland Ember,,,,,RidgeRover Trail Tumbler 265,hydration,insulated tumbler,Highland Ember
20260720-0034,2026-07-20,S008,P1004,1,109.9,0,pickup,Y,,legacy,data/raw/orders/2026-07-20/orders.csv,2026-07-20,,,,,P1004,legacy_original,True,P1004,StormNomad Compact Cooler 203,patio,cooler,Moss & Mile,,,,,StormNomad Compact Cooler 203,patio,cooler,Moss & Mile
20260720-0035,2026-07-20,S006,P1042,3,109.49,5,pickup,Y,,legacy,data/raw/orders/2026-07-20/orders.csv,2026-07-20,,,,,P1042,legacy_original,True,P1042,VistaRover Trail Tumbler 241,hydration,insulated tumbler,Highland Ember,,,,,VistaRover Trail Tumbler 241,hydration,insulated tumbler,Highland Ember
20260720-0036,2026-07-20,S007,P1070,4,192.39,5,in_store,Y,,legacy,data/raw/orders/2026-07-20/orders.csv,2026-07-20,,,,,P1070,legacy_original,True,P1070,TrailRover Weekend Patio Heater 269,patio,patio heater,Summit Finch,,,,,TrailRover Weekend Patio Heater 269,patio,patio heater,Summit Finch
20260720-0037,2026-07-20,S003,P1055,3,277.57,0,ship_from_store,Y,,legacy,data/raw/orders/2026-07-20/orders.csv,2026-07-20,,,,,P1055,legacy_original,True,P1055,HearthRambler Stormproof Jacket 254,outerwear,rain shell,Switchback Supply,,,,,HearthRambler Stormproof Jacket 254,outerwear,rain shell,Switchback Supply
20260720-0038,2026-07-20,S001,P1080,1,143.0,0,in_store,Y,,legacy,data/raw/orders/2026-07-20/orders.csv,2026-07-20,,,,,P1080,legacy_original,True,P1080,PeakNomad Waterproof Trail Shoes 279,footwear,trail shoes,TrailForge,,,,,PeakNomad Waterproof Trail Shoes 279,footwear,trail shoes,TrailForge
20260720-0039,2026-07-20,S002,P1076,1,686.08,0,in_store,Y,,legacy,data/raw/orders/2026-07-20/orders.csv,2026-07-20,,,,,P1076,legacy_original,True,P1076,CloudNomad Compact Cooler 275,patio,cooler,Moss & Mile,,,,,CloudNomad Compact Cooler 275,patio,cooler,Moss & Mile
20260720-0040,2026-07-20,S001,P1038,2,157.5,20,pickup,Y,,legacy,data/raw/orders/2026-07-20/orders.csv,2026-07-20,,,,,P1038,legacy_original,True,P1038,TrailRover Wide Trail Shoes 237,footwear,trail shoes,Summit Finch,,,,,TrailRover Wide Trail Shoes 237,footwear,trail shoes,Summit Finch
20260720-0041,2026-07-20,S003,P1065,4,112.86,0,in_store,N,,legacy,data/raw/orders/2026-07-20/orders.csv,2026-07-20,,,,,P1065,legacy_original,True,P1065,SummitRunner Mini Battery Pack 264,emergency,battery pack,Rocky Top Outfitters,,,,,SummitRunner Mini Battery Pack 264,emergency,battery pack,Rocky Top Outfitters
20260720-0042,2026-07-20,S004,P1067,1,213.58,20,in_store,Y,,legacy,data/raw/orders/2026-07-20/orders.csv,2026-07-20,,,,,P1067,legacy_original,True,P1067,CreekRambler Alpine Jacket 266,outerwear,rain shell,Creekline,,,,,CreekRambler Alpine Jacket 266,outerwear,rain shell,Creekline
20260720-0043,2026-07-20,S003,P1068,2,68.78,15,pickup,Y,,legacy,data/raw/orders/2026-07-20/orders.csv,2026-07-20,,,,,P1068,legacy_original,True,P1068,StormNomad Approach Trail Shoes 267,footwear,trail shoes,Moss & Mile,,,,,StormNomad Approach Trail Shoes 267,footwear,trail shoes,Moss & Mile
20260720-0044,2026-07-20,S004,P1068,1,68.78,15,in_store,Y,,legacy,data/raw/orders/2026-07-20/orders.csv,2026-07-20,,,,,P1068,legacy_original,True,P1068,StormNomad Approach Trail Shoes 267,footwear,trail shoes,Moss & Mile,,,,,StormNomad Approach Trail Shoes 267,footwear,trail shoes,Moss & Mile
20260720-0045,2026-07-20,S008,P1033,1,161.04,15,ship_from_store,N,,legacy,data/raw/orders/2026-07-20/orders.csv,2026-07-20,,,,,P1033,legacy_original,True,P1033,SummitRunner 4P Tent 232,camping,tent,Rocky Top Outfitters,,,,,SummitRunner 4P Tent 232,camping,tent,Rocky Top Outfitters
20260720-0046,2026-07-20,S002,P1067,3,266.98,0,pickup,Y,,legacy,data/raw/orders/2026-07-20/orders.csv,2026-07-20,,,,,P1067,legacy_original,True,P1067,CreekRambler Alpine Jacket 266,outerwear,rain shell,Creekline,,,,,CreekRambler Alpine Jacket 266,outerwear,rain shell,Creekline
20260720-0047,2026-07-20,S005,P1031,4,156.18,10,in_store,Y,,legacy,data/raw/orders/2026-07-20/orders.csv,2026-07-20,,,,,P1031,legacy_original,True,P1031,MoonRambler Stormproof Jacket 230,outerwear,rain shell,Switchback Supply,,,,,MoonRambler Stormproof Jacket 230,outerwear,rain shell,Switchback Supply
20260720-0048,2026-07-20,S003,P1030,3,126.26,0,in_store,Y,,legacy,data/raw/orders/2026-07-20/orders.csv,2026-07-20,,,,,P1030,legacy_original,True,P1030,SwitchbackRover 20oz Tumbler 229,hydration,insulated tumbler,Summit Finch,,,,,SwitchbackRover 20oz Tumbler 229,hydration,insulated tumbler,Summit Finch
20260720-0049,2026-07-20,S001,P1011,3,133.07,0,in_store,Y,,legacy,data/raw/orders/2026-07-20/orders.csv,2026-07-20,,,,,P1011,legacy_original,True,P1011,BoulderRambler Rechargeable Flashlight 210,emergency,flashlight,Creekline,,,,,BoulderRambler Rechargeable Flashlight 210,emergency,flashlight,Creekline
20260720-0050,2026-07-20,S004,P1036,4,134.06,15,ship_from_store,Y,,legacy,data/raw/orders/2026-07-20/orders.csv,2026-07-20,,,,,P1036,legacy_original,True,P1036,StormNomad 32oz Tumbler 235,hydration,insulated tumbler,Moss & Mile,,,,,StormNomad 32oz Tumbler 235,hydration,insulated tumbler,Moss & Mile
20260720-0051,2026-07-20,S006,P1031,1,147.5,15,in_store,Y,,legacy,data/raw/orders/2026-07-20/orders.csv,2026-07-20,,,,,P1031,legacy_original,True,P1031,MoonRambler Stormproof Jacket 230,outerwear,rain shell,Switchback Supply,,,,,MoonRambler Stormproof Jacket 230,outerwear,rain shell,Switchback Supply
20260720-0052,2026-07-20,S006,P1022,4,369.27,5,in_store,Y,,legacy,data/raw/orders/2026-07-20/orders.csv,2026-07-20,,,,,P1022,legacy_original,True,P1022,TrailRover Weekend Patio Heater 221,patio,patio heater,Summit Finch,,,,,TrailRover Weekend Patio Heater 221,patio,patio heater,Summit Finch
20260720-0053,2026-07-20,S002,P1002,2,203.43,0,in_store,Y,,legacy,data/raw/orders/2026-07-20/orders.csv,2026-07-20,,,,,P1002,legacy_original,True,P1002,RidgeRover Mid Trail Shoes 201,footwear,trail shoes,Highland Ember,,,,,RidgeRover Mid Trail Shoes 201,footwear,trail shoes,Highland Ember
20260720-0054,2026-07-20,S002,P1024,1,90.59,0,in_store,Y,,legacy,data/raw/orders/2026-07-20/orders.csv,2026-07-20,,,,,P1024,legacy_original,True,P1024,CanyonNomad Travel Tumbler 223,hydration,insulated tumbler,TrailForge,,,,,CanyonNomad Travel Tumbler 223,hydration,insulated tumbler,TrailForge
20260720-0055,2026-07-20,S006,P1001,1,130.82,0,in_store,Y,,legacy,data/raw/orders/2026-07-20/orders.csv,2026-07-20,,,,,P1001,legacy_original,True,P1001,SummitRunner Lightweight Jacket 200,outerwear,rain shell,Rocky Top Outfitters,,,,,SummitRunner Lightweight Jacket 200,outerwear,rain shell,Rocky Top Outfitters
20260720-0056,2026-07-20,S007,P1064,2,491.56,20,in_store,N,,legacy,data/raw/orders/2026-07-20/orders.csv,2026-07-20,,,,,P1064,legacy_original,True,P1064,PeakNomad XL Cooler 263,patio,cooler,TrailForge,,,,,PeakNomad XL Cooler 263,patio,cooler,TrailForge
20260720-0057,2026-07-20,S003,P1023,1,141.44,0,pickup,N,,legacy,data/raw/orders/2026-07-20/orders.csv,2026-07-20,,,,,P1023,legacy_original,True,P1023,HearthRambler Expedition Flashlight 222,emergency,flashlight,Switchback Supply,,,,,HearthRambler Expedition Flashlight 222,emergency,flashlight,Switchback Supply
20260720-0058,2026-07-20,S008,P1050,2,67.78,10,pickup,Y,,legacy,data/raw/orders/2026-07-20/orders.csv,2026-07-20,,,,,P1050,legacy_original,True,P1050,RidgeRover Mid Trail Shoes 249,footwear,trail shoes,Highland Ember,,,,,RidgeRover Mid Trail Shoes 249,footwear,trail shoes,Highland Ember
20260720-0059,2026-07-20,S005,P1049,4,222.01,0,ship_from_store,Y,,legacy,data/raw/orders/2026-07-20/orders.csv,2026-07-20,,,,,P1049,legacy_original,True,P1049,SummitRunner Lightweight Jacket 248,outerwear,rain shell,Rocky Top Outfitters,,,,,SummitRunner Lightweight Jacket 248,outerwear,rain shell,Rocky Top Outfitters
20260720-0060,2026-07-20,S004,P1071,1,143.3,0,pickup,N,,legacy,data/raw/orders/2026-07-20/orders.csv,2026-07-20,,,,,P1071,legacy_original,True,P1071,HearthRambler Expedition Flashlight 270,emergency,flashlight,Switchback Supply,,,,,HearthRambler Expedition Flashlight 270,emergency,flashlight,Switchback Supply
20260720-0061,2026-07-20,S008,P1051,3,424.15,0,in_store,Y,,legacy,data/raw/orders/2026-07-20/orders.csv,2026-07-20,,,,,P1051,legacy_original,True,P1051,CreekRambler 2P Camp Chair 250,camping,camp chair,Creekline,,,,,CreekRambler 2P Camp Chair 250,camping,camp chair,Creekline
20260720-0062,2026-07-20,S006,P1001,1,130.82,0,in_store,Y,,legacy,data/raw/orders/2026-07-20/orders.csv,2026-07-20,,,,,P1001,legacy_original,True,P1001,SummitRunner Lightweight Jacket 200,outerwear,rain shell,Rocky Top Outfitters,,,,,SummitRunner Lightweight Jacket 200,outerwear,rain shell,Rocky Top Outfitters
20260720-0063,2026-07-20,S003,P1026,1,117.36,10,in_store,Y,,legacy,data/raw/orders/2026-07-20/orders.csv,2026-07-20,,,,,P1026,legacy_original,True,P1026,VistaRover Mid Trail Shoes 225,footwear,trail shoes,Highland Ember,,,,,VistaRover Mid Trail Shoes 225,footwear,trail shoes,Highland Ember
20260720-0064,2026-07-20,S008,P1004,3,87.92,20,in_store,N,,legacy,data/raw/orders/2026-07-20/orders.csv,2026-07-20,,,,,P1004,legacy_original,True,P1004,StormNomad Compact Cooler 203,patio,cooler,Moss & Mile,,,,,StormNomad Compact Cooler 203,patio,cooler,Moss & Mile
20260720-0065,2026-07-20,S004,P1060,1,154.39,0,in_store,Y,,legacy,data/raw/orders/2026-07-20/orders.csv,2026-07-20,,,,,P1060,legacy_original,True,P1060,CloudNomad 32oz Tumbler 259,hydration,insulated tumbler,Moss & Mile,,,,,CloudNomad 32oz Tumbler 259,hydration,insulated tumbler,Moss & Mile
20260720-0066,2026-07-20,S005,P1034,1,160.42,5,in_store,Y,,legacy,data/raw/orders/2026-07-20/orders.csv,2026-07-20,,,,,P1034,legacy_original,True,P1034,RidgeRover Deluxe Patio Heater 233,patio,patio heater,Highland Ember,,,,,RidgeRover Deluxe Patio Heater 233,patio,patio heater,Highland Ember
20260720-0067,2026-07-20,S002,P1064,2,614.45,0,in_store,N,,legacy,data/raw/orders/2026-07-20/orders.csv,2026-07-20,,,,,P1064,legacy_original,True,P1064,PeakNomad XL Cooler 263,patio,cooler,TrailForge,,,,,PeakNomad XL Cooler 263,patio,cooler,TrailForge
20260720-0068,2026-07-20,S003,P1078,3,117.08,20,ship_from_store,Y,,legacy,data/raw/orders/2026-07-20/orders.csv,2026-07-20,,,,,P1078,legacy_original,True,P1078,SwitchbackRover 20oz Tumbler 277,hydration,insulated tumbler,Summit Finch,,,,,SwitchbackRover 20oz Tumbler 277,hydration,insulated tumbler,Summit Finch
20260720-0069,2026-07-20,S002,P1068,2,72.83,10,in_store,Y,,legacy,data/raw/orders/2026-07-20/orders.csv,2026-07-20,,,,,P1068,legacy_original,True,P1068,StormNomad Approach Trail Shoes 267,footwear,trail shoes,Moss & Mile,,,,,StormNomad Approach Trail Shoes 267,footwear,trail shoes,Moss & Mile
20260720-0070,2026-07-20,S002,P1013,1,77.91,20,in_store,Y,,legacy,data/raw/orders/2026-07-20/orders.csv,2026-07-20,,,,,P1013,legacy_original,True,P1013,FieldRunner Packable Jacket 212,outerwear,rain shell,Blue Ridge Works,,,,,FieldRunner Packable Jacket 212,outerwear,rain shell,Blue Ridge Works
20260720-0071,2026-07-20,S005,P1026,1,130.4,0,pickup,Y,,legacy,data/raw/orders/2026-07-20/orders.csv,2026-07-20,,,,,P1026,legacy_original,True,P1026,VistaRover Mid Trail Shoes 225,footwear,trail shoes,Highland Ember,,,,,VistaRover Mid Trail Shoes 225,footwear,trail shoes,Highland Ember
20260720-0072,2026-07-20,S004,P1061,2,147.84,0,in_store,Y,,legacy,data/raw/orders/2026-07-20/orders.csv,2026-07-20,,,,,P1061,legacy_original,True,P1061,FieldRunner Packable Jacket 260,outerwear,rain shell,Blue Ridge Works,,,,,FieldRunner Packable Jacket 260,outerwear,rain shell,Blue Ridge Works
20260720-0073,2026-07-20,S005,P1021,2,73.74,0,in_store,Y,,legacy,data/raw/orders/2026-07-20/orders.csv,2026-07-20,,,,,P1021,legacy_original,True,P1021,EmberRunner Basecamp Tent 220,camping,tent,Blue Ridge Works,,,,,EmberRunner Basecamp Tent 220,camping,tent,Blue Ridge Works
20260720-0074,2026-07-20,S008,P1068,1,80.92,0,ship_from_store,Y,,legacy,data/raw/orders/2026-07-20/orders.csv,2026-07-20,,,,,P1068,legacy_original,True,P1068,StormNomad Approach Trail Shoes 267,footwear,trail shoes,Moss & Mile,,,,,StormNomad Approach Trail Shoes 267,footwear,trail shoes,Moss & Mile
20260720-0075,2026-07-20,S007,P1021,1,73.74,0,in_store,N,,legacy,data/raw/orders/2026-07-20/orders.csv,2026-07-20,,,,,P1021,legacy_original,True,P1021,EmberRunner Basecamp Tent 220,camping,tent,Blue Ridge Works,,,,,EmberRunner Basecamp Tent 220,camping,tent,Blue Ridge Works
20260720-0076,2026-07-20,S007,P1012,4,123.66,0,in_store,Y,,legacy,data/raw/orders/2026-07-20/orders.csv,2026-07-20,,,,,P1012,legacy_original,True,P1012,CloudNomad 32oz Tumbler 211,hydration,insulated tumbler,Moss & Mile,,,,,CloudNomad 32oz Tumbler 211,hydration,insulated tumbler,Moss & Mile
20260720-0077,2026-07-20,S008,P1012,1,117.48,5,in_store,N,,legacy,data/raw/orders/2026-07-20/orders.csv,2026-07-20,,,,,P1012,legacy_original,True,P1012,CloudNomad 32oz Tumbler 211,hydration,insulated tumbler,Moss & Mile,,,,,CloudNomad 32oz Tumbler 211,hydration,insulated tumbler,Moss & Mile
20260720-0078,2026-07-20,S004,P1015,4,172.68,10,in_store,Y,,legacy,data/raw/orders/2026-07-20/orders.csv,2026-07-20,,,,,P1015,legacy_original,True,P1015,MoonRambler Ultralight Camp Chair 214,camping,camp chair,Switchback Supply,,,,,MoonRambler Ultralight Camp Chair 214,camping,camp chair,Switchback Supply
20260720-0079,2026-07-20,S006,P1054,1,56.54,20,pickup,Y,,legacy,data/raw/orders/2026-07-20/orders.csv,2026-07-20,,,,,P1054,legacy_original,True,P1054,TrailRover 20oz Tumbler 253,hydration,insulated tumbler,Summit Finch,,,,,TrailRover 20oz Tumbler 253,hydration,insulated tumbler,Summit Finch
20260720-0080,2026-07-20,S006,P1002,3,162.74,20,in_store,Y,,legacy,data/raw/orders/2026-07-20/orders.csv,2026-07-20,,,,,P1002,legacy_original,True,P1002,RidgeRover Mid Trail Shoes 201,footwear,trail shoes,Highland Ember,,,,,RidgeRover Mid Trail Shoes 201,footwear,trail shoes,Highland Ember
20260720-0081,2026-07-20,S001,P1012,1,123.66,0,in_store,N,,legacy,data/raw/orders/2026-07-20/orders.csv,2026-07-20,,,,,P1012,legacy_original,True,P1012,CloudNomad 32oz Tumbler 211,hydration,insulated tumbler,Moss & Mile,,,,,CloudNomad 32oz Tumbler 211,hydration,insulated tumbler,Moss & Mile
20260720-0082,2026-07-20,S004,P1024,3,72.47,20,pickup,Y,,legacy,data/raw/orders/2026-07-20/orders.csv,2026-07-20,,,,,P1024,legacy_original,True,P1024,CanyonNomad Travel Tumbler 223,hydration,insulated tumbler,TrailForge,,,,,CanyonNomad Travel Tumbler 223,hydration,insulated tumbler,TrailForge
20260720-0083,2026-07-20,S005,P1010,1,497.19,10,in_store,Y,,legacy,data/raw/orders/2026-07-20/orders.csv,2026-07-20,,,,,P1010,legacy_original,True,P1010,VistaRover Deluxe Patio Heater 209,patio,patio heater,Highland Ember,,,,,VistaRover Deluxe Patio Heater 209,patio,patio heater,Highland Ember
20260720-0084,2026-07-20,S004,P1003,3,448.98,0,ship_from_store,N,,legacy,data/raw/orders/2026-07-20/orders.csv,2026-07-20,,,,,P1003,legacy_original,True,P1003,CreekRambler 2P Camp Chair 202,camping,camp chair,Creekline,,,,,CreekRambler 2P Camp Chair 202,camping,camp chair,Creekline
20260720-0085,2026-07-20,S008,P1071,1,143.3,0,in_store,N,,legacy,data/raw/orders/2026-07-20/orders.csv,2026-07-20,,,,,P1071,legacy_original,True,P1071,HearthRambler Expedition Flashlight 270,emergency,flashlight,Switchback Supply,,,,,HearthRambler Expedition Flashlight 270,emergency,flashlight,Switchback Supply
20260720-0086,2026-07-20,S005,P1033,1,179.99,5,ship_from_store,N,,legacy,data/raw/orders/2026-07-20/orders.csv,2026-07-20,,,,,P1033,legacy_original,True,P1033,SummitRunner 4P Tent 232,camping,tent,Rocky Top Outfitters,,,,,SummitRunner 4P Tent 232,camping,tent,Rocky Top Outfitters
20260720-0087,2026-07-20,S004,P1042,3,115.25,0,ship_from_store,Y,,legacy,data/raw/orders/2026-07-20/orders.csv,2026-07-20,,,,,P1042,legacy_original,True,P1042,VistaRover Trail Tumbler 241,hydration,insulated tumbler,Highland Ember,,,,,VistaRover Trail Tumbler 241,hydration,insulated tumbler,Highland Ember
20260720-0088,2026-07-20,S004,P1022,3,388.71,0,in_store,Y,,legacy,data/raw/orders/2026-07-20/orders.csv,2026-07-20,,,,,P1022,legacy_original,True,P1022,TrailRover Weekend Patio Heater 221,patio,patio heater,Summit Finch,,,,,TrailRover Weekend Patio Heater 221,patio,patio heater,Summit Finch
20260720-0089,2026-07-20,S002,P1040,1,103.37,5,in_store,Y,,legacy,data/raw/orders/2026-07-20/orders.csv,2026-07-20,,,,,P1040,legacy_original,True,P1040,CanyonNomad XL Cooler 239,patio,cooler,TrailForge,,,,,CanyonNomad XL Cooler 239,patio,cooler,TrailForge
20260720-0090,2026-07-20,S006,P1011,2,133.07,0,in_store,Y,,legacy,data/raw/orders/2026-07-20/orders.csv,2026-07-20,,,,,P1011,legacy_original,True,P1011,BoulderRambler Rechargeable Flashlight 210,emergency,flashlight,Creekline,,,,,BoulderRambler Rechargeable Flashlight 210,emergency,flashlight,Creekline
20260720-0091,2026-07-20,S003,P1068,4,80.92,0,in_store,Y,,legacy,data/raw/orders/2026-07-20/orders.csv,2026-07-20,,,,,P1068,legacy_original,True,P1068,StormNomad Approach Trail Shoes 267,footwear,trail shoes,Moss & Mile,,,,,StormNomad Approach Trail Shoes 267,footwear,trail shoes,Moss & Mile
20260720-0092,2026-07-20,S007,P1027,1,82.83,10,in_store,Y,,legacy,data/raw/orders/2026-07-20/orders.csv,2026-07-20,,,,,P1027,legacy_original,True,P1027,BoulderRambler 2P Camp Chair 226,camping,camp chair,Creekline,,,,,BoulderRambler 2P Camp Chair 226,camping,camp chair,Creekline
20260720-0093,2026-07-20,S004,P1047,1,48.36,15,in_store,N,,legacy,data/raw/orders/2026-07-20/orders.csv,2026-07-20,,,,,P1047,legacy_original,True,P1047,MoonRambler Expedition Flashlight 246,emergency,flashlight,Switchback Supply,,,,,MoonRambler Expedition Flashlight 246,emergency,flashlight,Switchback Supply
20260720-0094,2026-07-20,S006,P1078,1,117.08,20,in_store,Y,,legacy,data/raw/orders/2026-07-20/orders.csv,2026-07-20,,,,,P1078,legacy_original,True,P1078,SwitchbackRover 20oz Tumbler 277,hydration,insulated tumbler,Summit Finch,,,,,SwitchbackRover 20oz Tumbler 277,hydration,insulated tumbler,Summit Finch
20260720-0095,2026-07-20,S004,P1003,4,448.98,0,in_store,Y,,legacy,data/raw/orders/2026-07-20/orders.csv,2026-07-20,,,,,P1003,legacy_original,True,P1003,CreekRambler 2P Camp Chair 202,camping,camp chair,Creekline,,,,,CreekRambler 2P Camp Chair 202,camping,camp chair,Creekline
20260720-0096,2026-07-20,S004,P1046,2,221.75,5,in_store,N,,legacy,data/raw/orders/2026-07-20/orders.csv,2026-07-20,,,,,P1046,legacy_original,True,P1046,SwitchbackRover Weekend Patio Heater 245,patio,patio heater,Summit Finch,,,,,SwitchbackRover Weekend Patio Heater 245,patio,patio heater,Summit Finch
20260720-0097,2026-07-20,S003,P1066,2,104.88,0,pickup,Y,,legacy,data/raw/orders/2026-07-20/orders.csv,2026-07-20,,,,,P1066,legacy_original,True,P1066,RidgeRover Trail Tumbler 265,hydration,insulated tumbler,Highland Ember,,,,,RidgeRover Trail Tumbler 265,hydration,insulated tumbler,Highland Ember
20260720-0098,2026-07-20,S002,P1072,1,134.29,0,ship_from_store,Y,,legacy,data/raw/orders/2026-07-20/orders.csv,2026-07-20,,,,,P1072,legacy_original,True,P1072,CanyonNomad Travel Tumbler 271,hydration,insulated tumbler,TrailForge,,,,,CanyonNomad Travel Tumbler 271,hydration,insulated tumbler,TrailForge
20260720-0099,2026-07-20,S006,P1056,2,122.41,15,pickup,Y,,legacy,data/raw/orders/2026-07-20/orders.csv,2026-07-20,,,,,P1056,legacy_original,True,P1056,CanyonNomad Waterproof Trail Shoes 255,footwear,trail shoes,TrailForge,,,,,CanyonNomad Waterproof Trail Shoes 255,footwear,trail shoes,TrailForge
20260720-0100,2026-07-20,S004,P1070,3,162.02,20,in_store,Y,,legacy,data/raw/orders/2026-07-20/orders.csv,2026-07-20,,,,,P1070,legacy_original,True,P1070,TrailRover Weekend Patio Heater 269,patio,patio heater,Summit Finch,,,,,TrailRover Weekend Patio Heater 269,patio,patio heater,Summit Finch
20260720-0101,2026-07-20,S001,P1027,2,82.83,10,ship_from_store,N,,legacy,data/raw/orders/2026-07-20/orders.csv,2026-07-20,,,,,P1027,legacy_original,True,P1027,BoulderRambler 2P Camp Chair 226,camping,camp chair,Creekline,,,,,BoulderRambler 2P Camp Chair 226,camping,camp chair,Creekline
20260720-0102,2026-07-20,S002,P1012,1,117.48,5,in_store,Y,,legacy,data/raw/orders/2026-07-20/orders.csv,2026-07-20,,,,,P1012,legacy_original,True,P1012,CloudNomad 32oz Tumbler 211,hydration,insulated tumbler,Moss & Mile,,,,,CloudNomad 32oz Tumbler 211,hydration,insulated tumbler,Moss & Mile
20260720-0103,2026-07-20,S002,P1023,3,141.44,0,in_store,Y,,legacy,data/raw/orders/2026-07-20/orders.csv,2026-07-20,,,,,P1023,legacy_original,True,P1023,HearthRambler Expedition Flashlight 222,emergency,flashlight,Switchback Supply,,,,,HearthRambler Expedition Flashlight 222,emergency,flashlight,Switchback Supply
20260720-0104,2026-07-20,S006,P1064,3,491.56,20,in_store,N,,legacy,data/raw/orders/2026-07-20/orders.csv,2026-07-20,,,,,P1064,legacy_original,True,P1064,PeakNomad XL Cooler 263,patio,cooler,TrailForge,,,,,PeakNomad XL Cooler 263,patio,cooler,TrailForge
20260720-0105,2026-07-20,S006,P1066,1,104.88,0,in_store,N,,legacy,data/raw/orders/2026-07-20/orders.csv,2026-07-20,,,,,P1066,legacy_original,True,P1066,RidgeRover Trail Tumbler 265,hydration,insulated tumbler,Highland Ember,,,,,RidgeRover Trail Tumbler 265,hydration,insulated tumbler,Highland Ember
20260720-0106,2026-07-20,S008,P1012,2,123.66,0,in_store,Y,,legacy,data/raw/orders/2026-07-20/orders.csv,2026-07-20,,,,,P1012,legacy_original,True,P1012,CloudNomad 32oz Tumbler 211,hydration,insulated tumbler,Moss & Mile,,,,,CloudNomad 32oz Tumbler 211,hydration,insulated tumbler,Moss & Mile
20260720-0107,2026-07-20,S003,P1017,1,64.63,0,in_store,N,,legacy,data/raw/orders/2026-07-20/orders.csv,2026-07-20,,,,,P1017,legacy_original,True,P1017,SummitRunner Mini Battery Pack 216,emergency,battery pack,Rocky Top Outfitters,,,,,SummitRunner Mini Battery Pack 216,emergency,battery pack,Rocky Top Outfitters
20260720-0108,2026-07-20,S008,P1071,2,143.3,0,in_store,Y,,legacy,data/raw/orders/2026-07-20/orders.csv,2026-07-20,,,,,P1071,legacy_original,True,P1071,HearthRambler Expedition Flashlight 270,emergency,flashlight,Switchback Supply,,,,,HearthRambler Expedition Flashlight 270,emergency,flashlight,Switchback Supply
20260720-0109,2026-07-20,S004,P1079,2,256.21,0,ship_from_store,Y,,legacy,data/raw/orders/2026-07-20/orders.csv,2026-07-20,,,,,P1079,legacy_original,True,P1079,MoonRambler Stormproof Jacket 278,outerwear,rain shell,Switchback Supply,,,,,MoonRambler Stormproof Jacket 278,outerwear,rain shell,Switchback Supply
20260720-0110,2026-07-20,S002,P1045,1,296.15,15,in_store,Y,,legacy,data/raw/orders/2026-07-20/orders.csv,2026-07-20,,,,,P1045,legacy_original,True,P1045,FieldRunner Basecamp Tent 244,camping,tent,Blue Ridge Works,,,,,FieldRunner Basecamp Tent 244,camping,tent,Blue Ridge Works
20260720-0111,2026-07-20,S002,P1070,2,162.02,20,in_store,Y,,legacy,data/raw/orders/2026-07-20/orders.csv,2026-07-20,,,,,P1070,legacy_original,True,P1070,TrailRover Weekend Patio Heater 269,patio,patio heater,Summit Finch,,,,,TrailRover Weekend Patio Heater 269,patio,patio heater,Summit Finch
20260720-0112,2026-07-20,S004,P1067,1,266.98,0,in_store,N,,legacy,data/raw/orders/2026-07-20/orders.csv,2026-07-20,,,,,P1067,legacy_original,True,P1067,CreekRambler Alpine Jacket 266,outerwear,rain shell,Creekline,,,,,CreekRambler Alpine Jacket 266,outerwear,rain shell,Creekline
20260720-0113,2026-07-20,S001,P1039,3,349.45,5,in_store,Y,,legacy,data/raw/orders/2026-07-20/orders.csv,2026-07-20,,,,,P1039,legacy_original,True,P1039,HearthRambler Ultralight Camp Chair 238,camping,camp chair,Switchback Supply,,,,,HearthRambler Ultralight Camp Chair 238,camping,camp chair,Switchback Supply
20260720-0114,2026-07-20,S007,P1064,2,553.01,10,in_store,Y,,legacy,data/raw/orders/2026-07-20/orders.csv,2026-07-20,,,,,P1064,legacy_original,True,P1064,PeakNomad XL Cooler 263,patio,cooler,TrailForge,,,,,PeakNomad XL Cooler 263,patio,cooler,TrailForge
20260720-0115,2026-07-20,S004,P1031,1,138.82,20,in_store,Y,,legacy,data/raw/orders/2026-07-20/orders.csv,2026-07-20,,,,,P1031,legacy_original,True,P1031,MoonRambler Stormproof Jacket 230,outerwear,rain shell,Switchback Supply,,,,,MoonRambler Stormproof Jacket 230,outerwear,rain shell,Switchback Supply
20260720-0116,2026-07-20,S004,P1038,1,177.19,10,in_store,N,,legacy,data/raw/orders/2026-07-20/orders.csv,2026-07-20,,,,,P1038,legacy_original,True,P1038,TrailRover Wide Trail Shoes 237,footwear,trail shoes,Summit Finch,,,,,TrailRover Wide Trail Shoes 237,footwear,trail shoes,Summit Finch
20260720-0117,2026-07-20,S006,P1004,4,87.92,20,ship_from_store,Y,,legacy,data/raw/orders/2026-07-20/orders.csv,2026-07-20,,,,,P1004,legacy_original,True,P1004,StormNomad Compact Cooler 203,patio,cooler,Moss & Mile,,,,,StormNomad Compact Cooler 203,patio,cooler,Moss & Mile
20260720-0118,2026-07-20,S001,P1054,2,60.08,15,in_store,Y,,legacy,data/raw/orders/2026-07-20/orders.csv,2026-07-20,,,,,P1054,legacy_original,True,P1054,TrailRover 20oz Tumbler 253,hydration,insulated tumbler,Summit Finch,,,,,TrailRover 20oz Tumbler 253,hydration,insulated tumbler,Summit Finch
20260720-0119,2026-07-20,S007,P1032,1,184.38,5,in_store,Y,,legacy,data/raw/orders/2026-07-20/orders.csv,2026-07-20,,,,,P1032,legacy_original,True,P1032,PeakNomad Waterproof Trail Shoes 231,footwear,trail shoes,TrailForge,,,,,PeakNomad Waterproof Trail Shoes 231,footwear,trail shoes,TrailForge
20260720-0120,2026-07-20,S001,P1043,2,192.8,20,ship_from_store,Y,,legacy,data/raw/orders/2026-07-20/orders.csv,2026-07-20,,,,,P1043,legacy_original,True,P1043,BoulderRambler Alpine Jacket 242,outerwear,rain shell,Creekline,,,,,BoulderRambler Alpine Jacket 242,outerwear,rain shell,Creekline
20260720-0121,2026-07-20,S003,P1071,2,136.13,5,in_store,Y,,legacy,data/raw/orders/2026-07-20/orders.csv,2026-07-20,,,,,P1071,legacy_original,True,P1071,HearthRambler Expedition Flashlight 270,emergency,flashlight,Switchback Supply,,,,,HearthRambler Expedition Flashlight 270,emergency,flashlight,Switchback Supply
20260720-0122,2026-07-20,S003,P1035,1,118.18,20,in_store,Y,,legacy,data/raw/orders/2026-07-20/orders.csv,2026-07-20,,,,,P1035,legacy_original,True,P1035,CreekRambler Rechargeable Flashlight 234,emergency,flashlight,Creekline,,,,,CreekRambler Rechargeable Flashlight 234,emergency,flashlight,Creekline
20260720-0123,2026-07-20,S008,P1052,1,369.46,5,in_store,Y,,legacy,data/raw/orders/2026-07-20/orders.csv,2026-07-20,,,,,P1052,legacy_original,True,P1052,StormNomad Compact Cooler 251,patio,cooler,Moss & Mile,,,,,StormNomad Compact Cooler 251,patio,cooler,Moss & Mile
20260720-0124,2026-07-20,S006,P1072,4,120.86,10,in_store,N,,legacy,data/raw/orders/2026-07-20/orders.csv,2026-07-20,,,,,P1072,legacy_original,True,P1072,CanyonNomad Travel Tumbler 271,hydration,insulated tumbler,TrailForge,,,,,CanyonNomad Travel Tumbler 271,hydration,insulated tumbler,TrailForge
20260720-0125,2026-07-20,S006,P1022,3,388.71,0,ship_from_store,Y,,legacy,data/raw/orders/2026-07-20/orders.csv,2026-07-20,,,,,P1022,legacy_original,True,P1022,TrailRover Weekend Patio Heater 221,patio,patio heater,Summit Finch,,,,,TrailRover Weekend Patio Heater 221,patio,patio heater,Summit Finch
20260720-0126,2026-07-20,S001,P1046,4,233.42,0,in_store,Y,,legacy,data/raw/orders/2026-07-20/orders.csv,2026-07-20,,,,,P1046,legacy_original,True,P1046,SwitchbackRover Weekend Patio Heater 245,patio,patio heater,Summit Finch,,,,,SwitchbackRover Weekend Patio Heater 245,patio,patio heater,Summit Finch
20260720-0127,2026-07-20,S001,P1058,2,250.41,5,in_store,N,,legacy,data/raw/orders/2026-07-20/orders.csv,2026-07-20,,,,,P1058,legacy_original,True,P1058,VistaRover Deluxe Patio Heater 257,patio,patio heater,Highland Ember,,,,,VistaRover Deluxe Patio Heater 257,patio,patio heater,Highland Ember
20260720-0128,2026-07-20,S006,P1037,2,91.75,0,in_store,Y,,legacy,data/raw/orders/2026-07-20/orders.csv,2026-07-20,,,,,P1037,legacy_original,True,P1037,EmberRunner Packable Jacket 236,outerwear,rain shell,Blue Ridge Works,,,,,EmberRunner Packable Jacket 236,outerwear,rain shell,Blue Ridge Works
20260720-0129,2026-07-20,S008,P1013,1,77.91,20,in_store,N,,legacy,data/raw/orders/2026-07-20/orders.csv,2026-07-20,,,,,P1013,legacy_original,True,P1013,FieldRunner Packable Jacket 212,outerwear,rain shell,Blue Ridge Works,,,,,FieldRunner Packable Jacket 212,outerwear,rain shell,Blue Ridge Works
20260720-0130,2026-07-20,S008,P1059,4,105.5,0,in_store,Y,,legacy,data/raw/orders/2026-07-20/orders.csv,2026-07-20,,,,,P1059,legacy_original,True,P1059,BoulderRambler Rechargeable Flashlight 258,emergency,flashlight,Creekline,,,,,BoulderRambler Rechargeable Flashlight 258,emergency,flashlight,Creekline
20260720-0131,2026-07-20,S003,P1019,2,143.19,20,in_store,Y,,legacy,data/raw/orders/2026-07-20/orders.csv,2026-07-20,,,,,P1019,legacy_original,True,P1019,CreekRambler Alpine Jacket 218,outerwear,rain shell,Creekline,,,,,CreekRambler Alpine Jacket 218,outerwear,rain shell,Creekline
20260720-0132,2026-07-20,S004,P1019,3,178.99,0,in_store,N,,legacy,data/raw/orders/2026-07-20/orders.csv,2026-07-20,,,,,P1019,legacy_original,True,P1019,CreekRambler Alpine Jacket 218,outerwear,rain shell,Creekline,,,,,CreekRambler Alpine Jacket 218,outerwear,rain shell,Creekline
20260720-0133,2026-07-20,S007,P1048,1,70.28,0,in_store,Y,,legacy,data/raw/orders/2026-07-20/orders.csv,2026-07-20,,,,,P1048,legacy_original,True,P1048,PeakNomad Travel Tumbler 247,hydration,insulated tumbler,TrailForge,,,,,PeakNomad Travel Tumbler 247,hydration,insulated tumbler,TrailForge
20260720-0134,2026-07-20,S005,P1079,2,256.21,0,in_store,Y,,legacy,data/raw/orders/2026-07-20/orders.csv,2026-07-20,,,,,P1079,legacy_original,True,P1079,MoonRambler Stormproof Jacket 278,outerwear,rain shell,Switchback Supply,,,,,MoonRambler Stormproof Jacket 278,outerwear,rain shell,Switchback Supply
20260720-0135,2026-07-20,S006,P1038,2,196.88,0,in_store,Y,,legacy,data/raw/orders/2026-07-20/orders.csv,2026-07-20,,,,,P1038,legacy_original,True,P1038,TrailRover Wide Trail Shoes 237,footwear,trail shoes,Summit Finch,,,,,TrailRover Wide Trail Shoes 237,footwear,trail shoes,Summit Finch
20260720-0136,2026-07-20,S004,P1007,1,106.8,5,in_store,Y,,legacy,data/raw/orders/2026-07-20/orders.csv,2026-07-20,,,,,P1007,legacy_original,True,P1007,HearthRambler Stormproof Jacket 206,outerwear,rain shell,Switchback Supply,,,,,HearthRambler Stormproof Jacket 206,outerwear,rain shell,Switchback Supply
20260720-0137,2026-07-20,S008,P1011,2,133.07,0,in_store,Y,,legacy,data/raw/orders/2026-07-20/orders.csv,2026-07-20,,,,,P1011,legacy_original,True,P1011,BoulderRambler Rechargeable Flashlight 210,emergency,flashlight,Creekline,,,,,BoulderRambler Rechargeable Flashlight 210,emergency,flashlight,Creekline
20260720-0138,2026-07-20,S004,P1002,2,203.43,0,pickup,Y,,legacy,data/raw/orders/2026-07-20/orders.csv,2026-07-20,,,,,P1002,legacy_original,True,P1002,RidgeRover Mid Trail Shoes 201,footwear,trail shoes,Highland Ember,,,,,RidgeRover Mid Trail Shoes 201,footwear,trail shoes,Highland Ember
20260720-0139,2026-07-20,S005,P1004,2,109.9,0,ship_from_store,Y,,legacy,data/raw/orders/2026-07-20/orders.csv,2026-07-20,,,,,P1004,legacy_original,True,P1004,StormNomad Compact Cooler 203,patio,cooler,Moss & Mile,,,,,StormNomad Compact Cooler 203,patio,cooler,Moss & Mile
20260720-0140,2026-07-20,S007,P1036,4,126.18,20,in_store,Y,,legacy,data/raw/orders/2026-07-20/orders.csv,2026-07-20,,,,,P1036,legacy_original,True,P1036,StormNomad 32oz Tumbler 235,hydration,insulated tumbler,Moss & Mile,,,,,StormNomad 32oz Tumbler 235,hydration,insulated tumbler,Moss & Mile
20260720-0141,2026-07-20,S003,P1020,2,211.48,0,pickup,Y,,legacy,data/raw/orders/2026-07-20/orders.csv,2026-07-20,,,,,P1020,legacy_original,True,P1020,StormNomad Approach Trail Shoes 219,footwear,trail shoes,Moss & Mile,,,,,StormNomad Approach Trail Shoes 219,footwear,trail shoes,Moss & Mile
20260720-0142,2026-07-20,S005,P1075,1,156.96,5,ship_from_store,Y,,legacy,data/raw/orders/2026-07-20/orders.csv,2026-07-20,,,,,P1075,legacy_original,True,P1075,BoulderRambler 2P Camp Chair 274,camping,camp chair,Creekline,,,,,BoulderRambler 2P Camp Chair 274,camping,camp chair,Creekline
20260720-0143,2026-07-20,S006,P1048,2,70.28,0,ship_from_store,Y,,legacy,data/raw/orders/2026-07-20/orders.csv,2026-07-20,,,,,P1048,legacy_original,True,P1048,PeakNomad Travel Tumbler 247,hydration,insulated tumbler,TrailForge,,,,,PeakNomad Travel Tumbler 247,hydration,insulated tumbler,TrailForge
20260720-0144,2026-07-20,S007,P1072,1,114.15,15,pickup,Y,,legacy,data/raw/orders/2026-07-20/orders.csv,2026-07-20,,,,,P1072,legacy_original,True,P1072,CanyonNomad Travel Tumbler 271,hydration,insulated tumbler,TrailForge,,,,,CanyonNomad Travel Tumbler 271,hydration,insulated tumbler,TrailForge
20260721-0001,2026-07-21,S007,P1048,1,56.22,20,in_store,Y,,legacy,data/raw/orders/2026-07-21/orders.csv,2026-07-21,,,,,P1048,legacy_original,True,P1048,PeakNomad Travel Tumbler 247,hydration,insulated tumbler,TrailForge,,,,,PeakNomad Travel Tumbler 247,hydration,insulated tumbler,TrailForge
20260721-0002,2026-07-21,S006,P1075,4,132.18,20,ship_from_store,N,,legacy,data/raw/orders/2026-07-21/orders.csv,2026-07-21,,,,,P1075,legacy_original,True,P1075,BoulderRambler 2P Camp Chair 274,camping,camp chair,Creekline,,,,,BoulderRambler 2P Camp Chair 274,camping,camp chair,Creekline
20260721-0003,2026-07-21,S007,P1075,1,148.7,10,ship_from_store,Y,,legacy,data/raw/orders/2026-07-21/orders.csv,2026-07-21,,,,,P1075,legacy_original,True,P1075,BoulderRambler 2P Camp Chair 274,camping,camp chair,Creekline,,,,,BoulderRambler 2P Camp Chair 274,camping,camp chair,Creekline
20260721-0004,2026-07-21,S003,P1038,4,187.04,5,in_store,Y,,legacy,data/raw/orders/2026-07-21/orders.csv,2026-07-21,,,,,P1038,legacy_original,True,P1038,TrailRover Wide Trail Shoes 237,footwear,trail shoes,Summit Finch,,,,,TrailRover Wide Trail Shoes 237,footwear,trail shoes,Summit Finch
20260721-0005,2026-07-21,S004,P1029,2,119.63,5,in_store,Y,,legacy,data/raw/orders/2026-07-21/orders.csv,2026-07-21,,,,,P1029,legacy_original,True,P1029,FieldRunner Storm Kit Battery Pack 228,emergency,battery pack,Blue Ridge Works,,,,,FieldRunner Storm Kit Battery Pack 228,emergency,battery pack,Blue Ridge Works
20260721-0006,2026-07-21,S005,P1019,1,178.99,0,in_store,N,,legacy,data/raw/orders/2026-07-21/orders.csv,2026-07-21,,,,,P1019,legacy_original,True,P1019,CreekRambler Alpine Jacket 218,outerwear,rain shell,Creekline,,,,,CreekRambler Alpine Jacket 218,outerwear,rain shell,Creekline
20260721-0007,2026-07-21,S005,P1078,3,139.03,5,in_store,Y,,legacy,data/raw/orders/2026-07-21/orders.csv,2026-07-21,,,,,P1078,legacy_original,True,P1078,SwitchbackRover 20oz Tumbler 277,hydration,insulated tumbler,Summit Finch,,,,,SwitchbackRover 20oz Tumbler 277,hydration,insulated tumbler,Summit Finch
20260721-0008,2026-07-21,S003,P1071,3,143.3,0,in_store,Y,,legacy,data/raw/orders/2026-07-21/orders.csv,2026-07-21,,,,,P1071,legacy_original,True,P1071,HearthRambler Expedition Flashlight 270,emergency,flashlight,Switchback Supply,,,,,HearthRambler Expedition Flashlight 270,emergency,flashlight,Switchback Supply
20260721-0009,2026-07-21,S004,P1035,4,132.96,10,pickup,N,,legacy,data/raw/orders/2026-07-21/orders.csv,2026-07-21,,,,,P1035,legacy_original,True,P1035,CreekRambler Rechargeable Flashlight 234,emergency,flashlight,Creekline,,,,,CreekRambler Rechargeable Flashlight 234,emergency,flashlight,Creekline
20260721-0010,2026-07-21,S005,P1016,3,634.09,0,in_store,Y,,legacy,data/raw/orders/2026-07-21/orders.csv,2026-07-21,,,,,P1016,legacy_original,True,P1016,PeakNomad XL Cooler 215,patio,cooler,TrailForge,,,,,PeakNomad XL Cooler 215,patio,cooler,TrailForge
20260721-0011,2026-07-21,S007,P1073,1,125.32,0,pickup,N,,legacy,data/raw/orders/2026-07-21/orders.csv,2026-07-21,,,,,P1073,legacy_original,True,P1073,PineRunner Lightweight Jacket 272,outerwear,rain shell,Rocky Top Outfitters,,,,,PineRunner Lightweight Jacket 272,outerwear,rain shell,Rocky Top Outfitters
20260721-0012,2026-07-21,S005,P1071,2,143.3,0,in_store,Y,,legacy,data/raw/orders/2026-07-21/orders.csv,2026-07-21,,,,,P1071,legacy_original,True,P1071,HearthRambler Expedition Flashlight 270,emergency,flashlight,Switchback Supply,,,,,HearthRambler Expedition Flashlight 270,emergency,flashlight,Switchback Supply
20260721-0013,2026-07-21,S001,P1003,2,448.98,0,in_store,N,,legacy,data/raw/orders/2026-07-21/orders.csv,2026-07-21,,,,,P1003,legacy_original,True,P1003,CreekRambler 2P Camp Chair 202,camping,camp chair,Creekline,,,,,CreekRambler 2P Camp Chair 202,camping,camp chair,Creekline
20260721-0014,2026-07-21,S004,P1021,1,66.37,10,in_store,Y,,legacy,data/raw/orders/2026-07-21/orders.csv,2026-07-21,,,,,P1021,legacy_original,True,P1021,EmberRunner Basecamp Tent 220,camping,tent,Blue Ridge Works,,,,,EmberRunner Basecamp Tent 220,camping,tent,Blue Ridge Works
20260721-0015,2026-07-21,S004,P1051,1,360.53,15,ship_from_store,Y,,legacy,data/raw/orders/2026-07-21/orders.csv,2026-07-21,,,,,P1051,legacy_original,True,P1051,CreekRambler 2P Camp Chair 250,camping,camp chair,Creekline,,,,,CreekRambler 2P Camp Chair 250,camping,camp chair,Creekline
20260721-0016,2026-07-21,S007,P1054,4,56.54,20,in_store,Y,,legacy,data/raw/orders/2026-07-21/orders.csv,2026-07-21,,,,,P1054,legacy_original,True,P1054,TrailRover 20oz Tumbler 253,hydration,insulated tumbler,Summit Finch,,,,,TrailRover 20oz Tumbler 253,hydration,insulated tumbler,Summit Finch
20260721-0017,2026-07-21,S005,P1068,1,80.92,0,in_store,Y,,legacy,data/raw/orders/2026-07-21/orders.csv,2026-07-21,,,,,P1068,legacy_original,True,P1068,StormNomad Approach Trail Shoes 267,footwear,trail shoes,Moss & Mile,,,,,StormNomad Approach Trail Shoes 267,footwear,trail shoes,Moss & Mile
20260721-0018,2026-07-21,S007,P1037,1,91.75,0,in_store,Y,,legacy,data/raw/orders/2026-07-21/orders.csv,2026-07-21,,,,,P1037,legacy_original,True,P1037,EmberRunner Packable Jacket 236,outerwear,rain shell,Blue Ridge Works,,,,,EmberRunner Packable Jacket 236,outerwear,rain shell,Blue Ridge Works
20260721-0019,2026-07-21,S004,P1045,1,348.41,0,pickup,N,,legacy,data/raw/orders/2026-07-21/orders.csv,2026-07-21,,,,,P1045,legacy_original,True,P1045,FieldRunner Basecamp Tent 244,camping,tent,Blue Ridge Works,,,,,FieldRunner Basecamp Tent 244,camping,tent,Blue Ridge Works
20260721-0020,2026-07-21,S001,P1008,3,166.72,5,in_store,N,,legacy,data/raw/orders/2026-07-21/orders.csv,2026-07-21,,,,,P1008,legacy_original,True,P1008,CanyonNomad Waterproof Trail Shoes 207,footwear,trail shoes,TrailForge,,,,,CanyonNomad Waterproof Trail Shoes 207,footwear,trail shoes,TrailForge
20260721-0021,2026-07-21,S006,P1074,1,191.7,0,in_store,Y,,legacy,data/raw/orders/2026-07-21/orders.csv,2026-07-21,,,,,P1074,legacy_original,True,P1074,VistaRover Mid Trail Shoes 273,footwear,trail shoes,Highland Ember,,,,,VistaRover Mid Trail Shoes 273,footwear,trail shoes,Highland Ember
20260721-0022,2026-07-21,S003,P1028,1,647.52,0,pickup,Y,,legacy,data/raw/orders/2026-07-21/orders.csv,2026-07-21,,,,,P1028,legacy_original,True,P1028,CloudNomad Compact Cooler 227,patio,cooler,Moss & Mile,,,,,CloudNomad Compact Cooler 227,patio,cooler,Moss & Mile
20260721-0023,2026-07-21,S003,P1022,4,330.4,15,in_store,Y,,legacy,data/raw/orders/2026-07-21/orders.csv,2026-07-21,,,,,P1022,legacy_original,True,P1022,TrailRover Weekend Patio Heater 221,patio,patio heater,Summit Finch,,,,,TrailRover Weekend Patio Heater 221,patio,patio heater,Summit Finch
20260721-0024,2026-07-21,S006,P1030,1,126.26,0,in_store,Y,,legacy,data/raw/orders/2026-07-21/orders.csv,2026-07-21,,,,,P1030,legacy_original,True,P1030,SwitchbackRover 20oz Tumbler 229,hydration,insulated tumbler,Summit Finch,,,,,SwitchbackRover 20oz Tumbler 229,hydration,insulated tumbler,Summit Finch
20260721-0025,2026-07-21,S004,P1051,1,360.53,15,pickup,Y,,legacy,data/raw/orders/2026-07-21/orders.csv,2026-07-21,,,,,P1051,legacy_original,True,P1051,CreekRambler 2P Camp Chair 250,camping,camp chair,Creekline,,,,,CreekRambler 2P Camp Chair 250,camping,camp chair,Creekline
20260721-0026,2026-07-21,S007,P1021,3,70.05,5,pickup,Y,,legacy,data/raw/orders/2026-07-21/orders.csv,2026-07-21,,,,,P1021,legacy_original,True,P1021,EmberRunner Basecamp Tent 220,camping,tent,Blue Ridge Works,,,,,EmberRunner Basecamp Tent 220,camping,tent,Blue Ridge Works
20260721-0027,2026-07-21,S002,P1052,1,311.13,20,in_store,Y,,legacy,data/raw/orders/2026-07-21/orders.csv,2026-07-21,,,,,P1052,legacy_original,True,P1052,StormNomad Compact Cooler 251,patio,cooler,Moss & Mile,,,,,StormNomad Compact Cooler 251,patio,cooler,Moss & Mile
20260721-0028,2026-07-21,S005,P1080,3,128.7,10,pickup,Y,,legacy,data/raw/orders/2026-07-21/orders.csv,2026-07-21,,,,,P1080,legacy_original,True,P1080,PeakNomad Waterproof Trail Shoes 279,footwear,trail shoes,TrailForge,,,,,PeakNomad Waterproof Trail Shoes 279,footwear,trail shoes,TrailForge
20260721-0029,2026-07-21,S002,P1026,1,104.32,20,ship_from_store,Y,,legacy,data/raw/orders/2026-07-21/orders.csv,2026-07-21,,,,,P1026,legacy_original,True,P1026,VistaRover Mid Trail Shoes 225,footwear,trail shoes,Highland Ember,,,,,VistaRover Mid Trail Shoes 225,footwear,trail shoes,Highland Ember
20260721-0030,2026-07-21,S002,P1057,4,369.15,10,pickup,Y,,legacy,data/raw/orders/2026-07-21/orders.csv,2026-07-21,,,,,P1057,legacy_original,True,P1057,PineRunner 4P Tent 256,camping,tent,Rocky Top Outfitters,,,,,PineRunner 4P Tent 256,camping,tent,Rocky Top Outfitters
20260721-0031,2026-07-21,S006,P1013,2,87.65,10,ship_from_store,Y,,legacy,data/raw/orders/2026-07-21/orders.csv,2026-07-21,,,,,P1013,legacy_original,True,P1013,FieldRunner Packable Jacket 212,outerwear,rain shell,Blue Ridge Works,,,,,FieldRunner Packable Jacket 212,outerwear,rain shell,Blue Ridge Works
20260721-0032,2026-07-21,S003,P1011,4,133.07,0,ship_from_store,N,,legacy,data/raw/orders/2026-07-21/orders.csv,2026-07-21,,,,,P1011,legacy_original,True,P1011,BoulderRambler Rechargeable Flashlight 210,emergency,flashlight,Creekline,,,,,BoulderRambler Rechargeable Flashlight 210,emergency,flashlight,Creekline
20260721-0033,2026-07-21,S003,P1013,4,82.78,15,in_store,N,,legacy,data/raw/orders/2026-07-21/orders.csv,2026-07-21,,,,,P1013,legacy_original,True,P1013,FieldRunner Packable Jacket 212,outerwear,rain shell,Blue Ridge Works,,,,,FieldRunner Packable Jacket 212,outerwear,rain shell,Blue Ridge Works
20260721-0034,2026-07-21,S008,P1068,1,80.92,0,ship_from_store,Y,,legacy,data/raw/orders/2026-07-21/orders.csv,2026-07-21,,,,,P1068,legacy_original,True,P1068,StormNomad Approach Trail Shoes 267,footwear,trail shoes,Moss & Mile,,,,,StormNomad Approach Trail Shoes 267,footwear,trail shoes,Moss & Mile
20260721-0035,2026-07-21,S001,P1058,1,263.59,0,ship_from_store,Y,,legacy,data/raw/orders/2026-07-21/orders.csv,2026-07-21,,,,,P1058,legacy_original,True,P1058,VistaRover Deluxe Patio Heater 257,patio,patio heater,Highland Ember,,,,,VistaRover Deluxe Patio Heater 257,patio,patio heater,Highland Ember
20260721-0036,2026-07-21,S003,P1048,3,70.28,0,ship_from_store,Y,,legacy,data/raw/orders/2026-07-21/orders.csv,2026-07-21,,,,,P1048,legacy_original,True,P1048,PeakNomad Travel Tumbler 247,hydration,insulated tumbler,TrailForge,,,,,PeakNomad Travel Tumbler 247,hydration,insulated tumbler,TrailForge
20260721-0037,2026-07-21,S006,P1078,1,146.35,0,in_store,Y,,legacy,data/raw/orders/2026-07-21/orders.csv,2026-07-21,,,,,P1078,legacy_original,True,P1078,SwitchbackRover 20oz Tumbler 277,hydration,insulated tumbler,Summit Finch,,,,,SwitchbackRover 20oz Tumbler 277,hydration,insulated tumbler,Summit Finch
20260721-0038,2026-07-21,S001,P1043,1,241.0,0,ship_from_store,Y,,legacy,data/raw/orders/2026-07-21/orders.csv,2026-07-21,,,,,P1043,legacy_original,True,P1043,BoulderRambler Alpine Jacket 242,outerwear,rain shell,Creekline,,,,,BoulderRambler Alpine Jacket 242,outerwear,rain shell,Creekline
20260721-0039,2026-07-21,S001,P1043,2,241.0,0,in_store,Y,,legacy,data/raw/orders/2026-07-21/orders.csv,2026-07-21,,,,,P1043,legacy_original,True,P1043,BoulderRambler Alpine Jacket 242,outerwear,rain shell,Creekline,,,,,BoulderRambler Alpine Jacket 242,outerwear,rain shell,Creekline
20260721-0040,2026-07-21,S004,P1002,1,203.43,0,in_store,Y,,legacy,data/raw/orders/2026-07-21/orders.csv,2026-07-21,,,,,P1002,legacy_original,True,P1002,RidgeRover Mid Trail Shoes 201,footwear,trail shoes,Highland Ember,,,,,RidgeRover Mid Trail Shoes 201,footwear,trail shoes,Highland Ember
20260721-0041,2026-07-21,S002,P1064,1,522.28,15,in_store,Y,,legacy,data/raw/orders/2026-07-21/orders.csv,2026-07-21,,,,,P1064,legacy_original,True,P1064,PeakNomad XL Cooler 263,patio,cooler,TrailForge,,,,,PeakNomad XL Cooler 263,patio,cooler,TrailForge
20260721-0042,2026-07-21,S003,P1016,2,634.09,0,in_store,Y,,legacy,data/raw/orders/2026-07-21/orders.csv,2026-07-21,,,,,P1016,legacy_original,True,P1016,PeakNomad XL Cooler 215,patio,cooler,TrailForge,,,,,PeakNomad XL Cooler 215,patio,cooler,TrailForge
20260721-0043,2026-07-21,S006,P1016,3,634.09,0,pickup,N,,legacy,data/raw/orders/2026-07-21/orders.csv,2026-07-21,,,,,P1016,legacy_original,True,P1016,PeakNomad XL Cooler 215,patio,cooler,TrailForge,,,,,PeakNomad XL Cooler 215,patio,cooler,TrailForge
20260721-0044,2026-07-21,S005,P1048,1,66.77,5,in_store,N,,legacy,data/raw/orders/2026-07-21/orders.csv,2026-07-21,,,,,P1048,legacy_original,True,P1048,PeakNomad Travel Tumbler 247,hydration,insulated tumbler,TrailForge,,,,,PeakNomad Travel Tumbler 247,hydration,insulated tumbler,TrailForge
20260721-0045,2026-07-21,S003,P1047,2,56.9,0,ship_from_store,N,,legacy,data/raw/orders/2026-07-21/orders.csv,2026-07-21,,,,,P1047,legacy_original,True,P1047,MoonRambler Expedition Flashlight 246,emergency,flashlight,Switchback Supply,,,,,MoonRambler Expedition Flashlight 246,emergency,flashlight,Switchback Supply
20260721-0046,2026-07-21,S006,P1034,1,143.53,15,ship_from_store,Y,,legacy,data/raw/orders/2026-07-21/orders.csv,2026-07-21,,,,,P1034,legacy_original,True,P1034,RidgeRover Deluxe Patio Heater 233,patio,patio heater,Highland Ember,,,,,RidgeRover Deluxe Patio Heater 233,patio,patio heater,Highland Ember
20260721-0047,2026-07-21,S008,P1009,3,115.26,0,ship_from_store,Y,,legacy,data/raw/orders/2026-07-21/orders.csv,2026-07-21,,,,,P1009,legacy_original,True,P1009,PineRunner 4P Tent 208,camping,tent,Rocky Top Outfitters,,,,,PineRunner 4P Tent 208,camping,tent,Rocky Top Outfitters
20260721-0048,2026-07-21,S006,P1073,1,112.79,10,pickup,Y,,legacy,data/raw/orders/2026-07-21/orders.csv,2026-07-21,,,,,P1073,legacy_original,True,P1073,PineRunner Lightweight Jacket 272,outerwear,rain shell,Rocky Top Outfitters,,,,,PineRunner Lightweight Jacket 272,outerwear,rain shell,Rocky Top Outfitters
20260721-0049,2026-07-21,S008,P1035,1,132.96,10,pickup,Y,,legacy,data/raw/orders/2026-07-21/orders.csv,2026-07-21,,,,,P1035,legacy_original,True,P1035,CreekRambler Rechargeable Flashlight 234,emergency,flashlight,Creekline,,,,,CreekRambler Rechargeable Flashlight 234,emergency,flashlight,Creekline
20260721-0050,2026-07-21,S007,P1053,1,103.1,5,in_store,Y,,legacy,data/raw/orders/2026-07-21/orders.csv,2026-07-21,,,,,P1053,legacy_original,True,P1053,EmberRunner Storm Kit Battery Pack 252,emergency,battery pack,Blue Ridge Works,,,,,EmberRunner Storm Kit Battery Pack 252,emergency,battery pack,Blue Ridge Works
20260721-0051,2026-07-21,S001,P1017,1,51.7,20,in_store,N,,legacy,data/raw/orders/2026-07-21/orders.csv,2026-07-21,,,,,P1017,legacy_original,True,P1017,SummitRunner Mini Battery Pack 216,emergency,battery pack,Rocky Top Outfitters,,,,,SummitRunner Mini Battery Pack 216,emergency,battery pack,Rocky Top Outfitters
20260721-0052,2026-07-21,S005,P1041,1,43.68,20,in_store,Y,,legacy,data/raw/orders/2026-07-21/orders.csv,2026-07-21,,,,,P1041,legacy_original,True,P1041,PineRunner Mini Battery Pack 240,emergency,battery pack,Rocky Top Outfitters,,,,,PineRunner Mini Battery Pack 240,emergency,battery pack,Rocky Top Outfitters
20260721-0053,2026-07-21,S003,P1046,3,233.42,0,pickup,Y,,legacy,data/raw/orders/2026-07-21/orders.csv,2026-07-21,,,,,P1046,legacy_original,True,P1046,SwitchbackRover Weekend Patio Heater 245,patio,patio heater,Summit Finch,,,,,SwitchbackRover Weekend Patio Heater 245,patio,patio heater,Summit Finch
20260721-0054,2026-07-21,S008,P1044,1,189.25,0,in_store,Y,,legacy,data/raw/orders/2026-07-21/orders.csv,2026-07-21,,,,,P1044,legacy_original,True,P1044,CloudNomad Approach Trail Shoes 243,footwear,trail shoes,Moss & Mile,,,,,CloudNomad Approach Trail Shoes 243,footwear,trail shoes,Moss & Mile
20260721-0055,2026-07-21,S005,P1079,3,256.21,0,ship_from_store,Y,,legacy,data/raw/orders/2026-07-21/orders.csv,2026-07-21,,,,,P1079,legacy_original,True,P1079,MoonRambler Stormproof Jacket 278,outerwear,rain shell,Switchback Supply,,,,,MoonRambler Stormproof Jacket 278,outerwear,rain shell,Switchback Supply
20260721-0056,2026-07-21,S003,P1015,1,163.09,15,in_store,Y,,legacy,data/raw/orders/2026-07-21/orders.csv,2026-07-21,,,,,P1015,legacy_original,True,P1015,MoonRambler Ultralight Camp Chair 214,camping,camp chair,Switchback Supply,,,,,MoonRambler Ultralight Camp Chair 214,camping,camp chair,Switchback Supply
20260721-0057,2026-07-21,S003,P1005,4,111.54,0,in_store,N,,legacy,data/raw/orders/2026-07-21/orders.csv,2026-07-21,,,,,P1005,legacy_original,True,P1005,EmberRunner Storm Kit Battery Pack 204,emergency,battery pack,Blue Ridge Works,,,,,EmberRunner Storm Kit Battery Pack 204,emergency,battery pack,Blue Ridge Works
20260721-0058,2026-07-21,S003,P1077,1,95.15,0,pickup,Y,,legacy,data/raw/orders/2026-07-21/orders.csv,2026-07-21,,,,,P1077,legacy_original,True,P1077,FieldRunner Storm Kit Battery Pack 276,emergency,battery pack,Blue Ridge Works,,,,,FieldRunner Storm Kit Battery Pack 276,emergency,battery pack,Blue Ridge Works
20260721-0059,2026-07-21,S007,P1036,1,157.72,0,ship_from_store,Y,,legacy,data/raw/orders/2026-07-21/orders.csv,2026-07-21,,,,,P1036,legacy_original,True,P1036,StormNomad 32oz Tumbler 235,hydration,insulated tumbler,Moss & Mile,,,,,StormNomad 32oz Tumbler 235,hydration,insulated tumbler,Moss & Mile
20260721-0060,2026-07-21,S003,P1079,1,256.21,0,in_store,Y,,legacy,data/raw/orders/2026-07-21/orders.csv,2026-07-21,,,,,P1079,legacy_original,True,P1079,MoonRambler Stormproof Jacket 278,outerwear,rain shell,Switchback Supply,,,,,MoonRambler Stormproof Jacket 278,outerwear,rain shell,Switchback Supply
20260721-0061,2026-07-21,S003,P1013,3,92.52,5,in_store,N,,legacy,data/raw/orders/2026-07-21/orders.csv,2026-07-21,,,,,P1013,legacy_original,True,P1013,FieldRunner Packable Jacket 212,outerwear,rain shell,Blue Ridge Works,,,,,FieldRunner Packable Jacket 212,outerwear,rain shell,Blue Ridge Works
20260721-0062,2026-07-21,S001,P1063,3,63.94,20,pickup,Y,,legacy,data/raw/orders/2026-07-21/orders.csv,2026-07-21,,,,,P1063,legacy_original,True,P1063,MoonRambler Ultralight Camp Chair 262,camping,camp chair,Switchback Supply,,,,,MoonRambler Ultralight Camp Chair 262,camping,camp chair,Switchback Supply
20260721-0063,2026-07-21,S001,P1043,4,204.85,15,in_store,Y,,legacy,data/raw/orders/2026-07-21/orders.csv,2026-07-21,,,,,P1043,legacy_original,True,P1043,BoulderRambler Alpine Jacket 242,outerwear,rain shell,Creekline,,,,,BoulderRambler Alpine Jacket 242,outerwear,rain shell,Creekline
20260721-0064,2026-07-21,S001,P1044,4,170.33,10,in_store,Y,,legacy,data/raw/orders/2026-07-21/orders.csv,2026-07-21,,,,,P1044,legacy_original,True,P1044,CloudNomad Approach Trail Shoes 243,footwear,trail shoes,Moss & Mile,,,,,CloudNomad Approach Trail Shoes 243,footwear,trail shoes,Moss & Mile
20260721-0065,2026-07-21,S003,P1026,2,117.36,10,ship_from_store,N,,legacy,data/raw/orders/2026-07-21/orders.csv,2026-07-21,,,,,P1026,legacy_original,True,P1026,VistaRover Mid Trail Shoes 225,footwear,trail shoes,Highland Ember,,,,,VistaRover Mid Trail Shoes 225,footwear,trail shoes,Highland Ember
20260721-0066,2026-07-21,S003,P1065,1,112.86,0,pickup,Y,,legacy,data/raw/orders/2026-07-21/orders.csv,2026-07-21,,,,,P1065,legacy_original,True,P1065,SummitRunner Mini Battery Pack 264,emergency,battery pack,Rocky Top Outfitters,,,,,SummitRunner Mini Battery Pack 264,emergency,battery pack,Rocky Top Outfitters
20260721-0067,2026-07-21,S007,P1003,3,448.98,0,in_store,N,,legacy,data/raw/orders/2026-07-21/orders.csv,2026-07-21,,,,,P1003,legacy_original,True,P1003,CreekRambler 2P Camp Chair 202,camping,camp chair,Creekline,,,,,CreekRambler 2P Camp Chair 202,camping,camp chair,Creekline
20260721-0068,2026-07-21,S006,P1069,1,256.36,0,pickup,Y,,legacy,data/raw/orders/2026-07-21/orders.csv,2026-07-21,,,,,P1069,legacy_original,True,P1069,EmberRunner Basecamp Tent 268,camping,tent,Blue Ridge Works,,,,,EmberRunner Basecamp Tent 268,camping,tent,Blue Ridge Works
20260721-0069,2026-07-21,S008,P1018,4,130.36,15,in_store,Y,,legacy,data/raw/orders/2026-07-21/orders.csv,2026-07-21,,,,,P1018,legacy_original,True,P1018,RidgeRover Trail Tumbler 217,hydration,insulated tumbler,Highland Ember,,,,,RidgeRover Trail Tumbler 217,hydration,insulated tumbler,Highland Ember
20260721-0070,2026-07-21,S006,P1022,1,388.71,0,ship_from_store,Y,,legacy,data/raw/orders/2026-07-21/orders.csv,2026-07-21,,,,,P1022,legacy_original,True,P1022,TrailRover Weekend Patio Heater 221,patio,patio heater,Summit Finch,,,,,TrailRover Weekend Patio Heater 221,patio,patio heater,Summit Finch
20260721-0071,2026-07-21,S002,P1051,3,402.94,5,in_store,Y,,legacy,data/raw/orders/2026-07-21/orders.csv,2026-07-21,,,,,P1051,legacy_original,True,P1051,CreekRambler 2P Camp Chair 250,camping,camp chair,Creekline,,,,,CreekRambler 2P Camp Chair 250,camping,camp chair,Creekline
20260721-0072,2026-07-21,S003,P1050,1,75.31,0,ship_from_store,N,,legacy,data/raw/orders/2026-07-21/orders.csv,2026-07-21,,,,,P1050,legacy_original,True,P1050,RidgeRover Mid Trail Shoes 249,footwear,trail shoes,Highland Ember,,,,,RidgeRover Mid Trail Shoes 249,footwear,trail shoes,Highland Ember
20260721-0073,2026-07-21,S001,P1034,2,143.53,15,in_store,Y,,legacy,data/raw/orders/2026-07-21/orders.csv,2026-07-21,,,,,P1034,legacy_original,True,P1034,RidgeRover Deluxe Patio Heater 233,patio,patio heater,Highland Ember,,,,,RidgeRover Deluxe Patio Heater 233,patio,patio heater,Highland Ember
20260721-0074,2026-07-21,S005,P1063,2,71.93,10,in_store,Y,,legacy,data/raw/orders/2026-07-21/orders.csv,2026-07-21,,,,,P1063,legacy_original,True,P1063,MoonRambler Ultralight Camp Chair 262,camping,camp chair,Switchback Supply,,,,,MoonRambler Ultralight Camp Chair 262,camping,camp chair,Switchback Supply
20260721-0075,2026-07-21,S006,P1027,2,92.03,0,in_store,Y,,legacy,data/raw/orders/2026-07-21/orders.csv,2026-07-21,,,,,P1027,legacy_original,True,P1027,BoulderRambler 2P Camp Chair 226,camping,camp chair,Creekline,,,,,BoulderRambler 2P Camp Chair 226,camping,camp chair,Creekline
20260721-0076,2026-07-21,S008,P1012,2,123.66,0,in_store,Y,,legacy,data/raw/orders/2026-07-21/orders.csv,2026-07-21,,,,,P1012,legacy_original,True,P1012,CloudNomad 32oz Tumbler 211,hydration,insulated tumbler,Moss & Mile,,,,,CloudNomad 32oz Tumbler 211,hydration,insulated tumbler,Moss & Mile
20260721-0077,2026-07-21,S004,P1021,2,70.05,5,ship_from_store,Y,,legacy,data/raw/orders/2026-07-21/orders.csv,2026-07-21,,,,,P1021,legacy_original,True,P1021,EmberRunner Basecamp Tent 220,camping,tent,Blue Ridge Works,,,,,EmberRunner Basecamp Tent 220,camping,tent,Blue Ridge Works
20260721-0078,2026-07-21,S002,P1055,4,263.69,5,in_store,Y,,legacy,data/raw/orders/2026-07-21/orders.csv,2026-07-21,,,,,P1055,legacy_original,True,P1055,HearthRambler Stormproof Jacket 254,outerwear,rain shell,Switchback Supply,,,,,HearthRambler Stormproof Jacket 254,outerwear,rain shell,Switchback Supply
20260721-0079,2026-07-21,S003,P1061,1,147.84,0,pickup,Y,,legacy,data/raw/orders/2026-07-21/orders.csv,2026-07-21,,,,,P1061,legacy_original,True,P1061,FieldRunner Packable Jacket 260,outerwear,rain shell,Blue Ridge Works,,,,,FieldRunner Packable Jacket 260,outerwear,rain shell,Blue Ridge Works
20260721-0080,2026-07-21,S002,P1050,4,67.78,10,pickup,N,,legacy,data/raw/orders/2026-07-21/orders.csv,2026-07-21,,,,,P1050,legacy_original,True,P1050,RidgeRover Mid Trail Shoes 249,footwear,trail shoes,Highland Ember,,,,,RidgeRover Mid Trail Shoes 249,footwear,trail shoes,Highland Ember
20260721-0081,2026-07-21,S001,P1028,1,647.52,0,ship_from_store,Y,,legacy,data/raw/orders/2026-07-21/orders.csv,2026-07-21,,,,,P1028,legacy_original,True,P1028,CloudNomad Compact Cooler 227,patio,cooler,Moss & Mile,,,,,CloudNomad Compact Cooler 227,patio,cooler,Moss & Mile
20260721-0082,2026-07-21,S004,P1021,1,73.74,0,ship_from_store,Y,,legacy,data/raw/orders/2026-07-21/orders.csv,2026-07-21,,,,,P1021,legacy_original,True,P1021,EmberRunner Basecamp Tent 220,camping,tent,Blue Ridge Works,,,,,EmberRunner Basecamp Tent 220,camping,tent,Blue Ridge Works
20260721-0083,2026-07-21,S005,P1015,2,172.68,10,ship_from_store,Y,,legacy,data/raw/orders/2026-07-21/orders.csv,2026-07-21,,,,,P1015,legacy_original,True,P1015,MoonRambler Ultralight Camp Chair 214,camping,camp chair,Switchback Supply,,,,,MoonRambler Ultralight Camp Chair 214,camping,camp chair,Switchback Supply
20260721-0084,2026-07-21,S002,P1042,2,115.25,0,in_store,Y,,legacy,data/raw/orders/2026-07-21/orders.csv,2026-07-21,,,,,P1042,legacy_original,True,P1042,VistaRover Trail Tumbler 241,hydration,insulated tumbler,Highland Ember,,,,,VistaRover Trail Tumbler 241,hydration,insulated tumbler,Highland Ember
20260721-0085,2026-07-21,S008,P1029,4,100.74,20,ship_from_store,Y,,legacy,data/raw/orders/2026-07-21/orders.csv,2026-07-21,,,,,P1029,legacy_original,True,P1029,FieldRunner Storm Kit Battery Pack 228,emergency,battery pack,Blue Ridge Works,,,,,FieldRunner Storm Kit Battery Pack 228,emergency,battery pack,Blue Ridge Works
20260721-0086,2026-07-21,S001,P1073,1,125.32,0,in_store,Y,,legacy,data/raw/orders/2026-07-21/orders.csv,2026-07-21,,,,,P1073,legacy_original,True,P1073,PineRunner Lightweight Jacket 272,outerwear,rain shell,Rocky Top Outfitters,,,,,PineRunner Lightweight Jacket 272,outerwear,rain shell,Rocky Top Outfitters
20260721-0087,2026-07-21,S004,P1050,2,75.31,0,in_store,Y,,legacy,data/raw/orders/2026-07-21/orders.csv,2026-07-21,,,,,P1050,legacy_original,True,P1050,RidgeRover Mid Trail Shoes 249,footwear,trail shoes,Highland Ember,,,,,RidgeRover Mid Trail Shoes 249,footwear,trail shoes,Highland Ember
20260721-0088,2026-07-21,S003,P1044,4,189.25,0,pickup,Y,,legacy,data/raw/orders/2026-07-21/orders.csv,2026-07-21,,,,,P1044,legacy_original,True,P1044,CloudNomad Approach Trail Shoes 243,footwear,trail shoes,Moss & Mile,,,,,CloudNomad Approach Trail Shoes 243,footwear,trail shoes,Moss & Mile
20260721-0089,2026-07-21,S008,P1072,1,127.58,5,in_store,Y,,legacy,data/raw/orders/2026-07-21/orders.csv,2026-07-21,,,,,P1072,legacy_original,True,P1072,CanyonNomad Travel Tumbler 271,hydration,insulated tumbler,TrailForge,,,,,CanyonNomad Travel Tumbler 271,hydration,insulated tumbler,TrailForge
20260721-0090,2026-07-21,S001,P1003,2,426.53,5,ship_from_store,Y,,legacy,data/raw/orders/2026-07-21/orders.csv,2026-07-21,,,,,P1003,legacy_original,True,P1003,CreekRambler 2P Camp Chair 202,camping,camp chair,Creekline,,,,,CreekRambler 2P Camp Chair 202,camping,camp chair,Creekline
20260721-0091,2026-07-21,S001,P1036,4,157.72,0,ship_from_store,Y,,legacy,data/raw/orders/2026-07-21/orders.csv,2026-07-21,,,,,P1036,legacy_original,True,P1036,StormNomad 32oz Tumbler 235,hydration,insulated tumbler,Moss & Mile,,,,,StormNomad 32oz Tumbler 235,hydration,insulated tumbler,Moss & Mile
20260722-0001,2026-07-22,S008,P1054,1,70.68,0,in_store,N,,legacy,data/raw/orders/2026-07-22/orders.csv,2026-07-22,,,,,P1054,legacy_original,True,P1054,TrailRover 20oz Tumbler 253,hydration,insulated tumbler,Summit Finch,,,,,TrailRover 20oz Tumbler 253,hydration,insulated tumbler,Summit Finch
20260722-0002,2026-07-22,S004,P1039,3,294.27,20,in_store,Y,,legacy,data/raw/orders/2026-07-22/orders.csv,2026-07-22,,,,,P1039,legacy_original,True,P1039,HearthRambler Ultralight Camp Chair 238,camping,camp chair,Switchback Supply,,,,,HearthRambler Ultralight Camp Chair 238,camping,camp chair,Switchback Supply
20260722-0003,2026-07-22,S007,P1004,1,93.42,15,ship_from_store,Y,,legacy,data/raw/orders/2026-07-22/orders.csv,2026-07-22,,,,,P1004,legacy_original,True,P1004,StormNomad Compact Cooler 203,patio,cooler,Moss & Mile,,,,,StormNomad Compact Cooler 203,patio,cooler,Moss & Mile
20260722-0004,2026-07-22,S007,P1067,4,266.98,0,ship_from_store,N,,legacy,data/raw/orders/2026-07-22/orders.csv,2026-07-22,,,,,P1067,legacy_original,True,P1067,CreekRambler Alpine Jacket 266,outerwear,rain shell,Creekline,,,,,CreekRambler Alpine Jacket 266,outerwear,rain shell,Creekline
20260722-0005,2026-07-22,S003,P1076,1,686.08,0,in_store,Y,,legacy,data/raw/orders/2026-07-22/orders.csv,2026-07-22,,,,,P1076,legacy_original,True,P1076,CloudNomad Compact Cooler 275,patio,cooler,Moss & Mile,,,,,CloudNomad Compact Cooler 275,patio,cooler,Moss & Mile
20260722-0006,2026-07-22,S008,P1048,3,56.22,20,in_store,Y,,legacy,data/raw/orders/2026-07-22/orders.csv,2026-07-22,,,,,P1048,legacy_original,True,P1048,PeakNomad Travel Tumbler 247,hydration,insulated tumbler,TrailForge,,,,,PeakNomad Travel Tumbler 247,hydration,insulated tumbler,TrailForge
20260722-0007,2026-07-22,S007,P1073,1,125.32,0,pickup,Y,,legacy,data/raw/orders/2026-07-22/orders.csv,2026-07-22,,,,,P1073,legacy_original,True,P1073,PineRunner Lightweight Jacket 272,outerwear,rain shell,Rocky Top Outfitters,,,,,PineRunner Lightweight Jacket 272,outerwear,rain shell,Rocky Top Outfitters
20260722-0008,2026-07-22,S008,P1004,3,87.92,20,in_store,Y,,legacy,data/raw/orders/2026-07-22/orders.csv,2026-07-22,,,,,P1004,legacy_original,True,P1004,StormNomad Compact Cooler 203,patio,cooler,Moss & Mile,,,,,StormNomad Compact Cooler 203,patio,cooler,Moss & Mile
20260722-0009,2026-07-22,S002,P1008,4,157.95,10,in_store,Y,,legacy,data/raw/orders/2026-07-22/orders.csv,2026-07-22,,,,,P1008,legacy_original,True,P1008,CanyonNomad Waterproof Trail Shoes 207,footwear,trail shoes,TrailForge,,,,,CanyonNomad Waterproof Trail Shoes 207,footwear,trail shoes,TrailForge
20260722-0010,2026-07-22,S001,P1059,2,105.5,0,ship_from_store,Y,,legacy,data/raw/orders/2026-07-22/orders.csv,2026-07-22,,,,,P1059,legacy_original,True,P1059,BoulderRambler Rechargeable Flashlight 258,emergency,flashlight,Creekline,,,,,BoulderRambler Rechargeable Flashlight 258,emergency,flashlight,Creekline
20260722-0011,2026-07-22,S001,P1077,1,85.64,10,in_store,Y,,legacy,data/raw/orders/2026-07-22/orders.csv,2026-07-22,,,,,P1077,legacy_original,True,P1077,FieldRunner Storm Kit Battery Pack 276,emergency,battery pack,Blue Ridge Works,,,,,FieldRunner Storm Kit Battery Pack 276,emergency,battery pack,Blue Ridge Works
20260722-0012,2026-07-22,S007,P1075,3,165.22,0,pickup,N,,legacy,data/raw/orders/2026-07-22/orders.csv,2026-07-22,,,,,P1075,legacy_original,True,P1075,BoulderRambler 2P Camp Chair 274,camping,camp chair,Creekline,,,,,BoulderRambler 2P Camp Chair 274,camping,camp chair,Creekline
20260722-0013,2026-07-22,S004,P1029,2,125.93,0,in_store,Y,,legacy,data/raw/orders/2026-07-22/orders.csv,2026-07-22,,,,,P1029,legacy_original,True,P1029,FieldRunner Storm Kit Battery Pack 228,emergency,battery pack,Blue Ridge Works,,,,,FieldRunner Storm Kit Battery Pack 228,emergency,battery pack,Blue Ridge Works
20260722-0014,2026-07-22,S003,P1030,2,126.26,0,ship_from_store,Y,,legacy,data/raw/orders/2026-07-22/orders.csv,2026-07-22,,,,,P1030,legacy_original,True,P1030,SwitchbackRover 20oz Tumbler 229,hydration,insulated tumbler,Summit Finch,,,,,SwitchbackRover 20oz Tumbler 229,hydration,insulated tumbler,Summit Finch
20260722-0015,2026-07-22,S004,P1010,1,441.94,20,ship_from_store,N,,legacy,data/raw/orders/2026-07-22/orders.csv,2026-07-22,,,,,P1010,legacy_original,True,P1010,VistaRover Deluxe Patio Heater 209,patio,patio heater,Highland Ember,,,,,VistaRover Deluxe Patio Heater 209,patio,patio heater,Highland Ember
20260722-0016,2026-07-22,S006,P1030,1,126.26,0,in_store,Y,,legacy,data/raw/orders/2026-07-22/orders.csv,2026-07-22,,,,,P1030,legacy_original,True,P1030,SwitchbackRover 20oz Tumbler 229,hydration,insulated tumbler,Summit Finch,,,,,SwitchbackRover 20oz Tumbler 229,hydration,insulated tumbler,Summit Finch
20260722-0017,2026-07-22,S001,P1037,2,73.4,20,in_store,Y,,legacy,data/raw/orders/2026-07-22/orders.csv,2026-07-22,,,,,P1037,legacy_original,True,P1037,EmberRunner Packable Jacket 236,outerwear,rain shell,Blue Ridge Works,,,,,EmberRunner Packable Jacket 236,outerwear,rain shell,Blue Ridge Works
20260722-0018,2026-07-22,S001,P1033,1,179.99,5,in_store,Y,,legacy,data/raw/orders/2026-07-22/orders.csv,2026-07-22,,,,,P1033,legacy_original,True,P1033,SummitRunner 4P Tent 232,camping,tent,Rocky Top Outfitters,,,,,SummitRunner 4P Tent 232,camping,tent,Rocky Top Outfitters
20260722-0019,2026-07-22,S004,P1004,2,93.42,15,ship_from_store,N,,legacy,data/raw/orders/2026-07-22/orders.csv,2026-07-22,,,,,P1004,legacy_original,True,P1004,StormNomad Compact Cooler 203,patio,cooler,Moss & Mile,,,,,StormNomad Compact Cooler 203,patio,cooler,Moss & Mile
20260722-0020,2026-07-22,S002,P1080,2,121.55,15,in_store,Y,,legacy,data/raw/orders/2026-07-22/orders.csv,2026-07-22,,,,,P1080,legacy_original,True,P1080,PeakNomad Waterproof Trail Shoes 279,footwear,trail shoes,TrailForge,,,,,PeakNomad Waterproof Trail Shoes 279,footwear,trail shoes,TrailForge
20260722-0021,2026-07-22,S008,P1050,2,75.31,0,in_store,Y,,legacy,data/raw/orders/2026-07-22/orders.csv,2026-07-22,,,,,P1050,legacy_original,True,P1050,RidgeRover Mid Trail Shoes 249,footwear,trail shoes,Highland Ember,,,,,RidgeRover Mid Trail Shoes 249,footwear,trail shoes,Highland Ember
20260722-0022,2026-07-22,S007,P1028,2,647.52,0,ship_from_store,Y,,legacy,data/raw/orders/2026-07-22/orders.csv,2026-07-22,,,,,P1028,legacy_original,True,P1028,CloudNomad Compact Cooler 227,patio,cooler,Moss & Mile,,,,,CloudNomad Compact Cooler 227,patio,cooler,Moss & Mile
20260722-0023,2026-07-22,S005,P1030,2,107.32,15,ship_from_store,Y,,legacy,data/raw/orders/2026-07-22/orders.csv,2026-07-22,,,,,P1030,legacy_original,True,P1030,SwitchbackRover 20oz Tumbler 229,hydration,insulated tumbler,Summit Finch,,,,,SwitchbackRover 20oz Tumbler 229,hydration,insulated tumbler,Summit Finch
20260722-0024,2026-07-22,S007,P1022,2,388.71,0,in_store,Y,,legacy,data/raw/orders/2026-07-22/orders.csv,2026-07-22,,,,,P1022,legacy_original,True,P1022,TrailRover Weekend Patio Heater 221,patio,patio heater,Summit Finch,,,,,TrailRover Weekend Patio Heater 221,patio,patio heater,Summit Finch
20260722-0025,2026-07-22,S003,P1044,2,189.25,0,pickup,Y,,legacy,data/raw/orders/2026-07-22/orders.csv,2026-07-22,,,,,P1044,legacy_original,True,P1044,CloudNomad Approach Trail Shoes 243,footwear,trail shoes,Moss & Mile,,,,,CloudNomad Approach Trail Shoes 243,footwear,trail shoes,Moss & Mile
20260722-0026,2026-07-22,S007,P1042,4,92.2,20,ship_from_store,Y,,legacy,data/raw/orders/2026-07-22/orders.csv,2026-07-22,,,,,P1042,legacy_original,True,P1042,VistaRover Trail Tumbler 241,hydration,insulated tumbler,Highland Ember,,,,,VistaRover Trail Tumbler 241,hydration,insulated tumbler,Highland Ember
20260722-0027,2026-07-22,S007,P1056,1,115.21,20,ship_from_store,N,,legacy,data/raw/orders/2026-07-22/orders.csv,2026-07-22,,,,,P1056,legacy_original,True,P1056,CanyonNomad Waterproof Trail Shoes 255,footwear,trail shoes,TrailForge,,,,,CanyonNomad Waterproof Trail Shoes 255,footwear,trail shoes,TrailForge
20260722-0028,2026-07-22,S007,P1058,1,250.41,5,in_store,Y,,legacy,data/raw/orders/2026-07-22/orders.csv,2026-07-22,,,,,P1058,legacy_original,True,P1058,VistaRover Deluxe Patio Heater 257,patio,patio heater,Highland Ember,,,,,VistaRover Deluxe Patio Heater 257,patio,patio heater,Highland Ember
20260722-0029,2026-07-22,S004,P1013,2,82.78,15,pickup,Y,,legacy,data/raw/orders/2026-07-22/orders.csv,2026-07-22,,,,,P1013,legacy_original,True,P1013,FieldRunner Packable Jacket 212,outerwear,rain shell,Blue Ridge Works,,,,,FieldRunner Packable Jacket 212,outerwear,rain shell,Blue Ridge Works
20260722-0030,2026-07-22,S004,P1079,4,256.21,0,in_store,Y,,legacy,data/raw/orders/2026-07-22/orders.csv,2026-07-22,,,,,P1079,legacy_original,True,P1079,MoonRambler Stormproof Jacket 278,outerwear,rain shell,Switchback Supply,,,,,MoonRambler Stormproof Jacket 278,outerwear,rain shell,Switchback Supply
20260722-0031,2026-07-22,S005,P1064,1,614.45,0,in_store,N,,legacy,data/raw/orders/2026-07-22/orders.csv,2026-07-22,,,,,P1064,legacy_original,True,P1064,PeakNomad XL Cooler 263,patio,cooler,TrailForge,,,,,PeakNomad XL Cooler 263,patio,cooler,TrailForge
20260722-0032,2026-07-22,S008,P1076,1,583.17,15,pickup,Y,,legacy,data/raw/orders/2026-07-22/orders.csv,2026-07-22,,,,,P1076,legacy_original,True,P1076,CloudNomad Compact Cooler 275,patio,cooler,Moss & Mile,,,,,CloudNomad Compact Cooler 275,patio,cooler,Moss & Mile
20260722-0033,2026-07-22,S004,P1010,1,552.43,0,pickup,Y,,legacy,data/raw/orders/2026-07-22/orders.csv,2026-07-22,,,,,P1010,legacy_original,True,P1010,VistaRover Deluxe Patio Heater 209,patio,patio heater,Highland Ember,,,,,VistaRover Deluxe Patio Heater 209,patio,patio heater,Highland Ember
20260722-0034,2026-07-22,S004,P1018,2,138.02,10,in_store,Y,,legacy,data/raw/orders/2026-07-22/orders.csv,2026-07-22,,,,,P1018,legacy_original,True,P1018,RidgeRover Trail Tumbler 217,hydration,insulated tumbler,Highland Ember,,,,,RidgeRover Trail Tumbler 217,hydration,insulated tumbler,Highland Ember
20260722-0035,2026-07-22,S006,P1021,2,70.05,5,ship_from_store,N,,legacy,data/raw/orders/2026-07-22/orders.csv,2026-07-22,,,,,P1021,legacy_original,True,P1021,EmberRunner Basecamp Tent 220,camping,tent,Blue Ridge Works,,,,,EmberRunner Basecamp Tent 220,camping,tent,Blue Ridge Works
20260722-0036,2026-07-22,S003,P1002,2,203.43,0,in_store,Y,,legacy,data/raw/orders/2026-07-22/orders.csv,2026-07-22,,,,,P1002,legacy_original,True,P1002,RidgeRover Mid Trail Shoes 201,footwear,trail shoes,Highland Ember,,,,,RidgeRover Mid Trail Shoes 201,footwear,trail shoes,Highland Ember
20260722-0037,2026-07-22,S002,P1066,2,99.64,5,in_store,Y,,legacy,data/raw/orders/2026-07-22/orders.csv,2026-07-22,,,,,P1066,legacy_original,True,P1066,RidgeRover Trail Tumbler 265,hydration,insulated tumbler,Highland Ember,,,,,RidgeRover Trail Tumbler 265,hydration,insulated tumbler,Highland Ember
20260722-0038,2026-07-22,S001,P1058,1,263.59,0,ship_from_store,Y,,legacy,data/raw/orders/2026-07-22/orders.csv,2026-07-22,,,,,P1058,legacy_original,True,P1058,VistaRover Deluxe Patio Heater 257,patio,patio heater,Highland Ember,,,,,VistaRover Deluxe Patio Heater 257,patio,patio heater,Highland Ember
20260722-0039,2026-07-22,S005,P1009,4,115.26,0,pickup,Y,,legacy,data/raw/orders/2026-07-22/orders.csv,2026-07-22,,,,,P1009,legacy_original,True,P1009,PineRunner 4P Tent 208,camping,tent,Rocky Top Outfitters,,,,,PineRunner 4P Tent 208,camping,tent,Rocky Top Outfitters
20260722-0040,2026-07-22,S004,P1064,2,491.56,20,in_store,N,,legacy,data/raw/orders/2026-07-22/orders.csv,2026-07-22,,,,,P1064,legacy_original,True,P1064,PeakNomad XL Cooler 263,patio,cooler,TrailForge,,,,,PeakNomad XL Cooler 263,patio,cooler,TrailForge
20260722-0041,2026-07-22,S007,P1034,1,168.86,0,pickup,N,,legacy,data/raw/orders/2026-07-22/orders.csv,2026-07-22,,,,,P1034,legacy_original,True,P1034,RidgeRover Deluxe Patio Heater 233,patio,patio heater,Highland Ember,,,,,RidgeRover Deluxe Patio Heater 233,patio,patio heater,Highland Ember
20260722-0042,2026-07-22,S004,P1036,1,157.72,0,in_store,Y,,legacy,data/raw/orders/2026-07-22/orders.csv,2026-07-22,,,,,P1036,legacy_original,True,P1036,StormNomad 32oz Tumbler 235,hydration,insulated tumbler,Moss & Mile,,,,,StormNomad 32oz Tumbler 235,hydration,insulated tumbler,Moss & Mile
20260722-0043,2026-07-22,S005,P1036,2,126.18,20,in_store,Y,,legacy,data/raw/orders/2026-07-22/orders.csv,2026-07-22,,,,,P1036,legacy_original,True,P1036,StormNomad 32oz Tumbler 235,hydration,insulated tumbler,Moss & Mile,,,,,StormNomad 32oz Tumbler 235,hydration,insulated tumbler,Moss & Mile
20260722-0044,2026-07-22,S008,P1062,1,170.69,0,in_store,Y,,legacy,data/raw/orders/2026-07-22/orders.csv,2026-07-22,,,,,P1062,legacy_original,True,P1062,SwitchbackRover Wide Trail Shoes 261,footwear,trail shoes,Summit Finch,,,,,SwitchbackRover Wide Trail Shoes 261,footwear,trail shoes,Summit Finch
20260722-0045,2026-07-22,S001,P1051,3,339.32,20,in_store,Y,,legacy,data/raw/orders/2026-07-22/orders.csv,2026-07-22,,,,,P1051,legacy_original,True,P1051,CreekRambler 2P Camp Chair 250,camping,camp chair,Creekline,,,,,CreekRambler 2P Camp Chair 250,camping,camp chair,Creekline
20260722-0046,2026-07-22,S001,P1027,4,87.43,5,pickup,Y,,legacy,data/raw/orders/2026-07-22/orders.csv,2026-07-22,,,,,P1027,legacy_original,True,P1027,BoulderRambler 2P Camp Chair 226,camping,camp chair,Creekline,,,,,BoulderRambler 2P Camp Chair 226,camping,camp chair,Creekline
20260722-0047,2026-07-22,S001,P1021,1,58.99,20,ship_from_store,Y,,legacy,data/raw/orders/2026-07-22/orders.csv,2026-07-22,,,,,P1021,legacy_original,True,P1021,EmberRunner Basecamp Tent 220,camping,tent,Blue Ridge Works,,,,,EmberRunner Basecamp Tent 220,camping,tent,Blue Ridge Works
20260722-0048,2026-07-22,S002,P1014,1,173.97,15,pickup,Y,,legacy,data/raw/orders/2026-07-22/orders.csv,2026-07-22,,,,,P1014,legacy_original,True,P1014,SwitchbackRover Wide Trail Shoes 213,footwear,trail shoes,Summit Finch,,,,,SwitchbackRover Wide Trail Shoes 213,footwear,trail shoes,Summit Finch
20260722-0049,2026-07-22,S003,P1012,4,123.66,0,in_store,Y,,legacy,data/raw/orders/2026-07-22/orders.csv,2026-07-22,,,,,P1012,legacy_original,True,P1012,CloudNomad 32oz Tumbler 211,hydration,insulated tumbler,Moss & Mile,,,,,CloudNomad 32oz Tumbler 211,hydration,insulated tumbler,Moss & Mile
20260722-0050,2026-07-22,S006,P1025,1,105.91,15,ship_from_store,Y,,legacy,data/raw/orders/2026-07-22/orders.csv,2026-07-22,,,,,P1025,legacy_original,True,P1025,PineRunner Lightweight Jacket 224,outerwear,rain shell,Rocky Top Outfitters,,,,,PineRunner Lightweight Jacket 224,outerwear,rain shell,Rocky Top Outfitters
20260722-0051,2026-07-22,S005,P1045,1,296.15,15,in_store,Y,,legacy,data/raw/orders/2026-07-22/orders.csv,2026-07-22,,,,,P1045,legacy_original,True,P1045,FieldRunner Basecamp Tent 244,camping,tent,Blue Ridge Works,,,,,FieldRunner Basecamp Tent 244,camping,tent,Blue Ridge Works
20260722-0052,2026-07-22,S005,P1002,4,203.43,0,ship_from_store,Y,,legacy,data/raw/orders/2026-07-22/orders.csv,2026-07-22,,,,,P1002,legacy_original,True,P1002,RidgeRover Mid Trail Shoes 201,footwear,trail shoes,Highland Ember,,,,,RidgeRover Mid Trail Shoes 201,footwear,trail shoes,Highland Ember
20260722-0053,2026-07-22,S002,P1080,1,143.0,0,in_store,Y,,legacy,data/raw/orders/2026-07-22/orders.csv,2026-07-22,,,,,P1080,legacy_original,True,P1080,PeakNomad Waterproof Trail Shoes 279,footwear,trail shoes,TrailForge,,,,,PeakNomad Waterproof Trail Shoes 279,footwear,trail shoes,TrailForge
20260722-0054,2026-07-22,S008,P1008,2,149.17,15,in_store,Y,,legacy,data/raw/orders/2026-07-22/orders.csv,2026-07-22,,,,,P1008,legacy_original,True,P1008,CanyonNomad Waterproof Trail Shoes 207,footwear,trail shoes,TrailForge,,,,,CanyonNomad Waterproof Trail Shoes 207,footwear,trail shoes,TrailForge
20260722-0055,2026-07-22,S002,P1025,3,124.6,0,in_store,Y,,legacy,data/raw/orders/2026-07-22/orders.csv,2026-07-22,,,,,P1025,legacy_original,True,P1025,PineRunner Lightweight Jacket 224,outerwear,rain shell,Rocky Top Outfitters,,,,,PineRunner Lightweight Jacket 224,outerwear,rain shell,Rocky Top Outfitters
20260722-0056,2026-07-22,S007,P1037,1,91.75,0,in_store,Y,,legacy,data/raw/orders/2026-07-22/orders.csv,2026-07-22,,,,,P1037,legacy_original,True,P1037,EmberRunner Packable Jacket 236,outerwear,rain shell,Blue Ridge Works,,,,,EmberRunner Packable Jacket 236,outerwear,rain shell,Blue Ridge Works
20260722-0057,2026-07-22,S008,P1023,4,113.15,20,ship_from_store,Y,,legacy,data/raw/orders/2026-07-22/orders.csv,2026-07-22,,,,,P1023,legacy_original,True,P1023,HearthRambler Expedition Flashlight 222,emergency,flashlight,Switchback Supply,,,,,HearthRambler Expedition Flashlight 222,emergency,flashlight,Switchback Supply
20260722-0058,2026-07-22,S004,P1048,1,70.28,0,in_store,N,,legacy,data/raw/orders/2026-07-22/orders.csv,2026-07-22,,,,,P1048,legacy_original,True,P1048,PeakNomad Travel Tumbler 247,hydration,insulated tumbler,TrailForge,,,,,PeakNomad Travel Tumbler 247,hydration,insulated tumbler,TrailForge
20260722-0059,2026-07-22,S002,P1010,4,552.43,0,ship_from_store,Y,,legacy,data/raw/orders/2026-07-22/orders.csv,2026-07-22,,,,,P1010,legacy_original,True,P1010,VistaRover Deluxe Patio Heater 209,patio,patio heater,Highland Ember,,,,,VistaRover Deluxe Patio Heater 209,patio,patio heater,Highland Ember
20260722-0060,2026-07-22,S003,P1070,3,202.52,0,in_store,Y,,legacy,data/raw/orders/2026-07-22/orders.csv,2026-07-22,,,,,P1070,legacy_original,True,P1070,TrailRover Weekend Patio Heater 269,patio,patio heater,Summit Finch,,,,,TrailRover Weekend Patio Heater 269,patio,patio heater,Summit Finch
20260722-0061,2026-07-22,S001,P1075,2,165.22,0,ship_from_store,Y,,legacy,data/raw/orders/2026-07-22/orders.csv,2026-07-22,,,,,P1075,legacy_original,True,P1075,BoulderRambler 2P Camp Chair 274,camping,camp chair,Creekline,,,,,BoulderRambler 2P Camp Chair 274,camping,camp chair,Creekline
20260722-0062,2026-07-22,S001,P1010,4,552.43,0,in_store,Y,,legacy,data/raw/orders/2026-07-22/orders.csv,2026-07-22,,,,,P1010,legacy_original,True,P1010,VistaRover Deluxe Patio Heater 209,patio,patio heater,Highland Ember,,,,,VistaRover Deluxe Patio Heater 209,patio,patio heater,Highland Ember
20260722-0063,2026-07-22,S004,P1075,2,140.44,15,in_store,Y,,legacy,data/raw/orders/2026-07-22/orders.csv,2026-07-22,,,,,P1075,legacy_original,True,P1075,BoulderRambler 2P Camp Chair 274,camping,camp chair,Creekline,,,,,BoulderRambler 2P Camp Chair 274,camping,camp chair,Creekline
20260722-0064,2026-07-22,S006,P1036,4,157.72,0,in_store,Y,,legacy,data/raw/orders/2026-07-22/orders.csv,2026-07-22,,,,,P1036,legacy_original,True,P1036,StormNomad 32oz Tumbler 235,hydration,insulated tumbler,Moss & Mile,,,,,StormNomad 32oz Tumbler 235,hydration,insulated tumbler,Moss & Mile
20260722-0065,2026-07-22,S002,P1039,2,367.84,0,in_store,Y,,legacy,data/raw/orders/2026-07-22/orders.csv,2026-07-22,,,,,P1039,legacy_original,True,P1039,HearthRambler Ultralight Camp Chair 238,camping,camp chair,Switchback Supply,,,,,HearthRambler Ultralight Camp Chair 238,camping,camp chair,Switchback Supply
20260722-0066,2026-07-22,S007,P1028,4,647.52,0,pickup,Y,,legacy,data/raw/orders/2026-07-22/orders.csv,2026-07-22,,,,,P1028,legacy_original,True,P1028,CloudNomad Compact Cooler 227,patio,cooler,Moss & Mile,,,,,CloudNomad Compact Cooler 227,patio,cooler,Moss & Mile
20260722-0067,2026-07-22,S003,P1028,4,550.39,15,ship_from_store,N,,legacy,data/raw/orders/2026-07-22/orders.csv,2026-07-22,,,,,P1028,legacy_original,True,P1028,CloudNomad Compact Cooler 227,patio,cooler,Moss & Mile,,,,,CloudNomad Compact Cooler 227,patio,cooler,Moss & Mile
20260722-0068,2026-07-22,S005,P1068,3,80.92,0,in_store,Y,,legacy,data/raw/orders/2026-07-22/orders.csv,2026-07-22,,,,,P1068,legacy_original,True,P1068,StormNomad Approach Trail Shoes 267,footwear,trail shoes,Moss & Mile,,,,,StormNomad Approach Trail Shoes 267,footwear,trail shoes,Moss & Mile
20260722-0069,2026-07-22,S002,P1004,4,98.91,10,in_store,Y,,legacy,data/raw/orders/2026-07-22/orders.csv,2026-07-22,,,,,P1004,legacy_original,True,P1004,StormNomad Compact Cooler 203,patio,cooler,Moss & Mile,,,,,StormNomad Compact Cooler 203,patio,cooler,Moss & Mile
20260722-0070,2026-07-22,S007,P1032,2,184.38,5,in_store,Y,,legacy,data/raw/orders/2026-07-22/orders.csv,2026-07-22,,,,,P1032,legacy_original,True,P1032,PeakNomad Waterproof Trail Shoes 231,footwear,trail shoes,TrailForge,,,,,PeakNomad Waterproof Trail Shoes 231,footwear,trail shoes,TrailForge
20260722-0071,2026-07-22,S008,P1073,2,125.32,0,in_store,Y,,legacy,data/raw/orders/2026-07-22/orders.csv,2026-07-22,,,,,P1073,legacy_original,True,P1073,PineRunner Lightweight Jacket 272,outerwear,rain shell,Rocky Top Outfitters,,,,,PineRunner Lightweight Jacket 272,outerwear,rain shell,Rocky Top Outfitters
20260722-0072,2026-07-22,S008,P1014,2,204.67,0,in_store,Y,,legacy,data/raw/orders/2026-07-22/orders.csv,2026-07-22,,,,,P1014,legacy_original,True,P1014,SwitchbackRover Wide Trail Shoes 213,footwear,trail shoes,Summit Finch,,,,,SwitchbackRover Wide Trail Shoes 213,footwear,trail shoes,Summit Finch
20260722-0073,2026-07-22,S001,P1032,1,194.08,0,in_store,Y,,legacy,data/raw/orders/2026-07-22/orders.csv,2026-07-22,,,,,P1032,legacy_original,True,P1032,PeakNomad Waterproof Trail Shoes 231,footwear,trail shoes,TrailForge,,,,,PeakNomad Waterproof Trail Shoes 231,footwear,trail shoes,TrailForge
20260722-0074,2026-07-22,S007,P1002,1,193.26,5,pickup,Y,,legacy,data/raw/orders/2026-07-22/orders.csv,2026-07-22,,,,,P1002,legacy_original,True,P1002,RidgeRover Mid Trail Shoes 201,footwear,trail shoes,Highland Ember,,,,,RidgeRover Mid Trail Shoes 201,footwear,trail shoes,Highland Ember
20260722-0075,2026-07-22,S007,P1038,1,196.88,0,ship_from_store,Y,,legacy,data/raw/orders/2026-07-22/orders.csv,2026-07-22,,,,,P1038,legacy_original,True,P1038,TrailRover Wide Trail Shoes 237,footwear,trail shoes,Summit Finch,,,,,TrailRover Wide Trail Shoes 237,footwear,trail shoes,Summit Finch
20260722-0076,2026-07-22,S001,P1072,1,114.15,15,ship_from_store,Y,,legacy,data/raw/orders/2026-07-22/orders.csv,2026-07-22,,,,,P1072,legacy_original,True,P1072,CanyonNomad Travel Tumbler 271,hydration,insulated tumbler,TrailForge,,,,,CanyonNomad Travel Tumbler 271,hydration,insulated tumbler,TrailForge
20260722-0077,2026-07-22,S008,P1034,2,143.53,15,in_store,Y,,legacy,data/raw/orders/2026-07-22/orders.csv,2026-07-22,,,,,P1034,legacy_original,True,P1034,RidgeRover Deluxe Patio Heater 233,patio,patio heater,Highland Ember,,,,,RidgeRover Deluxe Patio Heater 233,patio,patio heater,Highland Ember
20260722-0078,2026-07-22,S007,P1048,1,59.74,15,in_store,N,,legacy,data/raw/orders/2026-07-22/orders.csv,2026-07-22,,,,,P1048,legacy_original,True,P1048,PeakNomad Travel Tumbler 247,hydration,insulated tumbler,TrailForge,,,,,PeakNomad Travel Tumbler 247,hydration,insulated tumbler,TrailForge
20260722-0079,2026-07-22,S006,P1060,1,131.23,15,pickup,Y,,legacy,data/raw/orders/2026-07-22/orders.csv,2026-07-22,,,,,P1060,legacy_original,True,P1060,CloudNomad 32oz Tumbler 259,hydration,insulated tumbler,Moss & Mile,,,,,CloudNomad 32oz Tumbler 259,hydration,insulated tumbler,Moss & Mile
20260722-0080,2026-07-22,S001,P1015,2,163.09,15,pickup,Y,,legacy,data/raw/orders/2026-07-22/orders.csv,2026-07-22,,,,,P1015,legacy_original,True,P1015,MoonRambler Ultralight Camp Chair 214,camping,camp chair,Switchback Supply,,,,,MoonRambler Ultralight Camp Chair 214,camping,camp chair,Switchback Supply
20260722-0081,2026-07-22,S006,P1026,1,110.84,15,pickup,Y,,legacy,data/raw/orders/2026-07-22/orders.csv,2026-07-22,,,,,P1026,legacy_original,True,P1026,VistaRover Mid Trail Shoes 225,footwear,trail shoes,Highland Ember,,,,,VistaRover Mid Trail Shoes 225,footwear,trail shoes,Highland Ember
20260722-0082,2026-07-22,S005,P1039,1,294.27,20,in_store,N,,legacy,data/raw/orders/2026-07-22/orders.csv,2026-07-22,,,,,P1039,legacy_original,True,P1039,HearthRambler Ultralight Camp Chair 238,camping,camp chair,Switchback Supply,,,,,HearthRambler Ultralight Camp Chair 238,camping,camp chair,Switchback Supply
20260722-0083,2026-07-22,S005,P1005,2,105.96,5,in_store,N,,legacy,data/raw/orders/2026-07-22/orders.csv,2026-07-22,,,,,P1005,legacy_original,True,P1005,EmberRunner Storm Kit Battery Pack 204,emergency,battery pack,Blue Ridge Works,,,,,EmberRunner Storm Kit Battery Pack 204,emergency,battery pack,Blue Ridge Works
20260722-0084,2026-07-22,S007,P1037,1,91.75,0,pickup,Y,,legacy,data/raw/orders/2026-07-22/orders.csv,2026-07-22,,,,,P1037,legacy_original,True,P1037,EmberRunner Packable Jacket 236,outerwear,rain shell,Blue Ridge Works,,,,,EmberRunner Packable Jacket 236,outerwear,rain shell,Blue Ridge Works
20260722-0085,2026-07-22,S005,P1041,1,54.6,0,ship_from_store,Y,,legacy,data/raw/orders/2026-07-22/orders.csv,2026-07-22,,,,,P1041,legacy_original,True,P1041,PineRunner Mini Battery Pack 240,emergency,battery pack,Rocky Top Outfitters,,,,,PineRunner Mini Battery Pack 240,emergency,battery pack,Rocky Top Outfitters
20260722-0086,2026-07-22,S003,P1061,1,133.06,10,ship_from_store,Y,,legacy,data/raw/orders/2026-07-22/orders.csv,2026-07-22,,,,,P1061,legacy_original,True,P1061,FieldRunner Packable Jacket 260,outerwear,rain shell,Blue Ridge Works,,,,,FieldRunner Packable Jacket 260,outerwear,rain shell,Blue Ridge Works
20260722-0087,2026-07-22,S007,P1018,2,153.36,0,in_store,N,,legacy,data/raw/orders/2026-07-22/orders.csv,2026-07-22,,,,,P1018,legacy_original,True,P1018,RidgeRover Trail Tumbler 217,hydration,insulated tumbler,Highland Ember,,,,,RidgeRover Trail Tumbler 217,hydration,insulated tumbler,Highland Ember
20260722-0088,2026-07-22,S005,P1060,2,123.51,20,ship_from_store,Y,,legacy,data/raw/orders/2026-07-22/orders.csv,2026-07-22,,,,,P1060,legacy_original,True,P1060,CloudNomad 32oz Tumbler 259,hydration,insulated tumbler,Moss & Mile,,,,,CloudNomad 32oz Tumbler 259,hydration,insulated tumbler,Moss & Mile
20260722-0089,2026-07-22,S003,P1070,1,182.27,10,in_store,Y,,legacy,data/raw/orders/2026-07-22/orders.csv,2026-07-22,,,,,P1070,legacy_original,True,P1070,TrailRover Weekend Patio Heater 269,patio,patio heater,Summit Finch,,,,,TrailRover Weekend Patio Heater 269,patio,patio heater,Summit Finch
20260722-0090,2026-07-22,S008,P1005,4,89.23,20,in_store,N,,legacy,data/raw/orders/2026-07-22/orders.csv,2026-07-22,,,,,P1005,legacy_original,True,P1005,EmberRunner Storm Kit Battery Pack 204,emergency,battery pack,Blue Ridge Works,,,,,EmberRunner Storm Kit Battery Pack 204,emergency,battery pack,Blue Ridge Works
20260722-0091,2026-07-22,S008,P1050,1,67.78,10,in_store,Y,,legacy,data/raw/orders/2026-07-22/orders.csv,2026-07-22,,,,,P1050,legacy_original,True,P1050,RidgeRover Mid Trail Shoes 249,footwear,trail shoes,Highland Ember,,,,,RidgeRover Mid Trail Shoes 249,footwear,trail shoes,Highland Ember
20260722-0092,2026-07-22,S003,P1016,1,602.39,5,in_store,Y,,legacy,data/raw/orders/2026-07-22/orders.csv,2026-07-22,,,,,P1016,legacy_original,True,P1016,PeakNomad XL Cooler 215,patio,cooler,TrailForge,,,,,PeakNomad XL Cooler 215,patio,cooler,TrailForge
20260722-0093,2026-07-22,S004,P1015,1,191.87,0,in_store,Y,,legacy,data/raw/orders/2026-07-22/orders.csv,2026-07-22,,,,,P1015,legacy_original,True,P1015,MoonRambler Ultralight Camp Chair 214,camping,camp chair,Switchback Supply,,,,,MoonRambler Ultralight Camp Chair 214,camping,camp chair,Switchback Supply
20260722-0094,2026-07-22,S004,P1045,2,296.15,15,pickup,Y,,legacy,data/raw/orders/2026-07-22/orders.csv,2026-07-22,,,,,P1045,legacy_original,True,P1045,FieldRunner Basecamp Tent 244,camping,tent,Blue Ridge Works,,,,,FieldRunner Basecamp Tent 244,camping,tent,Blue Ridge Works
20260722-0095,2026-07-22,S008,P1036,2,157.72,0,in_store,Y,,legacy,data/raw/orders/2026-07-22/orders.csv,2026-07-22,,,,,P1036,legacy_original,True,P1036,StormNomad 32oz Tumbler 235,hydration,insulated tumbler,Moss & Mile,,,,,StormNomad 32oz Tumbler 235,hydration,insulated tumbler,Moss & Mile
20260722-0096,2026-07-22,S003,P1073,3,100.26,20,in_store,Y,,legacy,data/raw/orders/2026-07-22/orders.csv,2026-07-22,,,,,P1073,legacy_original,True,P1073,PineRunner Lightweight Jacket 272,outerwear,rain shell,Rocky Top Outfitters,,,,,PineRunner Lightweight Jacket 272,outerwear,rain shell,Rocky Top Outfitters
20260722-0097,2026-07-22,S006,P1024,1,72.47,20,in_store,Y,,legacy,data/raw/orders/2026-07-22/orders.csv,2026-07-22,,,,,P1024,legacy_original,True,P1024,CanyonNomad Travel Tumbler 223,hydration,insulated tumbler,TrailForge,,,,,CanyonNomad Travel Tumbler 223,hydration,insulated tumbler,TrailForge
20260722-0098,2026-07-22,S006,P1073,3,125.32,0,in_store,N,,legacy,data/raw/orders/2026-07-22/orders.csv,2026-07-22,,,,,P1073,legacy_original,True,P1073,PineRunner Lightweight Jacket 272,outerwear,rain shell,Rocky Top Outfitters,,,,,PineRunner Lightweight Jacket 272,outerwear,rain shell,Rocky Top Outfitters
20260722-0099,2026-07-22,S007,P1056,1,115.21,20,pickup,Y,,legacy,data/raw/orders/2026-07-22/orders.csv,2026-07-22,,,,,P1056,legacy_original,True,P1056,CanyonNomad Waterproof Trail Shoes 255,footwear,trail shoes,TrailForge,,,,,CanyonNomad Waterproof Trail Shoes 255,footwear,trail shoes,TrailForge
20260722-0100,2026-07-22,S007,P1003,2,448.98,0,pickup,Y,,legacy,data/raw/orders/2026-07-22/orders.csv,2026-07-22,,,,,P1003,legacy_original,True,P1003,CreekRambler 2P Camp Chair 202,camping,camp chair,Creekline,,,,,CreekRambler 2P Camp Chair 202,camping,camp chair,Creekline
20260722-0101,2026-07-22,S001,P1019,1,178.99,0,in_store,Y,,legacy,data/raw/orders/2026-07-22/orders.csv,2026-07-22,,,,,P1019,legacy_original,True,P1019,CreekRambler Alpine Jacket 218,outerwear,rain shell,Creekline,,,,,CreekRambler Alpine Jacket 218,outerwear,rain shell,Creekline
20260722-0102,2026-07-22,S008,P1077,4,95.15,0,pickup,Y,,legacy,data/raw/orders/2026-07-22/orders.csv,2026-07-22,,,,,P1077,legacy_original,True,P1077,FieldRunner Storm Kit Battery Pack 276,emergency,battery pack,Blue Ridge Works,,,,,FieldRunner Storm Kit Battery Pack 276,emergency,battery pack,Blue Ridge Works
20260722-0103,2026-07-22,S004,P1017,3,64.63,0,ship_from_store,Y,,legacy,data/raw/orders/2026-07-22/orders.csv,2026-07-22,,,,,P1017,legacy_original,True,P1017,SummitRunner Mini Battery Pack 216,emergency,battery pack,Rocky Top Outfitters,,,,,SummitRunner Mini Battery Pack 216,emergency,battery pack,Rocky Top Outfitters
20260722-0104,2026-07-22,S005,P1039,2,367.84,0,pickup,Y,,legacy,data/raw/orders/2026-07-22/orders.csv,2026-07-22,,,,,P1039,legacy_original,True,P1039,HearthRambler Ultralight Camp Chair 238,camping,camp chair,Switchback Supply,,,,,HearthRambler Ultralight Camp Chair 238,camping,camp chair,Switchback Supply
20260722-0105,2026-07-22,S007,P1020,1,169.18,20,in_store,Y,,legacy,data/raw/orders/2026-07-22/orders.csv,2026-07-22,,,,,P1020,legacy_original,True,P1020,StormNomad Approach Trail Shoes 219,footwear,trail shoes,Moss & Mile,,,,,StormNomad Approach Trail Shoes 219,footwear,trail shoes,Moss & Mile
20260722-0106,2026-07-22,S006,P1022,1,349.84,10,in_store,Y,,legacy,data/raw/orders/2026-07-22/orders.csv,2026-07-22,,,,,P1022,legacy_original,True,P1022,TrailRover Weekend Patio Heater 221,patio,patio heater,Summit Finch,,,,,TrailRover Weekend Patio Heater 221,patio,patio heater,Summit Finch
20260722-0107,2026-07-22,S008,P1015,2,172.68,10,ship_from_store,Y,,legacy,data/raw/orders/2026-07-22/orders.csv,2026-07-22,,,,,P1015,legacy_original,True,P1015,MoonRambler Ultralight Camp Chair 214,camping,camp chair,Switchback Supply,,,,,MoonRambler Ultralight Camp Chair 214,camping,camp chair,Switchback Supply
20260722-0108,2026-07-22,S006,P1063,2,75.92,5,in_store,Y,,legacy,data/raw/orders/2026-07-22/orders.csv,2026-07-22,,,,,P1063,legacy_original,True,P1063,MoonRambler Ultralight Camp Chair 262,camping,camp chair,Switchback Supply,,,,,MoonRambler Ultralight Camp Chair 262,camping,camp chair,Switchback Supply
20260722-0109,2026-07-22,S004,P1013,1,97.39,0,pickup,N,,legacy,data/raw/orders/2026-07-22/orders.csv,2026-07-22,,,,,P1013,legacy_original,True,P1013,FieldRunner Packable Jacket 212,outerwear,rain shell,Blue Ridge Works,,,,,FieldRunner Packable Jacket 212,outerwear,rain shell,Blue Ridge Works
20260722-0110,2026-07-22,S006,P1053,2,108.53,0,in_store,Y,,legacy,data/raw/orders/2026-07-22/orders.csv,2026-07-22,,,,,P1053,legacy_original,True,P1053,EmberRunner Storm Kit Battery Pack 252,emergency,battery pack,Blue Ridge Works,,,,,EmberRunner Storm Kit Battery Pack 252,emergency,battery pack,Blue Ridge Works
20260722-0111,2026-07-22,S004,P1066,2,94.39,10,in_store,Y,,legacy,data/raw/orders/2026-07-22/orders.csv,2026-07-22,,,,,P1066,legacy_original,True,P1066,RidgeRover Trail Tumbler 265,hydration,insulated tumbler,Highland Ember,,,,,RidgeRover Trail Tumbler 265,hydration,insulated tumbler,Highland Ember
20260722-0112,2026-07-22,S003,P1019,1,170.04,5,ship_from_store,Y,,legacy,data/raw/orders/2026-07-22/orders.csv,2026-07-22,,,,,P1019,legacy_original,True,P1019,CreekRambler Alpine Jacket 218,outerwear,rain shell,Creekline,,,,,CreekRambler Alpine Jacket 218,outerwear,rain shell,Creekline
20260722-0113,2026-07-22,S005,P1018,1,153.36,0,in_store,N,,legacy,data/raw/orders/2026-07-22/orders.csv,2026-07-22,,,,,P1018,legacy_original,True,P1018,RidgeRover Trail Tumbler 217,hydration,insulated tumbler,Highland Ember,,,,,RidgeRover Trail Tumbler 217,hydration,insulated tumbler,Highland Ember
20260722-0114,2026-07-22,S005,P1074,1,153.36,20,in_store,N,,legacy,data/raw/orders/2026-07-22/orders.csv,2026-07-22,,,,,P1074,legacy_original,True,P1074,VistaRover Mid Trail Shoes 273,footwear,trail shoes,Highland Ember,,,,,VistaRover Mid Trail Shoes 273,footwear,trail shoes,Highland Ember
20260722-0115,2026-07-22,S008,P1050,1,64.01,15,ship_from_store,Y,,legacy,data/raw/orders/2026-07-22/orders.csv,2026-07-22,,,,,P1050,legacy_original,True,P1050,RidgeRover Mid Trail Shoes 249,footwear,trail shoes,Highland Ember,,,,,RidgeRover Mid Trail Shoes 249,footwear,trail shoes,Highland Ember
20260722-0116,2026-07-22,S005,P1020,1,190.33,10,pickup,Y,,legacy,data/raw/orders/2026-07-22/orders.csv,2026-07-22,,,,,P1020,legacy_original,True,P1020,StormNomad Approach Trail Shoes 219,footwear,trail shoes,Moss & Mile,,,,,StormNomad Approach Trail Shoes 219,footwear,trail shoes,Moss & Mile
20260722-0117,2026-07-22,S007,P1060,1,154.39,0,pickup,Y,,legacy,data/raw/orders/2026-07-22/orders.csv,2026-07-22,,,,,P1060,legacy_original,True,P1060,CloudNomad 32oz Tumbler 259,hydration,insulated tumbler,Moss & Mile,,,,,CloudNomad 32oz Tumbler 259,hydration,insulated tumbler,Moss & Mile
20260722-0118,2026-07-22,S004,P1034,2,160.42,5,pickup,Y,,legacy,data/raw/orders/2026-07-22/orders.csv,2026-07-22,,,,,P1034,legacy_original,True,P1034,RidgeRover Deluxe Patio Heater 233,patio,patio heater,Highland Ember,,,,,RidgeRover Deluxe Patio Heater 233,patio,patio heater,Highland Ember
20260722-0119,2026-07-22,S008,P1054,2,60.08,15,in_store,N,,legacy,data/raw/orders/2026-07-22/orders.csv,2026-07-22,,,,,P1054,legacy_original,True,P1054,TrailRover 20oz Tumbler 253,hydration,insulated tumbler,Summit Finch,,,,,TrailRover 20oz Tumbler 253,hydration,insulated tumbler,Summit Finch
20260722-0120,2026-07-22,S003,P1071,3,128.97,10,in_store,N,,legacy,data/raw/orders/2026-07-22/orders.csv,2026-07-22,,,,,P1071,legacy_original,True,P1071,HearthRambler Expedition Flashlight 270,emergency,flashlight,Switchback Supply,,,,,HearthRambler Expedition Flashlight 270,emergency,flashlight,Switchback Supply
20260722-0121,2026-07-22,S005,P1007,3,106.8,5,in_store,Y,,legacy,data/raw/orders/2026-07-22/orders.csv,2026-07-22,,,,,P1007,legacy_original,True,P1007,HearthRambler Stormproof Jacket 206,outerwear,rain shell,Switchback Supply,,,,,HearthRambler Stormproof Jacket 206,outerwear,rain shell,Switchback Supply
20260722-0122,2026-07-22,S002,P1056,4,144.01,0,pickup,Y,,legacy,data/raw/orders/2026-07-22/orders.csv,2026-07-22,,,,,P1056,legacy_original,True,P1056,CanyonNomad Waterproof Trail Shoes 255,footwear,trail shoes,TrailForge,,,,,CanyonNomad Waterproof Trail Shoes 255,footwear,trail shoes,TrailForge
20260722-0123,2026-07-22,S001,P1025,1,99.68,20,in_store,N,,legacy,data/raw/orders/2026-07-22/orders.csv,2026-07-22,,,,,P1025,legacy_original,True,P1025,PineRunner Lightweight Jacket 224,outerwear,rain shell,Rocky Top Outfitters,,,,,PineRunner Lightweight Jacket 224,outerwear,rain shell,Rocky Top Outfitters
20260722-0124,2026-07-22,S004,P1042,3,115.25,0,ship_from_store,N,,legacy,data/raw/orders/2026-07-22/orders.csv,2026-07-22,,,,,P1042,legacy_original,True,P1042,VistaRover Trail Tumbler 241,hydration,insulated tumbler,Highland Ember,,,,,VistaRover Trail Tumbler 241,hydration,insulated tumbler,Highland Ember
20260722-0125,2026-07-22,S004,P1047,1,56.9,0,in_store,Y,,legacy,data/raw/orders/2026-07-22/orders.csv,2026-07-22,,,,,P1047,legacy_original,True,P1047,MoonRambler Expedition Flashlight 246,emergency,flashlight,Switchback Supply,,,,,MoonRambler Expedition Flashlight 246,emergency,flashlight,Switchback Supply
20260722-0126,2026-07-22,S008,P1030,2,119.95,5,in_store,Y,,legacy,data/raw/orders/2026-07-22/orders.csv,2026-07-22,,,,,P1030,legacy_original,True,P1030,SwitchbackRover 20oz Tumbler 229,hydration,insulated tumbler,Summit Finch,,,,,SwitchbackRover 20oz Tumbler 229,hydration,insulated tumbler,Summit Finch
20260722-0127,2026-07-22,S001,P1036,2,149.83,5,in_store,Y,,legacy,data/raw/orders/2026-07-22/orders.csv,2026-07-22,,,,,P1036,legacy_original,True,P1036,StormNomad 32oz Tumbler 235,hydration,insulated tumbler,Moss & Mile,,,,,StormNomad 32oz Tumbler 235,hydration,insulated tumbler,Moss & Mile
20260722-0128,2026-07-22,S008,P1002,3,203.43,0,in_store,Y,,legacy,data/raw/orders/2026-07-22/orders.csv,2026-07-22,,,,,P1002,legacy_original,True,P1002,RidgeRover Mid Trail Shoes 201,footwear,trail shoes,Highland Ember,,,,,RidgeRover Mid Trail Shoes 201,footwear,trail shoes,Highland Ember
20260722-0129,2026-07-22,S005,P1017,1,64.63,0,in_store,N,,legacy,data/raw/orders/2026-07-22/orders.csv,2026-07-22,,,,,P1017,legacy_original,True,P1017,SummitRunner Mini Battery Pack 216,emergency,battery pack,Rocky Top Outfitters,,,,,SummitRunner Mini Battery Pack 216,emergency,battery pack,Rocky Top Outfitters
20260722-0130,2026-07-22,S008,P1038,2,196.88,0,in_store,Y,,legacy,data/raw/orders/2026-07-22/orders.csv,2026-07-22,,,,,P1038,legacy_original,True,P1038,TrailRover Wide Trail Shoes 237,footwear,trail shoes,Summit Finch,,,,,TrailRover Wide Trail Shoes 237,footwear,trail shoes,Summit Finch
20260722-0131,2026-07-22,S001,P1024,3,86.06,5,in_store,Y,,legacy,data/raw/orders/2026-07-22/orders.csv,2026-07-22,,,,,P1024,legacy_original,True,P1024,CanyonNomad Travel Tumbler 223,hydration,insulated tumbler,TrailForge,,,,,CanyonNomad Travel Tumbler 223,hydration,insulated tumbler,TrailForge
20260722-0132,2026-07-22,S002,P1072,4,114.15,15,in_store,Y,,legacy,data/raw/orders/2026-07-22/orders.csv,2026-07-22,,,,,P1072,legacy_original,True,P1072,CanyonNomad Travel Tumbler 271,hydration,insulated tumbler,TrailForge,,,,,CanyonNomad Travel Tumbler 271,hydration,insulated tumbler,TrailForge
20260722-0133,2026-07-22,S003,P1007,1,95.56,15,in_store,N,,legacy,data/raw/orders/2026-07-22/orders.csv,2026-07-22,,,,,P1007,legacy_original,True,P1007,HearthRambler Stormproof Jacket 206,outerwear,rain shell,Switchback Supply,,,,,HearthRambler Stormproof Jacket 206,outerwear,rain shell,Switchback Supply
20260722-0134,2026-07-22,S002,P1002,1,203.43,0,pickup,N,,legacy,data/raw/orders/2026-07-22/orders.csv,2026-07-22,,,,,P1002,legacy_original,True,P1002,RidgeRover Mid Trail Shoes 201,footwear,trail shoes,Highland Ember,,,,,RidgeRover Mid Trail Shoes 201,footwear,trail shoes,Highland Ember
20260722-0135,2026-07-22,S007,P1033,3,189.46,0,ship_from_store,Y,,legacy,data/raw/orders/2026-07-22/orders.csv,2026-07-22,,,,,P1033,legacy_original,True,P1033,SummitRunner 4P Tent 232,camping,tent,Rocky Top Outfitters,,,,,SummitRunner 4P Tent 232,camping,tent,Rocky Top Outfitters
20260722-0136,2026-07-22,S001,P1057,3,328.14,20,pickup,Y,,legacy,data/raw/orders/2026-07-22/orders.csv,2026-07-22,,,,,P1057,legacy_original,True,P1057,PineRunner 4P Tent 256,camping,tent,Rocky Top Outfitters,,,,,PineRunner 4P Tent 256,camping,tent,Rocky Top Outfitters
20260722-0137,2026-07-22,S006,P1062,2,145.09,15,in_store,Y,,legacy,data/raw/orders/2026-07-22/orders.csv,2026-07-22,,,,,P1062,legacy_original,True,P1062,SwitchbackRover Wide Trail Shoes 261,footwear,trail shoes,Summit Finch,,,,,SwitchbackRover Wide Trail Shoes 261,footwear,trail shoes,Summit Finch
20260722-0138,2026-07-22,S002,P1055,2,249.81,10,in_store,Y,,legacy,data/raw/orders/2026-07-22/orders.csv,2026-07-22,,,,,P1055,legacy_original,True,P1055,HearthRambler Stormproof Jacket 254,outerwear,rain shell,Switchback Supply,,,,,HearthRambler Stormproof Jacket 254,outerwear,rain shell,Switchback Supply
20260722-0139,2026-07-22,S001,P1049,2,222.01,0,in_store,Y,,legacy,data/raw/orders/2026-07-22/orders.csv,2026-07-22,,,,,P1049,legacy_original,True,P1049,SummitRunner Lightweight Jacket 248,outerwear,rain shell,Rocky Top Outfitters,,,,,SummitRunner Lightweight Jacket 248,outerwear,rain shell,Rocky Top Outfitters
20260722-0140,2026-07-22,S002,P1013,2,92.52,5,ship_from_store,Y,,legacy,data/raw/orders/2026-07-22/orders.csv,2026-07-22,,,,,P1013,legacy_original,True,P1013,FieldRunner Packable Jacket 212,outerwear,rain shell,Blue Ridge Works,,,,,FieldRunner Packable Jacket 212,outerwear,rain shell,Blue Ridge Works
20260722-0141,2026-07-22,S006,P1022,2,310.97,20,in_store,Y,,legacy,data/raw/orders/2026-07-22/orders.csv,2026-07-22,,,,,P1022,legacy_original,True,P1022,TrailRover Weekend Patio Heater 221,patio,patio heater,Summit Finch,,,,,TrailRover Weekend Patio Heater 221,patio,patio heater,Summit Finch
20260722-0142,2026-07-22,S005,P1075,2,165.22,0,in_store,Y,,legacy,data/raw/orders/2026-07-22/orders.csv,2026-07-22,,,,,P1075,legacy_original,True,P1075,BoulderRambler 2P Camp Chair 274,camping,camp chair,Creekline,,,,,BoulderRambler 2P Camp Chair 274,camping,camp chair,Creekline
20260722-0143,2026-07-22,S006,P1014,2,194.44,5,ship_from_store,Y,,legacy,data/raw/orders/2026-07-22/orders.csv,2026-07-22,,,,,P1014,legacy_original,True,P1014,SwitchbackRover Wide Trail Shoes 213,footwear,trail shoes,Summit Finch,,,,,SwitchbackRover Wide Trail Shoes 213,footwear,trail shoes,Summit Finch
20260722-0144,2026-07-22,S003,P1046,2,221.75,5,ship_from_store,Y,,legacy,data/raw/orders/2026-07-22/orders.csv,2026-07-22,,,,,P1046,legacy_original,True,P1046,SwitchbackRover Weekend Patio Heater 245,patio,patio heater,Summit Finch,,,,,SwitchbackRover Weekend Patio Heater 245,patio,patio heater,Summit Finch
20260722-0145,2026-07-22,S008,P1045,1,348.41,0,in_store,Y,,legacy,data/raw/orders/2026-07-22/orders.csv,2026-07-22,,,,,P1045,legacy_original,True,P1045,FieldRunner Basecamp Tent 244,camping,tent,Blue Ridge Works,,,,,FieldRunner Basecamp Tent 244,camping,tent,Blue Ridge Works
20260722-0146,2026-07-22,S007,P1079,1,230.59,10,in_store,Y,,legacy,data/raw/orders/2026-07-22/orders.csv,2026-07-22,,,,,P1079,legacy_original,True,P1079,MoonRambler Stormproof Jacket 278,outerwear,rain shell,Switchback Supply,,,,,MoonRambler Stormproof Jacket 278,outerwear,rain shell,Switchback Supply
20260722-0147,2026-07-22,S008,P1001,1,130.82,0,ship_from_store,N,,legacy,data/raw/orders/2026-07-22/orders.csv,2026-07-22,,,,,P1001,legacy_original,True,P1001,SummitRunner Lightweight Jacket 200,outerwear,rain shell,Rocky Top Outfitters,,,,,SummitRunner Lightweight Jacket 200,outerwear,rain shell,Rocky Top Outfitters
20260722-0148,2026-07-22,S005,P1055,2,277.57,0,in_store,Y,,legacy,data/raw/orders/2026-07-22/orders.csv,2026-07-22,,,,,P1055,legacy_original,True,P1055,HearthRambler Stormproof Jacket 254,outerwear,rain shell,Switchback Supply,,,,,HearthRambler Stormproof Jacket 254,outerwear,rain shell,Switchback Supply
20260722-0149,2026-07-22,S003,P1078,3,146.35,0,pickup,Y,,legacy,data/raw/orders/2026-07-22/orders.csv,2026-07-22,,,,,P1078,legacy_original,True,P1078,SwitchbackRover 20oz Tumbler 277,hydration,insulated tumbler,Summit Finch,,,,,SwitchbackRover 20oz Tumbler 277,hydration,insulated tumbler,Summit Finch
20260722-0150,2026-07-22,S006,P1037,3,73.4,20,in_store,Y,,legacy,data/raw/orders/2026-07-22/orders.csv,2026-07-22,,,,,P1037,legacy_original,True,P1037,EmberRunner Packable Jacket 236,outerwear,rain shell,Blue Ridge Works,,,,,EmberRunner Packable Jacket 236,outerwear,rain shell,Blue Ridge Works
20260722-0151,2026-07-22,S005,P1012,1,111.29,10,in_store,N,,legacy,data/raw/orders/2026-07-22/orders.csv,2026-07-22,,,,,P1012,legacy_original,True,P1012,CloudNomad 32oz Tumbler 211,hydration,insulated tumbler,Moss & Mile,,,,,CloudNomad 32oz Tumbler 211,hydration,insulated tumbler,Moss & Mile
20260722-0152,2026-07-22,S008,P1074,3,191.7,0,in_store,Y,,legacy,data/raw/orders/2026-07-22/orders.csv,2026-07-22,,,,,P1074,legacy_original,True,P1074,VistaRover Mid Trail Shoes 273,footwear,trail shoes,Highland Ember,,,,,VistaRover Mid Trail Shoes 273,footwear,trail shoes,Highland Ember
20260722-0153,2026-07-22,S007,P1024,1,90.59,0,in_store,Y,,legacy,data/raw/orders/2026-07-22/orders.csv,2026-07-22,,,,,P1024,legacy_original,True,P1024,CanyonNomad Travel Tumbler 223,hydration,insulated tumbler,TrailForge,,,,,CanyonNomad Travel Tumbler 223,hydration,insulated tumbler,TrailForge
20260722-0154,2026-07-22,S002,P1017,3,51.7,20,pickup,Y,,legacy,data/raw/orders/2026-07-22/orders.csv,2026-07-22,,,,,P1017,legacy_original,True,P1017,SummitRunner Mini Battery Pack 216,emergency,battery pack,Rocky Top Outfitters,,,,,SummitRunner Mini Battery Pack 216,emergency,battery pack,Rocky Top Outfitters
20260722-0155,2026-07-22,S002,P1067,1,266.98,0,in_store,N,,legacy,data/raw/orders/2026-07-22/orders.csv,2026-07-22,,,,,P1067,legacy_original,True,P1067,CreekRambler Alpine Jacket 266,outerwear,rain shell,Creekline,,,,,CreekRambler Alpine Jacket 266,outerwear,rain shell,Creekline
20260722-0156,2026-07-22,S004,P1030,1,119.95,5,in_store,Y,,legacy,data/raw/orders/2026-07-22/orders.csv,2026-07-22,,,,,P1030,legacy_original,True,P1030,SwitchbackRover 20oz Tumbler 229,hydration,insulated tumbler,Summit Finch,,,,,SwitchbackRover 20oz Tumbler 229,hydration,insulated tumbler,Summit Finch
20260722-0157,2026-07-22,S001,P1075,1,165.22,0,in_store,Y,,legacy,data/raw/orders/2026-07-22/orders.csv,2026-07-22,,,,,P1075,legacy_original,True,P1075,BoulderRambler 2P Camp Chair 274,camping,camp chair,Creekline,,,,,BoulderRambler 2P Camp Chair 274,camping,camp chair,Creekline
20260722-0158,2026-07-22,S001,P1032,3,184.38,5,pickup,Y,,legacy,data/raw/orders/2026-07-22/orders.csv,2026-07-22,,,,,P1032,legacy_original,True,P1032,PeakNomad Waterproof Trail Shoes 231,footwear,trail shoes,TrailForge,,,,,PeakNomad Waterproof Trail Shoes 231,footwear,trail shoes,TrailForge
20260722-0159,2026-07-22,S008,P1003,1,448.98,0,pickup,N,,legacy,data/raw/orders/2026-07-22/orders.csv,2026-07-22,,,,,P1003,legacy_original,True,P1003,CreekRambler 2P Camp Chair 202,camping,camp chair,Creekline,,,,,CreekRambler 2P Camp Chair 202,camping,camp chair,Creekline
20260722-0160,2026-07-22,S003,P1070,1,202.52,0,in_store,Y,,legacy,data/raw/orders/2026-07-22/orders.csv,2026-07-22,,,,,P1070,legacy_original,True,P1070,TrailRover Weekend Patio Heater 269,patio,patio heater,Summit Finch,,,,,TrailRover Weekend Patio Heater 269,patio,patio heater,Summit Finch
20260722-0161,2026-07-22,S002,P1038,2,177.19,10,in_store,Y,,legacy,data/raw/orders/2026-07-22/orders.csv,2026-07-22,,,,,P1038,legacy_original,True,P1038,TrailRover Wide Trail Shoes 237,footwear,trail shoes,Summit Finch,,,,,TrailRover Wide Trail Shoes 237,footwear,trail shoes,Summit Finch
20260722-0162,2026-07-22,S006,P1021,1,62.68,15,in_store,Y,,legacy,data/raw/orders/2026-07-22/orders.csv,2026-07-22,,,,,P1021,legacy_original,True,P1021,EmberRunner Basecamp Tent 220,camping,tent,Blue Ridge Works,,,,,EmberRunner Basecamp Tent 220,camping,tent,Blue Ridge Works
20260723-0001,2026-07-23,S001,P1017,1,51.7,20,in_store,N,,legacy,data/raw/orders/2026-07-23/orders.csv,2026-07-23,,,,,P1017,legacy_original,True,P1017,SummitRunner Mini Battery Pack 216,emergency,battery pack,Rocky Top Outfitters,,,,,SummitRunner Mini Battery Pack 216,emergency,battery pack,Rocky Top Outfitters
20260723-0002,2026-07-23,S001,P1040,2,87.05,20,ship_from_store,Y,,legacy,data/raw/orders/2026-07-23/orders.csv,2026-07-23,,,,,P1040,legacy_original,True,P1040,CanyonNomad XL Cooler 239,patio,cooler,TrailForge,,,,,CanyonNomad XL Cooler 239,patio,cooler,TrailForge
20260723-0003,2026-07-23,S001,P1031,4,156.18,10,in_store,Y,,legacy,data/raw/orders/2026-07-23/orders.csv,2026-07-23,,,,,P1031,legacy_original,True,P1031,MoonRambler Stormproof Jacket 230,outerwear,rain shell,Switchback Supply,,,,,MoonRambler Stormproof Jacket 230,outerwear,rain shell,Switchback Supply
20260723-0004,2026-07-23,S002,P1046,1,233.42,0,ship_from_store,Y,,legacy,data/raw/orders/2026-07-23/orders.csv,2026-07-23,,,,,P1046,legacy_original,True,P1046,SwitchbackRover Weekend Patio Heater 245,patio,patio heater,Summit Finch,,,,,SwitchbackRover Weekend Patio Heater 245,patio,patio heater,Summit Finch
20260723-0005,2026-07-23,S008,P1056,2,136.81,5,in_store,Y,,legacy,data/raw/orders/2026-07-23/orders.csv,2026-07-23,,,,,P1056,legacy_original,True,P1056,CanyonNomad Waterproof Trail Shoes 255,footwear,trail shoes,TrailForge,,,,,CanyonNomad Waterproof Trail Shoes 255,footwear,trail shoes,TrailForge
20260723-0006,2026-07-23,S006,P1033,3,151.57,20,in_store,Y,,legacy,data/raw/orders/2026-07-23/orders.csv,2026-07-23,,,,,P1033,legacy_original,True,P1033,SummitRunner 4P Tent 232,camping,tent,Rocky Top Outfitters,,,,,SummitRunner 4P Tent 232,camping,tent,Rocky Top Outfitters
20260723-0007,2026-07-23,S004,P1008,2,157.95,10,ship_from_store,Y,,legacy,data/raw/orders/2026-07-23/orders.csv,2026-07-23,,,,,P1008,legacy_original,True,P1008,CanyonNomad Waterproof Trail Shoes 207,footwear,trail shoes,TrailForge,,,,,CanyonNomad Waterproof Trail Shoes 207,footwear,trail shoes,TrailForge
20260723-0008,2026-07-23,S001,P1012,1,123.66,0,ship_from_store,Y,,legacy,data/raw/orders/2026-07-23/orders.csv,2026-07-23,,,,,P1012,legacy_original,True,P1012,CloudNomad 32oz Tumbler 211,hydration,insulated tumbler,Moss & Mile,,,,,CloudNomad 32oz Tumbler 211,hydration,insulated tumbler,Moss & Mile
20260723-0009,2026-07-23,S006,P1047,2,48.36,15,pickup,Y,,legacy,data/raw/orders/2026-07-23/orders.csv,2026-07-23,,,,,P1047,legacy_original,True,P1047,MoonRambler Expedition Flashlight 246,emergency,flashlight,Switchback Supply,,,,,MoonRambler Expedition Flashlight 246,emergency,flashlight,Switchback Supply
20260723-0010,2026-07-23,S008,P1062,2,153.62,10,in_store,Y,,legacy,data/raw/orders/2026-07-23/orders.csv,2026-07-23,,,,,P1062,legacy_original,True,P1062,SwitchbackRover Wide Trail Shoes 261,footwear,trail shoes,Summit Finch,,,,,SwitchbackRover Wide Trail Shoes 261,footwear,trail shoes,Summit Finch
20260723-0011,2026-07-23,S006,P1033,2,179.99,5,in_store,N,,legacy,data/raw/orders/2026-07-23/orders.csv,2026-07-23,,,,,P1033,legacy_original,True,P1033,SummitRunner 4P Tent 232,camping,tent,Rocky Top Outfitters,,,,,SummitRunner 4P Tent 232,camping,tent,Rocky Top Outfitters
20260723-0012,2026-07-23,S003,P1045,2,348.41,0,in_store,Y,,legacy,data/raw/orders/2026-07-23/orders.csv,2026-07-23,,,,,P1045,legacy_original,True,P1045,FieldRunner Basecamp Tent 244,camping,tent,Blue Ridge Works,,,,,FieldRunner Basecamp Tent 244,camping,tent,Blue Ridge Works
20260723-0013,2026-07-23,S003,P1073,1,106.52,15,in_store,N,,legacy,data/raw/orders/2026-07-23/orders.csv,2026-07-23,,,,,P1073,legacy_original,True,P1073,PineRunner Lightweight Jacket 272,outerwear,rain shell,Rocky Top Outfitters,,,,,PineRunner Lightweight Jacket 272,outerwear,rain shell,Rocky Top Outfitters
20260723-0014,2026-07-23,S003,P1014,1,173.97,15,pickup,Y,,legacy,data/raw/orders/2026-07-23/orders.csv,2026-07-23,,,,,P1014,legacy_original,True,P1014,SwitchbackRover Wide Trail Shoes 213,footwear,trail shoes,Summit Finch,,,,,SwitchbackRover Wide Trail Shoes 213,footwear,trail shoes,Summit Finch
20260723-0015,2026-07-23,S002,P1020,2,200.91,5,pickup,Y,,legacy,data/raw/orders/2026-07-23/orders.csv,2026-07-23,,,,,P1020,legacy_original,True,P1020,StormNomad Approach Trail Shoes 219,footwear,trail shoes,Moss & Mile,,,,,StormNomad Approach Trail Shoes 219,footwear,trail shoes,Moss & Mile
20260723-0016,2026-07-23,S008,P1064,1,553.01,10,in_store,Y,,legacy,data/raw/orders/2026-07-23/orders.csv,2026-07-23,,,,,P1064,legacy_original,True,P1064,PeakNomad XL Cooler 263,patio,cooler,TrailForge,,,,,PeakNomad XL Cooler 263,patio,cooler,TrailForge
20260723-0017,2026-07-23,S007,P1036,4,126.18,20,pickup,N,,legacy,data/raw/orders/2026-07-23/orders.csv,2026-07-23,,,,,P1036,legacy_original,True,P1036,StormNomad 32oz Tumbler 235,hydration,insulated tumbler,Moss & Mile,,,,,StormNomad 32oz Tumbler 235,hydration,insulated tumbler,Moss & Mile
20260723-0018,2026-07-23,S004,P1006,1,53.11,5,pickup,Y,,legacy,data/raw/orders/2026-07-23/orders.csv,2026-07-23,,,,,P1006,legacy_original,True,P1006,TrailRover 20oz Tumbler 205,hydration,insulated tumbler,Summit Finch,,,,,TrailRover 20oz Tumbler 205,hydration,insulated tumbler,Summit Finch
20260723-0019,2026-07-23,S003,P1029,1,100.74,20,pickup,N,,legacy,data/raw/orders/2026-07-23/orders.csv,2026-07-23,,,,,P1029,legacy_original,True,P1029,FieldRunner Storm Kit Battery Pack 228,emergency,battery pack,Blue Ridge Works,,,,,FieldRunner Storm Kit Battery Pack 228,emergency,battery pack,Blue Ridge Works
20260723-0020,2026-07-23,S006,P1021,4,62.68,15,in_store,Y,,legacy,data/raw/orders/2026-07-23/orders.csv,2026-07-23,,,,,P1021,legacy_original,True,P1021,EmberRunner Basecamp Tent 220,camping,tent,Blue Ridge Works,,,,,EmberRunner Basecamp Tent 220,camping,tent,Blue Ridge Works
20260723-0021,2026-07-23,S003,P1060,1,154.39,0,pickup,Y,,legacy,data/raw/orders/2026-07-23/orders.csv,2026-07-23,,,,,P1060,legacy_original,True,P1060,CloudNomad 32oz Tumbler 259,hydration,insulated tumbler,Moss & Mile,,,,,CloudNomad 32oz Tumbler 259,hydration,insulated tumbler,Moss & Mile
20260723-0022,2026-07-23,S003,P1072,4,114.15,15,pickup,Y,,legacy,data/raw/orders/2026-07-23/orders.csv,2026-07-23,,,,,P1072,legacy_original,True,P1072,CanyonNomad Travel Tumbler 271,hydration,insulated tumbler,TrailForge,,,,,CanyonNomad Travel Tumbler 271,hydration,insulated tumbler,TrailForge
20260723-0023,2026-07-23,S005,P1075,4,156.96,5,in_store,N,,legacy,data/raw/orders/2026-07-23/orders.csv,2026-07-23,,,,,P1075,legacy_original,True,P1075,BoulderRambler 2P Camp Chair 274,camping,camp chair,Creekline,,,,,BoulderRambler 2P Camp Chair 274,camping,camp chair,Creekline
20260723-0024,2026-07-23,S002,P1050,2,75.31,0,in_store,N,,legacy,data/raw/orders/2026-07-23/orders.csv,2026-07-23,,,,,P1050,legacy_original,True,P1050,RidgeRover Mid Trail Shoes 249,footwear,trail shoes,Highland Ember,,,,,RidgeRover Mid Trail Shoes 249,footwear,trail shoes,Highland Ember
20260723-0025,2026-07-23,S002,P1036,2,157.72,0,pickup,N,,legacy,data/raw/orders/2026-07-23/orders.csv,2026-07-23,,,,,P1036,legacy_original,True,P1036,StormNomad 32oz Tumbler 235,hydration,insulated tumbler,Moss & Mile,,,,,StormNomad 32oz Tumbler 235,hydration,insulated tumbler,Moss & Mile
20260723-0026,2026-07-23,S007,P1061,1,125.66,15,in_store,Y,,legacy,data/raw/orders/2026-07-23/orders.csv,2026-07-23,,,,,P1061,legacy_original,True,P1061,FieldRunner Packable Jacket 260,outerwear,rain shell,Blue Ridge Works,,,,,FieldRunner Packable Jacket 260,outerwear,rain shell,Blue Ridge Works
20260723-0027,2026-07-23,S001,P1040,1,97.93,10,in_store,Y,,legacy,data/raw/orders/2026-07-23/orders.csv,2026-07-23,,,,,P1040,legacy_original,True,P1040,CanyonNomad XL Cooler 239,patio,cooler,TrailForge,,,,,CanyonNomad XL Cooler 239,patio,cooler,TrailForge
20260723-0028,2026-07-23,S003,P1044,1,151.4,20,in_store,Y,,legacy,data/raw/orders/2026-07-23/orders.csv,2026-07-23,,,,,P1044,legacy_original,True,P1044,CloudNomad Approach Trail Shoes 243,footwear,trail shoes,Moss & Mile,,,,,CloudNomad Approach Trail Shoes 243,footwear,trail shoes,Moss & Mile
20260723-0029,2026-07-23,S005,P1038,1,196.88,0,in_store,Y,,legacy,data/raw/orders/2026-07-23/orders.csv,2026-07-23,,,,,P1038,legacy_original,True,P1038,TrailRover Wide Trail Shoes 237,footwear,trail shoes,Summit Finch,,,,,TrailRover Wide Trail Shoes 237,footwear,trail shoes,Summit Finch
20260723-0030,2026-07-23,S007,P1057,1,410.17,0,ship_from_store,Y,,legacy,data/raw/orders/2026-07-23/orders.csv,2026-07-23,,,,,P1057,legacy_original,True,P1057,PineRunner 4P Tent 256,camping,tent,Rocky Top Outfitters,,,,,PineRunner 4P Tent 256,camping,tent,Rocky Top Outfitters
20260723-0031,2026-07-23,S005,P1008,1,157.95,10,in_store,Y,,legacy,data/raw/orders/2026-07-23/orders.csv,2026-07-23,,,,,P1008,legacy_original,True,P1008,CanyonNomad Waterproof Trail Shoes 207,footwear,trail shoes,TrailForge,,,,,CanyonNomad Waterproof Trail Shoes 207,footwear,trail shoes,TrailForge
20260723-0032,2026-07-23,S002,P1038,2,157.5,20,pickup,Y,,legacy,data/raw/orders/2026-07-23/orders.csv,2026-07-23,,,,,P1038,legacy_original,True,P1038,TrailRover Wide Trail Shoes 237,footwear,trail shoes,Summit Finch,,,,,TrailRover Wide Trail Shoes 237,footwear,trail shoes,Summit Finch
20260723-0033,2026-07-23,S001,P1071,3,121.81,15,in_store,Y,,legacy,data/raw/orders/2026-07-23/orders.csv,2026-07-23,,,,,P1071,legacy_original,True,P1071,HearthRambler Expedition Flashlight 270,emergency,flashlight,Switchback Supply,,,,,HearthRambler Expedition Flashlight 270,emergency,flashlight,Switchback Supply
20260723-0034,2026-07-23,S006,P1054,1,70.68,0,pickup,Y,,legacy,data/raw/orders/2026-07-23/orders.csv,2026-07-23,,,,,P1054,legacy_original,True,P1054,TrailRover 20oz Tumbler 253,hydration,insulated tumbler,Summit Finch,,,,,TrailRover 20oz Tumbler 253,hydration,insulated tumbler,Summit Finch
20260723-0035,2026-07-23,S008,P1038,1,196.88,0,pickup,Y,,legacy,data/raw/orders/2026-07-23/orders.csv,2026-07-23,,,,,P1038,legacy_original,True,P1038,TrailRover Wide Trail Shoes 237,footwear,trail shoes,Summit Finch,,,,,TrailRover Wide Trail Shoes 237,footwear,trail shoes,Summit Finch
20260723-0036,2026-07-23,S006,P1001,1,124.28,5,ship_from_store,Y,,legacy,data/raw/orders/2026-07-23/orders.csv,2026-07-23,,,,,P1001,legacy_original,True,P1001,SummitRunner Lightweight Jacket 200,outerwear,rain shell,Rocky Top Outfitters,,,,,SummitRunner Lightweight Jacket 200,outerwear,rain shell,Rocky Top Outfitters
20260723-0037,2026-07-23,S007,P1026,4,130.4,0,ship_from_store,Y,,legacy,data/raw/orders/2026-07-23/orders.csv,2026-07-23,,,,,P1026,legacy_original,True,P1026,VistaRover Mid Trail Shoes 225,footwear,trail shoes,Highland Ember,,,,,VistaRover Mid Trail Shoes 225,footwear,trail shoes,Highland Ember
20260723-0038,2026-07-23,S003,P1029,2,100.74,20,in_store,Y,,legacy,data/raw/orders/2026-07-23/orders.csv,2026-07-23,,,,,P1029,legacy_original,True,P1029,FieldRunner Storm Kit Battery Pack 228,emergency,battery pack,Blue Ridge Works,,,,,FieldRunner Storm Kit Battery Pack 228,emergency,battery pack,Blue Ridge Works
20260723-0039,2026-07-23,S005,P1029,2,107.04,15,in_store,Y,,legacy,data/raw/orders/2026-07-23/orders.csv,2026-07-23,,,,,P1029,legacy_original,True,P1029,FieldRunner Storm Kit Battery Pack 228,emergency,battery pack,Blue Ridge Works,,,,,FieldRunner Storm Kit Battery Pack 228,emergency,battery pack,Blue Ridge Works
20260723-0040,2026-07-23,S005,P1074,2,191.7,0,ship_from_store,Y,,legacy,data/raw/orders/2026-07-23/orders.csv,2026-07-23,,,,,P1074,legacy_original,True,P1074,VistaRover Mid Trail Shoes 273,footwear,trail shoes,Highland Ember,,,,,VistaRover Mid Trail Shoes 273,footwear,trail shoes,Highland Ember
20260723-0041,2026-07-23,S007,P1054,3,60.08,15,ship_from_store,Y,,legacy,data/raw/orders/2026-07-23/orders.csv,2026-07-23,,,,,P1054,legacy_original,True,P1054,TrailRover 20oz Tumbler 253,hydration,insulated tumbler,Summit Finch,,,,,TrailRover 20oz Tumbler 253,hydration,insulated tumbler,Summit Finch
20260723-0042,2026-07-23,S004,P1073,1,112.79,10,pickup,Y,,legacy,data/raw/orders/2026-07-23/orders.csv,2026-07-23,,,,,P1073,legacy_original,True,P1073,PineRunner Lightweight Jacket 272,outerwear,rain shell,Rocky Top Outfitters,,,,,PineRunner Lightweight Jacket 272,outerwear,rain shell,Rocky Top Outfitters
20260723-0043,2026-07-23,S006,P1058,3,224.05,15,in_store,Y,,legacy,data/raw/orders/2026-07-23/orders.csv,2026-07-23,,,,,P1058,legacy_original,True,P1058,VistaRover Deluxe Patio Heater 257,patio,patio heater,Highland Ember,,,,,VistaRover Deluxe Patio Heater 257,patio,patio heater,Highland Ember
20260723-0044,2026-07-23,S004,P1030,1,126.26,0,pickup,Y,,legacy,data/raw/orders/2026-07-23/orders.csv,2026-07-23,,,,,P1030,legacy_original,True,P1030,SwitchbackRover 20oz Tumbler 229,hydration,insulated tumbler,Summit Finch,,,,,SwitchbackRover 20oz Tumbler 229,hydration,insulated tumbler,Summit Finch
20260723-0045,2026-07-23,S002,P1006,4,55.91,0,pickup,Y,,legacy,data/raw/orders/2026-07-23/orders.csv,2026-07-23,,,,,P1006,legacy_original,True,P1006,TrailRover 20oz Tumbler 205,hydration,insulated tumbler,Summit Finch,,,,,TrailRover 20oz Tumbler 205,hydration,insulated tumbler,Summit Finch
20260723-0046,2026-07-23,S006,P1075,4,156.96,5,pickup,Y,,legacy,data/raw/orders/2026-07-23/orders.csv,2026-07-23,,,,,P1075,legacy_original,True,P1075,BoulderRambler 2P Camp Chair 274,camping,camp chair,Creekline,,,,,BoulderRambler 2P Camp Chair 274,camping,camp chair,Creekline
20260723-0047,2026-07-23,S002,P1016,2,538.98,15,in_store,Y,,legacy,data/raw/orders/2026-07-23/orders.csv,2026-07-23,,,,,P1016,legacy_original,True,P1016,PeakNomad XL Cooler 215,patio,cooler,TrailForge,,,,,PeakNomad XL Cooler 215,patio,cooler,TrailForge
20260723-0048,2026-07-23,S003,P1017,3,58.17,10,in_store,N,,legacy,data/raw/orders/2026-07-23/orders.csv,2026-07-23,,,,,P1017,legacy_original,True,P1017,SummitRunner Mini Battery Pack 216,emergency,battery pack,Rocky Top Outfitters,,,,,SummitRunner Mini Battery Pack 216,emergency,battery pack,Rocky Top Outfitters
20260723-0049,2026-07-23,S002,P1079,2,217.78,15,ship_from_store,Y,,legacy,data/raw/orders/2026-07-23/orders.csv,2026-07-23,,,,,P1079,legacy_original,True,P1079,MoonRambler Stormproof Jacket 278,outerwear,rain shell,Switchback Supply,,,,,MoonRambler Stormproof Jacket 278,outerwear,rain shell,Switchback Supply
20260723-0050,2026-07-23,S007,P1009,1,97.97,15,ship_from_store,N,,legacy,data/raw/orders/2026-07-23/orders.csv,2026-07-23,,,,,P1009,legacy_original,True,P1009,PineRunner 4P Tent 208,camping,tent,Rocky Top Outfitters,,,,,PineRunner 4P Tent 208,camping,tent,Rocky Top Outfitters
20260723-0051,2026-07-23,S004,P1017,1,51.7,20,ship_from_store,Y,,legacy,data/raw/orders/2026-07-23/orders.csv,2026-07-23,,,,,P1017,legacy_original,True,P1017,SummitRunner Mini Battery Pack 216,emergency,battery pack,Rocky Top Outfitters,,,,,SummitRunner Mini Battery Pack 216,emergency,battery pack,Rocky Top Outfitters
20260723-0052,2026-07-23,S003,P1042,1,103.73,10,ship_from_store,N,,legacy,data/raw/orders/2026-07-23/orders.csv,2026-07-23,,,,,P1042,legacy_original,True,P1042,VistaRover Trail Tumbler 241,hydration,insulated tumbler,Highland Ember,,,,,VistaRover Trail Tumbler 241,hydration,insulated tumbler,Highland Ember
20260723-0053,2026-07-23,S004,P1056,1,144.01,0,in_store,N,,legacy,data/raw/orders/2026-07-23/orders.csv,2026-07-23,,,,,P1056,legacy_original,True,P1056,CanyonNomad Waterproof Trail Shoes 255,footwear,trail shoes,TrailForge,,,,,CanyonNomad Waterproof Trail Shoes 255,footwear,trail shoes,TrailForge
20260723-0054,2026-07-23,S007,P1016,2,602.39,5,in_store,Y,,legacy,data/raw/orders/2026-07-23/orders.csv,2026-07-23,,,,,P1016,legacy_original,True,P1016,PeakNomad XL Cooler 215,patio,cooler,TrailForge,,,,,PeakNomad XL Cooler 215,patio,cooler,TrailForge
20260723-0055,2026-07-23,S003,P1041,2,46.41,15,in_store,N,,legacy,data/raw/orders/2026-07-23/orders.csv,2026-07-23,,,,,P1041,legacy_original,True,P1041,PineRunner Mini Battery Pack 240,emergency,battery pack,Rocky Top Outfitters,,,,,PineRunner Mini Battery Pack 240,emergency,battery pack,Rocky Top Outfitters
20260723-0056,2026-07-23,S003,P1004,2,109.9,0,pickup,Y,,legacy,data/raw/orders/2026-07-23/orders.csv,2026-07-23,,,,,P1004,legacy_original,True,P1004,StormNomad Compact Cooler 203,patio,cooler,Moss & Mile,,,,,StormNomad Compact Cooler 203,patio,cooler,Moss & Mile
20260723-0057,2026-07-23,S001,P1020,1,169.18,20,in_store,Y,,legacy,data/raw/orders/2026-07-23/orders.csv,2026-07-23,,,,,P1020,legacy_original,True,P1020,StormNomad Approach Trail Shoes 219,footwear,trail shoes,Moss & Mile,,,,,StormNomad Approach Trail Shoes 219,footwear,trail shoes,Moss & Mile
20260723-0058,2026-07-23,S005,P1033,1,161.04,15,in_store,Y,,legacy,data/raw/orders/2026-07-23/orders.csv,2026-07-23,,,,,P1033,legacy_original,True,P1033,SummitRunner 4P Tent 232,camping,tent,Rocky Top Outfitters,,,,,SummitRunner 4P Tent 232,camping,tent,Rocky Top Outfitters
20260723-0059,2026-07-23,S003,P1040,2,108.81,0,in_store,Y,,legacy,data/raw/orders/2026-07-23/orders.csv,2026-07-23,,,,,P1040,legacy_original,True,P1040,CanyonNomad XL Cooler 239,patio,cooler,TrailForge,,,,,CanyonNomad XL Cooler 239,patio,cooler,TrailForge
20260723-0060,2026-07-23,S004,P1080,1,128.7,10,pickup,Y,,legacy,data/raw/orders/2026-07-23/orders.csv,2026-07-23,,,,,P1080,legacy_original,True,P1080,PeakNomad Waterproof Trail Shoes 279,footwear,trail shoes,TrailForge,,,,,PeakNomad Waterproof Trail Shoes 279,footwear,trail shoes,TrailForge
20260723-0061,2026-07-23,S001,P1050,1,75.31,0,ship_from_store,Y,,legacy,data/raw/orders/2026-07-23/orders.csv,2026-07-23,,,,,P1050,legacy_original,True,P1050,RidgeRover Mid Trail Shoes 249,footwear,trail shoes,Highland Ember,,,,,RidgeRover Mid Trail Shoes 249,footwear,trail shoes,Highland Ember
20260723-0062,2026-07-23,S003,P1035,4,140.34,5,ship_from_store,Y,,legacy,data/raw/orders/2026-07-23/orders.csv,2026-07-23,,,,,P1035,legacy_original,True,P1035,CreekRambler Rechargeable Flashlight 234,emergency,flashlight,Creekline,,,,,CreekRambler Rechargeable Flashlight 234,emergency,flashlight,Creekline
20260723-0063,2026-07-23,S003,P1045,2,313.57,10,ship_from_store,Y,,legacy,data/raw/orders/2026-07-23/orders.csv,2026-07-23,,,,,P1045,legacy_original,True,P1045,FieldRunner Basecamp Tent 244,camping,tent,Blue Ridge Works,,,,,FieldRunner Basecamp Tent 244,camping,tent,Blue Ridge Works
20260723-0064,2026-07-23,S001,P1076,1,617.47,10,in_store,N,,legacy,data/raw/orders/2026-07-23/orders.csv,2026-07-23,,,,,P1076,legacy_original,True,P1076,CloudNomad Compact Cooler 275,patio,cooler,Moss & Mile,,,,,CloudNomad Compact Cooler 275,patio,cooler,Moss & Mile
20260723-0065,2026-07-23,S005,P1038,2,196.88,0,ship_from_store,Y,,legacy,data/raw/orders/2026-07-23/orders.csv,2026-07-23,,,,,P1038,legacy_original,True,P1038,TrailRover Wide Trail Shoes 237,footwear,trail shoes,Summit Finch,,,,,TrailRover Wide Trail Shoes 237,footwear,trail shoes,Summit Finch
20260723-0066,2026-07-23,S004,P1032,2,174.67,10,in_store,Y,,legacy,data/raw/orders/2026-07-23/orders.csv,2026-07-23,,,,,P1032,legacy_original,True,P1032,PeakNomad Waterproof Trail Shoes 231,footwear,trail shoes,TrailForge,,,,,PeakNomad Waterproof Trail Shoes 231,footwear,trail shoes,TrailForge
20260723-0067,2026-07-23,S005,P1061,1,125.66,15,ship_from_store,Y,,legacy,data/raw/orders/2026-07-23/orders.csv,2026-07-23,,,,,P1061,legacy_original,True,P1061,FieldRunner Packable Jacket 260,outerwear,rain shell,Blue Ridge Works,,,,,FieldRunner Packable Jacket 260,outerwear,rain shell,Blue Ridge Works
20260723-0068,2026-07-23,S003,P1040,4,97.93,10,ship_from_store,Y,,legacy,data/raw/orders/2026-07-23/orders.csv,2026-07-23,,,,,P1040,legacy_original,True,P1040,CanyonNomad XL Cooler 239,patio,cooler,TrailForge,,,,,CanyonNomad XL Cooler 239,patio,cooler,TrailForge
20260723-0069,2026-07-23,S002,P1070,1,202.52,0,in_store,Y,,legacy,data/raw/orders/2026-07-23/orders.csv,2026-07-23,,,,,P1070,legacy_original,True,P1070,TrailRover Weekend Patio Heater 269,patio,patio heater,Summit Finch,,,,,TrailRover Weekend Patio Heater 269,patio,patio heater,Summit Finch
20260723-0070,2026-07-23,S006,P1006,2,53.11,5,in_store,N,,legacy,data/raw/orders/2026-07-23/orders.csv,2026-07-23,,,,,P1006,legacy_original,True,P1006,TrailRover 20oz Tumbler 205,hydration,insulated tumbler,Summit Finch,,,,,TrailRover 20oz Tumbler 205,hydration,insulated tumbler,Summit Finch
20260723-0071,2026-07-23,S003,P1006,1,50.32,10,in_store,Y,,legacy,data/raw/orders/2026-07-23/orders.csv,2026-07-23,,,,,P1006,legacy_original,True,P1006,TrailRover 20oz Tumbler 205,hydration,insulated tumbler,Summit Finch,,,,,TrailRover 20oz Tumbler 205,hydration,insulated tumbler,Summit Finch
20260723-0072,2026-07-23,S004,P1033,1,161.04,15,ship_from_store,Y,,legacy,data/raw/orders/2026-07-23/orders.csv,2026-07-23,,,,,P1033,legacy_original,True,P1033,SummitRunner 4P Tent 232,camping,tent,Rocky Top Outfitters,,,,,SummitRunner 4P Tent 232,camping,tent,Rocky Top Outfitters
20260723-0073,2026-07-23,S008,P1072,1,114.15,15,ship_from_store,Y,,legacy,data/raw/orders/2026-07-23/orders.csv,2026-07-23,,,,,P1072,legacy_original,True,P1072,CanyonNomad Travel Tumbler 271,hydration,insulated tumbler,TrailForge,,,,,CanyonNomad Travel Tumbler 271,hydration,insulated tumbler,TrailForge
20260723-0074,2026-07-23,S004,P1028,1,615.14,5,ship_from_store,Y,,legacy,data/raw/orders/2026-07-23/orders.csv,2026-07-23,,,,,P1028,legacy_original,True,P1028,CloudNomad Compact Cooler 227,patio,cooler,Moss & Mile,,,,,CloudNomad Compact Cooler 227,patio,cooler,Moss & Mile
20260723-0075,2026-07-23,S004,P1060,1,146.67,5,ship_from_store,Y,,legacy,data/raw/orders/2026-07-23/orders.csv,2026-07-23,,,,,P1060,legacy_original,True,P1060,CloudNomad 32oz Tumbler 259,hydration,insulated tumbler,Moss & Mile,,,,,CloudNomad 32oz Tumbler 259,hydration,insulated tumbler,Moss & Mile
20260723-0076,2026-07-23,S008,P1012,2,123.66,0,in_store,Y,,legacy,data/raw/orders/2026-07-23/orders.csv,2026-07-23,,,,,P1012,legacy_original,True,P1012,CloudNomad 32oz Tumbler 211,hydration,insulated tumbler,Moss & Mile,,,,,CloudNomad 32oz Tumbler 211,hydration,insulated tumbler,Moss & Mile
20260723-0077,2026-07-23,S006,P1008,2,175.5,0,in_store,Y,,legacy,data/raw/orders/2026-07-23/orders.csv,2026-07-23,,,,,P1008,legacy_original,True,P1008,CanyonNomad Waterproof Trail Shoes 207,footwear,trail shoes,TrailForge,,,,,CanyonNomad Waterproof Trail Shoes 207,footwear,trail shoes,TrailForge
20260723-0078,2026-07-23,S001,P1026,2,130.4,0,in_store,Y,,legacy,data/raw/orders/2026-07-23/orders.csv,2026-07-23,,,,,P1026,legacy_original,True,P1026,VistaRover Mid Trail Shoes 225,footwear,trail shoes,Highland Ember,,,,,VistaRover Mid Trail Shoes 225,footwear,trail shoes,Highland Ember
20260723-0079,2026-07-23,S005,P1021,4,58.99,20,in_store,N,,legacy,data/raw/orders/2026-07-23/orders.csv,2026-07-23,,,,,P1021,legacy_original,True,P1021,EmberRunner Basecamp Tent 220,camping,tent,Blue Ridge Works,,,,,EmberRunner Basecamp Tent 220,camping,tent,Blue Ridge Works
20260723-0080,2026-07-23,S002,P1007,1,101.18,10,in_store,Y,,legacy,data/raw/orders/2026-07-23/orders.csv,2026-07-23,,,,,P1007,legacy_original,True,P1007,HearthRambler Stormproof Jacket 206,outerwear,rain shell,Switchback Supply,,,,,HearthRambler Stormproof Jacket 206,outerwear,rain shell,Switchback Supply
20260723-0081,2026-07-23,S008,P1031,1,156.18,10,in_store,Y,,legacy,data/raw/orders/2026-07-23/orders.csv,2026-07-23,,,,,P1031,legacy_original,True,P1031,MoonRambler Stormproof Jacket 230,outerwear,rain shell,Switchback Supply,,,,,MoonRambler Stormproof Jacket 230,outerwear,rain shell,Switchback Supply
20260723-0082,2026-07-23,S007,P1039,1,367.84,0,in_store,N,,legacy,data/raw/orders/2026-07-23/orders.csv,2026-07-23,,,,,P1039,legacy_original,True,P1039,HearthRambler Ultralight Camp Chair 238,camping,camp chair,Switchback Supply,,,,,HearthRambler Ultralight Camp Chair 238,camping,camp chair,Switchback Supply
20260723-0083,2026-07-23,S004,P1002,1,203.43,0,ship_from_store,N,,legacy,data/raw/orders/2026-07-23/orders.csv,2026-07-23,,,,,P1002,legacy_original,True,P1002,RidgeRover Mid Trail Shoes 201,footwear,trail shoes,Highland Ember,,,,,RidgeRover Mid Trail Shoes 201,footwear,trail shoes,Highland Ember
20260723-0084,2026-07-23,S004,P1031,1,138.82,20,in_store,Y,,legacy,data/raw/orders/2026-07-23/orders.csv,2026-07-23,,,,,P1031,legacy_original,True,P1031,MoonRambler Stormproof Jacket 230,outerwear,rain shell,Switchback Supply,,,,,MoonRambler Stormproof Jacket 230,outerwear,rain shell,Switchback Supply
20260723-0085,2026-07-23,S005,P1005,1,111.54,0,in_store,N,,legacy,data/raw/orders/2026-07-23/orders.csv,2026-07-23,,,,,P1005,legacy_original,True,P1005,EmberRunner Storm Kit Battery Pack 204,emergency,battery pack,Blue Ridge Works,,,,,EmberRunner Storm Kit Battery Pack 204,emergency,battery pack,Blue Ridge Works
20260723-0086,2026-07-23,S004,P1017,2,51.7,20,in_store,Y,,legacy,data/raw/orders/2026-07-23/orders.csv,2026-07-23,,,,,P1017,legacy_original,True,P1017,SummitRunner Mini Battery Pack 216,emergency,battery pack,Rocky Top Outfitters,,,,,SummitRunner Mini Battery Pack 216,emergency,battery pack,Rocky Top Outfitters
20260723-0087,2026-07-23,S008,P1045,2,278.73,20,ship_from_store,Y,,legacy,data/raw/orders/2026-07-23/orders.csv,2026-07-23,,,,,P1045,legacy_original,True,P1045,FieldRunner Basecamp Tent 244,camping,tent,Blue Ridge Works,,,,,FieldRunner Basecamp Tent 244,camping,tent,Blue Ridge Works
20260723-0088,2026-07-23,S004,P1065,1,107.22,5,pickup,Y,,legacy,data/raw/orders/2026-07-23/orders.csv,2026-07-23,,,,,P1065,legacy_original,True,P1065,SummitRunner Mini Battery Pack 264,emergency,battery pack,Rocky Top Outfitters,,,,,SummitRunner Mini Battery Pack 264,emergency,battery pack,Rocky Top Outfitters
20260723-0089,2026-07-23,S005,P1021,2,70.05,5,in_store,Y,,legacy,data/raw/orders/2026-07-23/orders.csv,2026-07-23,,,,,P1021,legacy_original,True,P1021,EmberRunner Basecamp Tent 220,camping,tent,Blue Ridge Works,,,,,EmberRunner Basecamp Tent 220,camping,tent,Blue Ridge Works
20260723-0090,2026-07-23,S008,P1047,1,54.05,5,ship_from_store,Y,,legacy,data/raw/orders/2026-07-23/orders.csv,2026-07-23,,,,,P1047,legacy_original,True,P1047,MoonRambler Expedition Flashlight 246,emergency,flashlight,Switchback Supply,,,,,MoonRambler Expedition Flashlight 246,emergency,flashlight,Switchback Supply
20260723-0091,2026-07-23,S006,P1009,2,97.97,15,in_store,Y,,legacy,data/raw/orders/2026-07-23/orders.csv,2026-07-23,,,,,P1009,legacy_original,True,P1009,PineRunner 4P Tent 208,camping,tent,Rocky Top Outfitters,,,,,PineRunner 4P Tent 208,camping,tent,Rocky Top Outfitters
20260723-0092,2026-07-23,S002,P1003,2,426.53,5,pickup,Y,,legacy,data/raw/orders/2026-07-23/orders.csv,2026-07-23,,,,,P1003,legacy_original,True,P1003,CreekRambler 2P Camp Chair 202,camping,camp chair,Creekline,,,,,CreekRambler 2P Camp Chair 202,camping,camp chair,Creekline
20260723-0093,2026-07-23,S001,P1015,4,191.87,0,ship_from_store,Y,,legacy,data/raw/orders/2026-07-23/orders.csv,2026-07-23,,,,,P1015,legacy_original,True,P1015,MoonRambler Ultralight Camp Chair 214,camping,camp chair,Switchback Supply,,,,,MoonRambler Ultralight Camp Chair 214,camping,camp chair,Switchback Supply
20260723-0094,2026-07-23,S002,P1010,4,441.94,20,in_store,Y,,legacy,data/raw/orders/2026-07-23/orders.csv,2026-07-23,,,,,P1010,legacy_original,True,P1010,VistaRover Deluxe Patio Heater 209,patio,patio heater,Highland Ember,,,,,VistaRover Deluxe Patio Heater 209,patio,patio heater,Highland Ember
20260723-0095,2026-07-23,S008,P1048,1,63.25,10,in_store,Y,,legacy,data/raw/orders/2026-07-23/orders.csv,2026-07-23,,,,,P1048,legacy_original,True,P1048,PeakNomad Travel Tumbler 247,hydration,insulated tumbler,TrailForge,,,,,PeakNomad Travel Tumbler 247,hydration,insulated tumbler,TrailForge
20260723-0096,2026-07-23,S005,P1003,2,404.08,10,in_store,Y,,legacy,data/raw/orders/2026-07-23/orders.csv,2026-07-23,,,,,P1003,legacy_original,True,P1003,CreekRambler 2P Camp Chair 202,camping,camp chair,Creekline,,,,,CreekRambler 2P Camp Chair 202,camping,camp chair,Creekline
20260723-0097,2026-07-23,S006,P1052,4,369.46,5,pickup,Y,,legacy,data/raw/orders/2026-07-23/orders.csv,2026-07-23,,,,,P1052,legacy_original,True,P1052,StormNomad Compact Cooler 251,patio,cooler,Moss & Mile,,,,,StormNomad Compact Cooler 251,patio,cooler,Moss & Mile
20260723-0098,2026-07-23,S002,P1048,2,56.22,20,in_store,Y,,legacy,data/raw/orders/2026-07-23/orders.csv,2026-07-23,,,,,P1048,legacy_original,True,P1048,PeakNomad Travel Tumbler 247,hydration,insulated tumbler,TrailForge,,,,,PeakNomad Travel Tumbler 247,hydration,insulated tumbler,TrailForge
20260723-0099,2026-07-23,S008,P1027,3,92.03,0,ship_from_store,Y,,legacy,data/raw/orders/2026-07-23/orders.csv,2026-07-23,,,,,P1027,legacy_original,True,P1027,BoulderRambler 2P Camp Chair 226,camping,camp chair,Creekline,,,,,BoulderRambler 2P Camp Chair 226,camping,camp chair,Creekline
20260723-0100,2026-07-23,S004,P1046,4,233.42,0,in_store,Y,,legacy,data/raw/orders/2026-07-23/orders.csv,2026-07-23,,,,,P1046,legacy_original,True,P1046,SwitchbackRover Weekend Patio Heater 245,patio,patio heater,Summit Finch,,,,,SwitchbackRover Weekend Patio Heater 245,patio,patio heater,Summit Finch
20260723-0101,2026-07-23,S003,P1078,4,117.08,20,in_store,Y,,legacy,data/raw/orders/2026-07-23/orders.csv,2026-07-23,,,,,P1078,legacy_original,True,P1078,SwitchbackRover 20oz Tumbler 277,hydration,insulated tumbler,Summit Finch,,,,,SwitchbackRover 20oz Tumbler 277,hydration,insulated tumbler,Summit Finch
20260723-0102,2026-07-23,S007,P1016,3,634.09,0,ship_from_store,N,,legacy,data/raw/orders/2026-07-23/orders.csv,2026-07-23,,,,,P1016,legacy_original,True,P1016,PeakNomad XL Cooler 215,patio,cooler,TrailForge,,,,,PeakNomad XL Cooler 215,patio,cooler,TrailForge
20260723-0103,2026-07-23,S006,P1016,1,634.09,0,ship_from_store,N,,legacy,data/raw/orders/2026-07-23/orders.csv,2026-07-23,,,,,P1016,legacy_original,True,P1016,PeakNomad XL Cooler 215,patio,cooler,TrailForge,,,,,PeakNomad XL Cooler 215,patio,cooler,TrailForge
20260723-0104,2026-07-23,S007,P1017,4,51.7,20,pickup,Y,,legacy,data/raw/orders/2026-07-23/orders.csv,2026-07-23,,,,,P1017,legacy_original,True,P1017,SummitRunner Mini Battery Pack 216,emergency,battery pack,Rocky Top Outfitters,,,,,SummitRunner Mini Battery Pack 216,emergency,battery pack,Rocky Top Outfitters
20260723-0105,2026-07-23,S005,P1002,1,162.74,20,in_store,N,,legacy,data/raw/orders/2026-07-23/orders.csv,2026-07-23,,,,,P1002,legacy_original,True,P1002,RidgeRover Mid Trail Shoes 201,footwear,trail shoes,Highland Ember,,,,,RidgeRover Mid Trail Shoes 201,footwear,trail shoes,Highland Ember
20260723-0106,2026-07-23,S001,P1036,1,126.18,20,in_store,Y,,legacy,data/raw/orders/2026-07-23/orders.csv,2026-07-23,,,,,P1036,legacy_original,True,P1036,StormNomad 32oz Tumbler 235,hydration,insulated tumbler,Moss & Mile,,,,,StormNomad 32oz Tumbler 235,hydration,insulated tumbler,Moss & Mile
20260723-0107,2026-07-23,S001,P1067,3,226.93,15,ship_from_store,Y,,legacy,data/raw/orders/2026-07-23/orders.csv,2026-07-23,,,,,P1067,legacy_original,True,P1067,CreekRambler Alpine Jacket 266,outerwear,rain shell,Creekline,,,,,CreekRambler Alpine Jacket 266,outerwear,rain shell,Creekline
20260723-0108,2026-07-23,S004,P1065,1,107.22,5,in_store,Y,,legacy,data/raw/orders/2026-07-23/orders.csv,2026-07-23,,,,,P1065,legacy_original,True,P1065,SummitRunner Mini Battery Pack 264,emergency,battery pack,Rocky Top Outfitters,,,,,SummitRunner Mini Battery Pack 264,emergency,battery pack,Rocky Top Outfitters
20260723-0109,2026-07-23,S006,P1080,1,135.85,5,in_store,N,,legacy,data/raw/orders/2026-07-23/orders.csv,2026-07-23,,,,,P1080,legacy_original,True,P1080,PeakNomad Waterproof Trail Shoes 279,footwear,trail shoes,TrailForge,,,,,PeakNomad Waterproof Trail Shoes 279,footwear,trail shoes,TrailForge
20260723-0110,2026-07-23,S004,P1010,1,552.43,0,in_store,Y,,legacy,data/raw/orders/2026-07-23/orders.csv,2026-07-23,,,,,P1010,legacy_original,True,P1010,VistaRover Deluxe Patio Heater 209,patio,patio heater,Highland Ember,,,,,VistaRover Deluxe Patio Heater 209,patio,patio heater,Highland Ember
20260723-0111,2026-07-23,S006,P1010,1,524.81,5,in_store,Y,,legacy,data/raw/orders/2026-07-23/orders.csv,2026-07-23,,,,,P1010,legacy_original,True,P1010,VistaRover Deluxe Patio Heater 209,patio,patio heater,Highland Ember,,,,,VistaRover Deluxe Patio Heater 209,patio,patio heater,Highland Ember
20260723-0112,2026-07-23,S007,P1032,1,194.08,0,in_store,Y,,legacy,data/raw/orders/2026-07-23/orders.csv,2026-07-23,,,,,P1032,legacy_original,True,P1032,PeakNomad Waterproof Trail Shoes 231,footwear,trail shoes,TrailForge,,,,,PeakNomad Waterproof Trail Shoes 231,footwear,trail shoes,TrailForge
20260723-0113,2026-07-23,S003,P1056,1,144.01,0,pickup,Y,,legacy,data/raw/orders/2026-07-23/orders.csv,2026-07-23,,,,,P1056,legacy_original,True,P1056,CanyonNomad Waterproof Trail Shoes 255,footwear,trail shoes,TrailForge,,,,,CanyonNomad Waterproof Trail Shoes 255,footwear,trail shoes,TrailForge
20260723-0114,2026-07-23,S004,P1013,2,97.39,0,pickup,Y,,legacy,data/raw/orders/2026-07-23/orders.csv,2026-07-23,,,,,P1013,legacy_original,True,P1013,FieldRunner Packable Jacket 212,outerwear,rain shell,Blue Ridge Works,,,,,FieldRunner Packable Jacket 212,outerwear,rain shell,Blue Ridge Works
20260723-0115,2026-07-23,S008,P1073,4,125.32,0,in_store,Y,,legacy,data/raw/orders/2026-07-23/orders.csv,2026-07-23,,,,,P1073,legacy_original,True,P1073,PineRunner Lightweight Jacket 272,outerwear,rain shell,Rocky Top Outfitters,,,,,PineRunner Lightweight Jacket 272,outerwear,rain shell,Rocky Top Outfitters
20260723-0116,2026-07-23,S006,P1038,1,187.04,5,pickup,Y,,legacy,data/raw/orders/2026-07-23/orders.csv,2026-07-23,,,,,P1038,legacy_original,True,P1038,TrailRover Wide Trail Shoes 237,footwear,trail shoes,Summit Finch,,,,,TrailRover Wide Trail Shoes 237,footwear,trail shoes,Summit Finch
20260723-0117,2026-07-23,S002,P1060,3,154.39,0,in_store,Y,,legacy,data/raw/orders/2026-07-23/orders.csv,2026-07-23,,,,,P1060,legacy_original,True,P1060,CloudNomad 32oz Tumbler 259,hydration,insulated tumbler,Moss & Mile,,,,,CloudNomad 32oz Tumbler 259,hydration,insulated tumbler,Moss & Mile
20260723-0118,2026-07-23,S001,P1080,2,128.7,10,pickup,N,,legacy,data/raw/orders/2026-07-23/orders.csv,2026-07-23,,,,,P1080,legacy_original,True,P1080,PeakNomad Waterproof Trail Shoes 279,footwear,trail shoes,TrailForge,,,,,PeakNomad Waterproof Trail Shoes 279,footwear,trail shoes,TrailForge
20260723-0119,2026-07-23,S008,P1061,1,147.84,0,in_store,N,,legacy,data/raw/orders/2026-07-23/orders.csv,2026-07-23,,,,,P1061,legacy_original,True,P1061,FieldRunner Packable Jacket 260,outerwear,rain shell,Blue Ridge Works,,,,,FieldRunner Packable Jacket 260,outerwear,rain shell,Blue Ridge Works
20260723-0120,2026-07-23,S007,P1078,2,117.08,20,in_store,Y,,legacy,data/raw/orders/2026-07-23/orders.csv,2026-07-23,,,,,P1078,legacy_original,True,P1078,SwitchbackRover 20oz Tumbler 277,hydration,insulated tumbler,Summit Finch,,,,,SwitchbackRover 20oz Tumbler 277,hydration,insulated tumbler,Summit Finch
20260723-0121,2026-07-23,S003,P1050,1,75.31,0,ship_from_store,Y,,legacy,data/raw/orders/2026-07-23/orders.csv,2026-07-23,,,,,P1050,legacy_original,True,P1050,RidgeRover Mid Trail Shoes 249,footwear,trail shoes,Highland Ember,,,,,RidgeRover Mid Trail Shoes 249,footwear,trail shoes,Highland Ember
20260723-0122,2026-07-23,S003,P1052,4,330.57,15,ship_from_store,N,,legacy,data/raw/orders/2026-07-23/orders.csv,2026-07-23,,,,,P1052,legacy_original,True,P1052,StormNomad Compact Cooler 251,patio,cooler,Moss & Mile,,,,,StormNomad Compact Cooler 251,patio,cooler,Moss & Mile
20260723-0123,2026-07-23,S004,P1021,1,73.74,0,in_store,Y,,legacy,data/raw/orders/2026-07-23/orders.csv,2026-07-23,,,,,P1021,legacy_original,True,P1021,EmberRunner Basecamp Tent 220,camping,tent,Blue Ridge Works,,,,,EmberRunner Basecamp Tent 220,camping,tent,Blue Ridge Works
20260723-0124,2026-07-23,S005,P1019,1,178.99,0,pickup,N,,legacy,data/raw/orders/2026-07-23/orders.csv,2026-07-23,,,,,P1019,legacy_original,True,P1019,CreekRambler Alpine Jacket 218,outerwear,rain shell,Creekline,,,,,CreekRambler Alpine Jacket 218,outerwear,rain shell,Creekline
20260723-0125,2026-07-23,S006,P1014,2,163.74,20,in_store,Y,,legacy,data/raw/orders/2026-07-23/orders.csv,2026-07-23,,,,,P1014,legacy_original,True,P1014,SwitchbackRover Wide Trail Shoes 213,footwear,trail shoes,Summit Finch,,,,,SwitchbackRover Wide Trail Shoes 213,footwear,trail shoes,Summit Finch
20260723-0126,2026-07-23,S008,P1067,1,266.98,0,in_store,N,,legacy,data/raw/orders/2026-07-23/orders.csv,2026-07-23,,,,,P1067,legacy_original,True,P1067,CreekRambler Alpine Jacket 266,outerwear,rain shell,Creekline,,,,,CreekRambler Alpine Jacket 266,outerwear,rain shell,Creekline
20260723-0127,2026-07-23,S004,P1023,1,127.3,10,in_store,Y,,legacy,data/raw/orders/2026-07-23/orders.csv,2026-07-23,,,,,P1023,legacy_original,True,P1023,HearthRambler Expedition Flashlight 222,emergency,flashlight,Switchback Supply,,,,,HearthRambler Expedition Flashlight 222,emergency,flashlight,Switchback Supply
20260723-0128,2026-07-23,S006,P1046,2,210.08,10,in_store,Y,,legacy,data/raw/orders/2026-07-23/orders.csv,2026-07-23,,,,,P1046,legacy_original,True,P1046,SwitchbackRover Weekend Patio Heater 245,patio,patio heater,Summit Finch,,,,,SwitchbackRover Weekend Patio Heater 245,patio,patio heater,Summit Finch
20260723-0129,2026-07-23,S005,P1011,2,119.76,10,in_store,Y,,legacy,data/raw/orders/2026-07-23/orders.csv,2026-07-23,,,,,P1011,legacy_original,True,P1011,BoulderRambler Rechargeable Flashlight 210,emergency,flashlight,Creekline,,,,,BoulderRambler Rechargeable Flashlight 210,emergency,flashlight,Creekline
20260723-0130,2026-07-23,S002,P1046,1,233.42,0,in_store,Y,,legacy,data/raw/orders/2026-07-23/orders.csv,2026-07-23,,,,,P1046,legacy_original,True,P1046,SwitchbackRover Weekend Patio Heater 245,patio,patio heater,Summit Finch,,,,,SwitchbackRover Weekend Patio Heater 245,patio,patio heater,Summit Finch
20260723-0131,2026-07-23,S005,P1015,3,191.87,0,pickup,N,,legacy,data/raw/orders/2026-07-23/orders.csv,2026-07-23,,,,,P1015,legacy_original,True,P1015,MoonRambler Ultralight Camp Chair 214,camping,camp chair,Switchback Supply,,,,,MoonRambler Ultralight Camp Chair 214,camping,camp chair,Switchback Supply
20260723-0132,2026-07-23,S004,P1025,4,112.14,10,in_store,N,,legacy,data/raw/orders/2026-07-23/orders.csv,2026-07-23,,,,,P1025,legacy_original,True,P1025,PineRunner Lightweight Jacket 224,outerwear,rain shell,Rocky Top Outfitters,,,,,PineRunner Lightweight Jacket 224,outerwear,rain shell,Rocky Top Outfitters
20260723-0133,2026-07-23,S001,P1063,4,79.92,0,in_store,Y,,legacy,data/raw/orders/2026-07-23/orders.csv,2026-07-23,,,,,P1063,legacy_original,True,P1063,MoonRambler Ultralight Camp Chair 262,camping,camp chair,Switchback Supply,,,,,MoonRambler Ultralight Camp Chair 262,camping,camp chair,Switchback Supply
20260723-0134,2026-07-23,S004,P1080,1,135.85,5,in_store,Y,,legacy,data/raw/orders/2026-07-23/orders.csv,2026-07-23,,,,,P1080,legacy_original,True,P1080,PeakNomad Waterproof Trail Shoes 279,footwear,trail shoes,TrailForge,,,,,PeakNomad Waterproof Trail Shoes 279,footwear,trail shoes,TrailForge
20260723-0135,2026-07-23,S007,P1008,1,175.5,0,in_store,Y,,legacy,data/raw/orders/2026-07-23/orders.csv,2026-07-23,,,,,P1008,legacy_original,True,P1008,CanyonNomad Waterproof Trail Shoes 207,footwear,trail shoes,TrailForge,,,,,CanyonNomad Waterproof Trail Shoes 207,footwear,trail shoes,TrailForge
20260723-0136,2026-07-23,S008,P1008,1,140.4,20,in_store,Y,,legacy,data/raw/orders/2026-07-23/orders.csv,2026-07-23,,,,,P1008,legacy_original,True,P1008,CanyonNomad Waterproof Trail Shoes 207,footwear,trail shoes,TrailForge,,,,,CanyonNomad Waterproof Trail Shoes 207,footwear,trail shoes,TrailForge
20260723-0137,2026-07-23,S002,P1046,4,210.08,10,in_store,N,,legacy,data/raw/orders/2026-07-23/orders.csv,2026-07-23,,,,,P1046,legacy_original,True,P1046,SwitchbackRover Weekend Patio Heater 245,patio,patio heater,Summit Finch,,,,,SwitchbackRover Weekend Patio Heater 245,patio,patio heater,Summit Finch
20260723-0138,2026-07-23,S001,P1074,3,172.53,10,pickup,Y,,legacy,data/raw/orders/2026-07-23/orders.csv,2026-07-23,,,,,P1074,legacy_original,True,P1074,VistaRover Mid Trail Shoes 273,footwear,trail shoes,Highland Ember,,,,,VistaRover Mid Trail Shoes 273,footwear,trail shoes,Highland Ember
20260723-0139,2026-07-23,S006,P1048,2,70.28,0,in_store,N,,legacy,data/raw/orders/2026-07-23/orders.csv,2026-07-23,,,,,P1048,legacy_original,True,P1048,PeakNomad Travel Tumbler 247,hydration,insulated tumbler,TrailForge,,,,,PeakNomad Travel Tumbler 247,hydration,insulated tumbler,TrailForge
20260723-0140,2026-07-23,S008,P1057,1,328.14,20,ship_from_store,N,,legacy,data/raw/orders/2026-07-23/orders.csv,2026-07-23,,,,,P1057,legacy_original,True,P1057,PineRunner 4P Tent 256,camping,tent,Rocky Top Outfitters,,,,,PineRunner 4P Tent 256,camping,tent,Rocky Top Outfitters
20260726-0001,2026-07-26,S002,P1022,1,310.97,20,in_store,Y,,legacy,data/raw/orders/2026-07-26/orders.csv,2026-07-26,,,,,P1022,legacy_original,True,P1022,TrailRover Weekend Patio Heater 221,patio,patio heater,Summit Finch,,,,,TrailRover Weekend Patio Heater 221,patio,patio heater,Summit Finch
20260726-0002,2026-07-26,S007,P1012,1,98.93,20,in_store,Y,,legacy,data/raw/orders/2026-07-26/orders.csv,2026-07-26,,,,,P1012,legacy_original,True,P1012,CloudNomad 32oz Tumbler 211,hydration,insulated tumbler,Moss & Mile,,,,,CloudNomad 32oz Tumbler 211,hydration,insulated tumbler,Moss & Mile
20260726-0003,2026-07-26,S008,P1036,1,126.18,20,ship_from_store,Y,,legacy,data/raw/orders/2026-07-26/orders.csv,2026-07-26,,,,,P1036,legacy_original,True,P1036,StormNomad 32oz Tumbler 235,hydration,insulated tumbler,Moss & Mile,,,,,StormNomad 32oz Tumbler 235,hydration,insulated tumbler,Moss & Mile
20260726-0004,2026-07-26,S006,P1031,1,173.53,0,in_store,N,,legacy,data/raw/orders/2026-07-26/orders.csv,2026-07-26,,,,,P1031,legacy_original,True,P1031,MoonRambler Stormproof Jacket 230,outerwear,rain shell,Switchback Supply,,,,,MoonRambler Stormproof Jacket 230,outerwear,rain shell,Switchback Supply
20260726-0005,2026-07-26,S006,P1048,2,56.22,20,pickup,Y,,legacy,data/raw/orders/2026-07-26/orders.csv,2026-07-26,,,,,P1048,legacy_original,True,P1048,PeakNomad Travel Tumbler 247,hydration,insulated tumbler,TrailForge,,,,,PeakNomad Travel Tumbler 247,hydration,insulated tumbler,TrailForge
20260726-0006,2026-07-26,S007,P1073,1,106.52,15,in_store,Y,,legacy,data/raw/orders/2026-07-26/orders.csv,2026-07-26,,,,,P1073,legacy_original,True,P1073,PineRunner Lightweight Jacket 272,outerwear,rain shell,Rocky Top Outfitters,,,,,PineRunner Lightweight Jacket 272,outerwear,rain shell,Rocky Top Outfitters
20260726-0007,2026-07-26,S008,P1062,3,170.69,0,in_store,N,,legacy,data/raw/orders/2026-07-26/orders.csv,2026-07-26,,,,,P1062,legacy_original,True,P1062,SwitchbackRover Wide Trail Shoes 261,footwear,trail shoes,Summit Finch,,,,,SwitchbackRover Wide Trail Shoes 261,footwear,trail shoes,Summit Finch
20260726-0008,2026-07-26,S001,P1039,1,294.27,20,ship_from_store,N,,legacy,data/raw/orders/2026-07-26/orders.csv,2026-07-26,,,,,P1039,legacy_original,True,P1039,HearthRambler Ultralight Camp Chair 238,camping,camp chair,Switchback Supply,,,,,HearthRambler Ultralight Camp Chair 238,camping,camp chair,Switchback Supply
20260726-0009,2026-07-26,S008,P1047,1,56.9,0,in_store,Y,,legacy,data/raw/orders/2026-07-26/orders.csv,2026-07-26,,,,,P1047,legacy_original,True,P1047,MoonRambler Expedition Flashlight 246,emergency,flashlight,Switchback Supply,,,,,MoonRambler Expedition Flashlight 246,emergency,flashlight,Switchback Supply
20260726-0010,2026-07-26,S001,P1068,2,80.92,0,ship_from_store,Y,,legacy,data/raw/orders/2026-07-26/orders.csv,2026-07-26,,,,,P1068,legacy_original,True,P1068,StormNomad Approach Trail Shoes 267,footwear,trail shoes,Moss & Mile,,,,,StormNomad Approach Trail Shoes 267,footwear,trail shoes,Moss & Mile
20260726-0011,2026-07-26,S008,P1078,1,146.35,0,ship_from_store,Y,,legacy,data/raw/orders/2026-07-26/orders.csv,2026-07-26,,,,,P1078,legacy_original,True,P1078,SwitchbackRover 20oz Tumbler 277,hydration,insulated tumbler,Summit Finch,,,,,SwitchbackRover 20oz Tumbler 277,hydration,insulated tumbler,Summit Finch
20260726-0012,2026-07-26,S004,P1013,1,87.65,10,in_store,Y,,legacy,data/raw/orders/2026-07-26/orders.csv,2026-07-26,,,,,P1013,legacy_original,True,P1013,FieldRunner Packable Jacket 212,outerwear,rain shell,Blue Ridge Works,,,,,FieldRunner Packable Jacket 212,outerwear,rain shell,Blue Ridge Works
20260726-0013,2026-07-26,S004,P1009,1,109.5,5,pickup,N,,legacy,data/raw/orders/2026-07-26/orders.csv,2026-07-26,,,,,P1009,legacy_original,True,P1009,PineRunner 4P Tent 208,camping,tent,Rocky Top Outfitters,,,,,PineRunner 4P Tent 208,camping,tent,Rocky Top Outfitters
20260726-0014,2026-07-26,S004,P1067,1,240.28,10,ship_from_store,Y,,legacy,data/raw/orders/2026-07-26/orders.csv,2026-07-26,,,,,P1067,legacy_original,True,P1067,CreekRambler Alpine Jacket 266,outerwear,rain shell,Creekline,,,,,CreekRambler Alpine Jacket 266,outerwear,rain shell,Creekline
20260726-0015,2026-07-26,S001,P1039,4,367.84,0,ship_from_store,N,,legacy,data/raw/orders/2026-07-26/orders.csv,2026-07-26,,,,,P1039,legacy_original,True,P1039,HearthRambler Ultralight Camp Chair 238,camping,camp chair,Switchback Supply,,,,,HearthRambler Ultralight Camp Chair 238,camping,camp chair,Switchback Supply
20260726-0016,2026-07-26,S007,P1007,4,112.42,0,pickup,Y,,legacy,data/raw/orders/2026-07-26/orders.csv,2026-07-26,,,,,P1007,legacy_original,True,P1007,HearthRambler Stormproof Jacket 206,outerwear,rain shell,Switchback Supply,,,,,HearthRambler Stormproof Jacket 206,outerwear,rain shell,Switchback Supply
20260726-0017,2026-07-26,S008,P1050,3,64.01,15,in_store,Y,,legacy,data/raw/orders/2026-07-26/orders.csv,2026-07-26,,,,,P1050,legacy_original,True,P1050,RidgeRover Mid Trail Shoes 249,footwear,trail shoes,Highland Ember,,,,,RidgeRover Mid Trail Shoes 249,footwear,trail shoes,Highland Ember
20260726-0018,2026-07-26,S007,P1072,1,134.29,0,pickup,N,,legacy,data/raw/orders/2026-07-26/orders.csv,2026-07-26,,,,,P1072,legacy_original,True,P1072,CanyonNomad Travel Tumbler 271,hydration,insulated tumbler,TrailForge,,,,,CanyonNomad Travel Tumbler 271,hydration,insulated tumbler,TrailForge
20260726-0019,2026-07-26,S001,P1050,1,75.31,0,in_store,Y,,legacy,data/raw/orders/2026-07-26/orders.csv,2026-07-26,,,,,P1050,legacy_original,True,P1050,RidgeRover Mid Trail Shoes 249,footwear,trail shoes,Highland Ember,,,,,RidgeRover Mid Trail Shoes 249,footwear,trail shoes,Highland Ember
20260726-0020,2026-07-26,S003,P1009,4,103.73,10,ship_from_store,Y,,legacy,data/raw/orders/2026-07-26/orders.csv,2026-07-26,,,,,P1009,legacy_original,True,P1009,PineRunner 4P Tent 208,camping,tent,Rocky Top Outfitters,,,,,PineRunner 4P Tent 208,camping,tent,Rocky Top Outfitters
20260726-0021,2026-07-26,S008,P1036,1,157.72,0,ship_from_store,N,,legacy,data/raw/orders/2026-07-26/orders.csv,2026-07-26,,,,,P1036,legacy_original,True,P1036,StormNomad 32oz Tumbler 235,hydration,insulated tumbler,Moss & Mile,,,,,StormNomad 32oz Tumbler 235,hydration,insulated tumbler,Moss & Mile
20260726-0022,2026-07-26,S005,P1026,2,117.36,10,ship_from_store,Y,,legacy,data/raw/orders/2026-07-26/orders.csv,2026-07-26,,,,,P1026,legacy_original,True,P1026,VistaRover Mid Trail Shoes 225,footwear,trail shoes,Highland Ember,,,,,VistaRover Mid Trail Shoes 225,footwear,trail shoes,Highland Ember
20260726-0023,2026-07-26,S004,P1006,2,50.32,10,ship_from_store,Y,,legacy,data/raw/orders/2026-07-26/orders.csv,2026-07-26,,,,,P1006,legacy_original,True,P1006,TrailRover 20oz Tumbler 205,hydration,insulated tumbler,Summit Finch,,,,,TrailRover 20oz Tumbler 205,hydration,insulated tumbler,Summit Finch
20260726-0024,2026-07-26,S001,P1049,3,210.91,5,ship_from_store,Y,,legacy,data/raw/orders/2026-07-26/orders.csv,2026-07-26,,,,,P1049,legacy_original,True,P1049,SummitRunner Lightweight Jacket 248,outerwear,rain shell,Rocky Top Outfitters,,,,,SummitRunner Lightweight Jacket 248,outerwear,rain shell,Rocky Top Outfitters
20260726-0025,2026-07-26,S004,P1027,1,92.03,0,pickup,Y,,legacy,data/raw/orders/2026-07-26/orders.csv,2026-07-26,,,,,P1027,legacy_original,True,P1027,BoulderRambler 2P Camp Chair 226,camping,camp chair,Creekline,,,,,BoulderRambler 2P Camp Chair 226,camping,camp chair,Creekline
20260726-0026,2026-07-26,S007,P1058,1,263.59,0,in_store,Y,,legacy,data/raw/orders/2026-07-26/orders.csv,2026-07-26,,,,,P1058,legacy_original,True,P1058,VistaRover Deluxe Patio Heater 257,patio,patio heater,Highland Ember,,,,,VistaRover Deluxe Patio Heater 257,patio,patio heater,Highland Ember
20260726-0027,2026-07-26,S004,P1034,2,168.86,0,in_store,Y,,legacy,data/raw/orders/2026-07-26/orders.csv,2026-07-26,,,,,P1034,legacy_original,True,P1034,RidgeRover Deluxe Patio Heater 233,patio,patio heater,Highland Ember,,,,,RidgeRover Deluxe Patio Heater 233,patio,patio heater,Highland Ember
20260726-0028,2026-07-26,S001,P1058,2,237.23,10,pickup,Y,,legacy,data/raw/orders/2026-07-26/orders.csv,2026-07-26,,,,,P1058,legacy_original,True,P1058,VistaRover Deluxe Patio Heater 257,patio,patio heater,Highland Ember,,,,,VistaRover Deluxe Patio Heater 257,patio,patio heater,Highland Ember
20260726-0029,2026-07-26,S005,P1063,4,79.92,0,in_store,Y,,legacy,data/raw/orders/2026-07-26/orders.csv,2026-07-26,,,,,P1063,legacy_original,True,P1063,MoonRambler Ultralight Camp Chair 262,camping,camp chair,Switchback Supply,,,,,MoonRambler Ultralight Camp Chair 262,camping,camp chair,Switchback Supply
20260726-0030,2026-07-26,S002,P1067,2,253.63,5,pickup,N,,legacy,data/raw/orders/2026-07-26/orders.csv,2026-07-26,,,,,P1067,legacy_original,True,P1067,CreekRambler Alpine Jacket 266,outerwear,rain shell,Creekline,,,,,CreekRambler Alpine Jacket 266,outerwear,rain shell,Creekline
20260726-0031,2026-07-26,S006,P1020,2,211.48,0,pickup,Y,,legacy,data/raw/orders/2026-07-26/orders.csv,2026-07-26,,,,,P1020,legacy_original,True,P1020,StormNomad Approach Trail Shoes 219,footwear,trail shoes,Moss & Mile,,,,,StormNomad Approach Trail Shoes 219,footwear,trail shoes,Moss & Mile
20260726-0032,2026-07-26,S002,P1004,2,98.91,10,ship_from_store,Y,,legacy,data/raw/orders/2026-07-26/orders.csv,2026-07-26,,,,,P1004,legacy_original,True,P1004,StormNomad Compact Cooler 203,patio,cooler,Moss & Mile,,,,,StormNomad Compact Cooler 203,patio,cooler,Moss & Mile
20260726-0033,2026-07-26,S003,P1001,2,124.28,5,in_store,N,,legacy,data/raw/orders/2026-07-26/orders.csv,2026-07-26,,,,,P1001,legacy_original,True,P1001,SummitRunner Lightweight Jacket 200,outerwear,rain shell,Rocky Top Outfitters,,,,,SummitRunner Lightweight Jacket 200,outerwear,rain shell,Rocky Top Outfitters
20260726-0034,2026-07-26,S002,P1056,1,115.21,20,in_store,Y,,legacy,data/raw/orders/2026-07-26/orders.csv,2026-07-26,,,,,P1056,legacy_original,True,P1056,CanyonNomad Waterproof Trail Shoes 255,footwear,trail shoes,TrailForge,,,,,CanyonNomad Waterproof Trail Shoes 255,footwear,trail shoes,TrailForge
20260726-0035,2026-07-26,S005,P1078,2,139.03,5,pickup,Y,,legacy,data/raw/orders/2026-07-26/orders.csv,2026-07-26,,,,,P1078,legacy_original,True,P1078,SwitchbackRover 20oz Tumbler 277,hydration,insulated tumbler,Summit Finch,,,,,SwitchbackRover 20oz Tumbler 277,hydration,insulated tumbler,Summit Finch
20260726-0036,2026-07-26,S001,P1012,1,117.48,5,in_store,N,,legacy,data/raw/orders/2026-07-26/orders.csv,2026-07-26,,,,,P1012,legacy_original,True,P1012,CloudNomad 32oz Tumbler 211,hydration,insulated tumbler,Moss & Mile,,,,,CloudNomad 32oz Tumbler 211,hydration,insulated tumbler,Moss & Mile
20260726-0037,2026-07-26,S005,P1073,1,100.26,20,in_store,Y,,legacy,data/raw/orders/2026-07-26/orders.csv,2026-07-26,,,,,P1073,legacy_original,True,P1073,PineRunner Lightweight Jacket 272,outerwear,rain shell,Rocky Top Outfitters,,,,,PineRunner Lightweight Jacket 272,outerwear,rain shell,Rocky Top Outfitters
20260726-0038,2026-07-26,S001,P1009,2,92.21,20,in_store,Y,,legacy,data/raw/orders/2026-07-26/orders.csv,2026-07-26,,,,,P1009,legacy_original,True,P1009,PineRunner 4P Tent 208,camping,tent,Rocky Top Outfitters,,,,,PineRunner 4P Tent 208,camping,tent,Rocky Top Outfitters
20260726-0039,2026-07-26,S004,P1063,2,79.92,0,in_store,N,,legacy,data/raw/orders/2026-07-26/orders.csv,2026-07-26,,,,,P1063,legacy_original,True,P1063,MoonRambler Ultralight Camp Chair 262,camping,camp chair,Switchback Supply,,,,,MoonRambler Ultralight Camp Chair 262,camping,camp chair,Switchback Supply
20260726-0040,2026-07-26,S006,P1026,1,117.36,10,in_store,N,,legacy,data/raw/orders/2026-07-26/orders.csv,2026-07-26,,,,,P1026,legacy_original,True,P1026,VistaRover Mid Trail Shoes 225,footwear,trail shoes,Highland Ember,,,,,VistaRover Mid Trail Shoes 225,footwear,trail shoes,Highland Ember
20260726-0041,2026-07-26,S001,P1064,1,614.45,0,in_store,N,,legacy,data/raw/orders/2026-07-26/orders.csv,2026-07-26,,,,,P1064,legacy_original,True,P1064,PeakNomad XL Cooler 263,patio,cooler,TrailForge,,,,,PeakNomad XL Cooler 263,patio,cooler,TrailForge
20260726-0042,2026-07-26,S006,P1013,1,97.39,0,in_store,Y,,legacy,data/raw/orders/2026-07-26/orders.csv,2026-07-26,,,,,P1013,legacy_original,True,P1013,FieldRunner Packable Jacket 212,outerwear,rain shell,Blue Ridge Works,,,,,FieldRunner Packable Jacket 212,outerwear,rain shell,Blue Ridge Works
20260726-0043,2026-07-26,S003,P1003,3,359.18,20,in_store,Y,,legacy,data/raw/orders/2026-07-26/orders.csv,2026-07-26,,,,,P1003,legacy_original,True,P1003,CreekRambler 2P Camp Chair 202,camping,camp chair,Creekline,,,,,CreekRambler 2P Camp Chair 202,camping,camp chair,Creekline
20260726-0044,2026-07-26,S001,P1068,1,80.92,0,in_store,N,,legacy,data/raw/orders/2026-07-26/orders.csv,2026-07-26,,,,,P1068,legacy_original,True,P1068,StormNomad Approach Trail Shoes 267,footwear,trail shoes,Moss & Mile,,,,,StormNomad Approach Trail Shoes 267,footwear,trail shoes,Moss & Mile
20260726-0045,2026-07-26,S004,P1036,3,149.83,5,pickup,Y,,legacy,data/raw/orders/2026-07-26/orders.csv,2026-07-26,,,,,P1036,legacy_original,True,P1036,StormNomad 32oz Tumbler 235,hydration,insulated tumbler,Moss & Mile,,,,,StormNomad 32oz Tumbler 235,hydration,insulated tumbler,Moss & Mile
20260726-0046,2026-07-26,S006,P1008,3,157.95,10,pickup,N,,legacy,data/raw/orders/2026-07-26/orders.csv,2026-07-26,,,,,P1008,legacy_original,True,P1008,CanyonNomad Waterproof Trail Shoes 207,footwear,trail shoes,TrailForge,,,,,CanyonNomad Waterproof Trail Shoes 207,footwear,trail shoes,TrailForge
20260726-0047,2026-07-26,S007,P1005,2,105.96,5,in_store,N,,legacy,data/raw/orders/2026-07-26/orders.csv,2026-07-26,,,,,P1005,legacy_original,True,P1005,EmberRunner Storm Kit Battery Pack 204,emergency,battery pack,Blue Ridge Works,,,,,EmberRunner Storm Kit Battery Pack 204,emergency,battery pack,Blue Ridge Works
20260726-0048,2026-07-26,S007,P1028,1,615.14,5,in_store,N,,legacy,data/raw/orders/2026-07-26/orders.csv,2026-07-26,,,,,P1028,legacy_original,True,P1028,CloudNomad Compact Cooler 227,patio,cooler,Moss & Mile,,,,,CloudNomad Compact Cooler 227,patio,cooler,Moss & Mile
20260726-0049,2026-07-26,S007,P1019,3,152.14,15,pickup,Y,,legacy,data/raw/orders/2026-07-26/orders.csv,2026-07-26,,,,,P1019,legacy_original,True,P1019,CreekRambler Alpine Jacket 218,outerwear,rain shell,Creekline,,,,,CreekRambler Alpine Jacket 218,outerwear,rain shell,Creekline
20260726-0050,2026-07-26,S003,P1043,1,216.9,10,in_store,N,,legacy,data/raw/orders/2026-07-26/orders.csv,2026-07-26,,,,,P1043,legacy_original,True,P1043,BoulderRambler Alpine Jacket 242,outerwear,rain shell,Creekline,,,,,BoulderRambler Alpine Jacket 242,outerwear,rain shell,Creekline
20260726-0051,2026-07-26,S001,P1033,2,170.51,10,in_store,Y,,legacy,data/raw/orders/2026-07-26/orders.csv,2026-07-26,,,,,P1033,legacy_original,True,P1033,SummitRunner 4P Tent 232,camping,tent,Rocky Top Outfitters,,,,,SummitRunner 4P Tent 232,camping,tent,Rocky Top Outfitters
20260726-0052,2026-07-26,S007,P1060,1,138.95,10,in_store,Y,,legacy,data/raw/orders/2026-07-26/orders.csv,2026-07-26,,,,,P1060,legacy_original,True,P1060,CloudNomad 32oz Tumbler 259,hydration,insulated tumbler,Moss & Mile,,,,,CloudNomad 32oz Tumbler 259,hydration,insulated tumbler,Moss & Mile
20260726-0053,2026-07-26,S006,P1078,2,117.08,20,in_store,Y,,legacy,data/raw/orders/2026-07-26/orders.csv,2026-07-26,,,,,P1078,legacy_original,True,P1078,SwitchbackRover 20oz Tumbler 277,hydration,insulated tumbler,Summit Finch,,,,,SwitchbackRover 20oz Tumbler 277,hydration,insulated tumbler,Summit Finch
20260726-0054,2026-07-26,S006,P1080,2,135.85,5,pickup,Y,,legacy,data/raw/orders/2026-07-26/orders.csv,2026-07-26,,,,,P1080,legacy_original,True,P1080,PeakNomad Waterproof Trail Shoes 279,footwear,trail shoes,TrailForge,,,,,PeakNomad Waterproof Trail Shoes 279,footwear,trail shoes,TrailForge
20260726-0055,2026-07-26,S001,P1044,2,151.4,20,in_store,Y,,legacy,data/raw/orders/2026-07-26/orders.csv,2026-07-26,,,,,P1044,legacy_original,True,P1044,CloudNomad Approach Trail Shoes 243,footwear,trail shoes,Moss & Mile,,,,,CloudNomad Approach Trail Shoes 243,footwear,trail shoes,Moss & Mile
20260726-0056,2026-07-26,S007,P1007,4,95.56,15,pickup,Y,,legacy,data/raw/orders/2026-07-26/orders.csv,2026-07-26,,,,,P1007,legacy_original,True,P1007,HearthRambler Stormproof Jacket 206,outerwear,rain shell,Switchback Supply,,,,,HearthRambler Stormproof Jacket 206,outerwear,rain shell,Switchback Supply
20260726-0057,2026-07-26,S003,P1002,4,203.43,0,pickup,N,,legacy,data/raw/orders/2026-07-26/orders.csv,2026-07-26,,,,,P1002,legacy_original,True,P1002,RidgeRover Mid Trail Shoes 201,footwear,trail shoes,Highland Ember,,,,,RidgeRover Mid Trail Shoes 201,footwear,trail shoes,Highland Ember
20260726-0058,2026-07-26,S003,P1025,4,105.91,15,in_store,Y,,legacy,data/raw/orders/2026-07-26/orders.csv,2026-07-26,,,,,P1025,legacy_original,True,P1025,PineRunner Lightweight Jacket 224,outerwear,rain shell,Rocky Top Outfitters,,,,,PineRunner Lightweight Jacket 224,outerwear,rain shell,Rocky Top Outfitters
20260726-0059,2026-07-26,S004,P1050,2,67.78,10,pickup,Y,,legacy,data/raw/orders/2026-07-26/orders.csv,2026-07-26,,,,,P1050,legacy_original,True,P1050,RidgeRover Mid Trail Shoes 249,footwear,trail shoes,Highland Ember,,,,,RidgeRover Mid Trail Shoes 249,footwear,trail shoes,Highland Ember
20260726-0060,2026-07-26,S005,P1033,4,161.04,15,in_store,Y,,legacy,data/raw/orders/2026-07-26/orders.csv,2026-07-26,,,,,P1033,legacy_original,True,P1033,SummitRunner 4P Tent 232,camping,tent,Rocky Top Outfitters,,,,,SummitRunner 4P Tent 232,camping,tent,Rocky Top Outfitters
20260726-0061,2026-07-26,S004,P1009,3,115.26,0,in_store,Y,,legacy,data/raw/orders/2026-07-26/orders.csv,2026-07-26,,,,,P1009,legacy_original,True,P1009,PineRunner 4P Tent 208,camping,tent,Rocky Top Outfitters,,,,,PineRunner 4P Tent 208,camping,tent,Rocky Top Outfitters
20260726-0062,2026-07-26,S006,P1006,2,53.11,5,in_store,Y,,legacy,data/raw/orders/2026-07-26/orders.csv,2026-07-26,,,,,P1006,legacy_original,True,P1006,TrailRover 20oz Tumbler 205,hydration,insulated tumbler,Summit Finch,,,,,TrailRover 20oz Tumbler 205,hydration,insulated tumbler,Summit Finch
20260726-0063,2026-07-26,S003,P1033,1,170.51,10,in_store,Y,,legacy,data/raw/orders/2026-07-26/orders.csv,2026-07-26,,,,,P1033,legacy_original,True,P1033,SummitRunner 4P Tent 232,camping,tent,Rocky Top Outfitters,,,,,SummitRunner 4P Tent 232,camping,tent,Rocky Top Outfitters
20260726-0064,2026-07-26,S008,P1021,3,73.74,0,pickup,Y,,legacy,data/raw/orders/2026-07-26/orders.csv,2026-07-26,,,,,P1021,legacy_original,True,P1021,EmberRunner Basecamp Tent 220,camping,tent,Blue Ridge Works,,,,,EmberRunner Basecamp Tent 220,camping,tent,Blue Ridge Works
20260726-0065,2026-07-26,S003,P1013,1,77.91,20,in_store,Y,,legacy,data/raw/orders/2026-07-26/orders.csv,2026-07-26,,,,,P1013,legacy_original,True,P1013,FieldRunner Packable Jacket 212,outerwear,rain shell,Blue Ridge Works,,,,,FieldRunner Packable Jacket 212,outerwear,rain shell,Blue Ridge Works
20260726-0066,2026-07-26,S003,P1003,1,448.98,0,pickup,Y,,legacy,data/raw/orders/2026-07-26/orders.csv,2026-07-26,,,,,P1003,legacy_original,True,P1003,CreekRambler 2P Camp Chair 202,camping,camp chair,Creekline,,,,,CreekRambler 2P Camp Chair 202,camping,camp chair,Creekline
20260726-0067,2026-07-26,S002,P1053,2,108.53,0,in_store,Y,,legacy,data/raw/orders/2026-07-26/orders.csv,2026-07-26,,,,,P1053,legacy_original,True,P1053,EmberRunner Storm Kit Battery Pack 252,emergency,battery pack,Blue Ridge Works,,,,,EmberRunner Storm Kit Battery Pack 252,emergency,battery pack,Blue Ridge Works
20260726-0068,2026-07-26,S001,P1006,2,47.52,15,in_store,Y,,legacy,data/raw/orders/2026-07-26/orders.csv,2026-07-26,,,,,P1006,legacy_original,True,P1006,TrailRover 20oz Tumbler 205,hydration,insulated tumbler,Summit Finch,,,,,TrailRover 20oz Tumbler 205,hydration,insulated tumbler,Summit Finch
20260726-0069,2026-07-26,S003,P1018,1,130.36,15,in_store,Y,,legacy,data/raw/orders/2026-07-26/orders.csv,2026-07-26,,,,,P1018,legacy_original,True,P1018,RidgeRover Trail Tumbler 217,hydration,insulated tumbler,Highland Ember,,,,,RidgeRover Trail Tumbler 217,hydration,insulated tumbler,Highland Ember
20260726-0070,2026-07-26,S006,P1053,2,92.25,15,in_store,Y,,legacy,data/raw/orders/2026-07-26/orders.csv,2026-07-26,,,,,P1053,legacy_original,True,P1053,EmberRunner Storm Kit Battery Pack 252,emergency,battery pack,Blue Ridge Works,,,,,EmberRunner Storm Kit Battery Pack 252,emergency,battery pack,Blue Ridge Works
20260726-0071,2026-07-26,S001,P1002,4,203.43,0,in_store,Y,,legacy,data/raw/orders/2026-07-26/orders.csv,2026-07-26,,,,,P1002,legacy_original,True,P1002,RidgeRover Mid Trail Shoes 201,footwear,trail shoes,Highland Ember,,,,,RidgeRover Mid Trail Shoes 201,footwear,trail shoes,Highland Ember
20260726-0072,2026-07-26,S002,P1007,3,106.8,5,in_store,Y,,legacy,data/raw/orders/2026-07-26/orders.csv,2026-07-26,,,,,P1007,legacy_original,True,P1007,HearthRambler Stormproof Jacket 206,outerwear,rain shell,Switchback Supply,,,,,HearthRambler Stormproof Jacket 206,outerwear,rain shell,Switchback Supply
20260726-0073,2026-07-26,S001,P1026,1,130.4,0,ship_from_store,Y,,legacy,data/raw/orders/2026-07-26/orders.csv,2026-07-26,,,,,P1026,legacy_original,True,P1026,VistaRover Mid Trail Shoes 225,footwear,trail shoes,Highland Ember,,,,,VistaRover Mid Trail Shoes 225,footwear,trail shoes,Highland Ember
20260726-0074,2026-07-26,S006,P1026,1,130.4,0,in_store,N,,legacy,data/raw/orders/2026-07-26/orders.csv,2026-07-26,,,,,P1026,legacy_original,True,P1026,VistaRover Mid Trail Shoes 225,footwear,trail shoes,Highland Ember,,,,,VistaRover Mid Trail Shoes 225,footwear,trail shoes,Highland Ember
20260726-0075,2026-07-26,S003,P1063,2,79.92,0,in_store,N,,legacy,data/raw/orders/2026-07-26/orders.csv,2026-07-26,,,,,P1063,legacy_original,True,P1063,MoonRambler Ultralight Camp Chair 262,camping,camp chair,Switchback Supply,,,,,MoonRambler Ultralight Camp Chair 262,camping,camp chair,Switchback Supply
20260726-0076,2026-07-26,S005,P1042,1,115.25,0,pickup,Y,,legacy,data/raw/orders/2026-07-26/orders.csv,2026-07-26,,,,,P1042,legacy_original,True,P1042,VistaRover Trail Tumbler 241,hydration,insulated tumbler,Highland Ember,,,,,VistaRover Trail Tumbler 241,hydration,insulated tumbler,Highland Ember
20260726-0077,2026-07-26,S007,P1062,4,170.69,0,ship_from_store,N,,legacy,data/raw/orders/2026-07-26/orders.csv,2026-07-26,,,,,P1062,legacy_original,True,P1062,SwitchbackRover Wide Trail Shoes 261,footwear,trail shoes,Summit Finch,,,,,SwitchbackRover Wide Trail Shoes 261,footwear,trail shoes,Summit Finch
20260726-0078,2026-07-26,S002,P1076,1,686.08,0,ship_from_store,Y,,legacy,data/raw/orders/2026-07-26/orders.csv,2026-07-26,,,,,P1076,legacy_original,True,P1076,CloudNomad Compact Cooler 275,patio,cooler,Moss & Mile,,,,,CloudNomad Compact Cooler 275,patio,cooler,Moss & Mile
20260726-0079,2026-07-26,S004,P1052,4,330.57,15,in_store,Y,,legacy,data/raw/orders/2026-07-26/orders.csv,2026-07-26,,,,,P1052,legacy_original,True,P1052,StormNomad Compact Cooler 251,patio,cooler,Moss & Mile,,,,,StormNomad Compact Cooler 251,patio,cooler,Moss & Mile
20260726-0080,2026-07-26,S001,P1043,1,216.9,10,ship_from_store,Y,,legacy,data/raw/orders/2026-07-26/orders.csv,2026-07-26,,,,,P1043,legacy_original,True,P1043,BoulderRambler Alpine Jacket 242,outerwear,rain shell,Creekline,,,,,BoulderRambler Alpine Jacket 242,outerwear,rain shell,Creekline
20260726-0081,2026-07-26,S002,P1012,1,98.93,20,in_store,Y,,legacy,data/raw/orders/2026-07-26/orders.csv,2026-07-26,,,,,P1012,legacy_original,True,P1012,CloudNomad 32oz Tumbler 211,hydration,insulated tumbler,Moss & Mile,,,,,CloudNomad 32oz Tumbler 211,hydration,insulated tumbler,Moss & Mile
20260726-0082,2026-07-26,S007,P1064,2,522.28,15,in_store,Y,,legacy,data/raw/orders/2026-07-26/orders.csv,2026-07-26,,,,,P1064,legacy_original,True,P1064,PeakNomad XL Cooler 263,patio,cooler,TrailForge,,,,,PeakNomad XL Cooler 263,patio,cooler,TrailForge
20260726-0083,2026-07-26,S001,P1057,1,328.14,20,in_store,N,,legacy,data/raw/orders/2026-07-26/orders.csv,2026-07-26,,,,,P1057,legacy_original,True,P1057,PineRunner 4P Tent 256,camping,tent,Rocky Top Outfitters,,,,,PineRunner 4P Tent 256,camping,tent,Rocky Top Outfitters
20260726-0084,2026-07-26,S004,P1048,4,70.28,0,ship_from_store,Y,,legacy,data/raw/orders/2026-07-26/orders.csv,2026-07-26,,,,,P1048,legacy_original,True,P1048,PeakNomad Travel Tumbler 247,hydration,insulated tumbler,TrailForge,,,,,PeakNomad Travel Tumbler 247,hydration,insulated tumbler,TrailForge
20260726-0085,2026-07-26,S007,P1002,1,203.43,0,pickup,Y,,legacy,data/raw/orders/2026-07-26/orders.csv,2026-07-26,,,,,P1002,legacy_original,True,P1002,RidgeRover Mid Trail Shoes 201,footwear,trail shoes,Highland Ember,,,,,RidgeRover Mid Trail Shoes 201,footwear,trail shoes,Highland Ember
20260726-0086,2026-07-26,S003,P1036,1,149.83,5,ship_from_store,Y,,legacy,data/raw/orders/2026-07-26/orders.csv,2026-07-26,,,,,P1036,legacy_original,True,P1036,StormNomad 32oz Tumbler 235,hydration,insulated tumbler,Moss & Mile,,,,,StormNomad 32oz Tumbler 235,hydration,insulated tumbler,Moss & Mile
20260726-0087,2026-07-26,S001,P1003,3,359.18,20,pickup,Y,,legacy,data/raw/orders/2026-07-26/orders.csv,2026-07-26,,,,,P1003,legacy_original,True,P1003,CreekRambler 2P Camp Chair 202,camping,camp chair,Creekline,,,,,CreekRambler 2P Camp Chair 202,camping,camp chair,Creekline
20260726-0088,2026-07-26,S005,P1031,1,164.85,5,ship_from_store,Y,,legacy,data/raw/orders/2026-07-26/orders.csv,2026-07-26,,,,,P1031,legacy_original,True,P1031,MoonRambler Stormproof Jacket 230,outerwear,rain shell,Switchback Supply,,,,,MoonRambler Stormproof Jacket 230,outerwear,rain shell,Switchback Supply
20260726-0089,2026-07-26,S002,P1019,1,178.99,0,in_store,Y,,legacy,data/raw/orders/2026-07-26/orders.csv,2026-07-26,,,,,P1019,legacy_original,True,P1019,CreekRambler Alpine Jacket 218,outerwear,rain shell,Creekline,,,,,CreekRambler Alpine Jacket 218,outerwear,rain shell,Creekline
20260726-0090,2026-07-26,S001,P1042,1,115.25,0,in_store,Y,,legacy,data/raw/orders/2026-07-26/orders.csv,2026-07-26,,,,,P1042,legacy_original,True,P1042,VistaRover Trail Tumbler 241,hydration,insulated tumbler,Highland Ember,,,,,VistaRover Trail Tumbler 241,hydration,insulated tumbler,Highland Ember
20260726-0091,2026-07-26,S008,P1080,2,143.0,0,in_store,Y,,legacy,data/raw/orders/2026-07-26/orders.csv,2026-07-26,,,,,P1080,legacy_original,True,P1080,PeakNomad Waterproof Trail Shoes 279,footwear,trail shoes,TrailForge,,,,,PeakNomad Waterproof Trail Shoes 279,footwear,trail shoes,TrailForge
20260726-0092,2026-07-26,S006,P1068,3,72.83,10,in_store,Y,,legacy,data/raw/orders/2026-07-26/orders.csv,2026-07-26,,,,,P1068,legacy_original,True,P1068,StormNomad Approach Trail Shoes 267,footwear,trail shoes,Moss & Mile,,,,,StormNomad Approach Trail Shoes 267,footwear,trail shoes,Moss & Mile
20260726-0093,2026-07-26,S004,P1073,4,106.52,15,in_store,Y,,legacy,data/raw/orders/2026-07-26/orders.csv,2026-07-26,,,,,P1073,legacy_original,True,P1073,PineRunner Lightweight Jacket 272,outerwear,rain shell,Rocky Top Outfitters,,,,,PineRunner Lightweight Jacket 272,outerwear,rain shell,Rocky Top Outfitters
20260726-0094,2026-07-26,S005,P1015,1,153.5,20,pickup,N,,legacy,data/raw/orders/2026-07-26/orders.csv,2026-07-26,,,,,P1015,legacy_original,True,P1015,MoonRambler Ultralight Camp Chair 214,camping,camp chair,Switchback Supply,,,,,MoonRambler Ultralight Camp Chair 214,camping,camp chair,Switchback Supply
20260726-0095,2026-07-26,S008,P1001,1,130.82,0,pickup,Y,,legacy,data/raw/orders/2026-07-26/orders.csv,2026-07-26,,,,,P1001,legacy_original,True,P1001,SummitRunner Lightweight Jacket 200,outerwear,rain shell,Rocky Top Outfitters,,,,,SummitRunner Lightweight Jacket 200,outerwear,rain shell,Rocky Top Outfitters
20260726-0096,2026-07-26,S001,P1067,1,213.58,20,ship_from_store,Y,,legacy,data/raw/orders/2026-07-26/orders.csv,2026-07-26,,,,,P1067,legacy_original,True,P1067,CreekRambler Alpine Jacket 266,outerwear,rain shell,Creekline,,,,,CreekRambler Alpine Jacket 266,outerwear,rain shell,Creekline
20260726-0097,2026-07-26,S008,P1077,1,85.64,10,pickup,Y,,legacy,data/raw/orders/2026-07-26/orders.csv,2026-07-26,,,,,P1077,legacy_original,True,P1077,FieldRunner Storm Kit Battery Pack 276,emergency,battery pack,Blue Ridge Works,,,,,FieldRunner Storm Kit Battery Pack 276,emergency,battery pack,Blue Ridge Works
20260726-0098,2026-07-26,S005,P1013,2,92.52,5,in_store,Y,,legacy,data/raw/orders/2026-07-26/orders.csv,2026-07-26,,,,,P1013,legacy_original,True,P1013,FieldRunner Packable Jacket 212,outerwear,rain shell,Blue Ridge Works,,,,,FieldRunner Packable Jacket 212,outerwear,rain shell,Blue Ridge Works
20260726-0099,2026-07-26,S007,P1072,1,107.43,20,ship_from_store,Y,,legacy,data/raw/orders/2026-07-26/orders.csv,2026-07-26,,,,,P1072,legacy_original,True,P1072,CanyonNomad Travel Tumbler 271,hydration,insulated tumbler,TrailForge,,,,,CanyonNomad Travel Tumbler 271,hydration,insulated tumbler,TrailForge
20260726-0100,2026-07-26,S008,P1005,1,100.39,10,in_store,N,,legacy,data/raw/orders/2026-07-26/orders.csv,2026-07-26,,,,,P1005,legacy_original,True,P1005,EmberRunner Storm Kit Battery Pack 204,emergency,battery pack,Blue Ridge Works,,,,,EmberRunner Storm Kit Battery Pack 204,emergency,battery pack,Blue Ridge Works
20260726-0101,2026-07-26,S001,P1019,1,152.14,15,in_store,Y,,legacy,data/raw/orders/2026-07-26/orders.csv,2026-07-26,,,,,P1019,legacy_original,True,P1019,CreekRambler Alpine Jacket 218,outerwear,rain shell,Creekline,,,,,CreekRambler Alpine Jacket 218,outerwear,rain shell,Creekline
20260727-0001,2026-07-27,S001,P1036,3,126.18,20,in_store,Y,,legacy,data/raw/orders/2026-07-27/orders.csv,2026-07-27,,,,,P1036,legacy_original,True,P1036,StormNomad 32oz Tumbler 235,hydration,insulated tumbler,Moss & Mile,,,,,StormNomad 32oz Tumbler 235,hydration,insulated tumbler,Moss & Mile
20260727-0002,2026-07-27,S007,P1027,2,82.83,10,in_store,Y,,legacy,data/raw/orders/2026-07-27/orders.csv,2026-07-27,,,,,P1027,legacy_original,True,P1027,BoulderRambler 2P Camp Chair 226,camping,camp chair,Creekline,,,,,BoulderRambler 2P Camp Chair 226,camping,camp chair,Creekline
20260727-0003,2026-07-27,S004,P1028,2,518.02,20,in_store,N,,legacy,data/raw/orders/2026-07-27/orders.csv,2026-07-27,,,,,P1028,legacy_original,True,P1028,CloudNomad Compact Cooler 227,patio,cooler,Moss & Mile,,,,,CloudNomad Compact Cooler 227,patio,cooler,Moss & Mile
20260727-0004,2026-07-27,S002,P1074,1,153.36,20,in_store,Y,,legacy,data/raw/orders/2026-07-27/orders.csv,2026-07-27,,,,,P1074,legacy_original,True,P1074,VistaRover Mid Trail Shoes 273,footwear,trail shoes,Highland Ember,,,,,VistaRover Mid Trail Shoes 273,footwear,trail shoes,Highland Ember
20260727-0005,2026-07-27,S003,P1016,1,570.68,10,in_store,Y,,legacy,data/raw/orders/2026-07-27/orders.csv,2026-07-27,,,,,P1016,legacy_original,True,P1016,PeakNomad XL Cooler 215,patio,cooler,TrailForge,,,,,PeakNomad XL Cooler 215,patio,cooler,TrailForge
20260727-0006,2026-07-27,S002,P1005,2,111.54,0,in_store,N,,legacy,data/raw/orders/2026-07-27/orders.csv,2026-07-27,,,,,P1005,legacy_original,True,P1005,EmberRunner Storm Kit Battery Pack 204,emergency,battery pack,Blue Ridge Works,,,,,EmberRunner Storm Kit Battery Pack 204,emergency,battery pack,Blue Ridge Works
20260727-0007,2026-07-27,S004,P1045,2,278.73,20,pickup,Y,,legacy,data/raw/orders/2026-07-27/orders.csv,2026-07-27,,,,,P1045,legacy_original,True,P1045,FieldRunner Basecamp Tent 244,camping,tent,Blue Ridge Works,,,,,FieldRunner Basecamp Tent 244,camping,tent,Blue Ridge Works
20260727-0008,2026-07-27,S003,P1046,1,186.74,20,in_store,N,,legacy,data/raw/orders/2026-07-27/orders.csv,2026-07-27,,,,,P1046,legacy_original,True,P1046,SwitchbackRover Weekend Patio Heater 245,patio,patio heater,Summit Finch,,,,,SwitchbackRover Weekend Patio Heater 245,patio,patio heater,Summit Finch
20260727-0009,2026-07-27,S004,P1001,1,117.74,10,ship_from_store,Y,,legacy,data/raw/orders/2026-07-27/orders.csv,2026-07-27,,,,,P1001,legacy_original,True,P1001,SummitRunner Lightweight Jacket 200,outerwear,rain shell,Rocky Top Outfitters,,,,,SummitRunner Lightweight Jacket 200,outerwear,rain shell,Rocky Top Outfitters
20260727-0010,2026-07-27,S002,P1071,2,121.81,15,in_store,Y,,legacy,data/raw/orders/2026-07-27/orders.csv,2026-07-27,,,,,P1071,legacy_original,True,P1071,HearthRambler Expedition Flashlight 270,emergency,flashlight,Switchback Supply,,,,,HearthRambler Expedition Flashlight 270,emergency,flashlight,Switchback Supply
20260727-0011,2026-07-27,S003,P1065,3,95.93,15,pickup,Y,,legacy,data/raw/orders/2026-07-27/orders.csv,2026-07-27,,,,,P1065,legacy_original,True,P1065,SummitRunner Mini Battery Pack 264,emergency,battery pack,Rocky Top Outfitters,,,,,SummitRunner Mini Battery Pack 264,emergency,battery pack,Rocky Top Outfitters
20260727-0012,2026-07-27,S007,P1072,1,107.43,20,ship_from_store,Y,,legacy,data/raw/orders/2026-07-27/orders.csv,2026-07-27,,,,,P1072,legacy_original,True,P1072,CanyonNomad Travel Tumbler 271,hydration,insulated tumbler,TrailForge,,,,,CanyonNomad Travel Tumbler 271,hydration,insulated tumbler,TrailForge
20260727-0013,2026-07-27,S001,P1036,1,157.72,0,in_store,Y,,legacy,data/raw/orders/2026-07-27/orders.csv,2026-07-27,,,,,P1036,legacy_original,True,P1036,StormNomad 32oz Tumbler 235,hydration,insulated tumbler,Moss & Mile,,,,,StormNomad 32oz Tumbler 235,hydration,insulated tumbler,Moss & Mile
20260727-0014,2026-07-27,S003,P1023,1,141.44,0,pickup,Y,,legacy,data/raw/orders/2026-07-27/orders.csv,2026-07-27,,,,,P1023,legacy_original,True,P1023,HearthRambler Expedition Flashlight 222,emergency,flashlight,Switchback Supply,,,,,HearthRambler Expedition Flashlight 222,emergency,flashlight,Switchback Supply
20260727-0015,2026-07-27,S001,P1040,1,103.37,5,in_store,Y,,legacy,data/raw/orders/2026-07-27/orders.csv,2026-07-27,,,,,P1040,legacy_original,True,P1040,CanyonNomad XL Cooler 239,patio,cooler,TrailForge,,,,,CanyonNomad XL Cooler 239,patio,cooler,TrailForge
20260727-0016,2026-07-27,S008,P1045,2,330.99,5,in_store,N,,legacy,data/raw/orders/2026-07-27/orders.csv,2026-07-27,,,,,P1045,legacy_original,True,P1045,FieldRunner Basecamp Tent 244,camping,tent,Blue Ridge Works,,,,,FieldRunner Basecamp Tent 244,camping,tent,Blue Ridge Works
20260727-0017,2026-07-27,S006,P1061,4,147.84,0,ship_from_store,Y,,legacy,data/raw/orders/2026-07-27/orders.csv,2026-07-27,,,,,P1061,legacy_original,True,P1061,FieldRunner Packable Jacket 260,outerwear,rain shell,Blue Ridge Works,,,,,FieldRunner Packable Jacket 260,outerwear,rain shell,Blue Ridge Works
20260727-0018,2026-07-27,S006,P1077,2,95.15,0,in_store,Y,,legacy,data/raw/orders/2026-07-27/orders.csv,2026-07-27,,,,,P1077,legacy_original,True,P1077,FieldRunner Storm Kit Battery Pack 276,emergency,battery pack,Blue Ridge Works,,,,,FieldRunner Storm Kit Battery Pack 276,emergency,battery pack,Blue Ridge Works
20260727-0019,2026-07-27,S008,P1015,1,191.87,0,in_store,N,,legacy,data/raw/orders/2026-07-27/orders.csv,2026-07-27,,,,,P1015,legacy_original,True,P1015,MoonRambler Ultralight Camp Chair 214,camping,camp chair,Switchback Supply,,,,,MoonRambler Ultralight Camp Chair 214,camping,camp chair,Switchback Supply
20260727-0020,2026-07-27,S005,P1069,2,256.36,0,pickup,Y,,legacy,data/raw/orders/2026-07-27/orders.csv,2026-07-27,,,,,P1069,legacy_original,True,P1069,EmberRunner Basecamp Tent 268,camping,tent,Blue Ridge Works,,,,,EmberRunner Basecamp Tent 268,camping,tent,Blue Ridge Works
20260727-0021,2026-07-27,S004,P1058,1,263.59,0,in_store,Y,,legacy,data/raw/orders/2026-07-27/orders.csv,2026-07-27,,,,,P1058,legacy_original,True,P1058,VistaRover Deluxe Patio Heater 257,patio,patio heater,Highland Ember,,,,,VistaRover Deluxe Patio Heater 257,patio,patio heater,Highland Ember
20260727-0022,2026-07-27,S004,P1055,1,235.93,15,pickup,Y,,legacy,data/raw/orders/2026-07-27/orders.csv,2026-07-27,,,,,P1055,legacy_original,True,P1055,HearthRambler Stormproof Jacket 254,outerwear,rain shell,Switchback Supply,,,,,HearthRambler Stormproof Jacket 254,outerwear,rain shell,Switchback Supply
20260727-0023,2026-07-27,S007,P1015,4,172.68,10,ship_from_store,Y,,legacy,data/raw/orders/2026-07-27/orders.csv,2026-07-27,,,,,P1015,legacy_original,True,P1015,MoonRambler Ultralight Camp Chair 214,camping,camp chair,Switchback Supply,,,,,MoonRambler Ultralight Camp Chair 214,camping,camp chair,Switchback Supply
20260727-0024,2026-07-27,S004,P1043,4,192.8,20,in_store,Y,,legacy,data/raw/orders/2026-07-27/orders.csv,2026-07-27,,,,,P1043,legacy_original,True,P1043,BoulderRambler Alpine Jacket 242,outerwear,rain shell,Creekline,,,,,BoulderRambler Alpine Jacket 242,outerwear,rain shell,Creekline
20260727-0025,2026-07-27,S001,P1031,2,156.18,10,in_store,Y,,legacy,data/raw/orders/2026-07-27/orders.csv,2026-07-27,,,,,P1031,legacy_original,True,P1031,MoonRambler Stormproof Jacket 230,outerwear,rain shell,Switchback Supply,,,,,MoonRambler Stormproof Jacket 230,outerwear,rain shell,Switchback Supply
20260727-0026,2026-07-27,S006,P1062,1,153.62,10,ship_from_store,Y,,legacy,data/raw/orders/2026-07-27/orders.csv,2026-07-27,,,,,P1062,legacy_original,True,P1062,SwitchbackRover Wide Trail Shoes 261,footwear,trail shoes,Summit Finch,,,,,SwitchbackRover Wide Trail Shoes 261,footwear,trail shoes,Summit Finch
20260727-0027,2026-07-27,S002,P1031,1,147.5,15,ship_from_store,Y,,legacy,data/raw/orders/2026-07-27/orders.csv,2026-07-27,,,,,P1031,legacy_original,True,P1031,MoonRambler Stormproof Jacket 230,outerwear,rain shell,Switchback Supply,,,,,MoonRambler Stormproof Jacket 230,outerwear,rain shell,Switchback Supply
20260727-0028,2026-07-27,S004,P1075,4,132.18,20,in_store,N,,legacy,data/raw/orders/2026-07-27/orders.csv,2026-07-27,,,,,P1075,legacy_original,True,P1075,BoulderRambler 2P Camp Chair 274,camping,camp chair,Creekline,,,,,BoulderRambler 2P Camp Chair 274,camping,camp chair,Creekline
20260727-0029,2026-07-27,S007,P1075,2,165.22,0,in_store,Y,,legacy,data/raw/orders/2026-07-27/orders.csv,2026-07-27,,,,,P1075,legacy_original,True,P1075,BoulderRambler 2P Camp Chair 274,camping,camp chair,Creekline,,,,,BoulderRambler 2P Camp Chair 274,camping,camp chair,Creekline
20260727-0030,2026-07-27,S004,P1009,1,97.97,15,ship_from_store,N,,legacy,data/raw/orders/2026-07-27/orders.csv,2026-07-27,,,,,P1009,legacy_original,True,P1009,PineRunner 4P Tent 208,camping,tent,Rocky Top Outfitters,,,,,PineRunner 4P Tent 208,camping,tent,Rocky Top Outfitters
20260727-0031,2026-07-27,S003,P1042,1,115.25,0,ship_from_store,Y,,legacy,data/raw/orders/2026-07-27/orders.csv,2026-07-27,,,,,P1042,legacy_original,True,P1042,VistaRover Trail Tumbler 241,hydration,insulated tumbler,Highland Ember,,,,,VistaRover Trail Tumbler 241,hydration,insulated tumbler,Highland Ember
20260727-0032,2026-07-27,S005,P1013,1,97.39,0,in_store,N,,legacy,data/raw/orders/2026-07-27/orders.csv,2026-07-27,,,,,P1013,legacy_original,True,P1013,FieldRunner Packable Jacket 212,outerwear,rain shell,Blue Ridge Works,,,,,FieldRunner Packable Jacket 212,outerwear,rain shell,Blue Ridge Works
20260727-0033,2026-07-27,S006,P1036,1,157.72,0,in_store,Y,,legacy,data/raw/orders/2026-07-27/orders.csv,2026-07-27,,,,,P1036,legacy_original,True,P1036,StormNomad 32oz Tumbler 235,hydration,insulated tumbler,Moss & Mile,,,,,StormNomad 32oz Tumbler 235,hydration,insulated tumbler,Moss & Mile
20260727-0034,2026-07-27,S006,P1055,3,249.81,10,in_store,Y,,legacy,data/raw/orders/2026-07-27/orders.csv,2026-07-27,,,,,P1055,legacy_original,True,P1055,HearthRambler Stormproof Jacket 254,outerwear,rain shell,Switchback Supply,,,,,HearthRambler Stormproof Jacket 254,outerwear,rain shell,Switchback Supply
20260727-0035,2026-07-27,S004,P1063,4,79.92,0,in_store,Y,,legacy,data/raw/orders/2026-07-27/orders.csv,2026-07-27,,,,,P1063,legacy_original,True,P1063,MoonRambler Ultralight Camp Chair 262,camping,camp chair,Switchback Supply,,,,,MoonRambler Ultralight Camp Chair 262,camping,camp chair,Switchback Supply
20260727-0036,2026-07-27,S002,P1003,1,448.98,0,in_store,Y,,legacy,data/raw/orders/2026-07-27/orders.csv,2026-07-27,,,,,P1003,legacy_original,True,P1003,CreekRambler 2P Camp Chair 202,camping,camp chair,Creekline,,,,,CreekRambler 2P Camp Chair 202,camping,camp chair,Creekline
20260727-0037,2026-07-27,S003,P1078,1,146.35,0,pickup,Y,,legacy,data/raw/orders/2026-07-27/orders.csv,2026-07-27,,,,,P1078,legacy_original,True,P1078,SwitchbackRover 20oz Tumbler 277,hydration,insulated tumbler,Summit Finch,,,,,SwitchbackRover 20oz Tumbler 277,hydration,insulated tumbler,Summit Finch
20260727-0038,2026-07-27,S004,P1043,1,241.0,0,in_store,N,,legacy,data/raw/orders/2026-07-27/orders.csv,2026-07-27,,,,,P1043,legacy_original,True,P1043,BoulderRambler Alpine Jacket 242,outerwear,rain shell,Creekline,,,,,BoulderRambler Alpine Jacket 242,outerwear,rain shell,Creekline
20260727-0039,2026-07-27,S003,P1045,3,348.41,0,in_store,Y,,legacy,data/raw/orders/2026-07-27/orders.csv,2026-07-27,,,,,P1045,legacy_original,True,P1045,FieldRunner Basecamp Tent 244,camping,tent,Blue Ridge Works,,,,,FieldRunner Basecamp Tent 244,camping,tent,Blue Ridge Works
20260727-0040,2026-07-27,S003,P1065,1,90.29,20,in_store,Y,,legacy,data/raw/orders/2026-07-27/orders.csv,2026-07-27,,,,,P1065,legacy_original,True,P1065,SummitRunner Mini Battery Pack 264,emergency,battery pack,Rocky Top Outfitters,,,,,SummitRunner Mini Battery Pack 264,emergency,battery pack,Rocky Top Outfitters
20260727-0041,2026-07-27,S002,P1049,1,177.61,20,ship_from_store,Y,,legacy,data/raw/orders/2026-07-27/orders.csv,2026-07-27,,,,,P1049,legacy_original,True,P1049,SummitRunner Lightweight Jacket 248,outerwear,rain shell,Rocky Top Outfitters,,,,,SummitRunner Lightweight Jacket 248,outerwear,rain shell,Rocky Top Outfitters
20260727-0042,2026-07-27,S006,P1021,1,73.74,0,pickup,Y,,legacy,data/raw/orders/2026-07-27/orders.csv,2026-07-27,,,,,P1021,legacy_original,True,P1021,EmberRunner Basecamp Tent 220,camping,tent,Blue Ridge Works,,,,,EmberRunner Basecamp Tent 220,camping,tent,Blue Ridge Works
20260727-0043,2026-07-27,S008,P1049,1,222.01,0,in_store,Y,,legacy,data/raw/orders/2026-07-27/orders.csv,2026-07-27,,,,,P1049,legacy_original,True,P1049,SummitRunner Lightweight Jacket 248,outerwear,rain shell,Rocky Top Outfitters,,,,,SummitRunner Lightweight Jacket 248,outerwear,rain shell,Rocky Top Outfitters
20260727-0044,2026-07-27,S004,P1026,2,123.88,5,pickup,N,,legacy,data/raw/orders/2026-07-27/orders.csv,2026-07-27,,,,,P1026,legacy_original,True,P1026,VistaRover Mid Trail Shoes 225,footwear,trail shoes,Highland Ember,,,,,VistaRover Mid Trail Shoes 225,footwear,trail shoes,Highland Ember
20260727-0045,2026-07-27,S008,P1077,2,95.15,0,ship_from_store,Y,,legacy,data/raw/orders/2026-07-27/orders.csv,2026-07-27,,,,,P1077,legacy_original,True,P1077,FieldRunner Storm Kit Battery Pack 276,emergency,battery pack,Blue Ridge Works,,,,,FieldRunner Storm Kit Battery Pack 276,emergency,battery pack,Blue Ridge Works
20260727-0046,2026-07-27,S003,P1027,4,87.43,5,pickup,Y,,legacy,data/raw/orders/2026-07-27/orders.csv,2026-07-27,,,,,P1027,legacy_original,True,P1027,BoulderRambler 2P Camp Chair 226,camping,camp chair,Creekline,,,,,BoulderRambler 2P Camp Chair 226,camping,camp chair,Creekline
20260727-0047,2026-07-27,S008,P1063,1,75.92,5,in_store,Y,,legacy,data/raw/orders/2026-07-27/orders.csv,2026-07-27,,,,,P1063,legacy_original,True,P1063,MoonRambler Ultralight Camp Chair 262,camping,camp chair,Switchback Supply,,,,,MoonRambler Ultralight Camp Chair 262,camping,camp chair,Switchback Supply
20260727-0048,2026-07-27,S003,P1075,2,165.22,0,in_store,Y,,legacy,data/raw/orders/2026-07-27/orders.csv,2026-07-27,,,,,P1075,legacy_original,True,P1075,BoulderRambler 2P Camp Chair 274,camping,camp chair,Creekline,,,,,BoulderRambler 2P Camp Chair 274,camping,camp chair,Creekline
20260727-0049,2026-07-27,S007,P1046,2,198.41,15,in_store,Y,,legacy,data/raw/orders/2026-07-27/orders.csv,2026-07-27,,,,,P1046,legacy_original,True,P1046,SwitchbackRover Weekend Patio Heater 245,patio,patio heater,Summit Finch,,,,,SwitchbackRover Weekend Patio Heater 245,patio,patio heater,Summit Finch
20260727-0050,2026-07-27,S004,P1006,1,55.91,0,ship_from_store,Y,,legacy,data/raw/orders/2026-07-27/orders.csv,2026-07-27,,,,,P1006,legacy_original,True,P1006,TrailRover 20oz Tumbler 205,hydration,insulated tumbler,Summit Finch,,,,,TrailRover 20oz Tumbler 205,hydration,insulated tumbler,Summit Finch
20260727-0051,2026-07-27,S003,P1050,1,75.31,0,in_store,Y,,legacy,data/raw/orders/2026-07-27/orders.csv,2026-07-27,,,,,P1050,legacy_original,True,P1050,RidgeRover Mid Trail Shoes 249,footwear,trail shoes,Highland Ember,,,,,RidgeRover Mid Trail Shoes 249,footwear,trail shoes,Highland Ember
20260727-0052,2026-07-27,S001,P1060,1,154.39,0,ship_from_store,Y,,legacy,data/raw/orders/2026-07-27/orders.csv,2026-07-27,,,,,P1060,legacy_original,True,P1060,CloudNomad 32oz Tumbler 259,hydration,insulated tumbler,Moss & Mile,,,,,CloudNomad 32oz Tumbler 259,hydration,insulated tumbler,Moss & Mile
20260727-0053,2026-07-27,S002,P1043,1,241.0,0,in_store,Y,,legacy,data/raw/orders/2026-07-27/orders.csv,2026-07-27,,,,,P1043,legacy_original,True,P1043,BoulderRambler Alpine Jacket 242,outerwear,rain shell,Creekline,,,,,BoulderRambler Alpine Jacket 242,outerwear,rain shell,Creekline
20260727-0054,2026-07-27,S007,P1052,4,369.46,5,in_store,Y,,legacy,data/raw/orders/2026-07-27/orders.csv,2026-07-27,,,,,P1052,legacy_original,True,P1052,StormNomad Compact Cooler 251,patio,cooler,Moss & Mile,,,,,StormNomad Compact Cooler 251,patio,cooler,Moss & Mile
20260727-0055,2026-07-27,S005,P1009,2,92.21,20,in_store,Y,,legacy,data/raw/orders/2026-07-27/orders.csv,2026-07-27,,,,,P1009,legacy_original,True,P1009,PineRunner 4P Tent 208,camping,tent,Rocky Top Outfitters,,,,,PineRunner 4P Tent 208,camping,tent,Rocky Top Outfitters
20260727-0056,2026-07-27,S003,P1051,2,339.32,20,ship_from_store,Y,,legacy,data/raw/orders/2026-07-27/orders.csv,2026-07-27,,,,,P1051,legacy_original,True,P1051,CreekRambler 2P Camp Chair 250,camping,camp chair,Creekline,,,,,CreekRambler 2P Camp Chair 250,camping,camp chair,Creekline
20260727-0057,2026-07-27,S005,P1049,2,210.91,5,ship_from_store,Y,,legacy,data/raw/orders/2026-07-27/orders.csv,2026-07-27,,,,,P1049,legacy_original,True,P1049,SummitRunner Lightweight Jacket 248,outerwear,rain shell,Rocky Top Outfitters,,,,,SummitRunner Lightweight Jacket 248,outerwear,rain shell,Rocky Top Outfitters
20260727-0058,2026-07-27,S004,P1030,2,113.63,10,ship_from_store,N,,legacy,data/raw/orders/2026-07-27/orders.csv,2026-07-27,,,,,P1030,legacy_original,True,P1030,SwitchbackRover 20oz Tumbler 229,hydration,insulated tumbler,Summit Finch,,,,,SwitchbackRover 20oz Tumbler 229,hydration,insulated tumbler,Summit Finch
20260727-0059,2026-07-27,S001,P1016,1,634.09,0,in_store,Y,,legacy,data/raw/orders/2026-07-27/orders.csv,2026-07-27,,,,,P1016,legacy_original,True,P1016,PeakNomad XL Cooler 215,patio,cooler,TrailForge,,,,,PeakNomad XL Cooler 215,patio,cooler,TrailForge
20260727-0060,2026-07-27,S006,P1058,1,224.05,15,pickup,Y,,legacy,data/raw/orders/2026-07-27/orders.csv,2026-07-27,,,,,P1058,legacy_original,True,P1058,VistaRover Deluxe Patio Heater 257,patio,patio heater,Highland Ember,,,,,VistaRover Deluxe Patio Heater 257,patio,patio heater,Highland Ember
20260727-0061,2026-07-27,S002,P1026,1,130.4,0,in_store,N,,legacy,data/raw/orders/2026-07-27/orders.csv,2026-07-27,,,,,P1026,legacy_original,True,P1026,VistaRover Mid Trail Shoes 225,footwear,trail shoes,Highland Ember,,,,,VistaRover Mid Trail Shoes 225,footwear,trail shoes,Highland Ember
20260727-0062,2026-07-27,S008,P1067,3,253.63,5,in_store,Y,,legacy,data/raw/orders/2026-07-27/orders.csv,2026-07-27,,,,,P1067,legacy_original,True,P1067,CreekRambler Alpine Jacket 266,outerwear,rain shell,Creekline,,,,,CreekRambler Alpine Jacket 266,outerwear,rain shell,Creekline
20260727-0063,2026-07-27,S006,P1080,1,128.7,10,in_store,Y,,legacy,data/raw/orders/2026-07-27/orders.csv,2026-07-27,,,,,P1080,legacy_original,True,P1080,PeakNomad Waterproof Trail Shoes 279,footwear,trail shoes,TrailForge,,,,,PeakNomad Waterproof Trail Shoes 279,footwear,trail shoes,TrailForge
20260727-0064,2026-07-27,S006,P1035,3,125.57,15,pickup,N,,legacy,data/raw/orders/2026-07-27/orders.csv,2026-07-27,,,,,P1035,legacy_original,True,P1035,CreekRambler Rechargeable Flashlight 234,emergency,flashlight,Creekline,,,,,CreekRambler Rechargeable Flashlight 234,emergency,flashlight,Creekline
20260727-0065,2026-07-27,S005,P1012,1,123.66,0,ship_from_store,Y,,legacy,data/raw/orders/2026-07-27/orders.csv,2026-07-27,,,,,P1012,legacy_original,True,P1012,CloudNomad 32oz Tumbler 211,hydration,insulated tumbler,Moss & Mile,,,,,CloudNomad 32oz Tumbler 211,hydration,insulated tumbler,Moss & Mile
20260727-0066,2026-07-27,S008,P1011,2,133.07,0,pickup,Y,,legacy,data/raw/orders/2026-07-27/orders.csv,2026-07-27,,,,,P1011,legacy_original,True,P1011,BoulderRambler Rechargeable Flashlight 210,emergency,flashlight,Creekline,,,,,BoulderRambler Rechargeable Flashlight 210,emergency,flashlight,Creekline
20260727-0067,2026-07-27,S007,P1064,1,614.45,0,pickup,N,,legacy,data/raw/orders/2026-07-27/orders.csv,2026-07-27,,,,,P1064,legacy_original,True,P1064,PeakNomad XL Cooler 263,patio,cooler,TrailForge,,,,,PeakNomad XL Cooler 263,patio,cooler,TrailForge
20260727-0068,2026-07-27,S004,P1018,1,153.36,0,in_store,Y,,legacy,data/raw/orders/2026-07-27/orders.csv,2026-07-27,,,,,P1018,legacy_original,True,P1018,RidgeRover Trail Tumbler 217,hydration,insulated tumbler,Highland Ember,,,,,RidgeRover Trail Tumbler 217,hydration,insulated tumbler,Highland Ember
20260727-0069,2026-07-27,S006,P1006,3,53.11,5,ship_from_store,Y,,legacy,data/raw/orders/2026-07-27/orders.csv,2026-07-27,,,,,P1006,legacy_original,True,P1006,TrailRover 20oz Tumbler 205,hydration,insulated tumbler,Summit Finch,,,,,TrailRover 20oz Tumbler 205,hydration,insulated tumbler,Summit Finch
20260727-0070,2026-07-27,S002,P1064,4,491.56,20,in_store,Y,,legacy,data/raw/orders/2026-07-27/orders.csv,2026-07-27,,,,,P1064,legacy_original,True,P1064,PeakNomad XL Cooler 263,patio,cooler,TrailForge,,,,,PeakNomad XL Cooler 263,patio,cooler,TrailForge
20260727-0071,2026-07-27,S004,P1009,1,92.21,20,in_store,N,,legacy,data/raw/orders/2026-07-27/orders.csv,2026-07-27,,,,,P1009,legacy_original,True,P1009,PineRunner 4P Tent 208,camping,tent,Rocky Top Outfitters,,,,,PineRunner 4P Tent 208,camping,tent,Rocky Top Outfitters
20260727-0072,2026-07-27,S005,P1060,3,154.39,0,in_store,Y,,legacy,data/raw/orders/2026-07-27/orders.csv,2026-07-27,,,,,P1060,legacy_original,True,P1060,CloudNomad 32oz Tumbler 259,hydration,insulated tumbler,Moss & Mile,,,,,CloudNomad 32oz Tumbler 259,hydration,insulated tumbler,Moss & Mile
20260727-0073,2026-07-27,S001,P1037,2,91.75,0,in_store,N,,legacy,data/raw/orders/2026-07-27/orders.csv,2026-07-27,,,,,P1037,legacy_original,True,P1037,EmberRunner Packable Jacket 236,outerwear,rain shell,Blue Ridge Works,,,,,EmberRunner Packable Jacket 236,outerwear,rain shell,Blue Ridge Works
20260727-0074,2026-07-27,S001,P1045,1,278.73,20,pickup,Y,,legacy,data/raw/orders/2026-07-27/orders.csv,2026-07-27,,,,,P1045,legacy_original,True,P1045,FieldRunner Basecamp Tent 244,camping,tent,Blue Ridge Works,,,,,FieldRunner Basecamp Tent 244,camping,tent,Blue Ridge Works
20260727-0075,2026-07-27,S006,P1033,1,189.46,0,in_store,Y,,legacy,data/raw/orders/2026-07-27/orders.csv,2026-07-27,,,,,P1033,legacy_original,True,P1033,SummitRunner 4P Tent 232,camping,tent,Rocky Top Outfitters,,,,,SummitRunner 4P Tent 232,camping,tent,Rocky Top Outfitters
20260727-0076,2026-07-27,S001,P1070,1,162.02,20,in_store,Y,,legacy,data/raw/orders/2026-07-27/orders.csv,2026-07-27,,,,,P1070,legacy_original,True,P1070,TrailRover Weekend Patio Heater 269,patio,patio heater,Summit Finch,,,,,TrailRover Weekend Patio Heater 269,patio,patio heater,Summit Finch
20260727-0077,2026-07-27,S001,P1061,4,133.06,10,in_store,Y,,legacy,data/raw/orders/2026-07-27/orders.csv,2026-07-27,,,,,P1061,legacy_original,True,P1061,FieldRunner Packable Jacket 260,outerwear,rain shell,Blue Ridge Works,,,,,FieldRunner Packable Jacket 260,outerwear,rain shell,Blue Ridge Works
20260727-0078,2026-07-27,S002,P1019,1,143.19,20,ship_from_store,Y,,legacy,data/raw/orders/2026-07-27/orders.csv,2026-07-27,,,,,P1019,legacy_original,True,P1019,CreekRambler Alpine Jacket 218,outerwear,rain shell,Creekline,,,,,CreekRambler Alpine Jacket 218,outerwear,rain shell,Creekline
20260727-0079,2026-07-27,S004,P1007,2,112.42,0,ship_from_store,Y,,legacy,data/raw/orders/2026-07-27/orders.csv,2026-07-27,,,,,P1007,legacy_original,True,P1007,HearthRambler Stormproof Jacket 206,outerwear,rain shell,Switchback Supply,,,,,HearthRambler Stormproof Jacket 206,outerwear,rain shell,Switchback Supply
20260727-0080,2026-07-27,S004,P1013,1,97.39,0,in_store,N,,legacy,data/raw/orders/2026-07-27/orders.csv,2026-07-27,,,,,P1013,legacy_original,True,P1013,FieldRunner Packable Jacket 212,outerwear,rain shell,Blue Ridge Works,,,,,FieldRunner Packable Jacket 212,outerwear,rain shell,Blue Ridge Works
20260727-0081,2026-07-27,S005,P1038,1,196.88,0,in_store,Y,,legacy,data/raw/orders/2026-07-27/orders.csv,2026-07-27,,,,,P1038,legacy_original,True,P1038,TrailRover Wide Trail Shoes 237,footwear,trail shoes,Summit Finch,,,,,TrailRover Wide Trail Shoes 237,footwear,trail shoes,Summit Finch
20260727-0082,2026-07-27,S002,P1058,1,263.59,0,pickup,N,,legacy,data/raw/orders/2026-07-27/orders.csv,2026-07-27,,,,,P1058,legacy_original,True,P1058,VistaRover Deluxe Patio Heater 257,patio,patio heater,Highland Ember,,,,,VistaRover Deluxe Patio Heater 257,patio,patio heater,Highland Ember
20260727-0083,2026-07-27,S006,P1032,1,174.67,10,in_store,N,,legacy,data/raw/orders/2026-07-27/orders.csv,2026-07-27,,,,,P1032,legacy_original,True,P1032,PeakNomad Waterproof Trail Shoes 231,footwear,trail shoes,TrailForge,,,,,PeakNomad Waterproof Trail Shoes 231,footwear,trail shoes,TrailForge
20260727-0084,2026-07-27,S004,P1060,2,138.95,10,in_store,Y,,legacy,data/raw/orders/2026-07-27/orders.csv,2026-07-27,,,,,P1060,legacy_original,True,P1060,CloudNomad 32oz Tumbler 259,hydration,insulated tumbler,Moss & Mile,,,,,CloudNomad 32oz Tumbler 259,hydration,insulated tumbler,Moss & Mile
20260727-0085,2026-07-27,S001,P1012,1,105.11,15,in_store,Y,,legacy,data/raw/orders/2026-07-27/orders.csv,2026-07-27,,,,,P1012,legacy_original,True,P1012,CloudNomad 32oz Tumbler 211,hydration,insulated tumbler,Moss & Mile,,,,,CloudNomad 32oz Tumbler 211,hydration,insulated tumbler,Moss & Mile
20260727-0086,2026-07-27,S008,P1003,3,448.98,0,ship_from_store,Y,,legacy,data/raw/orders/2026-07-27/orders.csv,2026-07-27,,,,,P1003,legacy_original,True,P1003,CreekRambler 2P Camp Chair 202,camping,camp chair,Creekline,,,,,CreekRambler 2P Camp Chair 202,camping,camp chair,Creekline
20260727-0087,2026-07-27,S003,P1038,3,157.5,20,pickup,Y,,legacy,data/raw/orders/2026-07-27/orders.csv,2026-07-27,,,,,P1038,legacy_original,True,P1038,TrailRover Wide Trail Shoes 237,footwear,trail shoes,Summit Finch,,,,,TrailRover Wide Trail Shoes 237,footwear,trail shoes,Summit Finch
20260727-0088,2026-07-27,S004,P1062,2,162.16,5,in_store,Y,,legacy,data/raw/orders/2026-07-27/orders.csv,2026-07-27,,,,,P1062,legacy_original,True,P1062,SwitchbackRover Wide Trail Shoes 261,footwear,trail shoes,Summit Finch,,,,,SwitchbackRover Wide Trail Shoes 261,footwear,trail shoes,Summit Finch
20260727-0089,2026-07-27,S008,P1067,2,266.98,0,in_store,Y,,legacy,data/raw/orders/2026-07-27/orders.csv,2026-07-27,,,,,P1067,legacy_original,True,P1067,CreekRambler Alpine Jacket 266,outerwear,rain shell,Creekline,,,,,CreekRambler Alpine Jacket 266,outerwear,rain shell,Creekline
20260727-0090,2026-07-27,S001,P1045,4,296.15,15,in_store,N,,legacy,data/raw/orders/2026-07-27/orders.csv,2026-07-27,,,,,P1045,legacy_original,True,P1045,FieldRunner Basecamp Tent 244,camping,tent,Blue Ridge Works,,,,,FieldRunner Basecamp Tent 244,camping,tent,Blue Ridge Works
20260727-0091,2026-07-27,S004,P1061,3,147.84,0,in_store,N,,legacy,data/raw/orders/2026-07-27/orders.csv,2026-07-27,,,,,P1061,legacy_original,True,P1061,FieldRunner Packable Jacket 260,outerwear,rain shell,Blue Ridge Works,,,,,FieldRunner Packable Jacket 260,outerwear,rain shell,Blue Ridge Works
20260727-0092,2026-07-27,S008,P1058,2,263.59,0,ship_from_store,Y,,legacy,data/raw/orders/2026-07-27/orders.csv,2026-07-27,,,,,P1058,legacy_original,True,P1058,VistaRover Deluxe Patio Heater 257,patio,patio heater,Highland Ember,,,,,VistaRover Deluxe Patio Heater 257,patio,patio heater,Highland Ember
20260727-0093,2026-07-27,S007,P1067,1,253.63,5,in_store,Y,,legacy,data/raw/orders/2026-07-27/orders.csv,2026-07-27,,,,,P1067,legacy_original,True,P1067,CreekRambler Alpine Jacket 266,outerwear,rain shell,Creekline,,,,,CreekRambler Alpine Jacket 266,outerwear,rain shell,Creekline
20260727-0094,2026-07-27,S004,P1021,2,70.05,5,in_store,N,,legacy,data/raw/orders/2026-07-27/orders.csv,2026-07-27,,,,,P1021,legacy_original,True,P1021,EmberRunner Basecamp Tent 220,camping,tent,Blue Ridge Works,,,,,EmberRunner Basecamp Tent 220,camping,tent,Blue Ridge Works
20260727-0095,2026-07-27,S003,P1023,1,127.3,10,ship_from_store,Y,,legacy,data/raw/orders/2026-07-27/orders.csv,2026-07-27,,,,,P1023,legacy_original,True,P1023,HearthRambler Expedition Flashlight 222,emergency,flashlight,Switchback Supply,,,,,HearthRambler Expedition Flashlight 222,emergency,flashlight,Switchback Supply
20260727-0096,2026-07-27,S004,P1052,1,350.02,10,in_store,N,,legacy,data/raw/orders/2026-07-27/orders.csv,2026-07-27,,,,,P1052,legacy_original,True,P1052,StormNomad Compact Cooler 251,patio,cooler,Moss & Mile,,,,,StormNomad Compact Cooler 251,patio,cooler,Moss & Mile
20260727-0097,2026-07-27,S002,P1028,2,615.14,5,ship_from_store,Y,,legacy,data/raw/orders/2026-07-27/orders.csv,2026-07-27,,,,,P1028,legacy_original,True,P1028,CloudNomad Compact Cooler 227,patio,cooler,Moss & Mile,,,,,CloudNomad Compact Cooler 227,patio,cooler,Moss & Mile
20260727-0098,2026-07-27,S004,P1031,2,173.53,0,pickup,Y,,legacy,data/raw/orders/2026-07-27/orders.csv,2026-07-27,,,,,P1031,legacy_original,True,P1031,MoonRambler Stormproof Jacket 230,outerwear,rain shell,Switchback Supply,,,,,MoonRambler Stormproof Jacket 230,outerwear,rain shell,Switchback Supply
20260728-0001,2026-07-28,S008,,2,155.01,20,ship_from_store,Y,NP5044,migrated,data/raw/orders/2026-07-28/orders.csv,2026-07-28,P1044,matched_exact,0.9993,Normalized product name matches exactly.,NP5044,matched_exact,True,P1044,CloudNomad Approach Trail Shoes 243,footwear,trail shoes,Moss & Mile,CloudNomad Approach Trail Shoes 243,footwear,trail shoes,Moss and Mile,CloudNomad Approach Trail Shoes 243,footwear,trail shoes,Moss & Mile
20260728-0002,2026-07-28,S003,,1,755.47,5,ship_from_store,Y,NP5072,migrated,data/raw/orders/2026-07-28/orders.csv,2026-07-28,P1076,review_ambiguous,0.765,Top candidates are too close; human confirmation is required.,NP5072,review_ambiguous,False,NEW:NP5072,,,,,SummitRover Cooler,patio,cooler,Moss and Mile,SummitRover Cooler,patio,cooler,Moss and Mile
20260728-0003,2026-07-28,S008,,3,193.76,0,ship_from_store,N,NP5044,migrated,data/raw/orders/2026-07-28/orders.csv,2026-07-28,P1044,matched_exact,0.9993,Normalized product name matches exactly.,NP5044,matched_exact,True,P1044,CloudNomad Approach Trail Shoes 243,footwear,trail shoes,Moss & Mile,CloudNomad Approach Trail Shoes 243,footwear,trail shoes,Moss and Mile,CloudNomad Approach Trail Shoes 243,footwear,trail shoes,Moss & Mile
20260728-0004,2026-07-28,S001,,2,247.56,0,in_store,Y,NP5067,migrated,data/raw/orders/2026-07-28/orders.csv,2026-07-28,P1067,review_ambiguous,0.8143,Top candidates are too close; human confirmation is required.,NP5067,review_ambiguous,False,NEW:NP5067,,,,,CreekRambler Alpine Jacket 266 Pro,apparel,waterproof outerwear,Creekline,CreekRambler Alpine Jacket 266 Pro,apparel,waterproof outerwear,Creekline
20260728-0005,2026-07-28,S007,,3,148.91,15,pickup,Y,NP5008,migrated,data/raw/orders/2026-07-28/orders.csv,2026-07-28,P1008,matched_exact,0.9999,Normalized product name matches exactly.,NP5008,matched_exact,True,P1008,CanyonNomad Waterproof Trail Shoes 207,footwear,trail shoes,TrailForge,CanyonNomad Waterproof Trail Shoes 207,footwear,trail shoes,TrailForge,CanyonNomad Waterproof Trail Shoes 207,footwear,trail shoes,TrailForge
20260728-0006,2026-07-28,S003,,1,375.39,15,in_store,Y,NP5003,migrated,data/raw/orders/2026-07-28/orders.csv,2026-07-28,P1003,matched_exact,0.9995,Normalized product name matches exactly.,NP5003,matched_exact,True,P1003,CreekRambler 2P Camp Chair 202,camping,camp chair,Creekline,CreekRambler 2P Camp Chair 202,camping,camp chair,Creekline,CreekRambler 2P Camp Chair 202,camping,camp chair,Creekline
20260728-0007,2026-07-28,S006,,2,210.19,5,in_store,Y,NP5069,migrated,data/raw/orders/2026-07-28/orders.csv,2026-07-28,P1070,review_ambiguous,0.8575,Top candidates are too close; human confirmation is required.,NP5069,review_ambiguous,False,NEW:NP5069,,,,,BoulderNomad Patio Heater,patio,patio heater,Summit Finch,BoulderNomad Patio Heater,patio,patio heater,Summit Finch
20260728-0008,2026-07-28,S002,,1,99.43,0,in_store,Y,NP5013,migrated,data/raw/orders/2026-07-28/orders.csv,2026-07-28,P1013,matched_exact,0.8117,Normalized product name matches exactly.,NP5013,matched_exact,True,P1013,FieldRunner Packable Jacket 212,outerwear,rain shell,Blue Ridge Works,FieldRunner Packable Jacket 212,apparel,waterproof outerwear,Blue Ridge Outdoor Works,FieldRunner Packable Jacket 212,outerwear,rain shell,Blue Ridge Works
20260728-0009,2026-07-28,S003,,2,160.34,20,in_store,Y,NP5032,migrated,data/raw/orders/2026-07-28/orders.csv,2026-07-28,P1032,matched_exact,0.999,Normalized product name matches exactly.,NP5032,matched_exact,True,P1032,PeakNomad Waterproof Trail Shoes 231,footwear,trail shoes,TrailForge,PeakNomad Waterproof Trail Shoes 231,footwear,trail shoes,TrailForge,PeakNomad Waterproof Trail Shoes 231,footwear,trail shoes,TrailForge
20260728-0010,2026-07-28,S008,,1,207.39,0,in_store,Y,NP5020,migrated,data/raw/orders/2026-07-28/orders.csv,2026-07-28,P1020,matched_exact,0.9945,Normalized product name matches exactly.,NP5020,matched_exact,True,P1020,StormNomad Approach Trail Shoes 219,footwear,trail shoes,Moss & Mile,Storm Nomad Approach Trail Shoes 219,footwear,trail shoes,Moss and Mile,StormNomad Approach Trail Shoes 219,footwear,trail shoes,Moss & Mile
20260728-0011,2026-07-28,S004,,1,109.09,0,in_store,Y,NP5007,migrated,data/raw/orders/2026-07-28/orders.csv,2026-07-28,P1007,matched_exact,0.8325,Normalized product name matches exactly.,NP5007,matched_exact,True,P1007,HearthRambler Stormproof Jacket 206,outerwear,rain shell,Switchback Supply,HearthRambler Storm proof Jacket 206,apparel,waterproof outerwear,Switchback Supply,HearthRambler Stormproof Jacket 206,outerwear,rain shell,Switchback Supply
20260728-0012,2026-07-28,S007,,1,198.18,0,in_store,Y,NP5038,migrated,data/raw/orders/2026-07-28/orders.csv,2026-07-28,P1038,matched_exact,0.9942,Normalized product name matches exactly.,NP5038,matched_exact,True,P1038,TrailRover Wide Trail Shoes 237,footwear,trail shoes,Summit Finch,Trail Rover Wide Trail Shoes 237,footwear,trail shoes,Summit Finch,TrailRover Wide Trail Shoes 237,footwear,trail shoes,Summit Finch
20260728-0013,2026-07-28,S001,,1,145.81,15,in_store,Y,NP5031,migrated,data/raw/orders/2026-07-28/orders.csv,2026-07-28,P1031,matched_exact,0.8328,Normalized product name matches exactly.,NP5031,matched_exact,True,P1031,MoonRambler Stormproof Jacket 230,outerwear,rain shell,Switchback Supply,MoonRambler Storm proof Jacket 230,apparel,waterproof outerwear,Switchback Supply,MoonRambler Stormproof Jacket 230,outerwear,rain shell,Switchback Supply
20260728-0014,2026-07-28,S001,,3,120.05,0,in_store,Y,NP5012,migrated,data/raw/orders/2026-07-28/orders.csv,2026-07-28,P1012,matched_exact,0.9325,Normalized product name matches exactly.,NP5012,matched_exact,True,P1012,CloudNomad 32oz Tumbler 211,hydration,insulated tumbler,Moss & Mile,CloudNomad 32oz Tumbler 211,drinkware,insulated tumbler,Moss and Mile,CloudNomad 32oz Tumbler 211,hydration,insulated tumbler,Moss & Mile
20260728-0015,2026-07-28,S008,,3,648.67,0,pickup,Y,NP5016,migrated,data/raw/orders/2026-07-28/orders.csv,2026-07-28,P1016,matched_exact,0.9993,Normalized product name matches exactly.,NP5016,matched_exact,True,P1016,PeakNomad XL Cooler 215,patio,cooler,TrailForge,PeakNomad XL Cooler 215,patio,cooler,TrailForge,PeakNomad XL Cooler 215,patio,cooler,TrailForge
20260728-0016,2026-07-28,S005,,1,108.91,0,pickup,N,NP5059,migrated,data/raw/orders/2026-07-28/orders.csv,2026-07-28,P1059,review_ambiguous,0.9117,Top candidates are too close; human confirmation is required.,NP5059,review_ambiguous,False,NEW:NP5059,,,,,BoulderRambler Rechargeable Flashlight 258 Pro,preparedness,flashlight,Creekline,BoulderRambler Rechargeable Flashlight 258 Pro,preparedness,flashlight,Creekline
20260728-0017,2026-07-28,S003,,1,648.67,0,pickup,Y,NP5016,migrated,data/raw/orders/2026-07-28/orders.csv,2026-07-28,P1016,matched_exact,0.9993,Normalized product name matches exactly.,NP5016,matched_exact,True,P1016,PeakNomad XL Cooler 215,patio,cooler,TrailForge,PeakNomad XL Cooler 215,patio,cooler,TrailForge,PeakNomad XL Cooler 215,patio,cooler,TrailForge
20260728-0018,2026-07-28,S003,,2,180.27,15,pickup,Y,NP5014,migrated,data/raw/orders/2026-07-28/orders.csv,2026-07-28,P1014,matched_exact,0.999,Normalized product name matches exactly.,NP5014,matched_exact,True,P1014,SwitchbackRover Wide Trail Shoes 213,footwear,trail shoes,Summit Finch,SwitchbackRover Wide Trail Shoes 213,footwear,trail shoes,Summit Finch,SwitchbackRover Wide Trail Shoes 213,footwear,trail shoes,Summit Finch
20260728-0019,2026-07-28,S001,,4,91.38,0,pickup,Y,NP5073,migrated,data/raw/orders/2026-07-28/orders.csv,2026-07-28,P1077,review_duplicate_candidate,0.7544,Legacy product P1077 is proposed for multiple new products; possible split or collision.,NP5073,review_duplicate_candidate,False,NEW:NP5073,,,,,FieldRunner Battery Pack,preparedness,power storage,Blue Ridge Outdoor Works,FieldRunner Battery Pack,preparedness,power storage,Blue Ridge Outdoor Works
20260728-0020,2026-07-28,S007,,2,148.63,5,pickup,N,NP5036,migrated,data/raw/orders/2026-07-28/orders.csv,2026-07-28,P1036,matched_exact,0.9267,Normalized product name matches exactly.,NP5036,matched_exact,True,P1036,StormNomad 32oz Tumbler 235,hydration,insulated tumbler,Moss & Mile,Storm Nomad 32oz Tumbler 235,drinkware,insulated tumbler,Moss and Mile,StormNomad 32oz Tumbler 235,hydration,insulated tumbler,Moss & Mile
20260728-0021,2026-07-28,S006,,1,184.07,5,in_store,Y,NP5044,migrated,data/raw/orders/2026-07-28/orders.csv,2026-07-28,P1044,matched_exact,0.9993,Normalized product name matches exactly.,NP5044,matched_exact,True,P1044,CloudNomad Approach Trail Shoes 243,footwear,trail shoes,Moss & Mile,CloudNomad Approach Trail Shoes 243,footwear,trail shoes,Moss and Mile,CloudNomad Approach Trail Shoes 243,footwear,trail shoes,Moss & Mile
20260728-0022,2026-07-28,S007,,2,63.28,0,in_store,Y,NP5017,migrated,data/raw/orders/2026-07-28/orders.csv,2026-07-28,P1017,matched_exact,0.7894,Normalized product name matches exactly.,NP5017,matched_exact,True,P1017,SummitRunner Mini Battery Pack 216,emergency,battery pack,Rocky Top Outfitters,SummitRunner Mini Battery Pack 216,preparedness,power storage,RTO House Brand,SummitRunner Mini Battery Pack 216,emergency,battery pack,Rocky Top Outfitters
20260728-0023,2026-07-28,S006,,1,200.43,0,in_store,Y,NP5032,migrated,data/raw/orders/2026-07-28/orders.csv,2026-07-28,P1032,matched_exact,0.999,Normalized product name matches exactly.,NP5032,matched_exact,True,P1032,PeakNomad Waterproof Trail Shoes 231,footwear,trail shoes,TrailForge,PeakNomad Waterproof Trail Shoes 231,footwear,trail shoes,TrailForge,PeakNomad Waterproof Trail Shoes 231,footwear,trail shoes,TrailForge
20260728-0024,2026-07-28,S003,,4,74.44,0,pickup,Y,NP5050,migrated,data/raw/orders/2026-07-28/orders.csv,2026-07-28,P1050,matched_exact,0.9997,Normalized product name matches exactly.,NP5050,matched_exact,True,P1050,RidgeRover Mid Trail Shoes 249,footwear,trail shoes,Highland Ember,RidgeRover Mid Trail Shoes 249,footwear,trail shoes,Highland Ember,RidgeRover Mid Trail Shoes 249,footwear,trail shoes,Highland Ember
20260728-0025,2026-07-28,S004,,1,95.51,15,ship_from_store,Y,NP5042,migrated,data/raw/orders/2026-07-28/orders.csv,2026-07-28,P1042,matched_exact,0.9326,Normalized product name matches exactly.,NP5042,matched_exact,True,P1042,VistaRover Trail Tumbler 241,hydration,insulated tumbler,Highland Ember,VistaRover Trail Tumbler 241,drinkware,insulated tumbler,Highland Ember,VistaRover Trail Tumbler 241,hydration,insulated tumbler,Highland Ember
20260728-0026,2026-07-28,S003,,2,715.71,10,in_store,Y,NP5072,migrated,data/raw/orders/2026-07-28/orders.csv,2026-07-28,P1076,review_ambiguous,0.765,Top candidates are too close; human confirmation is required.,NP5072,review_ambiguous,False,NEW:NP5072,,,,,SummitRover Cooler,patio,cooler,Moss and Mile,SummitRover Cooler,patio,cooler,Moss and Mile
20260728-0027,2026-07-28,S007,,4,149.26,5,ship_from_store,Y,NP5076,migrated,data/raw/orders/2026-07-28/orders.csv,2026-07-28,P1080,review_duplicate_candidate,0.9052,Legacy product P1080 is proposed for multiple new products; possible split or collision.,NP5076,review_duplicate_candidate,False,NEW:NP5076,,,,,PeakNomad Trail Shoes,footwear,trail shoes,TrailForge,PeakNomad Trail Shoes,footwear,trail shoes,TrailForge
20260728-0028,2026-07-28,S005,,2,166.43,5,in_store,Y,NP5008,migrated,data/raw/orders/2026-07-28/orders.csv,2026-07-28,P1008,matched_exact,0.9999,Normalized product name matches exactly.,NP5008,matched_exact,True,P1008,CanyonNomad Waterproof Trail Shoes 207,footwear,trail shoes,TrailForge,CanyonNomad Waterproof Trail Shoes 207,footwear,trail shoes,TrailForge,CanyonNomad Waterproof Trail Shoes 207,footwear,trail shoes,TrailForge
20260728-0029,2026-07-28,S005,,4,339.67,15,in_store,Y,NP5057,migrated,data/raw/orders/2026-07-28/orders.csv,2026-07-28,P1057,review_low_confidence,0.8995,Best candidate is plausible but below the automatic-match threshold.,NP5057,review_low_confidence,False,NEW:NP5057,,,,,PineRunner 4P Tent 256 Pro,camping,tent,RTO House Brand,PineRunner 4P Tent 256 Pro,camping,tent,RTO House Brand
20260728-0030,2026-07-28,S002,,1,205.57,0,in_store,N,NP5002,migrated,data/raw/orders/2026-07-28/orders.csv,2026-07-28,P1002,matched_exact,0.9997,Normalized product name matches exactly.,NP5002,matched_exact,True,P1002,RidgeRover Mid Trail Shoes 201,footwear,trail shoes,Highland Ember,RidgeRover Mid Trail Shoes 201,footwear,trail shoes,Highland Ember,RidgeRover Mid Trail Shoes 201,footwear,trail shoes,Highland Ember
20260728-0031,2026-07-28,S007,,2,364.67,15,in_store,Y,NP5051,migrated,data/raw/orders/2026-07-28/orders.csv,2026-07-28,P1051,matched_exact,0.9997,Normalized product name matches exactly.,NP5051,matched_exact,True,P1051,CreekRambler 2P Camp Chair 250,camping,camp chair,Creekline,CreekRambler 2P Camp Chair 250,camping,camp chair,Creekline,CreekRambler 2P Camp Chair 250,camping,camp chair,Creekline
20260728-0032,2026-07-28,S002,,2,125.7,20,in_store,Y,NP5076,migrated,data/raw/orders/2026-07-28/orders.csv,2026-07-28,P1080,review_duplicate_candidate,0.9052,Legacy product P1080 is proposed for multiple new products; possible split or collision.,NP5076,review_duplicate_candidate,False,NEW:NP5076,,,,,PeakNomad Trail Shoes,footwear,trail shoes,TrailForge,PeakNomad Trail Shoes,footwear,trail shoes,TrailForge
20260728-0033,2026-07-28,S006,,1,115.3,5,pickup,Y,NP5025,migrated,data/raw/orders/2026-07-28/orders.csv,2026-07-28,P1025,matched_exact,0.767,Normalized product name matches exactly.,NP5025,matched_exact,True,P1025,PineRunner Lightweight Jacket 224,outerwear,rain shell,Rocky Top Outfitters,PineRunner Lightweight Jacket 224,apparel,waterproof outerwear,RTO House Brand,PineRunner Lightweight Jacket 224,outerwear,rain shell,Rocky Top Outfitters
20260728-0034,2026-07-28,S005,,4,95.51,15,in_store,Y,NP5042,migrated,data/raw/orders/2026-07-28/orders.csv,2026-07-28,P1042,matched_exact,0.9326,Normalized product name matches exactly.,NP5042,matched_exact,True,P1042,VistaRover Trail Tumbler 241,hydration,insulated tumbler,Highland Ember,VistaRover Trail Tumbler 241,drinkware,insulated tumbler,Highland Ember,VistaRover Trail Tumbler 241,hydration,insulated tumbler,Highland Ember
20260728-0035,2026-07-28,S006,,2,144.84,0,in_store,Y,NP5023,migrated,data/raw/orders/2026-07-28/orders.csv,2026-07-28,P1023,matched_exact,0.9279,Normalized product name matches exactly.,NP5023,matched_exact,True,P1023,HearthRambler Expedition Flashlight 222,emergency,flashlight,Switchback Supply,HearthRambler Expedition Flashlight 222,preparedness,flashlight,Switchback Supply,HearthRambler Expedition Flashlight 222,emergency,flashlight,Switchback Supply
20260728-0036,2026-07-28,S006,,2,359.25,5,in_store,Y,NP5052,migrated,data/raw/orders/2026-07-28/orders.csv,2026-07-28,P1052,matched_exact,0.9932,Normalized product name matches exactly.,NP5052,matched_exact,True,P1052,StormNomad Compact Cooler 251,patio,cooler,Moss & Mile,Storm Nomad Compact Cooler 251,patio,cooler,Moss and Mile,StormNomad Compact Cooler 251,patio,cooler,Moss & Mile
20260728-0037,2026-07-28,S006,,1,148.91,15,ship_from_store,Y,NP5008,migrated,data/raw/orders/2026-07-28/orders.csv,2026-07-28,P1008,matched_exact,0.9999,Normalized product name matches exactly.,NP5008,matched_exact,True,P1008,CanyonNomad Waterproof Trail Shoes 207,footwear,trail shoes,TrailForge,CanyonNomad Waterproof Trail Shoes 207,footwear,trail shoes,TrailForge,CanyonNomad Waterproof Trail Shoes 207,footwear,trail shoes,TrailForge
20260728-0038,2026-07-28,S005,,1,107.52,0,pickup,Y,NP5040,migrated,data/raw/orders/2026-07-28/orders.csv,2026-07-28,P1040,matched_exact,0.9996,Normalized product name matches exactly.,NP5040,matched_exact,True,P1040,CanyonNomad XL Cooler 239,patio,cooler,TrailForge,CanyonNomad XL Cooler 239,patio,cooler,TrailForge,CanyonNomad XL Cooler 239,patio,cooler,TrailForge
20260728-0039,2026-07-28,S005,,2,188.06,15,in_store,Y,NP5069,migrated,data/raw/orders/2026-07-28/orders.csv,2026-07-28,P1070,review_ambiguous,0.8575,Top candidates are too close; human confirmation is required.,NP5069,review_ambiguous,False,NEW:NP5069,,,,,BoulderNomad Patio Heater,patio,patio heater,Summit Finch,BoulderNomad Patio Heater,patio,patio heater,Summit Finch
20260728-0040,2026-07-28,S004,,1,118.72,0,pickup,Y,NP5009,migrated,data/raw/orders/2026-07-28/orders.csv,2026-07-28,P1009,matched_exact,0.9286,Normalized product name matches exactly.,NP5009,matched_exact,True,P1009,PineRunner 4P Tent 208,camping,tent,Rocky Top Outfitters,PineRunner 4P Tent 208,camping,tent,RTO House Brand,PineRunner 4P Tent 208,camping,tent,Rocky Top Outfitters
20260728-0041,2026-07-28,S004,,1,190.74,0,ship_from_store,Y,NP5015,migrated,data/raw/orders/2026-07-28/orders.csv,2026-07-28,P1015,matched_exact,0.9998,Normalized product name matches exactly.,NP5015,matched_exact,True,P1015,MoonRambler Ultralight Camp Chair 214,camping,camp chair,Switchback Supply,MoonRambler Ultralight Camp Chair 214,camping,camp chair,Switchback Supply,MoonRambler Ultralight Camp Chair 214,camping,camp chair,Switchback Supply
20260728-0042,2026-07-28,S002,,1,524.54,20,ship_from_store,Y,NP5064,migrated,data/raw/orders/2026-07-28/orders.csv,2026-07-28,P1064,matched_exact,0.9981,Normalized product name matches exactly.,NP5064,matched_exact,True,P1064,PeakNomad XL Cooler 263,patio,cooler,TrailForge,PeakNomad-XL-Cooler-263,patio,cooler,TrailForge,PeakNomad XL Cooler 263,patio,cooler,TrailForge
20260728-0043,2026-07-28,S006,,1,168.67,0,in_store,Y,NP5034,migrated,data/raw/orders/2026-07-28/orders.csv,2026-07-28,P1034,matched_exact,1.0,Normalized product name matches exactly.,NP5034,matched_exact,True,P1034,RidgeRover Deluxe Patio Heater 233,patio,patio heater,Highland Ember,RidgeRover Deluxe Patio Heater 233,patio,patio heater,Highland Ember,RidgeRover Deluxe Patio Heater 233,patio,patio heater,Highland Ember
20260728-0044,2026-07-28,S001,,2,207.39,0,ship_from_store,Y,NP5020,migrated,data/raw/orders/2026-07-28/orders.csv,2026-07-28,P1020,matched_exact,0.9945,Normalized product name matches exactly.,NP5020,matched_exact,True,P1020,StormNomad Approach Trail Shoes 219,footwear,trail shoes,Moss & Mile,Storm Nomad Approach Trail Shoes 219,footwear,trail shoes,Moss and Mile,StormNomad Approach Trail Shoes 219,footwear,trail shoes,Moss & Mile
20260728-0045,2026-07-28,S008,,2,110.19,10,in_store,Y,NP5029,migrated,data/raw/orders/2026-07-28/orders.csv,2026-07-28,P1029,matched_exact,0.8337,Normalized product name matches exactly.,NP5029,matched_exact,True,P1029,FieldRunner Storm Kit Battery Pack 228,emergency,battery pack,Blue Ridge Works,FieldRunner Storm Kit Battery Pack 228,preparedness,power storage,Blue Ridge Outdoor Works,FieldRunner Storm Kit Battery Pack 228,emergency,battery pack,Blue Ridge Works
20260728-0046,2026-07-28,S005,,1,77.22,0,in_store,Y,NP5063,migrated,data/raw/orders/2026-07-28/orders.csv,2026-07-28,P1063,review_ambiguous,0.981,Top candidates are too close; human confirmation is required.,NP5063,review_ambiguous,False,NEW:NP5063,,,,,MoonRambler Ultralight Camp Chair 262 Pro,camping,camp chair,Switchback Supply,MoonRambler Ultralight Camp Chair 262 Pro,camping,camp chair,Switchback Supply
20260728-0047,2026-07-28,S004,,1,89.49,10,ship_from_store,Y,NP5013,migrated,data/raw/orders/2026-07-28/orders.csv,2026-07-28,P1013,matched_exact,0.8117,Normalized product name matches exactly.,NP5013,matched_exact,True,P1013,FieldRunner Packable Jacket 212,outerwear,rain shell,Blue Ridge Works,FieldRunner Packable Jacket 212,apparel,waterproof outerwear,Blue Ridge Outdoor Works,FieldRunner Packable Jacket 212,outerwear,rain shell,Blue Ridge Works
20260728-0048,2026-07-28,S008,,2,122.26,5,in_store,Y,NP5026,migrated,data/raw/orders/2026-07-28/orders.csv,2026-07-28,P1026,matched_exact,0.9996,Normalized product name matches exactly.,NP5026,matched_exact,True,P1026,VistaRover Mid Trail Shoes 225,footwear,trail shoes,Highland Ember,VistaRover Mid Trail Shoes 225,footwear,trail shoes,Highland Ember,VistaRover Mid Trail Shoes 225,footwear,trail shoes,Highland Ember
20260728-0049,2026-07-28,S005,,1,441.63,0,ship_from_store,Y,NP5003,migrated,data/raw/orders/2026-07-28/orders.csv,2026-07-28,P1003,matched_exact,0.9995,Normalized product name matches exactly.,NP5003,matched_exact,True,P1003,CreekRambler 2P Camp Chair 202,camping,camp chair,Creekline,CreekRambler 2P Camp Chair 202,camping,camp chair,Creekline,CreekRambler 2P Camp Chair 202,camping,camp chair,Creekline
20260728-0050,2026-07-28,S006,,1,86.14,20,in_store,Y,NP5065,migrated,data/raw/orders/2026-07-28/orders.csv,2026-07-28,P1065,review_ambiguous,0.7692,Top candidates are too close; human confirmation is required.,NP5065,review_ambiguous,False,NEW:NP5065,,,,,SummitRunner Mini Battery Pack 264 Pro,preparedness,power storage,RTO House Brand,SummitRunner Mini Battery Pack 264 Pro,preparedness,power storage,RTO House Brand
20260728-0051,2026-07-28,S008,,3,102.85,20,in_store,N,NP5030,migrated,data/raw/orders/2026-07-28/orders.csv,2026-07-28,P1030,matched_exact,0.9328,Normalized product name matches exactly.,NP5030,matched_exact,True,P1030,SwitchbackRover 20oz Tumbler 229,hydration,insulated tumbler,Summit Finch,SwitchbackRover 20oz Tumbler 229,drinkware,insulated tumbler,Summit Finch,SwitchbackRover 20oz Tumbler 229,hydration,insulated tumbler,Summit Finch
20260728-0052,2026-07-28,S003,,2,133.32,20,pickup,N,NP5060,migrated,data/raw/orders/2026-07-28/orders.csv,2026-07-28,P1060,matched_exact,0.9311,Normalized product name matches exactly.,NP5060,matched_exact,True,P1060,CloudNomad 32oz Tumbler 259,hydration,insulated tumbler,Moss & Mile,CloudNomad-32oz-Tumbler-259,drinkware,insulated tumbler,Moss and Mile,CloudNomad 32oz Tumbler 259,hydration,insulated tumbler,Moss & Mile
20260728-0053,2026-07-28,S004,,1,97.1,20,in_store,Y,NP5025,migrated,data/raw/orders/2026-07-28/orders.csv,2026-07-28,P1025,matched_exact,0.767,Normalized product name matches exactly.,NP5025,matched_exact,True,P1025,PineRunner Lightweight Jacket 224,outerwear,rain shell,Rocky Top Outfitters,PineRunner Lightweight Jacket 224,apparel,waterproof outerwear,RTO House Brand,PineRunner Lightweight Jacket 224,outerwear,rain shell,Rocky Top Outfitters
20260728-0054,2026-07-28,S004,,4,128.7,0,pickup,Y,NP5026,migrated,data/raw/orders/2026-07-28/orders.csv,2026-07-28,P1026,matched_exact,0.9996,Normalized product name matches exactly.,NP5026,matched_exact,True,P1026,VistaRover Mid Trail Shoes 225,footwear,trail shoes,Highland Ember,VistaRover Mid Trail Shoes 225,footwear,trail shoes,Highland Ember,VistaRover Mid Trail Shoes 225,footwear,trail shoes,Highland Ember
20260728-0055,2026-07-28,S003,,2,247.56,0,ship_from_store,Y,NP5067,migrated,data/raw/orders/2026-07-28/orders.csv,2026-07-28,P1067,review_ambiguous,0.8143,Top candidates are too close; human confirmation is required.,NP5067,review_ambiguous,False,NEW:NP5067,,,,,CreekRambler Alpine Jacket 266 Pro,apparel,waterproof outerwear,Creekline,CreekRambler Alpine Jacket 266 Pro,apparel,waterproof outerwear,Creekline
20260728-0056,2026-07-28,S006,,1,164.7,15,in_store,Y,NP5044,migrated,data/raw/orders/2026-07-28/orders.csv,2026-07-28,P1044,matched_exact,0.9993,Normalized product name matches exactly.,NP5044,matched_exact,True,P1044,CloudNomad Approach Trail Shoes 243,footwear,trail shoes,Moss & Mile,CloudNomad Approach Trail Shoes 243,footwear,trail shoes,Moss and Mile,CloudNomad Approach Trail Shoes 243,footwear,trail shoes,Moss & Mile
20260728-0057,2026-07-28,S007,,1,100.98,0,ship_from_store,N,NP5066,migrated,data/raw/orders/2026-07-28/orders.csv,2026-07-28,P1066,matched_exact,0.9322,Normalized product name matches exactly.,NP5066,matched_exact,True,P1066,RidgeRover Trail Tumbler 265,hydration,insulated tumbler,Highland Ember,RidgeRover-Trail-Tumbler-265,drinkware,insulated tumbler,Highland Ember,RidgeRover Trail Tumbler 265,hydration,insulated tumbler,Highland Ember
20260728-0058,2026-07-28,S006,,1,108.91,0,in_store,Y,NP5059,migrated,data/raw/orders/2026-07-28/orders.csv,2026-07-28,P1059,review_ambiguous,0.9117,Top candidates are too close; human confirmation is required.,NP5059,review_ambiguous,False,NEW:NP5059,,,,,BoulderRambler Rechargeable Flashlight 258 Pro,preparedness,flashlight,Creekline,BoulderRambler Rechargeable Flashlight 258 Pro,preparedness,flashlight,Creekline
20260728-0059,2026-07-28,S002,,4,359.65,10,in_store,N,NP5057,migrated,data/raw/orders/2026-07-28/orders.csv,2026-07-28,P1057,review_low_confidence,0.8995,Best candidate is plausible but below the automatic-match threshold.,NP5057,review_low_confidence,False,NEW:NP5057,,,,,PineRunner 4P Tent 256 Pro,camping,tent,RTO House Brand,PineRunner 4P Tent 256 Pro,camping,tent,RTO House Brand
20260728-0060,2026-07-28,S005,,4,795.23,0,pickup,Y,NP5072,migrated,data/raw/orders/2026-07-28/orders.csv,2026-07-28,P1076,review_ambiguous,0.765,Top candidates are too close; human confirmation is required.,NP5072,review_ambiguous,False,NEW:NP5072,,,,,SummitRover Cooler,patio,cooler,Moss and Mile,SummitRover Cooler,patio,cooler,Moss and Mile
20260728-0061,2026-07-28,S006,,2,166.65,0,ship_from_store,Y,NP5060,migrated,data/raw/orders/2026-07-28/orders.csv,2026-07-28,P1060,matched_exact,0.9311,Normalized product name matches exactly.,NP5060,matched_exact,True,P1060,CloudNomad 32oz Tumbler 259,hydration,insulated tumbler,Moss & Mile,CloudNomad-32oz-Tumbler-259,drinkware,insulated tumbler,Moss and Mile,CloudNomad 32oz Tumbler 259,hydration,insulated tumbler,Moss & Mile
20260728-0062,2026-07-28,S001,,2,103.64,5,pickup,Y,NP5007,migrated,data/raw/orders/2026-07-28/orders.csv,2026-07-28,P1007,matched_exact,0.8325,Normalized product name matches exactly.,NP5007,matched_exact,True,P1007,HearthRambler Stormproof Jacket 206,outerwear,rain shell,Switchback Supply,HearthRambler Storm proof Jacket 206,apparel,waterproof outerwear,Switchback Supply,HearthRambler Stormproof Jacket 206,outerwear,rain shell,Switchback Supply
20260728-0063,2026-07-28,S004,,3,163.29,0,in_store,Y,NP5062,migrated,data/raw/orders/2026-07-28/orders.csv,2026-07-28,P1062,matched_exact,0.9987,Normalized product name matches exactly.,NP5062,matched_exact,True,P1062,SwitchbackRover Wide Trail Shoes 261,footwear,trail shoes,Summit Finch,SwitchbackRover-Wide-Trail-Shoes-261,footwear,trail shoes,Summit Finch,SwitchbackRover Wide Trail Shoes 261,footwear,trail shoes,Summit Finch
20260728-0064,2026-07-28,S004,,2,44.3,20,in_store,Y,NP5006,migrated,data/raw/orders/2026-07-28/orders.csv,2026-07-28,P1006,matched_exact,0.9267,Normalized product name matches exactly.,NP5006,matched_exact,True,P1006,TrailRover 20oz Tumbler 205,hydration,insulated tumbler,Summit Finch,Trail Rover 20oz Tumbler 205,drinkware,insulated tumbler,Summit Finch,TrailRover 20oz Tumbler 205,hydration,insulated tumbler,Summit Finch
20260728-0065,2026-07-28,S001,,1,163.29,0,in_store,Y,NP5062,migrated,data/raw/orders/2026-07-28/orders.csv,2026-07-28,P1062,matched_exact,0.9987,Normalized product name matches exactly.,NP5062,matched_exact,True,P1062,SwitchbackRover Wide Trail Shoes 261,footwear,trail shoes,Summit Finch,SwitchbackRover-Wide-Trail-Shoes-261,footwear,trail shoes,Summit Finch,SwitchbackRover Wide Trail Shoes 261,footwear,trail shoes,Summit Finch
20260728-0066,2026-07-28,S004,,4,158.32,5,in_store,Y,NP5060,migrated,data/raw/orders/2026-07-28/orders.csv,2026-07-28,P1060,matched_exact,0.9311,Normalized product name matches exactly.,NP5060,matched_exact,True,P1060,CloudNomad 32oz Tumbler 259,hydration,insulated tumbler,Moss & Mile,CloudNomad-32oz-Tumbler-259,drinkware,insulated tumbler,Moss and Mile,CloudNomad 32oz Tumbler 259,hydration,insulated tumbler,Moss & Mile
20260728-0067,2026-07-28,S002,,1,87.17,20,in_store,Y,NP5004,migrated,data/raw/orders/2026-07-28/orders.csv,2026-07-28,P1004,matched_exact,0.9938,Normalized product name matches exactly.,NP5004,matched_exact,True,P1004,StormNomad Compact Cooler 203,patio,cooler,Moss & Mile,Storm Nomad Compact Cooler 203,patio,cooler,Moss and Mile,StormNomad Compact Cooler 203,patio,cooler,Moss & Mile
20260728-0068,2026-07-28,S004,,1,157.67,10,in_store,Y,NP5008,migrated,data/raw/orders/2026-07-28/orders.csv,2026-07-28,P1008,matched_exact,0.9999,Normalized product name matches exactly.,NP5008,matched_exact,True,P1008,CanyonNomad Waterproof Trail Shoes 207,footwear,trail shoes,TrailForge,CanyonNomad Waterproof Trail Shoes 207,footwear,trail shoes,TrailForge,CanyonNomad Waterproof Trail Shoes 207,footwear,trail shoes,TrailForge
20260728-0069,2026-07-28,S002,,4,103.64,5,pickup,N,NP5007,migrated,data/raw/orders/2026-07-28/orders.csv,2026-07-28,P1007,matched_exact,0.8325,Normalized product name matches exactly.,NP5007,matched_exact,True,P1007,HearthRambler Stormproof Jacket 206,outerwear,rain shell,Switchback Supply,HearthRambler Storm proof Jacket 206,apparel,waterproof outerwear,Switchback Supply,HearthRambler Stormproof Jacket 206,outerwear,rain shell,Switchback Supply
20260728-0070,2026-07-28,S006,,3,108.96,0,in_store,Y,NP5004,migrated,data/raw/orders/2026-07-28/orders.csv,2026-07-28,P1004,matched_exact,0.9938,Normalized product name matches exactly.,NP5004,matched_exact,True,P1004,StormNomad Compact Cooler 203,patio,cooler,Moss & Mile,Storm Nomad Compact Cooler 203,patio,cooler,Moss and Mile,StormNomad Compact Cooler 203,patio,cooler,Moss & Mile
20260728-0071,2026-07-28,S006,,2,91.38,0,in_store,Y,NP5073,migrated,data/raw/orders/2026-07-28/orders.csv,2026-07-28,P1077,review_duplicate_candidate,0.7544,Legacy product P1077 is proposed for multiple new products; possible split or collision.,NP5073,review_duplicate_candidate,False,NEW:NP5073,,,,,FieldRunner Battery Pack,preparedness,power storage,Blue Ridge Outdoor Works,FieldRunner Battery Pack,preparedness,power storage,Blue Ridge Outdoor Works
20260728-0072,2026-07-28,S003,,2,141.41,10,in_store,Y,NP5076,migrated,data/raw/orders/2026-07-28/orders.csv,2026-07-28,P1080,review_duplicate_candidate,0.9052,Legacy product P1080 is proposed for multiple new products; possible split or collision.,NP5076,review_duplicate_candidate,False,NEW:NP5076,,,,,PeakNomad Trail Shoes,footwear,trail shoes,TrailForge,PeakNomad Trail Shoes,footwear,trail shoes,TrailForge
20260728-0073,2026-07-28,S003,,1,44.3,20,in_store,Y,NP5006,migrated,data/raw/orders/2026-07-28/orders.csv,2026-07-28,P1006,matched_exact,0.9267,Normalized product name matches exactly.,NP5006,matched_exact,True,P1006,TrailRover 20oz Tumbler 205,hydration,insulated tumbler,Summit Finch,Trail Rover 20oz Tumbler 205,drinkware,insulated tumbler,Summit Finch,TrailRover 20oz Tumbler 205,hydration,insulated tumbler,Summit Finch
20260728-0074,2026-07-28,S001,,2,141.65,15,in_store,Y,NP5060,migrated,data/raw/orders/2026-07-28/orders.csv,2026-07-28,P1060,matched_exact,0.9311,Normalized product name matches exactly.,NP5060,matched_exact,True,P1060,CloudNomad 32oz Tumbler 259,hydration,insulated tumbler,Moss & Mile,CloudNomad-32oz-Tumbler-259,drinkware,insulated tumbler,Moss and Mile,CloudNomad 32oz Tumbler 259,hydration,insulated tumbler,Moss & Mile
20260728-0075,2026-07-28,S008,,1,95.93,5,in_store,Y,NP5066,migrated,data/raw/orders/2026-07-28/orders.csv,2026-07-28,P1066,matched_exact,0.9322,Normalized product name matches exactly.,NP5066,matched_exact,True,P1066,RidgeRover Trail Tumbler 265,hydration,insulated tumbler,Highland Ember,RidgeRover-Trail-Tumbler-265,drinkware,insulated tumbler,Highland Ember,RidgeRover Trail Tumbler 265,hydration,insulated tumbler,Highland Ember
20260728-0076,2026-07-28,S003,,1,150.17,0,in_store,Y,NP5018,migrated,data/raw/orders/2026-07-28/orders.csv,2026-07-28,P1018,matched_exact,0.9327,Normalized product name matches exactly.,NP5018,matched_exact,True,P1018,RidgeRover Trail Tumbler 217,hydration,insulated tumbler,Highland Ember,RidgeRover Trail Tumbler 217,drinkware,insulated tumbler,Highland Ember,RidgeRover Trail Tumbler 217,hydration,insulated tumbler,Highland Ember
20260728-0077,2026-07-28,S006,,1,73.7,0,in_store,N,NP5021,migrated,data/raw/orders/2026-07-28/orders.csv,2026-07-28,P1021,matched_exact,0.974,Normalized product name matches exactly.,NP5021,matched_exact,True,P1021,EmberRunner Basecamp Tent 220,camping,tent,Blue Ridge Works,EmberRunner Basecamp Tent 220,camping,tent,Blue Ridge Outdoor Works,EmberRunner Basecamp Tent 220,camping,tent,Blue Ridge Works
20260728-0078,2026-07-28,S004,,4,348.76,10,in_store,Y,NP5022,migrated,data/raw/orders/2026-07-28/orders.csv,2026-07-28,P1022,matched_exact,0.995,Normalized product name matches exactly.,NP5022,matched_exact,True,P1022,TrailRover Weekend Patio Heater 221,patio,patio heater,Summit Finch,Trail Rover Weekend Patio Heater 221,patio,patio heater,Summit Finch,TrailRover Weekend Patio Heater 221,patio,patio heater,Summit Finch
20260728-0079,2026-07-28,S007,,2,137.23,20,pickup,Y,NP5031,migrated,data/raw/orders/2026-07-28/orders.csv,2026-07-28,P1031,matched_exact,0.8328,Normalized product name matches exactly.,NP5031,matched_exact,True,P1031,MoonRambler Stormproof Jacket 230,outerwear,rain shell,Switchback Supply,MoonRambler Storm proof Jacket 230,apparel,waterproof outerwear,Switchback Supply,MoonRambler Stormproof Jacket 230,outerwear,rain shell,Switchback Supply
20260728-0080,2026-07-28,S006,,2,80.78,20,in_store,N,NP5066,migrated,data/raw/orders/2026-07-28/orders.csv,2026-07-28,P1066,matched_exact,0.9322,Normalized product name matches exactly.,NP5066,matched_exact,True,P1066,RidgeRover Trail Tumbler 265,hydration,insulated tumbler,Highland Ember,RidgeRover-Trail-Tumbler-265,drinkware,insulated tumbler,Highland Ember,RidgeRover Trail Tumbler 265,hydration,insulated tumbler,Highland Ember
20260728-0081,2026-07-28,S008,,1,675.95,15,in_store,Y,NP5072,migrated,data/raw/orders/2026-07-28/orders.csv,2026-07-28,P1076,review_ambiguous,0.765,Top candidates are too close; human confirmation is required.,NP5072,review_ambiguous,False,NEW:NP5072,,,,,SummitRover Cooler,patio,cooler,Moss and Mile,SummitRover Cooler,patio,cooler,Moss and Mile
20260728-0082,2026-07-28,S004,,3,58.16,20,in_store,Y,NP5048,migrated,data/raw/orders/2026-07-28/orders.csv,2026-07-28,P1048,matched_exact,0.9323,Normalized product name matches exactly.,NP5048,matched_exact,True,P1048,PeakNomad Travel Tumbler 247,hydration,insulated tumbler,TrailForge,PeakNomad Travel Tumbler 247,drinkware,insulated tumbler,TrailForge,PeakNomad Travel Tumbler 247,hydration,insulated tumbler,TrailForge
20260728-0083,2026-07-28,S008,,1,524.54,20,in_store,Y,NP5064,migrated,data/raw/orders/2026-07-28/orders.csv,2026-07-28,P1064,matched_exact,0.9981,Normalized product name matches exactly.,NP5064,matched_exact,True,P1064,PeakNomad XL Cooler 263,patio,cooler,TrailForge,PeakNomad-XL-Cooler-263,patio,cooler,TrailForge,PeakNomad XL Cooler 263,patio,cooler,TrailForge
20260728-0084,2026-07-28,S005,,3,107.52,0,in_store,Y,NP5040,migrated,data/raw/orders/2026-07-28/orders.csv,2026-07-28,P1040,matched_exact,0.9996,Normalized product name matches exactly.,NP5040,matched_exact,True,P1040,CanyonNomad XL Cooler 239,patio,cooler,TrailForge,CanyonNomad XL Cooler 239,patio,cooler,TrailForge,CanyonNomad XL Cooler 239,patio,cooler,TrailForge
20260728-0085,2026-07-28,S002,,1,219.82,20,pickup,N,NP5075,migrated,data/raw/orders/2026-07-28/orders.csv,2026-07-28,P1079,review_duplicate_candidate,0.6645,Legacy product P1079 is proposed for multiple new products; possible split or collision.,NP5075,review_duplicate_candidate,False,NEW:NP5075,,,,,MoonRambler Rain Shell,apparel,waterproof outerwear,Switchback Supply,MoonRambler Rain Shell,apparel,waterproof outerwear,Switchback Supply
20260728-0086,2026-07-28,S007,,2,49.84,10,ship_from_store,Y,NP5006,migrated,data/raw/orders/2026-07-28/orders.csv,2026-07-28,P1006,matched_exact,0.9267,Normalized product name matches exactly.,NP5006,matched_exact,True,P1006,TrailRover 20oz Tumbler 205,hydration,insulated tumbler,Summit Finch,Trail Rover 20oz Tumbler 205,drinkware,insulated tumbler,Summit Finch,TrailRover 20oz Tumbler 205,hydration,insulated tumbler,Summit Finch
20260728-0087,2026-07-28,S003,,2,247.56,0,in_store,Y,NP5067,migrated,data/raw/orders/2026-07-28/orders.csv,2026-07-28,P1067,review_ambiguous,0.8143,Top candidates are too close; human confirmation is required.,NP5067,review_ambiguous,False,NEW:NP5067,,,,,CreekRambler Alpine Jacket 266 Pro,apparel,waterproof outerwear,Creekline,CreekRambler Alpine Jacket 266 Pro,apparel,waterproof outerwear,Creekline
20260728-0088,2026-07-28,S004,,1,103.46,5,pickup,Y,NP5059,migrated,data/raw/orders/2026-07-28/orders.csv,2026-07-28,P1059,review_ambiguous,0.9117,Top candidates are too close; human confirmation is required.,NP5059,review_ambiguous,False,NEW:NP5059,,,,,BoulderRambler Rechargeable Flashlight 258 Pro,preparedness,flashlight,Creekline,BoulderRambler Rechargeable Flashlight 258 Pro,preparedness,flashlight,Creekline
20260728-0089,2026-07-28,S008,,3,108.96,0,ship_from_store,Y,NP5004,migrated,data/raw/orders/2026-07-28/orders.csv,2026-07-28,P1004,matched_exact,0.9938,Normalized product name matches exactly.,NP5004,matched_exact,True,P1004,StormNomad Compact Cooler 203,patio,cooler,Moss & Mile,Storm Nomad Compact Cooler 203,patio,cooler,Moss and Mile,StormNomad Compact Cooler 203,patio,cooler,Moss & Mile
20260728-0090,2026-07-28,S001,,2,279.48,0,in_store,Y,NP5055,migrated,data/raw/orders/2026-07-28/orders.csv,2026-07-28,P1055,matched_exact,0.8332,Normalized product name matches exactly.,NP5055,matched_exact,True,P1055,HearthRambler Stormproof Jacket 254,outerwear,rain shell,Switchback Supply,HearthRambler Storm proof Jacket 254,apparel,waterproof outerwear,Switchback Supply,HearthRambler Stormproof Jacket 254,outerwear,rain shell,Switchback Supply
20260728-0091,2026-07-28,S008,,1,326.37,5,ship_from_store,Y,NP5045,migrated,data/raw/orders/2026-07-28/orders.csv,2026-07-28,P1045,matched_exact,0.9736,Normalized product name matches exactly.,NP5045,matched_exact,True,P1045,FieldRunner Basecamp Tent 244,camping,tent,Blue Ridge Works,FieldRunner Basecamp Tent 244,camping,tent,Blue Ridge Outdoor Works,FieldRunner Basecamp Tent 244,camping,tent,Blue Ridge Works
20260728-0092,2026-07-28,S005,,2,251.53,10,pickup,N,NP5055,migrated,data/raw/orders/2026-07-28/orders.csv,2026-07-28,P1055,matched_exact,0.8332,Normalized product name matches exactly.,NP5055,matched_exact,True,P1055,HearthRambler Stormproof Jacket 254,outerwear,rain shell,Switchback Supply,HearthRambler Storm proof Jacket 254,apparel,waterproof outerwear,Switchback Supply,HearthRambler Stormproof Jacket 254,outerwear,rain shell,Switchback Supply
20260728-0093,2026-07-28,S001,,1,237.41,0,in_store,Y,NP5043,migrated,data/raw/orders/2026-07-28/orders.csv,2026-07-28,P1043,matched_exact,0.8379,Normalized product name matches exactly.,NP5043,matched_exact,True,P1043,BoulderRambler Alpine Jacket 242,outerwear,rain shell,Creekline,BoulderRambler Alpine Jacket 242,apparel,waterproof outerwear,Creekline,BoulderRambler Alpine Jacket 242,outerwear,rain shell,Creekline
20260728-0094,2026-07-28,S001,,1,58.16,20,in_store,N,NP5048,migrated,data/raw/orders/2026-07-28/orders.csv,2026-07-28,P1048,matched_exact,0.9323,Normalized product name matches exactly.,NP5048,matched_exact,True,P1048,PeakNomad Travel Tumbler 247,hydration,insulated tumbler,TrailForge,PeakNomad Travel Tumbler 247,drinkware,insulated tumbler,TrailForge,PeakNomad Travel Tumbler 247,hydration,insulated tumbler,TrailForge
20260728-0095,2026-07-28,S001,,1,223.44,0,in_store,Y,NP5049,migrated,data/raw/orders/2026-07-28/orders.csv,2026-07-28,P1049,matched_exact,0.7676,Normalized product name matches exactly.,NP5049,matched_exact,True,P1049,SummitRunner Lightweight Jacket 248,outerwear,rain shell,Rocky Top Outfitters,SummitRunner Lightweight Jacket 248,apparel,waterproof outerwear,RTO House Brand,SummitRunner Lightweight Jacket 248,outerwear,rain shell,Rocky Top Outfitters
20260728-0096,2026-07-28,S003,,1,72.66,0,in_store,Y,NP5054,migrated,data/raw/orders/2026-07-28/orders.csv,2026-07-28,P1054,matched_exact,0.9262,Normalized product name matches exactly.,NP5054,matched_exact,True,P1054,TrailRover 20oz Tumbler 253,hydration,insulated tumbler,Summit Finch,Trail Rover 20oz Tumbler 253,drinkware,insulated tumbler,Summit Finch,TrailRover 20oz Tumbler 253,hydration,insulated tumbler,Summit Finch
20260728-0097,2026-07-28,S004,,2,133.55,15,in_store,Y,NP5076,migrated,data/raw/orders/2026-07-28/orders.csv,2026-07-28,P1080,review_duplicate_candidate,0.9052,Legacy product P1080 is proposed for multiple new products; possible split or collision.,NP5076,review_duplicate_candidate,False,NEW:NP5076,,,,,PeakNomad Trail Shoes,footwear,trail shoes,TrailForge,PeakNomad Trail Shoes,footwear,trail shoes,TrailForge
20260728-0098,2026-07-28,S002,,4,375.39,15,in_store,Y,NP5003,migrated,data/raw/orders/2026-07-28/orders.csv,2026-07-28,P1003,matched_exact,0.9995,Normalized product name matches exactly.,NP5003,matched_exact,True,P1003,CreekRambler 2P Camp Chair 202,camping,camp chair,Creekline,CreekRambler 2P Camp Chair 202,camping,camp chair,Creekline,CreekRambler 2P Camp Chair 202,camping,camp chair,Creekline
20260728-0099,2026-07-28,S008,,1,190.74,0,pickup,Y,NP5015,migrated,data/raw/orders/2026-07-28/orders.csv,2026-07-28,P1015,matched_exact,0.9998,Normalized product name matches exactly.,NP5015,matched_exact,True,P1015,MoonRambler Ultralight Camp Chair 214,camping,camp chair,Switchback Supply,MoonRambler Ultralight Camp Chair 214,camping,camp chair,Switchback Supply,MoonRambler Ultralight Camp Chair 214,camping,camp chair,Switchback Supply
20260728-0100,2026-07-28,S002,,3,72.7,0,in_store,N,NP5048,migrated,data/raw/orders/2026-07-28/orders.csv,2026-07-28,P1048,matched_exact,0.9323,Normalized product name matches exactly.,NP5048,matched_exact,True,P1048,PeakNomad Travel Tumbler 247,hydration,insulated tumbler,TrailForge,PeakNomad Travel Tumbler 247,drinkware,insulated tumbler,TrailForge,PeakNomad Travel Tumbler 247,hydration,insulated tumbler,TrailForge
20260728-0101,2026-07-28,S006,,1,648.67,0,pickup,N,NP5016,migrated,data/raw/orders/2026-07-28/orders.csv,2026-07-28,P1016,matched_exact,0.9993,Normalized product name matches exactly.,NP5016,matched_exact,True,P1016,PeakNomad XL Cooler 215,patio,cooler,TrailForge,PeakNomad XL Cooler 215,patio,cooler,TrailForge,PeakNomad XL Cooler 215,patio,cooler,TrailForge
20260729-0001,2026-07-29,S005,,1,58.07,0,ship_from_store,N,NP5047,migrated,data/raw/orders/2026-07-29/orders.csv,2026-07-29,P1047,matched_exact,0.928,Normalized product name matches exactly.,NP5047,matched_exact,True,P1047,MoonRambler Expedition Flashlight 246,emergency,flashlight,Switchback Supply,MoonRambler Expedition Flashlight 246,preparedness,flashlight,Switchback Supply,MoonRambler Expedition Flashlight 246,emergency,flashlight,Switchback Supply
20260729-0002,2026-07-29,S004,,2,274.77,0,in_store,N,NP5075,migrated,data/raw/orders/2026-07-29/orders.csv,2026-07-29,P1079,review_duplicate_candidate,0.6645,Legacy product P1079 is proposed for multiple new products; possible split or collision.,NP5075,review_duplicate_candidate,False,NEW:NP5075,,,,,MoonRambler Rain Shell,apparel,waterproof outerwear,Switchback Supply,MoonRambler Rain Shell,apparel,waterproof outerwear,Switchback Supply
20260729-0003,2026-07-29,S004,,2,132.66,0,pickup,N,NP5011,migrated,data/raw/orders/2026-07-29/orders.csv,2026-07-29,P1011,matched_exact,0.9285,Normalized product name matches exactly.,NP5011,matched_exact,True,P1011,BoulderRambler Rechargeable Flashlight 210,emergency,flashlight,Creekline,BoulderRambler Rechargeable Flashlight 210,preparedness,flashlight,Creekline,BoulderRambler Rechargeable Flashlight 210,emergency,flashlight,Creekline
20260729-0004,2026-07-29,S006,,3,223.58,20,in_store,Y,NP5055,migrated,data/raw/orders/2026-07-29/orders.csv,2026-07-29,P1055,matched_exact,0.8332,Normalized product name matches exactly.,NP5055,matched_exact,True,P1055,HearthRambler Stormproof Jacket 254,outerwear,rain shell,Switchback Supply,HearthRambler Storm proof Jacket 254,apparel,waterproof outerwear,Switchback Supply,HearthRambler Stormproof Jacket 254,outerwear,rain shell,Switchback Supply
20260729-0005,2026-07-29,S001,,1,247.56,0,in_store,Y,NP5067,migrated,data/raw/orders/2026-07-29/orders.csv,2026-07-29,P1067,review_ambiguous,0.8143,Top candidates are too close; human confirmation is required.,NP5067,review_ambiguous,False,NEW:NP5067,,,,,CreekRambler Alpine Jacket 266 Pro,apparel,waterproof outerwear,Creekline,CreekRambler Alpine Jacket 266 Pro,apparel,waterproof outerwear,Creekline
20260729-0006,2026-07-29,S003,,1,93.13,0,pickup,Y,NP5027,migrated,data/raw/orders/2026-07-29/orders.csv,2026-07-29,P1027,matched_exact,0.9996,Normalized product name matches exactly.,NP5027,matched_exact,True,P1027,BoulderRambler 2P Camp Chair 226,camping,camp chair,Creekline,BoulderRambler 2P Camp Chair 226,camping,camp chair,Creekline,BoulderRambler 2P Camp Chair 226,camping,camp chair,Creekline
20260729-0007,2026-07-29,S006,,1,126.03,5,pickup,N,NP5011,migrated,data/raw/orders/2026-07-29/orders.csv,2026-07-29,P1011,matched_exact,0.9285,Normalized product name matches exactly.,NP5011,matched_exact,True,P1011,BoulderRambler Rechargeable Flashlight 210,emergency,flashlight,Creekline,BoulderRambler Rechargeable Flashlight 210,preparedness,flashlight,Creekline,BoulderRambler Rechargeable Flashlight 210,emergency,flashlight,Creekline
20260729-0008,2026-07-29,S001,,2,120.05,0,pickup,N,NP5012,migrated,data/raw/orders/2026-07-29/orders.csv,2026-07-29,P1012,matched_exact,0.9325,Normalized product name matches exactly.,NP5012,matched_exact,True,P1012,CloudNomad 32oz Tumbler 211,hydration,insulated tumbler,Moss & Mile,CloudNomad 32oz Tumbler 211,drinkware,insulated tumbler,Moss and Mile,CloudNomad 32oz Tumbler 211,hydration,insulated tumbler,Moss & Mile
20260729-0009,2026-07-29,S004,,2,65.64,15,in_store,Y,NP5063,migrated,data/raw/orders/2026-07-29/orders.csv,2026-07-29,P1063,review_ambiguous,0.981,Top candidates are too close; human confirmation is required.,NP5063,review_ambiguous,False,NEW:NP5063,,,,,MoonRambler Ultralight Camp Chair 262 Pro,camping,camp chair,Switchback Supply,MoonRambler Ultralight Camp Chair 262 Pro,camping,camp chair,Switchback Supply
20260729-0010,2026-07-29,S005,,1,77.68,10,in_store,Y,NP5068,migrated,data/raw/orders/2026-07-29/orders.csv,2026-07-29,P1068,matched_exact,0.9981,Normalized product name matches exactly.,NP5068,matched_exact,True,P1068,StormNomad Approach Trail Shoes 267,footwear,trail shoes,Moss & Mile,StormNomad-Approach-Trail-Shoes-267,footwear,trail shoes,Moss and Mile,StormNomad Approach Trail Shoes 267,footwear,trail shoes,Moss & Mile
20260729-0011,2026-07-29,S007,,1,110.19,10,pickup,N,NP5029,migrated,data/raw/orders/2026-07-29/orders.csv,2026-07-29,P1029,matched_exact,0.8337,Normalized product name matches exactly.,NP5029,matched_exact,True,P1029,FieldRunner Storm Kit Battery Pack 228,emergency,battery pack,Blue Ridge Works,FieldRunner Storm Kit Battery Pack 228,preparedness,power storage,Blue Ridge Outdoor Works,FieldRunner Storm Kit Battery Pack 228,emergency,battery pack,Blue Ridge Works
20260729-0012,2026-07-29,S003,,2,207.39,0,pickup,Y,NP5020,migrated,data/raw/orders/2026-07-29/orders.csv,2026-07-29,P1020,matched_exact,0.9945,Normalized product name matches exactly.,NP5020,matched_exact,True,P1020,StormNomad Approach Trail Shoes 219,footwear,trail shoes,Moss & Mile,Storm Nomad Approach Trail Shoes 219,footwear,trail shoes,Moss and Mile,StormNomad Approach Trail Shoes 219,footwear,trail shoes,Moss & Mile
20260729-0013,2026-07-29,S002,,1,111.73,0,in_store,Y,NP5053,migrated,data/raw/orders/2026-07-29/orders.csv,2026-07-29,P1053,matched_exact,0.8337,Normalized product name matches exactly.,NP5053,matched_exact,True,P1053,EmberRunner Storm Kit Battery Pack 252,emergency,battery pack,Blue Ridge Works,EmberRunner Storm Kit Battery Pack 252,preparedness,power storage,Blue Ridge Outdoor Works,EmberRunner Storm Kit Battery Pack 252,emergency,battery pack,Blue Ridge Works
20260729-0014,2026-07-29,S004,,2,122.43,0,in_store,N,NP5029,migrated,data/raw/orders/2026-07-29/orders.csv,2026-07-29,P1029,matched_exact,0.8337,Normalized product name matches exactly.,NP5029,matched_exact,True,P1029,FieldRunner Storm Kit Battery Pack 228,emergency,battery pack,Blue Ridge Works,FieldRunner Storm Kit Battery Pack 228,preparedness,power storage,Blue Ridge Outdoor Works,FieldRunner Storm Kit Battery Pack 228,emergency,battery pack,Blue Ridge Works
20260729-0015,2026-07-29,S007,,1,279.48,0,pickup,Y,NP5055,migrated,data/raw/orders/2026-07-29/orders.csv,2026-07-29,P1055,matched_exact,0.8332,Normalized product name matches exactly.,NP5055,matched_exact,True,P1055,HearthRambler Stormproof Jacket 254,outerwear,rain shell,Switchback Supply,HearthRambler Storm proof Jacket 254,apparel,waterproof outerwear,Switchback Supply,HearthRambler Stormproof Jacket 254,outerwear,rain shell,Switchback Supply
20260729-0016,2026-07-29,S004,,2,210.43,15,in_store,N,NP5067,migrated,data/raw/orders/2026-07-29/orders.csv,2026-07-29,P1067,review_ambiguous,0.8143,Top candidates are too close; human confirmation is required.,NP5067,review_ambiguous,False,NEW:NP5067,,,,,CreekRambler Alpine Jacket 266 Pro,apparel,waterproof outerwear,Creekline,CreekRambler Alpine Jacket 266 Pro,apparel,waterproof outerwear,Creekline
20260729-0017,2026-07-29,S002,,3,123.11,15,pickup,Y,NP5023,migrated,data/raw/orders/2026-07-29/orders.csv,2026-07-29,P1023,matched_exact,0.9279,Normalized product name matches exactly.,NP5023,matched_exact,True,P1023,HearthRambler Expedition Flashlight 222,emergency,flashlight,Switchback Supply,HearthRambler Expedition Flashlight 222,preparedness,flashlight,Switchback Supply,HearthRambler Expedition Flashlight 222,emergency,flashlight,Switchback Supply
20260729-0018,2026-07-29,S001,,2,122.43,0,in_store,Y,NP5029,migrated,data/raw/orders/2026-07-29/orders.csv,2026-07-29,P1029,matched_exact,0.8337,Normalized product name matches exactly.,NP5029,matched_exact,True,P1029,FieldRunner Storm Kit Battery Pack 228,emergency,battery pack,Blue Ridge Works,FieldRunner Storm Kit Battery Pack 228,preparedness,power storage,Blue Ridge Outdoor Works,FieldRunner Storm Kit Battery Pack 228,emergency,battery pack,Blue Ridge Works
20260729-0019,2026-07-29,S003,,2,96.9,10,ship_from_store,Y,NP5065,migrated,data/raw/orders/2026-07-29/orders.csv,2026-07-29,P1065,review_ambiguous,0.7692,Top candidates are too close; human confirmation is required.,NP5065,review_ambiguous,False,NEW:NP5065,,,,,SummitRunner Mini Battery Pack 264 Pro,preparedness,power storage,RTO House Brand,SummitRunner Mini Battery Pack 264 Pro,preparedness,power storage,RTO House Brand
20260729-0020,2026-07-29,S001,,1,72.7,0,pickup,Y,NP5048,migrated,data/raw/orders/2026-07-29/orders.csv,2026-07-29,P1048,matched_exact,0.9323,Normalized product name matches exactly.,NP5048,matched_exact,True,P1048,PeakNomad Travel Tumbler 247,hydration,insulated tumbler,TrailForge,PeakNomad Travel Tumbler 247,drinkware,insulated tumbler,TrailForge,PeakNomad Travel Tumbler 247,hydration,insulated tumbler,TrailForge
20260729-0021,2026-07-29,S002,,3,128.7,0,in_store,Y,NP5026,migrated,data/raw/orders/2026-07-29/orders.csv,2026-07-29,P1026,matched_exact,0.9996,Normalized product name matches exactly.,NP5026,matched_exact,True,P1026,VistaRover Mid Trail Shoes 225,footwear,trail shoes,Highland Ember,VistaRover Mid Trail Shoes 225,footwear,trail shoes,Highland Ember,VistaRover Mid Trail Shoes 225,footwear,trail shoes,Highland Ember
20260729-0022,2026-07-29,S004,,1,527.8,5,in_store,N,NP5010,migrated,data/raw/orders/2026-07-29/orders.csv,2026-07-29,P1010,matched_exact,0.9998,Normalized product name matches exactly.,NP5010,matched_exact,True,P1010,VistaRover Deluxe Patio Heater 209,patio,patio heater,Highland Ember,VistaRover Deluxe Patio Heater 209,patio,patio heater,Highland Ember,VistaRover Deluxe Patio Heater 209,patio,patio heater,Highland Ember
20260729-0023,2026-07-29,S007,,2,115.87,20,in_store,Y,NP5023,migrated,data/raw/orders/2026-07-29/orders.csv,2026-07-29,P1023,matched_exact,0.9279,Normalized product name matches exactly.,NP5023,matched_exact,True,P1023,HearthRambler Expedition Flashlight 222,emergency,flashlight,Switchback Supply,HearthRambler Expedition Flashlight 222,preparedness,flashlight,Switchback Supply,HearthRambler Expedition Flashlight 222,emergency,flashlight,Switchback Supply
20260729-0024,2026-07-29,S003,,3,441.63,0,ship_from_store,Y,NP5003,migrated,data/raw/orders/2026-07-29/orders.csv,2026-07-29,P1003,matched_exact,0.9995,Normalized product name matches exactly.,NP5003,matched_exact,True,P1003,CreekRambler 2P Camp Chair 202,camping,camp chair,Creekline,CreekRambler 2P Camp Chair 202,camping,camp chair,Creekline,CreekRambler 2P Camp Chair 202,camping,camp chair,Creekline
20260729-0025,2026-07-29,S003,,2,108.05,10,in_store,Y,NP5012,migrated,data/raw/orders/2026-07-29/orders.csv,2026-07-29,P1012,matched_exact,0.9325,Normalized product name matches exactly.,NP5012,matched_exact,True,P1012,CloudNomad 32oz Tumbler 211,hydration,insulated tumbler,Moss & Mile,CloudNomad 32oz Tumbler 211,drinkware,insulated tumbler,Moss and Mile,CloudNomad 32oz Tumbler 211,hydration,insulated tumbler,Moss & Mile
20260729-0026,2026-07-29,S006,,2,88.37,0,in_store,Y,NP5024,migrated,data/raw/orders/2026-07-29/orders.csv,2026-07-29,P1024,matched_exact,0.9326,Normalized product name matches exactly.,NP5024,matched_exact,True,P1024,CanyonNomad Travel Tumbler 223,hydration,insulated tumbler,TrailForge,CanyonNomad Travel Tumbler 223,drinkware,insulated tumbler,TrailForge,CanyonNomad Travel Tumbler 223,hydration,insulated tumbler,TrailForge
20260729-0027,2026-07-29,S007,,1,176.04,20,pickup,N,NP5071,migrated,data/raw/orders/2026-07-29/orders.csv,2026-07-29,P1074,review_ambiguous,0.8383,Top candidates are too close; human confirmation is required.,NP5071,review_ambiguous,False,NEW:NP5071,,,,,MoonScout Trail Shoes,footwear,trail shoes,Highland Ember,MoonScout Trail Shoes,footwear,trail shoes,Highland Ember
20260729-0028,2026-07-29,S002,,1,132.66,0,in_store,Y,NP5011,migrated,data/raw/orders/2026-07-29/orders.csv,2026-07-29,P1011,matched_exact,0.9285,Normalized product name matches exactly.,NP5011,matched_exact,True,P1011,BoulderRambler Rechargeable Flashlight 210,emergency,flashlight,Creekline,BoulderRambler Rechargeable Flashlight 210,preparedness,flashlight,Creekline,BoulderRambler Rechargeable Flashlight 210,emergency,flashlight,Creekline
20260729-0029,2026-07-29,S001,,3,108.91,0,pickup,Y,NP5059,migrated,data/raw/orders/2026-07-29/orders.csv,2026-07-29,P1059,review_ambiguous,0.9117,Top candidates are too close; human confirmation is required.,NP5059,review_ambiguous,False,NEW:NP5059,,,,,BoulderRambler Rechargeable Flashlight 258 Pro,preparedness,flashlight,Creekline,BoulderRambler Rechargeable Flashlight 258 Pro,preparedness,flashlight,Creekline
20260729-0030,2026-07-29,S003,,3,65.43,10,ship_from_store,Y,NP5048,migrated,data/raw/orders/2026-07-29/orders.csv,2026-07-29,P1048,matched_exact,0.9323,Normalized product name matches exactly.,NP5048,matched_exact,True,P1048,PeakNomad Travel Tumbler 247,hydration,insulated tumbler,TrailForge,PeakNomad Travel Tumbler 247,drinkware,insulated tumbler,TrailForge,PeakNomad Travel Tumbler 247,hydration,insulated tumbler,TrailForge
20260729-0031,2026-07-29,S003,,1,128.56,0,in_store,Y,NP5030,migrated,data/raw/orders/2026-07-29/orders.csv,2026-07-29,P1030,matched_exact,0.9328,Normalized product name matches exactly.,NP5030,matched_exact,True,P1030,SwitchbackRover 20oz Tumbler 229,hydration,insulated tumbler,Summit Finch,SwitchbackRover 20oz Tumbler 229,drinkware,insulated tumbler,Summit Finch,SwitchbackRover 20oz Tumbler 229,hydration,insulated tumbler,Summit Finch
20260729-0032,2026-07-29,S005,,1,148.91,15,in_store,Y,NP5008,migrated,data/raw/orders/2026-07-29/orders.csv,2026-07-29,P1008,matched_exact,0.9999,Normalized product name matches exactly.,NP5008,matched_exact,True,P1008,CanyonNomad Waterproof Trail Shoes 207,footwear,trail shoes,TrailForge,CanyonNomad Waterproof Trail Shoes 207,footwear,trail shoes,TrailForge,CanyonNomad Waterproof Trail Shoes 207,footwear,trail shoes,TrailForge
20260729-0033,2026-07-29,S006,,2,616.24,5,pickup,N,NP5016,migrated,data/raw/orders/2026-07-29/orders.csv,2026-07-29,P1016,matched_exact,0.9993,Normalized product name matches exactly.,NP5016,matched_exact,True,P1016,PeakNomad XL Cooler 215,patio,cooler,TrailForge,PeakNomad XL Cooler 215,patio,cooler,TrailForge,PeakNomad XL Cooler 215,patio,cooler,TrailForge
20260729-0034,2026-07-29,S002,,1,163.29,0,in_store,N,NP5062,migrated,data/raw/orders/2026-07-29/orders.csv,2026-07-29,P1062,matched_exact,0.9987,Normalized product name matches exactly.,NP5062,matched_exact,True,P1062,SwitchbackRover Wide Trail Shoes 261,footwear,trail shoes,Summit Finch,SwitchbackRover-Wide-Trail-Shoes-261,footwear,trail shoes,Summit Finch,SwitchbackRover Wide Trail Shoes 261,footwear,trail shoes,Summit Finch
20260729-0035,2026-07-29,S005,,1,209.05,5,in_store,N,NP5071,migrated,data/raw/orders/2026-07-29/orders.csv,2026-07-29,P1074,review_ambiguous,0.8383,Top candidates are too close; human confirmation is required.,NP5071,review_ambiguous,False,NEW:NP5071,,,,,MoonScout Trail Shoes,footwear,trail shoes,Highland Ember,MoonScout Trail Shoes,footwear,trail shoes,Highland Ember
20260729-0036,2026-07-29,S003,,1,379.63,5,in_store,Y,NP5057,migrated,data/raw/orders/2026-07-29/orders.csv,2026-07-29,P1057,review_low_confidence,0.8995,Best candidate is plausible but below the automatic-match threshold.,NP5057,review_low_confidence,False,NEW:NP5057,,,,,PineRunner 4P Tent 256 Pro,camping,tent,RTO House Brand,PineRunner 4P Tent 256 Pro,camping,tent,RTO House Brand
20260729-0037,2026-07-29,S003,,2,143.21,0,in_store,Y,NP5070,migrated,data/raw/orders/2026-07-29/orders.csv,2026-07-29,P1072,review_ambiguous,0.7022,Top candidates are too close; human confirmation is required.,NP5070,review_ambiguous,False,NEW:NP5070,,,,,FieldPacer Insulated Tumbler,drinkware,insulated tumbler,TrailForge,FieldPacer Insulated Tumbler,drinkware,insulated tumbler,TrailForge
20260729-0038,2026-07-29,S005,,1,201.48,5,in_store,Y,NP5014,migrated,data/raw/orders/2026-07-29/orders.csv,2026-07-29,P1014,matched_exact,0.999,Normalized product name matches exactly.,NP5014,matched_exact,True,P1014,SwitchbackRover Wide Trail Shoes 213,footwear,trail shoes,Summit Finch,SwitchbackRover Wide Trail Shoes 213,footwear,trail shoes,Summit Finch,SwitchbackRover Wide Trail Shoes 213,footwear,trail shoes,Summit Finch
20260729-0039,2026-07-29,S003,,2,137.23,20,in_store,Y,NP5031,migrated,data/raw/orders/2026-07-29/orders.csv,2026-07-29,P1031,matched_exact,0.8328,Normalized product name matches exactly.,NP5031,matched_exact,True,P1031,MoonRambler Stormproof Jacket 230,outerwear,rain shell,Switchback Supply,MoonRambler Storm proof Jacket 230,apparel,waterproof outerwear,Switchback Supply,MoonRambler Stormproof Jacket 230,outerwear,rain shell,Switchback Supply
20260729-0040,2026-07-29,S004,,1,121.37,0,ship_from_store,Y,NP5025,migrated,data/raw/orders/2026-07-29/orders.csv,2026-07-29,P1025,matched_exact,0.767,Normalized product name matches exactly.,NP5025,matched_exact,True,P1025,PineRunner Lightweight Jacket 224,outerwear,rain shell,Rocky Top Outfitters,PineRunner Lightweight Jacket 224,apparel,waterproof outerwear,RTO House Brand,PineRunner Lightweight Jacket 224,outerwear,rain shell,Rocky Top Outfitters
20260729-0041,2026-07-29,S004,,2,141.65,15,pickup,Y,NP5060,migrated,data/raw/orders/2026-07-29/orders.csv,2026-07-29,P1060,matched_exact,0.9311,Normalized product name matches exactly.,NP5060,matched_exact,True,P1060,CloudNomad 32oz Tumbler 259,hydration,insulated tumbler,Moss & Mile,CloudNomad-32oz-Tumbler-259,drinkware,insulated tumbler,Moss and Mile,CloudNomad 32oz Tumbler 259,hydration,insulated tumbler,Moss & Mile
20260729-0042,2026-07-29,S003,,1,88.37,0,in_store,Y,NP5024,migrated,data/raw/orders/2026-07-29/orders.csv,2026-07-29,P1024,matched_exact,0.9326,Normalized product name matches exactly.,NP5024,matched_exact,True,P1024,CanyonNomad Travel Tumbler 223,hydration,insulated tumbler,TrailForge,CanyonNomad Travel Tumbler 223,drinkware,insulated tumbler,TrailForge,CanyonNomad Travel Tumbler 223,hydration,insulated tumbler,TrailForge
20260729-0043,2026-07-29,S007,,3,96.9,10,in_store,N,NP5065,migrated,data/raw/orders/2026-07-29/orders.csv,2026-07-29,P1065,review_ambiguous,0.7692,Top candidates are too close; human confirmation is required.,NP5065,review_ambiguous,False,NEW:NP5065,,,,,SummitRunner Mini Battery Pack 264 Pro,preparedness,power storage,RTO House Brand,SummitRunner Mini Battery Pack 264 Pro,preparedness,power storage,RTO House Brand
20260729-0044,2026-07-29,S002,,1,156.45,0,ship_from_store,N,NP5036,migrated,data/raw/orders/2026-07-29/orders.csv,2026-07-29,P1036,matched_exact,0.9267,Normalized product name matches exactly.,NP5036,matched_exact,True,P1036,StormNomad 32oz Tumbler 235,hydration,insulated tumbler,Moss & Mile,Storm Nomad 32oz Tumbler 235,drinkware,insulated tumbler,Moss and Mile,StormNomad 32oz Tumbler 235,hydration,insulated tumbler,Moss & Mile
20260729-0045,2026-07-29,S002,,1,329.38,15,pickup,Y,NP5022,migrated,data/raw/orders/2026-07-29/orders.csv,2026-07-29,P1022,matched_exact,0.995,Normalized product name matches exactly.,NP5022,matched_exact,True,P1022,TrailRover Weekend Patio Heater 221,patio,patio heater,Summit Finch,Trail Rover Weekend Patio Heater 221,patio,patio heater,Summit Finch,TrailRover Weekend Patio Heater 221,patio,patio heater,Summit Finch
20260729-0046,2026-07-29,S004,,2,73.36,15,ship_from_store,Y,NP5068,migrated,data/raw/orders/2026-07-29/orders.csv,2026-07-29,P1068,matched_exact,0.9981,Normalized product name matches exactly.,NP5068,matched_exact,True,P1068,StormNomad Approach Trail Shoes 267,footwear,trail shoes,Moss & Mile,StormNomad-Approach-Trail-Shoes-267,footwear,trail shoes,Moss and Mile,StormNomad Approach Trail Shoes 267,footwear,trail shoes,Moss & Mile
20260729-0047,2026-07-29,S002,,2,279.48,0,in_store,Y,NP5055,migrated,data/raw/orders/2026-07-29/orders.csv,2026-07-29,P1055,matched_exact,0.8332,Normalized product name matches exactly.,NP5055,matched_exact,True,P1055,HearthRambler Stormproof Jacket 254,outerwear,rain shell,Switchback Supply,HearthRambler Storm proof Jacket 254,apparel,waterproof outerwear,Switchback Supply,HearthRambler Stormproof Jacket 254,outerwear,rain shell,Switchback Supply
20260729-0048,2026-07-29,S007,,2,178.22,5,in_store,Y,NP5033,migrated,data/raw/orders/2026-07-29/orders.csv,2026-07-29,P1033,matched_exact,0.9291,Normalized product name matches exactly.,NP5033,matched_exact,True,P1033,SummitRunner 4P Tent 232,camping,tent,Rocky Top Outfitters,SummitRunner 4P Tent 232,camping,tent,RTO House Brand,SummitRunner 4P Tent 232,camping,tent,Rocky Top Outfitters
20260729-0049,2026-07-29,S007,,4,87.17,20,in_store,Y,NP5004,migrated,data/raw/orders/2026-07-29/orders.csv,2026-07-29,P1004,matched_exact,0.9938,Normalized product name matches exactly.,NP5004,matched_exact,True,P1004,StormNomad Compact Cooler 203,patio,cooler,Moss & Mile,Storm Nomad Compact Cooler 203,patio,cooler,Moss and Mile,StormNomad Compact Cooler 203,patio,cooler,Moss & Mile
20260729-0050,2026-07-29,S001,,2,130.36,10,in_store,Y,NP5023,migrated,data/raw/orders/2026-07-29/orders.csv,2026-07-29,P1023,matched_exact,0.9279,Normalized product name matches exactly.,NP5023,matched_exact,True,P1023,HearthRambler Expedition Flashlight 222,emergency,flashlight,Switchback Supply,HearthRambler Expedition Flashlight 222,preparedness,flashlight,Switchback Supply,HearthRambler Expedition Flashlight 222,emergency,flashlight,Switchback Supply
20260729-0051,2026-07-29,S007,,4,106.13,20,ship_from_store,Y,NP5011,migrated,data/raw/orders/2026-07-29/orders.csv,2026-07-29,P1011,matched_exact,0.9285,Normalized product name matches exactly.,NP5011,matched_exact,True,P1011,BoulderRambler Rechargeable Flashlight 210,emergency,flashlight,Creekline,BoulderRambler Rechargeable Flashlight 210,preparedness,flashlight,Creekline,BoulderRambler Rechargeable Flashlight 210,emergency,flashlight,Creekline
20260729-0052,2026-07-29,S006,,1,379.63,5,in_store,N,NP5057,migrated,data/raw/orders/2026-07-29/orders.csv,2026-07-29,P1057,review_low_confidence,0.8995,Best candidate is plausible but below the automatic-match threshold.,NP5057,review_low_confidence,False,NEW:NP5057,,,,,PineRunner 4P Tent 256 Pro,camping,tent,RTO House Brand,PineRunner 4P Tent 256 Pro,camping,tent,RTO House Brand
20260729-0053,2026-07-29,S004,,2,190.41,5,in_store,Y,NP5032,migrated,data/raw/orders/2026-07-29/orders.csv,2026-07-29,P1032,matched_exact,0.999,Normalized product name matches exactly.,NP5032,matched_exact,True,P1032,PeakNomad Waterproof Trail Shoes 231,footwear,trail shoes,TrailForge,PeakNomad Waterproof Trail Shoes 231,footwear,trail shoes,TrailForge,PeakNomad Waterproof Trail Shoes 231,footwear,trail shoes,TrailForge
20260729-0054,2026-07-29,S002,,4,198.18,0,pickup,Y,NP5038,migrated,data/raw/orders/2026-07-29/orders.csv,2026-07-29,P1038,matched_exact,0.9942,Normalized product name matches exactly.,NP5038,matched_exact,True,P1038,TrailRover Wide Trail Shoes 237,footwear,trail shoes,Summit Finch,Trail Rover Wide Trail Shoes 237,footwear,trail shoes,Summit Finch,TrailRover Wide Trail Shoes 237,footwear,trail shoes,Summit Finch
20260729-0055,2026-07-29,S007,,2,92.62,15,in_store,Y,NP5004,migrated,data/raw/orders/2026-07-29/orders.csv,2026-07-29,P1004,matched_exact,0.9938,Normalized product name matches exactly.,NP5004,matched_exact,True,P1004,StormNomad Compact Cooler 203,patio,cooler,Moss & Mile,Storm Nomad Compact Cooler 203,patio,cooler,Moss and Mile,StormNomad Compact Cooler 203,patio,cooler,Moss & Mile
20260729-0056,2026-07-29,S002,,1,72.7,0,in_store,N,NP5048,migrated,data/raw/orders/2026-07-29/orders.csv,2026-07-29,P1048,matched_exact,0.9323,Normalized product name matches exactly.,NP5048,matched_exact,True,P1048,PeakNomad Travel Tumbler 247,hydration,insulated tumbler,TrailForge,PeakNomad Travel Tumbler 247,drinkware,insulated tumbler,TrailForge,PeakNomad Travel Tumbler 247,hydration,insulated tumbler,TrailForge
20260729-0057,2026-07-29,S008,,3,629.06,0,in_store,Y,NP5028,migrated,data/raw/orders/2026-07-29/orders.csv,2026-07-29,P1028,matched_exact,0.9991,Normalized product name matches exactly.,NP5028,matched_exact,True,P1028,CloudNomad Compact Cooler 227,patio,cooler,Moss & Mile,CloudNomad Compact Cooler 227,patio,cooler,Moss and Mile,CloudNomad Compact Cooler 227,patio,cooler,Moss & Mile
20260729-0058,2026-07-29,S001,,1,73.36,5,ship_from_store,Y,NP5063,migrated,data/raw/orders/2026-07-29/orders.csv,2026-07-29,P1063,review_ambiguous,0.981,Top candidates are too close; human confirmation is required.,NP5063,review_ambiguous,False,NEW:NP5063,,,,,MoonRambler Ultralight Camp Chair 262 Pro,camping,camp chair,Switchback Supply,MoonRambler Ultralight Camp Chair 262 Pro,camping,camp chair,Switchback Supply
20260729-0059,2026-07-29,S004,,3,73.7,0,in_store,Y,NP5021,migrated,data/raw/orders/2026-07-29/orders.csv,2026-07-29,P1021,matched_exact,0.974,Normalized product name matches exactly.,NP5021,matched_exact,True,P1021,EmberRunner Basecamp Tent 220,camping,tent,Blue Ridge Works,EmberRunner Basecamp Tent 220,camping,tent,Blue Ridge Outdoor Works,EmberRunner Basecamp Tent 220,camping,tent,Blue Ridge Works
20260729-0060,2026-07-29,S004,,2,359.65,10,in_store,Y,NP5057,migrated,data/raw/orders/2026-07-29/orders.csv,2026-07-29,P1057,review_low_confidence,0.8995,Best candidate is plausible but below the automatic-match threshold.,NP5057,review_low_confidence,False,NEW:NP5057,,,,,PineRunner 4P Tent 256 Pro,camping,tent,RTO House Brand,PineRunner 4P Tent 256 Pro,camping,tent,RTO House Brand
20260729-0061,2026-07-29,S003,,1,128.56,0,in_store,Y,NP5030,migrated,data/raw/orders/2026-07-29/orders.csv,2026-07-29,P1030,matched_exact,0.9328,Normalized product name matches exactly.,NP5030,matched_exact,True,P1030,SwitchbackRover 20oz Tumbler 229,hydration,insulated tumbler,Summit Finch,SwitchbackRover 20oz Tumbler 229,drinkware,insulated tumbler,Summit Finch,SwitchbackRover 20oz Tumbler 229,hydration,insulated tumbler,Summit Finch
20260729-0062,2026-07-29,S001,,1,375.39,15,in_store,Y,NP5003,migrated,data/raw/orders/2026-07-29/orders.csv,2026-07-29,P1003,matched_exact,0.9995,Normalized product name matches exactly.,NP5003,matched_exact,True,P1003,CreekRambler 2P Camp Chair 202,camping,camp chair,Creekline,CreekRambler 2P Camp Chair 202,camping,camp chair,Creekline,CreekRambler 2P Camp Chair 202,camping,camp chair,Creekline
20260729-0063,2026-07-29,S004,,2,121.37,0,ship_from_store,Y,NP5025,migrated,data/raw/orders/2026-07-29/orders.csv,2026-07-29,P1025,matched_exact,0.767,Normalized product name matches exactly.,NP5025,matched_exact,True,P1025,PineRunner Lightweight Jacket 224,outerwear,rain shell,Rocky Top Outfitters,PineRunner Lightweight Jacket 224,apparel,waterproof outerwear,RTO House Brand,PineRunner Lightweight Jacket 224,outerwear,rain shell,Rocky Top Outfitters
20260729-0064,2026-07-29,S004,,2,198.05,10,pickup,Y,NP5071,migrated,data/raw/orders/2026-07-29/orders.csv,2026-07-29,P1074,review_ambiguous,0.8383,Top candidates are too close; human confirmation is required.,NP5071,review_ambiguous,False,NEW:NP5071,,,,,MoonScout Trail Shoes,footwear,trail shoes,Highland Ember,MoonScout Trail Shoes,footwear,trail shoes,Highland Ember
20260729-0065,2026-07-29,S002,,1,163.7,0,in_store,Y,NP5074,migrated,data/raw/orders/2026-07-29/orders.csv,2026-07-29,P1078,review_duplicate_candidate,0.8386,Legacy product P1078 is proposed for multiple new products; possible split or collision.,NP5074,review_duplicate_candidate,False,NEW:NP5074,,,,,SwitchbackRover Insulated Tumbler,drinkware,insulated tumbler,Summit Finch,SwitchbackRover Insulated Tumbler,drinkware,insulated tumbler,Summit Finch
20260729-0066,2026-07-29,S006,,2,152.94,15,in_store,Y,NP5019,migrated,data/raw/orders/2026-07-29/orders.csv,2026-07-29,P1019,matched_exact,0.8382,Normalized product name matches exactly.,NP5019,matched_exact,True,P1019,CreekRambler Alpine Jacket 218,outerwear,rain shell,Creekline,CreekRambler Alpine Jacket 218,apparel,waterproof outerwear,Creekline,CreekRambler Alpine Jacket 218,outerwear,rain shell,Creekline
20260729-0067,2026-07-29,S008,,4,58.07,0,in_store,Y,NP5047,migrated,data/raw/orders/2026-07-29/orders.csv,2026-07-29,P1047,matched_exact,0.928,Normalized product name matches exactly.,NP5047,matched_exact,True,P1047,MoonRambler Expedition Flashlight 246,emergency,flashlight,Switchback Supply,MoonRambler Expedition Flashlight 246,preparedness,flashlight,Switchback Supply,MoonRambler Expedition Flashlight 246,emergency,flashlight,Switchback Supply
20260729-0068,2026-07-29,S006,,3,70.02,5,in_store,N,NP5021,migrated,data/raw/orders/2026-07-29/orders.csv,2026-07-29,P1021,matched_exact,0.974,Normalized product name matches exactly.,NP5021,matched_exact,True,P1021,EmberRunner Basecamp Tent 220,camping,tent,Blue Ridge Works,EmberRunner Basecamp Tent 220,camping,tent,Blue Ridge Outdoor Works,EmberRunner Basecamp Tent 220,camping,tent,Blue Ridge Works
20260729-0069,2026-07-29,S006,,4,114.05,5,pickup,Y,NP5012,migrated,data/raw/orders/2026-07-29/orders.csv,2026-07-29,P1012,matched_exact,0.9325,Normalized product name matches exactly.,NP5012,matched_exact,True,P1012,CloudNomad 32oz Tumbler 211,hydration,insulated tumbler,Moss & Mile,CloudNomad 32oz Tumbler 211,drinkware,insulated tumbler,Moss and Mile,CloudNomad 32oz Tumbler 211,hydration,insulated tumbler,Moss & Mile
20260729-0070,2026-07-29,S001,,2,109.28,15,pickup,Y,NP5030,migrated,data/raw/orders/2026-07-29/orders.csv,2026-07-29,P1030,matched_exact,0.9328,Normalized product name matches exactly.,NP5030,matched_exact,True,P1030,SwitchbackRover 20oz Tumbler 229,hydration,insulated tumbler,Summit Finch,SwitchbackRover 20oz Tumbler 229,drinkware,insulated tumbler,Summit Finch,SwitchbackRover 20oz Tumbler 229,hydration,insulated tumbler,Summit Finch
20260729-0071,2026-07-29,S003,,1,200.43,0,ship_from_store,Y,NP5032,migrated,data/raw/orders/2026-07-29/orders.csv,2026-07-29,P1032,matched_exact,0.999,Normalized product name matches exactly.,NP5032,matched_exact,True,P1032,PeakNomad Waterproof Trail Shoes 231,footwear,trail shoes,TrailForge,PeakNomad Waterproof Trail Shoes 231,footwear,trail shoes,TrailForge,PeakNomad Waterproof Trail Shoes 231,footwear,trail shoes,TrailForge
20260729-0072,2026-07-29,S003,,1,120.05,0,pickup,Y,NP5012,migrated,data/raw/orders/2026-07-29/orders.csv,2026-07-29,P1012,matched_exact,0.9325,Normalized product name matches exactly.,NP5012,matched_exact,True,P1012,CloudNomad 32oz Tumbler 211,hydration,insulated tumbler,Moss & Mile,CloudNomad 32oz Tumbler 211,drinkware,insulated tumbler,Moss and Mile,CloudNomad 32oz Tumbler 211,hydration,insulated tumbler,Moss & Mile
20260729-0073,2026-07-29,S004,,2,200.43,0,pickup,Y,NP5032,migrated,data/raw/orders/2026-07-29/orders.csv,2026-07-29,P1032,matched_exact,0.999,Normalized product name matches exactly.,NP5032,matched_exact,True,P1032,PeakNomad Waterproof Trail Shoes 231,footwear,trail shoes,TrailForge,PeakNomad Waterproof Trail Shoes 231,footwear,trail shoes,TrailForge,PeakNomad Waterproof Trail Shoes 231,footwear,trail shoes,TrailForge
20260729-0074,2026-07-29,S003,,1,237.56,15,ship_from_store,N,NP5055,migrated,data/raw/orders/2026-07-29/orders.csv,2026-07-29,P1055,matched_exact,0.8332,Normalized product name matches exactly.,NP5055,matched_exact,True,P1055,HearthRambler Stormproof Jacket 254,outerwear,rain shell,Switchback Supply,HearthRambler Storm proof Jacket 254,apparel,waterproof outerwear,Switchback Supply,HearthRambler Stormproof Jacket 254,outerwear,rain shell,Switchback Supply
20260729-0075,2026-07-29,S005,,2,50.86,5,pickup,Y,NP5041,migrated,data/raw/orders/2026-07-29/orders.csv,2026-07-29,P1041,matched_exact,0.7894,Normalized product name matches exactly.,NP5041,matched_exact,True,P1041,PineRunner Mini Battery Pack 240,emergency,battery pack,Rocky Top Outfitters,PineRunner Mini Battery Pack 240,preparedness,power storage,RTO House Brand,PineRunner Mini Battery Pack 240,emergency,battery pack,Rocky Top Outfitters
20260729-0076,2026-07-29,S008,,1,343.22,20,in_store,N,NP5051,migrated,data/raw/orders/2026-07-29/orders.csv,2026-07-29,P1051,matched_exact,0.9997,Normalized product name matches exactly.,NP5051,matched_exact,True,P1051,CreekRambler 2P Camp Chair 250,camping,camp chair,Creekline,CreekRambler 2P Camp Chair 250,camping,camp chair,Creekline,CreekRambler 2P Camp Chair 250,camping,camp chair,Creekline
20260729-0077,2026-07-29,S001,,2,534.7,15,in_store,Y,NP5028,migrated,data/raw/orders/2026-07-29/orders.csv,2026-07-29,P1028,matched_exact,0.9991,Normalized product name matches exactly.,NP5028,matched_exact,True,P1028,CloudNomad Compact Cooler 227,patio,cooler,Moss & Mile,CloudNomad Compact Cooler 227,patio,cooler,Moss and Mile,CloudNomad Compact Cooler 227,patio,cooler,Moss & Mile
20260729-0078,2026-07-29,S008,,3,70.02,5,in_store,Y,NP5021,migrated,data/raw/orders/2026-07-29/orders.csv,2026-07-29,P1021,matched_exact,0.974,Normalized product name matches exactly.,NP5021,matched_exact,True,P1021,EmberRunner Basecamp Tent 220,camping,tent,Blue Ridge Works,EmberRunner Basecamp Tent 220,camping,tent,Blue Ridge Outdoor Works,EmberRunner Basecamp Tent 220,camping,tent,Blue Ridge Works
20260729-0079,2026-07-29,S003,,1,148.79,0,in_store,N,NP5056,migrated,data/raw/orders/2026-07-29/orders.csv,2026-07-29,P1056,matched_exact,0.999,Normalized product name matches exactly.,NP5056,matched_exact,True,P1056,CanyonNomad Waterproof Trail Shoes 255,footwear,trail shoes,TrailForge,CanyonNomad Waterproof Trail Shoes 255,footwear,trail shoes,TrailForge,CanyonNomad Waterproof Trail Shoes 255,footwear,trail shoes,TrailForge
20260729-0080,2026-07-29,S003,,1,80.78,20,ship_from_store,Y,NP5066,migrated,data/raw/orders/2026-07-29/orders.csv,2026-07-29,P1066,matched_exact,0.9322,Normalized product name matches exactly.,NP5066,matched_exact,True,P1066,RidgeRover Trail Tumbler 265,hydration,insulated tumbler,Highland Ember,RidgeRover-Trail-Tumbler-265,drinkware,insulated tumbler,Highland Ember,RidgeRover Trail Tumbler 265,hydration,insulated tumbler,Highland Ember
20260729-0081,2026-07-29,S006,,1,111.73,0,in_store,Y,NP5053,migrated,data/raw/orders/2026-07-29/orders.csv,2026-07-29,P1053,matched_exact,0.8337,Normalized product name matches exactly.,NP5053,matched_exact,True,P1053,EmberRunner Storm Kit Battery Pack 252,emergency,battery pack,Blue Ridge Works,EmberRunner Storm Kit Battery Pack 252,preparedness,power storage,Blue Ridge Outdoor Works,EmberRunner Storm Kit Battery Pack 252,emergency,battery pack,Blue Ridge Works
20260729-0082,2026-07-29,S005,,1,112.78,5,pickup,Y,NP5009,migrated,data/raw/orders/2026-07-29/orders.csv,2026-07-29,P1009,matched_exact,0.9286,Normalized product name matches exactly.,NP5009,matched_exact,True,P1009,PineRunner 4P Tent 208,camping,tent,Rocky Top Outfitters,PineRunner 4P Tent 208,camping,tent,RTO House Brand,PineRunner 4P Tent 208,camping,tent,Rocky Top Outfitters
20260729-0083,2026-07-29,S008,,2,221.25,0,ship_from_store,N,NP5069,migrated,data/raw/orders/2026-07-29/orders.csv,2026-07-29,P1070,review_ambiguous,0.8575,Top candidates are too close; human confirmation is required.,NP5069,review_ambiguous,False,NEW:NP5069,,,,,BoulderNomad Patio Heater,patio,patio heater,Summit Finch,BoulderNomad Patio Heater,patio,patio heater,Summit Finch
20260729-0084,2026-07-29,S004,,1,84.91,5,ship_from_store,Y,NP5037,migrated,data/raw/orders/2026-07-29/orders.csv,2026-07-29,P1037,matched_exact,0.8116,Normalized product name matches exactly.,NP5037,matched_exact,True,P1037,EmberRunner Packable Jacket 236,outerwear,rain shell,Blue Ridge Works,EmberRunner Packable Jacket 236,apparel,waterproof outerwear,Blue Ridge Outdoor Works,EmberRunner Packable Jacket 236,outerwear,rain shell,Blue Ridge Works
20260729-0085,2026-07-29,S007,,4,212.08,0,pickup,Y,NP5014,migrated,data/raw/orders/2026-07-29/orders.csv,2026-07-29,P1014,matched_exact,0.999,Normalized product name matches exactly.,NP5014,matched_exact,True,P1014,SwitchbackRover Wide Trail Shoes 213,footwear,trail shoes,Summit Finch,SwitchbackRover Wide Trail Shoes 213,footwear,trail shoes,Summit Finch,SwitchbackRover Wide Trail Shoes 213,footwear,trail shoes,Summit Finch
20260729-0086,2026-07-29,S006,,1,155.01,20,pickup,N,NP5044,migrated,data/raw/orders/2026-07-29/orders.csv,2026-07-29,P1044,matched_exact,0.9993,Normalized product name matches exactly.,NP5044,matched_exact,True,P1044,CloudNomad Approach Trail Shoes 243,footwear,trail shoes,Moss & Mile,CloudNomad Approach Trail Shoes 243,footwear,trail shoes,Moss and Mile,CloudNomad Approach Trail Shoes 243,footwear,trail shoes,Moss & Mile
20260729-0087,2026-07-29,S006,,3,106.13,20,in_store,Y,NP5011,migrated,data/raw/orders/2026-07-29/orders.csv,2026-07-29,P1011,matched_exact,0.9285,Normalized product name matches exactly.,NP5011,matched_exact,True,P1011,BoulderRambler Rechargeable Flashlight 210,emergency,flashlight,Creekline,BoulderRambler Rechargeable Flashlight 210,preparedness,flashlight,Creekline,BoulderRambler Rechargeable Flashlight 210,emergency,flashlight,Creekline
20260729-0088,2026-07-29,S001,,3,122.13,5,in_store,N,NP5030,migrated,data/raw/orders/2026-07-29/orders.csv,2026-07-29,P1030,matched_exact,0.9328,Normalized product name matches exactly.,NP5030,matched_exact,True,P1030,SwitchbackRover 20oz Tumbler 229,hydration,insulated tumbler,Summit Finch,SwitchbackRover 20oz Tumbler 229,drinkware,insulated tumbler,Summit Finch,SwitchbackRover 20oz Tumbler 229,hydration,insulated tumbler,Summit Finch
20260729-0089,2026-07-29,S007,,2,142.66,5,pickup,Y,NP5018,migrated,data/raw/orders/2026-07-29/orders.csv,2026-07-29,P1018,matched_exact,0.9327,Normalized product name matches exactly.,NP5018,matched_exact,True,P1018,RidgeRover Trail Tumbler 217,hydration,insulated tumbler,Highland Ember,RidgeRover Trail Tumbler 217,drinkware,insulated tumbler,Highland Ember,RidgeRover Trail Tumbler 217,hydration,insulated tumbler,Highland Ember
20260729-0090,2026-07-29,S007,,1,166.65,0,pickup,N,NP5060,migrated,data/raw/orders/2026-07-29/orders.csv,2026-07-29,P1060,matched_exact,0.9311,Normalized product name matches exactly.,NP5060,matched_exact,True,P1060,CloudNomad 32oz Tumbler 259,hydration,insulated tumbler,Moss & Mile,CloudNomad-32oz-Tumbler-259,drinkware,insulated tumbler,Moss and Mile,CloudNomad 32oz Tumbler 259,hydration,insulated tumbler,Moss & Mile
20260729-0091,2026-07-29,S008,,1,94.97,15,pickup,N,NP5053,migrated,data/raw/orders/2026-07-29/orders.csv,2026-07-29,P1053,matched_exact,0.8337,Normalized product name matches exactly.,NP5053,matched_exact,True,P1053,EmberRunner Storm Kit Battery Pack 252,emergency,battery pack,Blue Ridge Works,EmberRunner Storm Kit Battery Pack 252,preparedness,power storage,Blue Ridge Outdoor Works,EmberRunner Storm Kit Battery Pack 252,emergency,battery pack,Blue Ridge Works
20260729-0092,2026-07-29,S004,,1,419.55,5,in_store,Y,NP5003,migrated,data/raw/orders/2026-07-29/orders.csv,2026-07-29,P1003,matched_exact,0.9995,Normalized product name matches exactly.,NP5003,matched_exact,True,P1003,CreekRambler 2P Camp Chair 202,camping,camp chair,Creekline,CreekRambler 2P Camp Chair 202,camping,camp chair,Creekline,CreekRambler 2P Camp Chair 202,camping,camp chair,Creekline
20260729-0093,2026-07-29,S004,,1,168.67,0,pickup,N,NP5034,migrated,data/raw/orders/2026-07-29/orders.csv,2026-07-29,P1034,matched_exact,1.0,Normalized product name matches exactly.,NP5034,matched_exact,True,P1034,RidgeRover Deluxe Patio Heater 233,patio,patio heater,Highland Ember,RidgeRover Deluxe Patio Heater 233,patio,patio heater,Highland Ember,RidgeRover Deluxe Patio Heater 233,patio,patio heater,Highland Ember
20260729-0094,2026-07-29,S007,,1,343.55,0,in_store,N,NP5045,migrated,data/raw/orders/2026-07-29/orders.csv,2026-07-29,P1045,matched_exact,0.9736,Normalized product name matches exactly.,NP5045,matched_exact,True,P1045,FieldRunner Basecamp Tent 244,camping,tent,Blue Ridge Works,FieldRunner Basecamp Tent 244,camping,tent,Blue Ridge Outdoor Works,FieldRunner Basecamp Tent 244,camping,tent,Blue Ridge Works
20260729-0095,2026-07-29,S001,,4,146.96,10,in_store,Y,NP5062,migrated,data/raw/orders/2026-07-29/orders.csv,2026-07-29,P1062,matched_exact,0.9987,Normalized product name matches exactly.,NP5062,matched_exact,True,P1062,SwitchbackRover Wide Trail Shoes 261,footwear,trail shoes,Summit Finch,SwitchbackRover-Wide-Trail-Shoes-261,footwear,trail shoes,Summit Finch,SwitchbackRover Wide Trail Shoes 261,footwear,trail shoes,Summit Finch
20260729-0096,2026-07-29,S004,,1,174.73,15,ship_from_store,N,NP5002,migrated,data/raw/orders/2026-07-29/orders.csv,2026-07-29,P1002,matched_exact,0.9997,Normalized product name matches exactly.,NP5002,matched_exact,True,P1002,RidgeRover Mid Trail Shoes 201,footwear,trail shoes,Highland Ember,RidgeRover Mid Trail Shoes 201,footwear,trail shoes,Highland Ember,RidgeRover Mid Trail Shoes 201,footwear,trail shoes,Highland Ember
20260729-0097,2026-07-29,S005,,2,93.13,0,in_store,Y,NP5027,migrated,data/raw/orders/2026-07-29/orders.csv,2026-07-29,P1027,matched_exact,0.9996,Normalized product name matches exactly.,NP5027,matched_exact,True,P1027,BoulderRambler 2P Camp Chair 226,camping,camp chair,Creekline,BoulderRambler 2P Camp Chair 226,camping,camp chair,Creekline,BoulderRambler 2P Camp Chair 226,camping,camp chair,Creekline
20260729-0098,2026-07-29,S008,,3,60.12,5,pickup,Y,NP5017,migrated,data/raw/orders/2026-07-29/orders.csv,2026-07-29,P1017,matched_exact,0.7894,Normalized product name matches exactly.,NP5017,matched_exact,True,P1017,SummitRunner Mini Battery Pack 216,emergency,battery pack,Rocky Top Outfitters,SummitRunner Mini Battery Pack 216,preparedness,power storage,RTO House Brand,SummitRunner Mini Battery Pack 216,emergency,battery pack,Rocky Top Outfitters
20260729-0099,2026-07-29,S001,,3,49.84,10,ship_from_store,Y,NP5006,migrated,data/raw/orders/2026-07-29/orders.csv,2026-07-29,P1006,matched_exact,0.9267,Normalized product name matches exactly.,NP5006,matched_exact,True,P1006,TrailRover 20oz Tumbler 205,hydration,insulated tumbler,Summit Finch,Trail Rover 20oz Tumbler 205,drinkware,insulated tumbler,Summit Finch,TrailRover 20oz Tumbler 205,hydration,insulated tumbler,Summit Finch
20260729-0100,2026-07-29,S004,,4,122.43,0,in_store,Y,NP5029,migrated,data/raw/orders/2026-07-29/orders.csv,2026-07-29,P1029,matched_exact,0.8337,Normalized product name matches exactly.,NP5029,matched_exact,True,P1029,FieldRunner Storm Kit Battery Pack 228,emergency,battery pack,Blue Ridge Works,FieldRunner Storm Kit Battery Pack 228,preparedness,power storage,Blue Ridge Outdoor Works,FieldRunner Storm Kit Battery Pack 228,emergency,battery pack,Blue Ridge Works
20260729-0101,2026-07-29,S004,,1,198.05,10,ship_from_store,Y,NP5071,migrated,data/raw/orders/2026-07-29/orders.csv,2026-07-29,P1074,review_ambiguous,0.8383,Top candidates are too close; human confirmation is required.,NP5071,review_ambiguous,False,NEW:NP5071,,,,,MoonScout Trail Shoes,footwear,trail shoes,Highland Ember,MoonScout Trail Shoes,footwear,trail shoes,Highland Ember
20260729-0102,2026-07-29,S004,,2,109.39,15,ship_from_store,Y,NP5026,migrated,data/raw/orders/2026-07-29/orders.csv,2026-07-29,P1026,matched_exact,0.9996,Normalized product name matches exactly.,NP5026,matched_exact,True,P1026,VistaRover Mid Trail Shoes 225,footwear,trail shoes,Highland Ember,VistaRover Mid Trail Shoes 225,footwear,trail shoes,Highland Ember,VistaRover Mid Trail Shoes 225,footwear,trail shoes,Highland Ember
20260729-0103,2026-07-29,S003,,1,106.85,10,pickup,Y,NP5009,migrated,data/raw/orders/2026-07-29/orders.csv,2026-07-29,P1009,matched_exact,0.9286,Normalized product name matches exactly.,NP5009,matched_exact,True,P1009,PineRunner 4P Tent 208,camping,tent,Rocky Top Outfitters,PineRunner 4P Tent 208,camping,tent,RTO House Brand,PineRunner 4P Tent 208,camping,tent,Rocky Top Outfitters
20260729-0104,2026-07-29,S001,,1,177.0,20,in_store,Y,NP5069,migrated,data/raw/orders/2026-07-29/orders.csv,2026-07-29,P1070,review_ambiguous,0.8575,Top candidates are too close; human confirmation is required.,NP5069,review_ambiguous,False,NEW:NP5069,,,,,BoulderNomad Patio Heater,patio,patio heater,Summit Finch,BoulderNomad Patio Heater,patio,patio heater,Summit Finch
20260729-0105,2026-07-29,S004,,1,122.62,15,pickup,N,NP5035,migrated,data/raw/orders/2026-07-29/orders.csv,2026-07-29,P1035,matched_exact,0.9279,Normalized product name matches exactly.,NP5035,matched_exact,True,P1035,CreekRambler Rechargeable Flashlight 234,emergency,flashlight,Creekline,CreekRambler Rechargeable Flashlight 234,preparedness,flashlight,Creekline,CreekRambler Rechargeable Flashlight 234,emergency,flashlight,Creekline
20260729-0106,2026-07-29,S006,,1,287.12,0,ship_from_store,N,NP5058,migrated,data/raw/orders/2026-07-29/orders.csv,2026-07-29,P1058,matched_exact,0.9975,Normalized product name matches exactly.,NP5058,matched_exact,True,P1058,VistaRover Deluxe Patio Heater 257,patio,patio heater,Highland Ember,VistaRover-Deluxe-Patio-Heater-257,patio,patio heater,Highland Ember,VistaRover Deluxe Patio Heater 257,patio,patio heater,Highland Ember
20260729-0107,2026-07-29,S004,,4,648.67,0,in_store,N,NP5016,migrated,data/raw/orders/2026-07-29/orders.csv,2026-07-29,P1016,matched_exact,0.9993,Normalized product name matches exactly.,NP5016,matched_exact,True,P1016,PeakNomad XL Cooler 215,patio,cooler,TrailForge,PeakNomad XL Cooler 215,patio,cooler,TrailForge,PeakNomad XL Cooler 215,patio,cooler,TrailForge
20260729-0108,2026-07-29,S004,,1,210.19,5,pickup,Y,NP5069,migrated,data/raw/orders/2026-07-29/orders.csv,2026-07-29,P1070,review_ambiguous,0.8575,Top candidates are too close; human confirmation is required.,NP5069,review_ambiguous,False,NEW:NP5069,,,,,BoulderNomad Patio Heater,patio,patio heater,Summit Finch,BoulderNomad Patio Heater,patio,patio heater,Summit Finch
20260729-0109,2026-07-29,S005,,1,122.43,0,ship_from_store,N,NP5029,migrated,data/raw/orders/2026-07-29/orders.csv,2026-07-29,P1029,matched_exact,0.8337,Normalized product name matches exactly.,NP5029,matched_exact,True,P1029,FieldRunner Storm Kit Battery Pack 228,emergency,battery pack,Blue Ridge Works,FieldRunner Storm Kit Battery Pack 228,preparedness,power storage,Blue Ridge Outdoor Works,FieldRunner Storm Kit Battery Pack 228,emergency,battery pack,Blue Ridge Works
20260729-0110,2026-07-29,S001,,2,79.53,10,in_store,Y,NP5024,migrated,data/raw/orders/2026-07-29/orders.csv,2026-07-29,P1024,matched_exact,0.9326,Normalized product name matches exactly.,NP5024,matched_exact,True,P1024,CanyonNomad Travel Tumbler 223,hydration,insulated tumbler,TrailForge,CanyonNomad Travel Tumbler 223,drinkware,insulated tumbler,TrailForge,CanyonNomad Travel Tumbler 223,hydration,insulated tumbler,TrailForge
20260729-0111,2026-07-29,S003,,1,122.13,5,pickup,N,NP5030,migrated,data/raw/orders/2026-07-29/orders.csv,2026-07-29,P1030,matched_exact,0.9328,Normalized product name matches exactly.,NP5030,matched_exact,True,P1030,SwitchbackRover 20oz Tumbler 229,hydration,insulated tumbler,Summit Finch,SwitchbackRover 20oz Tumbler 229,drinkware,insulated tumbler,Summit Finch,SwitchbackRover 20oz Tumbler 229,hydration,insulated tumbler,Summit Finch
20260729-0112,2026-07-29,S004,,1,503.25,20,in_store,N,NP5028,migrated,data/raw/orders/2026-07-29/orders.csv,2026-07-29,P1028,matched_exact,0.9991,Normalized product name matches exactly.,NP5028,matched_exact,True,P1028,CloudNomad Compact Cooler 227,patio,cooler,Moss & Mile,CloudNomad Compact Cooler 227,patio,cooler,Moss and Mile,CloudNomad Compact Cooler 227,patio,cooler,Moss & Mile
20260729-0113,2026-07-29,S002,,1,210.43,15,in_store,Y,NP5067,migrated,data/raw/orders/2026-07-29/orders.csv,2026-07-29,P1067,review_ambiguous,0.8143,Top candidates are too close; human confirmation is required.,NP5067,review_ambiguous,False,NEW:NP5067,,,,,CreekRambler Alpine Jacket 266 Pro,apparel,waterproof outerwear,Creekline,CreekRambler Alpine Jacket 266 Pro,apparel,waterproof outerwear,Creekline
20260729-0114,2026-07-29,S008,,4,397.47,10,ship_from_store,Y,NP5003,migrated,data/raw/orders/2026-07-29/orders.csv,2026-07-29,P1003,matched_exact,0.9995,Normalized product name matches exactly.,NP5003,matched_exact,True,P1003,CreekRambler 2P Camp Chair 202,camping,camp chair,Creekline,CreekRambler 2P Camp Chair 202,camping,camp chair,Creekline,CreekRambler 2P Camp Chair 202,camping,camp chair,Creekline
20260729-0115,2026-07-29,S003,,1,197.02,5,in_store,Y,NP5020,migrated,data/raw/orders/2026-07-29/orders.csv,2026-07-29,P1020,matched_exact,0.9945,Normalized product name matches exactly.,NP5020,matched_exact,True,P1020,StormNomad Approach Trail Shoes 219,footwear,trail shoes,Moss & Mile,Storm Nomad Approach Trail Shoes 219,footwear,trail shoes,Moss and Mile,StormNomad Approach Trail Shoes 219,footwear,trail shoes,Moss & Mile
20260729-0116,2026-07-29,S003,,1,144.26,0,ship_from_store,N,NP5035,migrated,data/raw/orders/2026-07-29/orders.csv,2026-07-29,P1035,matched_exact,0.9279,Normalized product name matches exactly.,NP5035,matched_exact,True,P1035,CreekRambler Rechargeable Flashlight 234,emergency,flashlight,Creekline,CreekRambler Rechargeable Flashlight 234,preparedness,flashlight,Creekline,CreekRambler Rechargeable Flashlight 234,emergency,flashlight,Creekline
20260729-0117,2026-07-29,S001,,2,79.53,10,in_store,Y,NP5024,migrated,data/raw/orders/2026-07-29/orders.csv,2026-07-29,P1024,matched_exact,0.9326,Normalized product name matches exactly.,NP5024,matched_exact,True,P1024,CanyonNomad Travel Tumbler 223,hydration,insulated tumbler,TrailForge,CanyonNomad Travel Tumbler 223,drinkware,insulated tumbler,TrailForge,CanyonNomad Travel Tumbler 223,hydration,insulated tumbler,TrailForge
20260729-0118,2026-07-29,S004,,1,190.41,5,ship_from_store,Y,NP5032,migrated,data/raw/orders/2026-07-29/orders.csv,2026-07-29,P1032,matched_exact,0.999,Normalized product name matches exactly.,NP5032,matched_exact,True,P1032,PeakNomad Waterproof Trail Shoes 231,footwear,trail shoes,TrailForge,PeakNomad Waterproof Trail Shoes 231,footwear,trail shoes,TrailForge,PeakNomad Waterproof Trail Shoes 231,footwear,trail shoes,TrailForge
20260729-0119,2026-07-29,S001,,2,88.37,0,ship_from_store,Y,NP5024,migrated,data/raw/orders/2026-07-29/orders.csv,2026-07-29,P1024,matched_exact,0.9326,Normalized product name matches exactly.,NP5024,matched_exact,True,P1024,CanyonNomad Travel Tumbler 223,hydration,insulated tumbler,TrailForge,CanyonNomad Travel Tumbler 223,drinkware,insulated tumbler,TrailForge,CanyonNomad Travel Tumbler 223,hydration,insulated tumbler,TrailForge
20260729-0120,2026-07-29,S002,,1,189.92,15,pickup,Y,NP5049,migrated,data/raw/orders/2026-07-29/orders.csv,2026-07-29,P1049,matched_exact,0.7676,Normalized product name matches exactly.,NP5049,matched_exact,True,P1049,SummitRunner Lightweight Jacket 248,outerwear,rain shell,Rocky Top Outfitters,SummitRunner Lightweight Jacket 248,apparel,waterproof outerwear,RTO House Brand,SummitRunner Lightweight Jacket 248,outerwear,rain shell,Rocky Top Outfitters
20260729-0121,2026-07-29,S001,,3,795.23,0,in_store,Y,NP5072,migrated,data/raw/orders/2026-07-29/orders.csv,2026-07-29,P1076,review_ambiguous,0.765,Top candidates are too close; human confirmation is required.,NP5072,review_ambiguous,False,NEW:NP5072,,,,,SummitRover Cooler,patio,cooler,Moss and Mile,SummitRover Cooler,patio,cooler,Moss and Mile
20260729-0122,2026-07-29,S003,,3,157.67,10,in_store,N,NP5008,migrated,data/raw/orders/2026-07-29/orders.csv,2026-07-29,P1008,matched_exact,0.9999,Normalized product name matches exactly.,NP5008,matched_exact,True,P1008,CanyonNomad Waterproof Trail Shoes 207,footwear,trail shoes,TrailForge,CanyonNomad Waterproof Trail Shoes 207,footwear,trail shoes,TrailForge,CanyonNomad Waterproof Trail Shoes 207,footwear,trail shoes,TrailForge
20260729-0123,2026-07-29,S007,,1,93.13,0,pickup,N,NP5027,migrated,data/raw/orders/2026-07-29/orders.csv,2026-07-29,P1027,matched_exact,0.9996,Normalized product name matches exactly.,NP5027,matched_exact,True,P1027,BoulderRambler 2P Camp Chair 226,camping,camp chair,Creekline,BoulderRambler 2P Camp Chair 226,camping,camp chair,Creekline,BoulderRambler 2P Camp Chair 226,camping,camp chair,Creekline
20260729-0124,2026-07-29,S008,,2,152.59,20,pickup,N,NP5015,migrated,data/raw/orders/2026-07-29/orders.csv,2026-07-29,P1015,matched_exact,0.9998,Normalized product name matches exactly.,NP5015,matched_exact,True,P1015,MoonRambler Ultralight Camp Chair 214,camping,camp chair,Switchback Supply,MoonRambler Ultralight Camp Chair 214,camping,camp chair,Switchback Supply,MoonRambler Ultralight Camp Chair 214,camping,camp chair,Switchback Supply
20260729-0125,2026-07-29,S001,,1,187.04,15,in_store,Y,NP5071,migrated,data/raw/orders/2026-07-29/orders.csv,2026-07-29,P1074,review_ambiguous,0.8383,Top candidates are too close; human confirmation is required.,NP5071,review_ambiguous,False,NEW:NP5071,,,,,MoonScout Trail Shoes,footwear,trail shoes,Highland Ember,MoonScout Trail Shoes,footwear,trail shoes,Highland Ember
20260729-0126,2026-07-29,S006,,2,102.96,20,pickup,Y,NP5026,migrated,data/raw/orders/2026-07-29/orders.csv,2026-07-29,P1026,matched_exact,0.9996,Normalized product name matches exactly.,NP5026,matched_exact,True,P1026,VistaRover Mid Trail Shoes 225,footwear,trail shoes,Highland Ember,VistaRover Mid Trail Shoes 225,footwear,trail shoes,Highland Ember,VistaRover Mid Trail Shoes 225,footwear,trail shoes,Highland Ember
20260729-0127,2026-07-29,S004,,1,140.15,20,in_store,Y,NP5008,migrated,data/raw/orders/2026-07-29/orders.csv,2026-07-29,P1008,matched_exact,0.9999,Normalized product name matches exactly.,NP5008,matched_exact,True,P1008,CanyonNomad Waterproof Trail Shoes 207,footwear,trail shoes,TrailForge,CanyonNomad Waterproof Trail Shoes 207,footwear,trail shoes,TrailForge,CanyonNomad Waterproof Trail Shoes 207,footwear,trail shoes,TrailForge
20260729-0128,2026-07-29,S002,,4,112.36,0,in_store,N,NP5042,migrated,data/raw/orders/2026-07-29/orders.csv,2026-07-29,P1042,matched_exact,0.9326,Normalized product name matches exactly.,NP5042,matched_exact,True,P1042,VistaRover Trail Tumbler 241,hydration,insulated tumbler,Highland Ember,VistaRover Trail Tumbler 241,drinkware,insulated tumbler,Highland Ember,VistaRover Trail Tumbler 241,hydration,insulated tumbler,Highland Ember
20260729-0129,2026-07-29,S006,,2,168.67,0,ship_from_store,Y,NP5034,migrated,data/raw/orders/2026-07-29/orders.csv,2026-07-29,P1034,matched_exact,1.0,Normalized product name matches exactly.,NP5034,matched_exact,True,P1034,RidgeRover Deluxe Patio Heater 233,patio,patio heater,Highland Ember,RidgeRover Deluxe Patio Heater 233,patio,patio heater,Highland Ember,RidgeRover Deluxe Patio Heater 233,patio,patio heater,Highland Ember
20260729-0130,2026-07-29,S004,,3,386.12,10,ship_from_store,N,NP5051,migrated,data/raw/orders/2026-07-29/orders.csv,2026-07-29,P1051,matched_exact,0.9997,Normalized product name matches exactly.,NP5051,matched_exact,True,P1051,CreekRambler 2P Camp Chair 250,camping,camp chair,Creekline,CreekRambler 2P Camp Chair 250,camping,camp chair,Creekline,CreekRambler 2P Camp Chair 250,camping,camp chair,Creekline
20260729-0131,2026-07-29,S008,,2,429.02,0,in_store,Y,NP5051,migrated,data/raw/orders/2026-07-29/orders.csv,2026-07-29,P1051,matched_exact,0.9997,Normalized product name matches exactly.,NP5051,matched_exact,True,P1051,CreekRambler 2P Camp Chair 250,camping,camp chair,Creekline,CreekRambler 2P Camp Chair 250,camping,camp chair,Creekline,CreekRambler 2P Camp Chair 250,camping,camp chair,Creekline
20260729-0132,2026-07-29,S005,,3,92.62,15,in_store,Y,NP5004,migrated,data/raw/orders/2026-07-29/orders.csv,2026-07-29,P1004,matched_exact,0.9938,Normalized product name matches exactly.,NP5004,matched_exact,True,P1004,StormNomad Compact Cooler 203,patio,cooler,Moss & Mile,Storm Nomad Compact Cooler 203,patio,cooler,Moss and Mile,StormNomad Compact Cooler 203,patio,cooler,Moss & Mile
20260729-0133,2026-07-29,S007,,3,112.78,5,in_store,Y,NP5009,migrated,data/raw/orders/2026-07-29/orders.csv,2026-07-29,P1009,matched_exact,0.9286,Normalized product name matches exactly.,NP5009,matched_exact,True,P1009,PineRunner 4P Tent 208,camping,tent,Rocky Top Outfitters,PineRunner 4P Tent 208,camping,tent,RTO House Brand,PineRunner 4P Tent 208,camping,tent,Rocky Top Outfitters
20260730-0001,2026-07-30,S007,,1,85.83,15,in_store,Y,NP5066,migrated,data/raw/orders/2026-07-30/orders.csv,2026-07-30,P1066,matched_exact,0.9322,Normalized product name matches exactly.,NP5066,matched_exact,True,P1066,RidgeRover Trail Tumbler 265,hydration,insulated tumbler,Highland Ember,RidgeRover-Trail-Tumbler-265,drinkware,insulated tumbler,Highland Ember,RidgeRover Trail Tumbler 265,hydration,insulated tumbler,Highland Ember
20260730-0002,2026-07-30,S002,,3,89.38,0,in_store,Y,NP5037,migrated,data/raw/orders/2026-07-30/orders.csv,2026-07-30,P1037,matched_exact,0.8116,Normalized product name matches exactly.,NP5037,matched_exact,True,P1037,EmberRunner Packable Jacket 236,outerwear,rain shell,Blue Ridge Works,EmberRunner Packable Jacket 236,apparel,waterproof outerwear,Blue Ridge Outdoor Works,EmberRunner Packable Jacket 236,outerwear,rain shell,Blue Ridge Works
20260730-0003,2026-07-30,S002,,2,500.02,10,in_store,N,NP5010,migrated,data/raw/orders/2026-07-30/orders.csv,2026-07-30,P1010,matched_exact,0.9998,Normalized product name matches exactly.,NP5010,matched_exact,True,P1010,VistaRover Deluxe Patio Heater 209,patio,patio heater,Highland Ember,VistaRover Deluxe Patio Heater 209,patio,patio heater,Highland Ember,VistaRover Deluxe Patio Heater 209,patio,patio heater,Highland Ember
20260730-0004,2026-07-30,S001,,2,162.13,15,in_store,Y,NP5015,migrated,data/raw/orders/2026-07-30/orders.csv,2026-07-30,P1015,matched_exact,0.9998,Normalized product name matches exactly.,NP5015,matched_exact,True,P1015,MoonRambler Ultralight Camp Chair 214,camping,camp chair,Switchback Supply,MoonRambler Ultralight Camp Chair 214,camping,camp chair,Switchback Supply,MoonRambler Ultralight Camp Chair 214,camping,camp chair,Switchback Supply
20260730-0005,2026-07-30,S008,,2,70.02,5,in_store,Y,NP5021,migrated,data/raw/orders/2026-07-30/orders.csv,2026-07-30,P1021,matched_exact,0.974,Normalized product name matches exactly.,NP5021,matched_exact,True,P1021,EmberRunner Basecamp Tent 220,camping,tent,Blue Ridge Works,EmberRunner Basecamp Tent 220,camping,tent,Blue Ridge Outdoor Works,EmberRunner Basecamp Tent 220,camping,tent,Blue Ridge Works
20260730-0006,2026-07-30,S002,,1,343.55,0,in_store,N,NP5045,migrated,data/raw/orders/2026-07-30/orders.csv,2026-07-30,P1045,matched_exact,0.9736,Normalized product name matches exactly.,NP5045,matched_exact,True,P1045,FieldRunner Basecamp Tent 244,camping,tent,Blue Ridge Works,FieldRunner Basecamp Tent 244,camping,tent,Blue Ridge Outdoor Works,FieldRunner Basecamp Tent 244,camping,tent,Blue Ridge Works
20260730-0007,2026-07-30,S005,,2,71.5,20,pickup,Y,NP5037,migrated,data/raw/orders/2026-07-30/orders.csv,2026-07-30,P1037,matched_exact,0.8116,Normalized product name matches exactly.,NP5037,matched_exact,True,P1037,EmberRunner Packable Jacket 236,outerwear,rain shell,Blue Ridge Works,EmberRunner Packable Jacket 236,apparel,waterproof outerwear,Blue Ridge Outdoor Works,EmberRunner Packable Jacket 236,outerwear,rain shell,Blue Ridge Works
20260730-0008,2026-07-30,S007,,1,176.28,15,in_store,Y,NP5020,migrated,data/raw/orders/2026-07-30/orders.csv,2026-07-30,P1020,matched_exact,0.9945,Normalized product name matches exactly.,NP5020,matched_exact,True,P1020,StormNomad Approach Trail Shoes 219,footwear,trail shoes,Moss & Mile,Storm Nomad Approach Trail Shoes 219,footwear,trail shoes,Moss and Mile,StormNomad Approach Trail Shoes 219,footwear,trail shoes,Moss & Mile
20260730-0009,2026-07-30,S007,,4,353.3,20,in_store,Y,NP5003,migrated,data/raw/orders/2026-07-30/orders.csv,2026-07-30,P1003,matched_exact,0.9995,Normalized product name matches exactly.,NP5003,matched_exact,True,P1003,CreekRambler 2P Camp Chair 202,camping,camp chair,Creekline,CreekRambler 2P Camp Chair 202,camping,camp chair,Creekline,CreekRambler 2P Camp Chair 202,camping,camp chair,Creekline
20260730-0010,2026-07-30,S005,,1,176.28,15,ship_from_store,N,NP5020,migrated,data/raw/orders/2026-07-30/orders.csv,2026-07-30,P1020,matched_exact,0.9945,Normalized product name matches exactly.,NP5020,matched_exact,True,P1020,StormNomad Approach Trail Shoes 219,footwear,trail shoes,Moss & Mile,Storm Nomad Approach Trail Shoes 219,footwear,trail shoes,Moss and Mile,StormNomad Approach Trail Shoes 219,footwear,trail shoes,Moss & Mile
20260730-0011,2026-07-30,S003,,1,100.98,0,pickup,Y,NP5066,migrated,data/raw/orders/2026-07-30/orders.csv,2026-07-30,P1066,matched_exact,0.9322,Normalized product name matches exactly.,NP5066,matched_exact,True,P1066,RidgeRover Trail Tumbler 265,hydration,insulated tumbler,Highland Ember,RidgeRover-Trail-Tumbler-265,drinkware,insulated tumbler,Highland Ember,RidgeRover Trail Tumbler 265,hydration,insulated tumbler,Highland Ember
20260730-0012,2026-07-30,S002,,3,128.89,10,ship_from_store,Y,NP5070,migrated,data/raw/orders/2026-07-30/orders.csv,2026-07-30,P1072,review_ambiguous,0.7022,Top candidates are too close; human confirmation is required.,NP5070,review_ambiguous,False,NEW:NP5070,,,,,FieldPacer Insulated Tumbler,drinkware,insulated tumbler,TrailForge,FieldPacer Insulated Tumbler,drinkware,insulated tumbler,TrailForge
20260730-0013,2026-07-30,S002,,2,583.8,10,pickup,Y,NP5016,migrated,data/raw/orders/2026-07-30/orders.csv,2026-07-30,P1016,matched_exact,0.9993,Normalized product name matches exactly.,NP5016,matched_exact,True,P1016,PeakNomad XL Cooler 215,patio,cooler,TrailForge,PeakNomad XL Cooler 215,patio,cooler,TrailForge,PeakNomad XL Cooler 215,patio,cooler,TrailForge
20260730-0014,2026-07-30,S002,,4,115.83,10,in_store,Y,NP5026,migrated,data/raw/orders/2026-07-30/orders.csv,2026-07-30,P1026,matched_exact,0.9996,Normalized product name matches exactly.,NP5026,matched_exact,True,P1026,VistaRover Mid Trail Shoes 225,footwear,trail shoes,Highland Ember,VistaRover Mid Trail Shoes 225,footwear,trail shoes,Highland Ember,VistaRover Mid Trail Shoes 225,footwear,trail shoes,Highland Ember
20260730-0015,2026-07-30,S002,,1,244.05,15,ship_from_store,Y,NP5058,migrated,data/raw/orders/2026-07-30/orders.csv,2026-07-30,P1058,matched_exact,0.9975,Normalized product name matches exactly.,NP5058,matched_exact,True,P1058,VistaRover Deluxe Patio Heater 257,patio,patio heater,Highland Ember,VistaRover-Deluxe-Patio-Heater-257,patio,patio heater,Highland Ember,VistaRover Deluxe Patio Heater 257,patio,patio heater,Highland Ember
20260730-0016,2026-07-30,S003,,1,103.64,5,in_store,Y,NP5007,migrated,data/raw/orders/2026-07-30/orders.csv,2026-07-30,P1007,matched_exact,0.8325,Normalized product name matches exactly.,NP5007,matched_exact,True,P1007,HearthRambler Stormproof Jacket 206,outerwear,rain shell,Switchback Supply,HearthRambler Storm proof Jacket 206,apparel,waterproof outerwear,Switchback Supply,HearthRambler Stormproof Jacket 206,outerwear,rain shell,Switchback Supply
20260730-0017,2026-07-30,S006,,1,49.84,10,in_store,N,NP5006,migrated,data/raw/orders/2026-07-30/orders.csv,2026-07-30,P1006,matched_exact,0.9267,Normalized product name matches exactly.,NP5006,matched_exact,True,P1006,TrailRover 20oz Tumbler 205,hydration,insulated tumbler,Summit Finch,Trail Rover 20oz Tumbler 205,drinkware,insulated tumbler,Summit Finch,TrailRover 20oz Tumbler 205,hydration,insulated tumbler,Summit Finch
20260730-0018,2026-07-30,S002,,1,209.05,5,ship_from_store,Y,NP5071,migrated,data/raw/orders/2026-07-30/orders.csv,2026-07-30,P1074,review_ambiguous,0.8383,Top candidates are too close; human confirmation is required.,NP5071,review_ambiguous,False,NEW:NP5071,,,,,MoonScout Trail Shoes,footwear,trail shoes,Highland Ember,MoonScout Trail Shoes,footwear,trail shoes,Highland Ember
20260730-0019,2026-07-30,S008,,4,244.05,15,in_store,N,NP5058,migrated,data/raw/orders/2026-07-30/orders.csv,2026-07-30,P1058,matched_exact,0.9975,Normalized product name matches exactly.,NP5058,matched_exact,True,P1058,VistaRover Deluxe Patio Heater 257,patio,patio heater,Highland Ember,VistaRover-Deluxe-Patio-Heater-257,patio,patio heater,Highland Ember,VistaRover Deluxe Patio Heater 257,patio,patio heater,Highland Ember
20260730-0020,2026-07-30,S008,,4,795.23,0,in_store,Y,NP5072,migrated,data/raw/orders/2026-07-30/orders.csv,2026-07-30,P1076,review_ambiguous,0.765,Top candidates are too close; human confirmation is required.,NP5072,review_ambiguous,False,NEW:NP5072,,,,,SummitRover Cooler,patio,cooler,Moss and Mile,SummitRover Cooler,patio,cooler,Moss and Mile
20260730-0021,2026-07-30,S002,,2,219.82,20,in_store,N,NP5075,migrated,data/raw/orders/2026-07-30/orders.csv,2026-07-30,P1079,review_duplicate_candidate,0.6645,Legacy product P1079 is proposed for multiple new products; possible split or collision.,NP5075,review_duplicate_candidate,False,NEW:NP5075,,,,,MoonRambler Rain Shell,apparel,waterproof outerwear,Switchback Supply,MoonRambler Rain Shell,apparel,waterproof outerwear,Switchback Supply
20260730-0022,2026-07-30,S004,,3,112.78,5,in_store,Y,NP5009,migrated,data/raw/orders/2026-07-30/orders.csv,2026-07-30,P1009,matched_exact,0.9286,Normalized product name matches exactly.,NP5009,matched_exact,True,P1009,PineRunner 4P Tent 208,camping,tent,Rocky Top Outfitters,PineRunner 4P Tent 208,camping,tent,RTO House Brand,PineRunner 4P Tent 208,camping,tent,Rocky Top Outfitters
20260730-0023,2026-07-30,S001,,1,93.13,0,in_store,Y,NP5027,migrated,data/raw/orders/2026-07-30/orders.csv,2026-07-30,P1027,matched_exact,0.9996,Normalized product name matches exactly.,NP5027,matched_exact,True,P1027,BoulderRambler 2P Camp Chair 226,camping,camp chair,Creekline,BoulderRambler 2P Camp Chair 226,camping,camp chair,Creekline,BoulderRambler 2P Camp Chair 226,camping,camp chair,Creekline
20260730-0024,2026-07-30,S007,,3,62.65,15,in_store,Y,NP5021,migrated,data/raw/orders/2026-07-30/orders.csv,2026-07-30,P1021,matched_exact,0.974,Normalized product name matches exactly.,NP5021,matched_exact,True,P1021,EmberRunner Basecamp Tent 220,camping,tent,Blue Ridge Works,EmberRunner Basecamp Tent 220,camping,tent,Blue Ridge Outdoor Works,EmberRunner Basecamp Tent 220,camping,tent,Blue Ridge Works
20260730-0025,2026-07-30,S007,,4,190.87,10,in_store,N,NP5014,migrated,data/raw/orders/2026-07-30/orders.csv,2026-07-30,P1014,matched_exact,0.999,Normalized product name matches exactly.,NP5014,matched_exact,True,P1014,SwitchbackRover Wide Trail Shoes 213,footwear,trail shoes,Summit Finch,SwitchbackRover Wide Trail Shoes 213,footwear,trail shoes,Summit Finch,SwitchbackRover Wide Trail Shoes 213,footwear,trail shoes,Summit Finch
20260730-0026,2026-07-30,S001,,1,58.07,0,in_store,Y,NP5047,migrated,data/raw/orders/2026-07-30/orders.csv,2026-07-30,P1047,matched_exact,0.928,Normalized product name matches exactly.,NP5047,matched_exact,True,P1047,MoonRambler Expedition Flashlight 246,emergency,flashlight,Switchback Supply,MoonRambler Expedition Flashlight 246,preparedness,flashlight,Switchback Supply,MoonRambler Expedition Flashlight 246,emergency,flashlight,Switchback Supply
20260730-0027,2026-07-30,S001,,4,70.7,20,in_store,N,NP5024,migrated,data/raw/orders/2026-07-30/orders.csv,2026-07-30,P1024,matched_exact,0.9326,Normalized product name matches exactly.,NP5024,matched_exact,True,P1024,CanyonNomad Travel Tumbler 223,hydration,insulated tumbler,TrailForge,CanyonNomad Travel Tumbler 223,drinkware,insulated tumbler,TrailForge,CanyonNomad Travel Tumbler 223,hydration,insulated tumbler,TrailForge
20260730-0028,2026-07-30,S006,,3,162.96,5,in_store,Y,NP5031,migrated,data/raw/orders/2026-07-30/orders.csv,2026-07-30,P1031,matched_exact,0.8328,Normalized product name matches exactly.,NP5031,matched_exact,True,P1031,MoonRambler Stormproof Jacket 230,outerwear,rain shell,Switchback Supply,MoonRambler Storm proof Jacket 230,apparel,waterproof outerwear,Switchback Supply,MoonRambler Stormproof Jacket 230,outerwear,rain shell,Switchback Supply
20260730-0029,2026-07-30,S008,,1,53.54,0,in_store,N,NP5041,migrated,data/raw/orders/2026-07-30/orders.csv,2026-07-30,P1041,matched_exact,0.7894,Normalized product name matches exactly.,NP5041,matched_exact,True,P1041,PineRunner Mini Battery Pack 240,emergency,battery pack,Rocky Top Outfitters,PineRunner Mini Battery Pack 240,preparedness,power storage,RTO House Brand,PineRunner Mini Battery Pack 240,emergency,battery pack,Rocky Top Outfitters
20260730-0030,2026-07-30,S007,,1,77.22,0,ship_from_store,Y,NP5063,migrated,data/raw/orders/2026-07-30/orders.csv,2026-07-30,P1063,review_ambiguous,0.981,Top candidates are too close; human confirmation is required.,NP5063,review_ambiguous,False,NEW:NP5063,,,,,MoonRambler Ultralight Camp Chair 262 Pro,camping,camp chair,Switchback Supply,MoonRambler Ultralight Camp Chair 262 Pro,camping,camp chair,Switchback Supply
20260730-0031,2026-07-30,S004,,1,174.73,15,pickup,N,NP5002,migrated,data/raw/orders/2026-07-30/orders.csv,2026-07-30,P1002,matched_exact,0.9997,Normalized product name matches exactly.,NP5002,matched_exact,True,P1002,RidgeRover Mid Trail Shoes 201,footwear,trail shoes,Highland Ember,RidgeRover Mid Trail Shoes 201,footwear,trail shoes,Highland Ember,RidgeRover Mid Trail Shoes 201,footwear,trail shoes,Highland Ember
20260730-0032,2026-07-30,S001,,3,212.08,0,in_store,Y,NP5014,migrated,data/raw/orders/2026-07-30/orders.csv,2026-07-30,P1014,matched_exact,0.999,Normalized product name matches exactly.,NP5014,matched_exact,True,P1014,SwitchbackRover Wide Trail Shoes 213,footwear,trail shoes,Summit Finch,SwitchbackRover Wide Trail Shoes 213,footwear,trail shoes,Summit Finch,SwitchbackRover Wide Trail Shoes 213,footwear,trail shoes,Summit Finch
20260730-0033,2026-07-30,S007,,1,52.61,5,in_store,N,NP5006,migrated,data/raw/orders/2026-07-30/orders.csv,2026-07-30,P1006,matched_exact,0.9267,Normalized product name matches exactly.,NP5006,matched_exact,True,P1006,TrailRover 20oz Tumbler 205,hydration,insulated tumbler,Summit Finch,Trail Rover 20oz Tumbler 205,drinkware,insulated tumbler,Summit Finch,TrailRover 20oz Tumbler 205,hydration,insulated tumbler,Summit Finch
20260730-0034,2026-07-30,S002,,3,279.48,0,in_store,Y,NP5055,migrated,data/raw/orders/2026-07-30/orders.csv,2026-07-30,P1055,matched_exact,0.8332,Normalized product name matches exactly.,NP5055,matched_exact,True,P1055,HearthRambler Stormproof Jacket 254,outerwear,rain shell,Switchback Supply,HearthRambler Storm proof Jacket 254,apparel,waterproof outerwear,Switchback Supply,HearthRambler Stormproof Jacket 254,outerwear,rain shell,Switchback Supply
20260730-0035,2026-07-30,S008,,1,133.91,10,ship_from_store,Y,NP9999,migrated,data/raw/orders/2026-07-30/orders.csv,2026-07-30,,,,,NP9999,unmapped_new_product,False,NEW:NP9999,,,,,,,,,Unmapped product NP9999,unmapped,unmapped,unmapped
20260730-0036,2026-07-30,S002,,1,237.41,0,pickup,Y,NP5043,migrated,data/raw/orders/2026-07-30/orders.csv,2026-07-30,P1043,matched_exact,0.8379,Normalized product name matches exactly.,NP5043,matched_exact,True,P1043,BoulderRambler Alpine Jacket 242,outerwear,rain shell,Creekline,BoulderRambler Alpine Jacket 242,apparel,waterproof outerwear,Creekline,BoulderRambler Alpine Jacket 242,outerwear,rain shell,Creekline
20260730-0037,2026-07-30,S004,,1,67.0,10,pickup,Y,NP5050,migrated,data/raw/orders/2026-07-30/orders.csv,2026-07-30,P1050,matched_exact,0.9997,Normalized product name matches exactly.,NP5050,matched_exact,True,P1050,RidgeRover Mid Trail Shoes 249,footwear,trail shoes,Highland Ember,RidgeRover Mid Trail Shoes 249,footwear,trail shoes,Highland Ember,RidgeRover Mid Trail Shoes 249,footwear,trail shoes,Highland Ember
20260730-0038,2026-07-30,S003,,1,222.8,10,ship_from_store,N,NP5067,migrated,data/raw/orders/2026-07-30/orders.csv,2026-07-30,P1067,review_ambiguous,0.8143,Top candidates are too close; human confirmation is required.,NP5067,review_ambiguous,False,NEW:NP5067,,,,,CreekRambler Alpine Jacket 266 Pro,apparel,waterproof outerwear,Creekline,CreekRambler Alpine Jacket 266 Pro,apparel,waterproof outerwear,Creekline
20260730-0039,2026-07-30,S005,,2,188.27,5,in_store,Y,NP5038,migrated,data/raw/orders/2026-07-30/orders.csv,2026-07-30,P1038,matched_exact,0.9942,Normalized product name matches exactly.,NP5038,matched_exact,True,P1038,TrailRover Wide Trail Shoes 237,footwear,trail shoes,Summit Finch,Trail Rover Wide Trail Shoes 237,footwear,trail shoes,Summit Finch,TrailRover Wide Trail Shoes 237,footwear,trail shoes,Summit Finch
20260730-0040,2026-07-30,S004,,4,171.54,0,ship_from_store,Y,NP5031,migrated,data/raw/orders/2026-07-30/orders.csv,2026-07-30,P1031,matched_exact,0.8328,Normalized product name matches exactly.,NP5031,matched_exact,True,P1031,MoonRambler Stormproof Jacket 230,outerwear,rain shell,Switchback Supply,MoonRambler Storm proof Jacket 230,apparel,waterproof outerwear,Switchback Supply,MoonRambler Stormproof Jacket 230,outerwear,rain shell,Switchback Supply
20260730-0041,2026-07-30,S003,,2,156.45,0,in_store,Y,NP5036,migrated,data/raw/orders/2026-07-30/orders.csv,2026-07-30,P1036,matched_exact,0.9267,Normalized product name matches exactly.,NP5036,matched_exact,True,P1036,StormNomad 32oz Tumbler 235,hydration,insulated tumbler,Moss & Mile,Storm Nomad 32oz Tumbler 235,drinkware,insulated tumbler,Moss and Mile,StormNomad 32oz Tumbler 235,hydration,insulated tumbler,Moss & Mile
20260730-0042,2026-07-30,S004,,1,441.63,0,in_store,Y,NP5003,migrated,data/raw/orders/2026-07-30/orders.csv,2026-07-30,P1003,matched_exact,0.9995,Normalized product name matches exactly.,NP5003,matched_exact,True,P1003,CreekRambler 2P Camp Chair 202,camping,camp chair,Creekline,CreekRambler 2P Camp Chair 202,camping,camp chair,Creekline,CreekRambler 2P Camp Chair 202,camping,camp chair,Creekline
20260730-0043,2026-07-30,S005,,4,143.94,20,in_store,Y,NP5019,migrated,data/raw/orders/2026-07-30/orders.csv,2026-07-30,P1019,matched_exact,0.8382,Normalized product name matches exactly.,NP5019,matched_exact,True,P1019,CreekRambler Alpine Jacket 218,outerwear,rain shell,Creekline,CreekRambler Alpine Jacket 218,apparel,waterproof outerwear,Creekline,CreekRambler Alpine Jacket 218,outerwear,rain shell,Creekline
20260730-0044,2026-07-30,S002,,2,143.94,20,in_store,N,NP5019,migrated,data/raw/orders/2026-07-30/orders.csv,2026-07-30,P1019,matched_exact,0.8382,Normalized product name matches exactly.,NP5019,matched_exact,True,P1019,CreekRambler Alpine Jacket 218,outerwear,rain shell,Creekline,CreekRambler Alpine Jacket 218,apparel,waterproof outerwear,Creekline,CreekRambler Alpine Jacket 218,outerwear,rain shell,Creekline
20260730-0045,2026-07-30,S005,,2,251.53,10,ship_from_store,Y,NP5055,migrated,data/raw/orders/2026-07-30/orders.csv,2026-07-30,P1055,matched_exact,0.8332,Normalized product name matches exactly.,NP5055,matched_exact,True,P1055,HearthRambler Stormproof Jacket 254,outerwear,rain shell,Switchback Supply,HearthRambler Storm proof Jacket 254,apparel,waterproof outerwear,Switchback Supply,HearthRambler Stormproof Jacket 254,outerwear,rain shell,Switchback Supply
20260730-0046,2026-07-30,S008,,1,399.61,0,in_store,Y,NP9999,migrated,data/raw/orders/2026-07-30/orders.csv,2026-07-30,,,,,NP9999,unmapped_new_product,False,NEW:NP9999,,,,,,,,,Unmapped product NP9999,unmapped,unmapped,unmapped
20260730-0047,2026-07-30,S004,,2,130.63,20,ship_from_store,N,NP5062,migrated,data/raw/orders/2026-07-30/orders.csv,2026-07-30,P1062,matched_exact,0.9987,Normalized product name matches exactly.,NP5062,matched_exact,True,P1062,SwitchbackRover Wide Trail Shoes 261,footwear,trail shoes,Summit Finch,SwitchbackRover-Wide-Trail-Shoes-261,footwear,trail shoes,Summit Finch,SwitchbackRover Wide Trail Shoes 261,footwear,trail shoes,Summit Finch
20260730-0048,2026-07-30,S002,,2,340.47,5,ship_from_store,N,NP5039,migrated,data/raw/orders/2026-07-30/orders.csv,2026-07-30,P1039,matched_exact,0.9992,Normalized product name matches exactly.,NP5039,matched_exact,True,P1039,HearthRambler Ultralight Camp Chair 238,camping,camp chair,Switchback Supply,HearthRambler Ultralight Camp Chair 238,camping,camp chair,Switchback Supply,HearthRambler Ultralight Camp Chair 238,camping,camp chair,Switchback Supply
20260730-0049,2026-07-30,S001,,1,228.91,0,ship_from_store,Y,NP5046,migrated,data/raw/orders/2026-07-30/orders.csv,2026-07-30,P1046,matched_exact,0.9994,Normalized product name matches exactly.,NP5046,matched_exact,True,P1046,SwitchbackRover Weekend Patio Heater 245,patio,patio heater,Summit Finch,SwitchbackRover Weekend Patio Heater 245,patio,patio heater,Summit Finch,SwitchbackRover Weekend Patio Heater 245,patio,patio heater,Summit Finch
20260730-0050,2026-07-30,S007,,4,150.17,0,ship_from_store,Y,NP5018,migrated,data/raw/orders/2026-07-30/orders.csv,2026-07-30,P1018,matched_exact,0.9327,Normalized product name matches exactly.,NP5018,matched_exact,True,P1018,RidgeRover Trail Tumbler 217,hydration,insulated tumbler,Highland Ember,RidgeRover Trail Tumbler 217,drinkware,insulated tumbler,Highland Ember,RidgeRover Trail Tumbler 217,hydration,insulated tumbler,Highland Ember
20260730-0051,2026-07-30,S002,,4,121.37,0,in_store,Y,NP5025,migrated,data/raw/orders/2026-07-30/orders.csv,2026-07-30,P1025,matched_exact,0.767,Normalized product name matches exactly.,NP5025,matched_exact,True,P1025,PineRunner Lightweight Jacket 224,outerwear,rain shell,Rocky Top Outfitters,PineRunner Lightweight Jacket 224,apparel,waterproof outerwear,RTO House Brand,PineRunner Lightweight Jacket 224,outerwear,rain shell,Rocky Top Outfitters
20260730-0052,2026-07-30,S004,,1,168.67,0,in_store,Y,NP5034,migrated,data/raw/orders/2026-07-30/orders.csv,2026-07-30,P1034,matched_exact,1.0,Normalized product name matches exactly.,NP5034,matched_exact,True,P1034,RidgeRover Deluxe Patio Heater 233,patio,patio heater,Highland Ember,RidgeRover Deluxe Patio Heater 233,patio,patio heater,Highland Ember,RidgeRover Deluxe Patio Heater 233,patio,patio heater,Highland Ember
20260730-0053,2026-07-30,S007,,4,159.46,15,in_store,Y,NP5033,migrated,data/raw/orders/2026-07-30/orders.csv,2026-07-30,P1033,matched_exact,0.9291,Normalized product name matches exactly.,NP5033,matched_exact,True,P1033,SummitRunner 4P Tent 232,camping,tent,Rocky Top Outfitters,SummitRunner 4P Tent 232,camping,tent,RTO House Brand,SummitRunner 4P Tent 232,camping,tent,Rocky Top Outfitters
20260730-0054,2026-07-30,S007,,1,149.99,10,in_store,N,NP5060,migrated,data/raw/orders/2026-07-30/orders.csv,2026-07-30,P1060,matched_exact,0.9311,Normalized product name matches exactly.,NP5060,matched_exact,True,P1060,CloudNomad 32oz Tumbler 259,hydration,insulated tumbler,Moss & Mile,CloudNomad-32oz-Tumbler-259,drinkware,insulated tumbler,Moss and Mile,CloudNomad 32oz Tumbler 259,hydration,insulated tumbler,Moss & Mile
20260730-0055,2026-07-30,S005,,2,326.37,5,in_store,Y,NP5045,migrated,data/raw/orders/2026-07-30/orders.csv,2026-07-30,P1045,matched_exact,0.9736,Normalized product name matches exactly.,NP5045,matched_exact,True,P1045,FieldRunner Basecamp Tent 244,camping,tent,Blue Ridge Works,FieldRunner Basecamp Tent 244,camping,tent,Blue Ridge Outdoor Works,FieldRunner Basecamp Tent 244,camping,tent,Blue Ridge Works
20260730-0056,2026-07-30,S007,,1,340.47,5,in_store,Y,NP5039,migrated,data/raw/orders/2026-07-30/orders.csv,2026-07-30,P1039,matched_exact,0.9992,Normalized product name matches exactly.,NP5039,matched_exact,True,P1039,HearthRambler Ultralight Camp Chair 238,camping,camp chair,Switchback Supply,HearthRambler Ultralight Camp Chair 238,camping,camp chair,Switchback Supply,HearthRambler Ultralight Camp Chair 238,camping,camp chair,Switchback Supply
20260730-0057,2026-07-30,S007,,1,127.64,15,ship_from_store,Y,NP5018,migrated,data/raw/orders/2026-07-30/orders.csv,2026-07-30,P1018,matched_exact,0.9327,Normalized product name matches exactly.,NP5018,matched_exact,True,P1018,RidgeRover Trail Tumbler 217,hydration,insulated tumbler,Highland Ember,RidgeRover Trail Tumbler 217,drinkware,insulated tumbler,Highland Ember,RidgeRover Trail Tumbler 217,hydration,insulated tumbler,Highland Ember
20260730-0058,2026-07-30,S007,,1,179.93,0,in_store,N,NP5019,migrated,data/raw/orders/2026-07-30/orders.csv,2026-07-30,P1019,matched_exact,0.8382,Normalized product name matches exactly.,NP5019,matched_exact,True,P1019,CreekRambler Alpine Jacket 218,outerwear,rain shell,Creekline,CreekRambler Alpine Jacket 218,apparel,waterproof outerwear,Creekline,CreekRambler Alpine Jacket 218,outerwear,rain shell,Creekline
20260730-0059,2026-07-30,S002,,1,99.43,0,in_store,Y,NP5013,migrated,data/raw/orders/2026-07-30/orders.csv,2026-07-30,P1013,matched_exact,0.8117,Normalized product name matches exactly.,NP5013,matched_exact,True,P1013,FieldRunner Packable Jacket 212,outerwear,rain shell,Blue Ridge Works,FieldRunner Packable Jacket 212,apparel,waterproof outerwear,Blue Ridge Outdoor Works,FieldRunner Packable Jacket 212,outerwear,rain shell,Blue Ridge Works
20260730-0060,2026-07-30,S002,,2,92.62,15,in_store,Y,NP5004,migrated,data/raw/orders/2026-07-30/orders.csv,2026-07-30,P1004,matched_exact,0.9938,Normalized product name matches exactly.,NP5004,matched_exact,True,P1004,StormNomad Compact Cooler 203,patio,cooler,Moss & Mile,Storm Nomad Compact Cooler 203,patio,cooler,Moss and Mile,StormNomad Compact Cooler 203,patio,cooler,Moss & Mile
20260730-0061,2026-07-30,S007,,2,272.76,5,in_store,N,NP5058,migrated,data/raw/orders/2026-07-30/orders.csv,2026-07-30,P1058,matched_exact,0.9975,Normalized product name matches exactly.,NP5058,matched_exact,True,P1058,VistaRover Deluxe Patio Heater 257,patio,patio heater,Highland Ember,VistaRover-Deluxe-Patio-Heater-257,patio,patio heater,Highland Ember,VistaRover Deluxe Patio Heater 257,patio,patio heater,Highland Ember
20260730-0062,2026-07-30,S001,,2,364.67,15,in_store,Y,NP5051,migrated,data/raw/orders/2026-07-30/orders.csv,2026-07-30,P1051,matched_exact,0.9997,Normalized product name matches exactly.,NP5051,matched_exact,True,P1051,CreekRambler 2P Camp Chair 250,camping,camp chair,Creekline,CreekRambler 2P Camp Chair 250,camping,camp chair,Creekline,CreekRambler 2P Camp Chair 250,camping,camp chair,Creekline
20260730-0063,2026-07-30,S004,,1,358.39,0,pickup,Y,NP5039,migrated,data/raw/orders/2026-07-30/orders.csv,2026-07-30,P1039,matched_exact,0.9992,Normalized product name matches exactly.,NP5039,matched_exact,True,P1039,HearthRambler Ultralight Camp Chair 238,camping,camp chair,Switchback Supply,HearthRambler Ultralight Camp Chair 238,camping,camp chair,Switchback Supply,HearthRambler Ultralight Camp Chair 238,camping,camp chair,Switchback Supply
20260730-0064,2026-07-30,S003,,3,309.19,10,in_store,N,NP5045,migrated,data/raw/orders/2026-07-30/orders.csv,2026-07-30,P1045,matched_exact,0.9736,Normalized product name matches exactly.,NP5045,matched_exact,True,P1045,FieldRunner Basecamp Tent 244,camping,tent,Blue Ridge Works,FieldRunner Basecamp Tent 244,camping,tent,Blue Ridge Outdoor Works,FieldRunner Basecamp Tent 244,camping,tent,Blue Ridge Works
20260730-0065,2026-07-30,S004,,1,648.67,0,in_store,Y,NP5016,migrated,data/raw/orders/2026-07-30/orders.csv,2026-07-30,P1016,matched_exact,0.9993,Normalized product name matches exactly.,NP5016,matched_exact,True,P1016,PeakNomad XL Cooler 215,patio,cooler,TrailForge,PeakNomad XL Cooler 215,patio,cooler,TrailForge,PeakNomad XL Cooler 215,patio,cooler,TrailForge
20260730-0066,2026-07-30,S001,,4,583.8,10,in_store,Y,NP5016,migrated,data/raw/orders/2026-07-30/orders.csv,2026-07-30,P1016,matched_exact,0.9993,Normalized product name matches exactly.,NP5016,matched_exact,True,P1016,PeakNomad XL Cooler 215,patio,cooler,TrailForge,PeakNomad XL Cooler 215,patio,cooler,TrailForge,PeakNomad XL Cooler 215,patio,cooler,TrailForge
20260730-0067,2026-07-30,S006,,1,150.17,0,in_store,N,NP5018,migrated,data/raw/orders/2026-07-30/orders.csv,2026-07-30,P1018,matched_exact,0.9327,Normalized product name matches exactly.,NP5018,matched_exact,True,P1018,RidgeRover Trail Tumbler 217,hydration,insulated tumbler,Highland Ember,RidgeRover Trail Tumbler 217,drinkware,insulated tumbler,Highland Ember,RidgeRover Trail Tumbler 217,hydration,insulated tumbler,Highland Ember
20260730-0068,2026-07-30,S001,,2,188.06,15,ship_from_store,Y,NP5069,migrated,data/raw/orders/2026-07-30/orders.csv,2026-07-30,P1070,review_ambiguous,0.8575,Top candidates are too close; human confirmation is required.,NP5069,review_ambiguous,False,NEW:NP5069,,,,,BoulderNomad Patio Heater,patio,patio heater,Summit Finch,BoulderNomad Patio Heater,patio,patio heater,Summit Finch
20260730-0069,2026-07-30,S006,,3,65.39,10,pickup,Y,NP5054,migrated,data/raw/orders/2026-07-30/orders.csv,2026-07-30,P1054,matched_exact,0.9262,Normalized product name matches exactly.,NP5054,matched_exact,True,P1054,TrailRover 20oz Tumbler 253,hydration,insulated tumbler,Summit Finch,Trail Rover 20oz Tumbler 253,drinkware,insulated tumbler,Summit Finch,TrailRover 20oz Tumbler 253,hydration,insulated tumbler,Summit Finch
20260730-0070,2026-07-30,S002,,2,201.48,5,in_store,Y,NP5014,migrated,data/raw/orders/2026-07-30/orders.csv,2026-07-30,P1014,matched_exact,0.999,Normalized product name matches exactly.,NP5014,matched_exact,True,P1014,SwitchbackRover Wide Trail Shoes 213,footwear,trail shoes,Summit Finch,SwitchbackRover Wide Trail Shoes 213,footwear,trail shoes,Summit Finch,SwitchbackRover Wide Trail Shoes 213,footwear,trail shoes,Summit Finch
20260730-0071,2026-07-30,S001,,2,120.05,0,in_store,Y,NP5012,migrated,data/raw/orders/2026-07-30/orders.csv,2026-07-30,P1012,matched_exact,0.9325,Normalized product name matches exactly.,NP5012,matched_exact,True,P1012,CloudNomad 32oz Tumbler 211,hydration,insulated tumbler,Moss & Mile,CloudNomad 32oz Tumbler 211,drinkware,insulated tumbler,Moss and Mile,CloudNomad 32oz Tumbler 211,hydration,insulated tumbler,Moss & Mile
20260730-0072,2026-07-30,S006,,2,121.37,0,in_store,Y,NP5025,migrated,data/raw/orders/2026-07-30/orders.csv,2026-07-30,P1025,matched_exact,0.767,Normalized product name matches exactly.,NP5025,matched_exact,True,P1025,PineRunner Lightweight Jacket 224,outerwear,rain shell,Rocky Top Outfitters,PineRunner Lightweight Jacket 224,apparel,waterproof outerwear,RTO House Brand,PineRunner Lightweight Jacket 224,outerwear,rain shell,Rocky Top Outfitters
20260730-0073,2026-07-30,S001,,2,387.51,0,pickup,Y,NP5022,migrated,data/raw/orders/2026-07-30/orders.csv,2026-07-30,P1022,matched_exact,0.995,Normalized product name matches exactly.,NP5022,matched_exact,True,P1022,TrailRover Weekend Patio Heater 221,patio,patio heater,Summit Finch,Trail Rover Weekend Patio Heater 221,patio,patio heater,Summit Finch,TrailRover Weekend Patio Heater 221,patio,patio heater,Summit Finch
20260730-0074,2026-07-30,S005,,2,122.43,0,in_store,Y,NP5029,migrated,data/raw/orders/2026-07-30/orders.csv,2026-07-30,P1029,matched_exact,0.8337,Normalized product name matches exactly.,NP5029,matched_exact,True,P1029,FieldRunner Storm Kit Battery Pack 228,emergency,battery pack,Blue Ridge Works,FieldRunner Storm Kit Battery Pack 228,preparedness,power storage,Blue Ridge Outdoor Works,FieldRunner Storm Kit Battery Pack 228,emergency,battery pack,Blue Ridge Works
20260730-0075,2026-07-30,S004,,4,42.83,20,in_store,N,NP5041,migrated,data/raw/orders/2026-07-30/orders.csv,2026-07-30,P1041,matched_exact,0.7894,Normalized product name matches exactly.,NP5041,matched_exact,True,P1041,PineRunner Mini Battery Pack 240,emergency,battery pack,Rocky Top Outfitters,PineRunner Mini Battery Pack 240,preparedness,power storage,RTO House Brand,PineRunner Mini Battery Pack 240,emergency,battery pack,Rocky Top Outfitters
20260730-0076,2026-07-30,S003,,1,648.67,0,in_store,Y,NP5016,migrated,data/raw/orders/2026-07-30/orders.csv,2026-07-30,P1016,matched_exact,0.9993,Normalized product name matches exactly.,NP5016,matched_exact,True,P1016,PeakNomad XL Cooler 215,patio,cooler,TrailForge,PeakNomad XL Cooler 215,patio,cooler,TrailForge,PeakNomad XL Cooler 215,patio,cooler,TrailForge
20260730-0077,2026-07-30,S007,,2,129.77,0,ship_from_store,Y,NP5001,migrated,data/raw/orders/2026-07-30/orders.csv,2026-07-30,P1001,matched_exact,0.7675,Normalized product name matches exactly.,NP5001,matched_exact,True,P1001,SummitRunner Lightweight Jacket 200,outerwear,rain shell,Rocky Top Outfitters,SummitRunner Lightweight Jacket 200,apparel,waterproof outerwear,RTO House Brand,SummitRunner Lightweight Jacket 200,outerwear,rain shell,Rocky Top Outfitters
20260730-0078,2026-07-30,S004,,2,65.43,10,in_store,N,NP5048,migrated,data/raw/orders/2026-07-30/orders.csv,2026-07-30,P1048,matched_exact,0.9323,Normalized product name matches exactly.,NP5048,matched_exact,True,P1048,PeakNomad Travel Tumbler 247,hydration,insulated tumbler,TrailForge,PeakNomad Travel Tumbler 247,drinkware,insulated tumbler,TrailForge,PeakNomad Travel Tumbler 247,hydration,insulated tumbler,TrailForge
20260730-0079,2026-07-30,S007,,2,174.38,10,in_store,N,NP5044,migrated,data/raw/orders/2026-07-30/orders.csv,2026-07-30,P1044,matched_exact,0.9993,Normalized product name matches exactly.,NP5044,matched_exact,True,P1044,CloudNomad Approach Trail Shoes 243,footwear,trail shoes,Moss & Mile,CloudNomad Approach Trail Shoes 243,footwear,trail shoes,Moss and Mile,CloudNomad Approach Trail Shoes 243,footwear,trail shoes,Moss & Mile
20260730-0080,2026-07-30,S007,,1,221.25,0,ship_from_store,Y,NP5069,migrated,data/raw/orders/2026-07-30/orders.csv,2026-07-30,P1070,review_ambiguous,0.8575,Top candidates are too close; human confirmation is required.,NP5069,review_ambiguous,False,NEW:NP5069,,,,,BoulderNomad Patio Heater,patio,patio heater,Summit Finch,BoulderNomad Patio Heater,patio,patio heater,Summit Finch
20260730-0081,2026-07-30,S003,,2,92.62,15,in_store,N,NP5004,migrated,data/raw/orders/2026-07-30/orders.csv,2026-07-30,P1004,matched_exact,0.9938,Normalized product name matches exactly.,NP5004,matched_exact,True,P1004,StormNomad Compact Cooler 203,patio,cooler,Moss & Mile,Storm Nomad Compact Cooler 203,patio,cooler,Moss and Mile,StormNomad Compact Cooler 203,patio,cooler,Moss & Mile
20260730-0082,2026-07-30,S005,,2,55.38,0,in_store,Y,NP5006,migrated,data/raw/orders/2026-07-30/orders.csv,2026-07-30,P1006,matched_exact,0.9267,Normalized product name matches exactly.,NP5006,matched_exact,True,P1006,TrailRover 20oz Tumbler 205,hydration,insulated tumbler,Summit Finch,Trail Rover 20oz Tumbler 205,drinkware,insulated tumbler,Summit Finch,TrailRover 20oz Tumbler 205,hydration,insulated tumbler,Summit Finch
20260730-0083,2026-07-30,S007,,1,583.8,10,in_store,Y,NP5016,migrated,data/raw/orders/2026-07-30/orders.csv,2026-07-30,P1016,matched_exact,0.9993,Normalized product name matches exactly.,NP5016,matched_exact,True,P1016,PeakNomad XL Cooler 215,patio,cooler,TrailForge,PeakNomad XL Cooler 215,patio,cooler,TrailForge,PeakNomad XL Cooler 215,patio,cooler,TrailForge
20260730-0084,2026-07-30,S003,,1,89.89,20,pickup,Y,NP5042,migrated,data/raw/orders/2026-07-30/orders.csv,2026-07-30,P1042,matched_exact,0.9326,Normalized product name matches exactly.,NP5042,matched_exact,True,P1042,VistaRover Trail Tumbler 241,hydration,insulated tumbler,Highland Ember,VistaRover Trail Tumbler 241,drinkware,insulated tumbler,Highland Ember,VistaRover Trail Tumbler 241,hydration,insulated tumbler,Highland Ember
20260730-0085,2026-07-30,S007,,3,147.33,10,pickup,Y,NP5074,migrated,data/raw/orders/2026-07-30/orders.csv,2026-07-30,P1078,review_duplicate_candidate,0.8386,Legacy product P1078 is proposed for multiple new products; possible split or collision.,NP5074,review_duplicate_candidate,False,NEW:NP5074,,,,,SwitchbackRover Insulated Tumbler,drinkware,insulated tumbler,Summit Finch,SwitchbackRover Insulated Tumbler,drinkware,insulated tumbler,Summit Finch
20260730-0086,2026-07-30,S003,,3,378.16,0,pickup,Y,NP5052,migrated,data/raw/orders/2026-07-30/orders.csv,2026-07-30,P1052,matched_exact,0.9932,Normalized product name matches exactly.,NP5052,matched_exact,True,P1052,StormNomad Compact Cooler 251,patio,cooler,Moss & Mile,Storm Nomad Compact Cooler 251,patio,cooler,Moss and Mile,StormNomad Compact Cooler 251,patio,cooler,Moss & Mile
20260730-0087,2026-07-30,S004,,4,183.13,20,in_store,N,NP5046,migrated,data/raw/orders/2026-07-30/orders.csv,2026-07-30,P1046,matched_exact,0.9994,Normalized product name matches exactly.,NP5046,matched_exact,True,P1046,SwitchbackRover Weekend Patio Heater 245,patio,patio heater,Summit Finch,SwitchbackRover Weekend Patio Heater 245,patio,patio heater,Summit Finch,SwitchbackRover Weekend Patio Heater 245,patio,patio heater,Summit Finch
20260730-0088,2026-07-30,S004,,1,200.43,0,ship_from_store,Y,NP5032,migrated,data/raw/orders/2026-07-30/orders.csv,2026-07-30,P1032,matched_exact,0.999,Normalized product name matches exactly.,NP5032,matched_exact,True,P1032,PeakNomad Waterproof Trail Shoes 231,footwear,trail shoes,TrailForge,PeakNomad Waterproof Trail Shoes 231,footwear,trail shoes,TrailForge,PeakNomad Waterproof Trail Shoes 231,footwear,trail shoes,TrailForge
20260730-0089,2026-07-30,S004,,2,70.72,5,pickup,Y,NP5050,migrated,data/raw/orders/2026-07-30/orders.csv,2026-07-30,P1050,matched_exact,0.9997,Normalized product name matches exactly.,NP5050,matched_exact,True,P1050,RidgeRover Mid Trail Shoes 249,footwear,trail shoes,Highland Ember,RidgeRover Mid Trail Shoes 249,footwear,trail shoes,Highland Ember,RidgeRover Mid Trail Shoes 249,footwear,trail shoes,Highland Ember
20260730-0090,2026-07-30,S005,,1,178.75,20,in_store,Y,NP9999,migrated,data/raw/orders/2026-07-30/orders.csv,2026-07-30,,,,,NP9999,unmapped_new_product,False,NEW:NP9999,,,,,,,,,Unmapped product NP9999,unmapped,unmapped,unmapped
20260730-0091,2026-07-30,S006,,3,326.37,5,in_store,Y,NP5045,migrated,data/raw/orders/2026-07-30/orders.csv,2026-07-30,P1045,matched_exact,0.9736,Normalized product name matches exactly.,NP5045,matched_exact,True,P1045,FieldRunner Basecamp Tent 244,camping,tent,Blue Ridge Works,FieldRunner Basecamp Tent 244,camping,tent,Blue Ridge Outdoor Works,FieldRunner Basecamp Tent 244,camping,tent,Blue Ridge Works
20260730-0092,2026-07-30,S001,,3,279.48,0,ship_from_store,N,NP5055,migrated,data/raw/orders/2026-07-30/orders.csv,2026-07-30,P1055,matched_exact,0.8332,Normalized product name matches exactly.,NP5055,matched_exact,True,P1055,HearthRambler Stormproof Jacket 254,outerwear,rain shell,Switchback Supply,HearthRambler Storm proof Jacket 254,apparel,waterproof outerwear,Switchback Supply,HearthRambler Stormproof Jacket 254,outerwear,rain shell,Switchback Supply
20260730-0093,2026-07-30,S005,,4,102.29,5,in_store,Y,NP5065,migrated,data/raw/orders/2026-07-30/orders.csv,2026-07-30,P1065,review_ambiguous,0.7692,Top candidates are too close; human confirmation is required.,NP5065,review_ambiguous,False,NEW:NP5065,,,,,SummitRunner Mini Battery Pack 264 Pro,preparedness,power storage,RTO House Brand,SummitRunner Mini Battery Pack 264 Pro,preparedness,power storage,RTO House Brand
20260730-0094,2026-07-30,S007,,1,274.77,0,pickup,Y,NP5075,migrated,data/raw/orders/2026-07-30/orders.csv,2026-07-30,P1079,review_duplicate_candidate,0.6645,Legacy product P1079 is proposed for multiple new products; possible split or collision.,NP5075,review_duplicate_candidate,False,NEW:NP5075,,,,,MoonRambler Rain Shell,apparel,waterproof outerwear,Switchback Supply,MoonRambler Rain Shell,apparel,waterproof outerwear,Switchback Supply
20260730-0095,2026-07-30,S001,,1,168.67,0,ship_from_store,Y,NP5034,migrated,data/raw/orders/2026-07-30/orders.csv,2026-07-30,P1034,matched_exact,1.0,Normalized product name matches exactly.,NP5034,matched_exact,True,P1034,RidgeRover Deluxe Patio Heater 233,patio,patio heater,Highland Ember,RidgeRover Deluxe Patio Heater 233,patio,patio heater,Highland Ember,RidgeRover Deluxe Patio Heater 233,patio,patio heater,Highland Ember
20260730-0096,2026-07-30,S006,,3,122.43,0,in_store,Y,NP5029,migrated,data/raw/orders/2026-07-30/orders.csv,2026-07-30,P1029,matched_exact,0.8337,Normalized product name matches exactly.,NP5029,matched_exact,True,P1029,FieldRunner Storm Kit Battery Pack 228,emergency,battery pack,Blue Ridge Works,FieldRunner Storm Kit Battery Pack 228,preparedness,power storage,Blue Ridge Outdoor Works,FieldRunner Storm Kit Battery Pack 228,emergency,battery pack,Blue Ridge Works
20260730-0097,2026-07-30,S007,,3,103.51,5,in_store,Y,NP5004,migrated,data/raw/orders/2026-07-30/orders.csv,2026-07-30,P1004,matched_exact,0.9938,Normalized product name matches exactly.,NP5004,matched_exact,True,P1004,StormNomad Compact Cooler 203,patio,cooler,Moss & Mile,Storm Nomad Compact Cooler 203,patio,cooler,Moss and Mile,StormNomad Compact Cooler 203,patio,cooler,Moss & Mile
20260730-0098,2026-07-30,S007,,1,171.54,0,ship_from_store,Y,NP5031,migrated,data/raw/orders/2026-07-30/orders.csv,2026-07-30,P1031,matched_exact,0.8328,Normalized product name matches exactly.,NP5031,matched_exact,True,P1031,MoonRambler Stormproof Jacket 230,outerwear,rain shell,Switchback Supply,MoonRambler Storm proof Jacket 230,apparel,waterproof outerwear,Switchback Supply,MoonRambler Stormproof Jacket 230,outerwear,rain shell,Switchback Supply
20260730-0099,2026-07-30,S003,,2,339.67,15,ship_from_store,Y,NP5057,migrated,data/raw/orders/2026-07-30/orders.csv,2026-07-30,P1057,review_low_confidence,0.8995,Best candidate is plausible but below the automatic-match threshold.,NP5057,review_low_confidence,False,NEW:NP5057,,,,,PineRunner 4P Tent 256 Pro,camping,tent,RTO House Brand,PineRunner 4P Tent 256 Pro,camping,tent,RTO House Brand
20260730-0100,2026-07-30,S004,,3,119.03,20,in_store,Y,NP5056,migrated,data/raw/orders/2026-07-30/orders.csv,2026-07-30,P1056,matched_exact,0.999,Normalized product name matches exactly.,NP5056,matched_exact,True,P1056,CanyonNomad Waterproof Trail Shoes 255,footwear,trail shoes,TrailForge,CanyonNomad Waterproof Trail Shoes 255,footwear,trail shoes,TrailForge,CanyonNomad Waterproof Trail Shoes 255,footwear,trail shoes,TrailForge
20260730-0101,2026-07-30,S002,,3,86.81,5,in_store,Y,NP5073,migrated,data/raw/orders/2026-07-30/orders.csv,2026-07-30,P1077,review_duplicate_candidate,0.7544,Legacy product P1077 is proposed for multiple new products; possible split or collision.,NP5073,review_duplicate_candidate,False,NEW:NP5073,,,,,FieldRunner Battery Pack,preparedness,power storage,Blue Ridge Outdoor Works,FieldRunner Battery Pack,preparedness,power storage,Blue Ridge Outdoor Works
20260730-0102,2026-07-30,S001,,1,174.38,10,in_store,Y,NP5044,migrated,data/raw/orders/2026-07-30/orders.csv,2026-07-30,P1044,matched_exact,0.9993,Normalized product name matches exactly.,NP5044,matched_exact,True,P1044,CloudNomad Approach Trail Shoes 243,footwear,trail shoes,Moss & Mile,CloudNomad Approach Trail Shoes 243,footwear,trail shoes,Moss and Mile,CloudNomad Approach Trail Shoes 243,footwear,trail shoes,Moss & Mile
20260730-0103,2026-07-30,S004,,2,368.13,5,ship_from_store,Y,NP5022,migrated,data/raw/orders/2026-07-30/orders.csv,2026-07-30,P1022,matched_exact,0.995,Normalized product name matches exactly.,NP5022,matched_exact,True,P1022,TrailRover Weekend Patio Heater 221,patio,patio heater,Summit Finch,Trail Rover Weekend Patio Heater 221,patio,patio heater,Summit Finch,TrailRover Weekend Patio Heater 221,patio,patio heater,Summit Finch
20260730-0104,2026-07-30,S006,,3,157.12,0,in_store,Y,NP5076,migrated,data/raw/orders/2026-07-30/orders.csv,2026-07-30,P1080,review_duplicate_candidate,0.9052,Legacy product P1080 is proposed for multiple new products; possible split or collision.,NP5076,review_duplicate_candidate,False,NEW:NP5076,,,,,PeakNomad Trail Shoes,footwear,trail shoes,TrailForge,PeakNomad Trail Shoes,footwear,trail shoes,TrailForge
20260730-0105,2026-07-30,S002,,1,237.41,0,in_store,Y,NP5043,migrated,data/raw/orders/2026-07-30/orders.csv,2026-07-30,P1043,matched_exact,0.8379,Normalized product name matches exactly.,NP5043,matched_exact,True,P1043,BoulderRambler Alpine Jacket 242,outerwear,rain shell,Creekline,BoulderRambler Alpine Jacket 242,apparel,waterproof outerwear,Creekline,BoulderRambler Alpine Jacket 242,outerwear,rain shell,Creekline
20260730-0106,2026-07-30,S007,,1,163.7,0,pickup,N,NP5074,migrated,data/raw/orders/2026-07-30/orders.csv,2026-07-30,P1078,review_duplicate_candidate,0.8386,Legacy product P1078 is proposed for multiple new products; possible split or collision.,NP5074,review_duplicate_candidate,False,NEW:NP5074,,,,,SwitchbackRover Insulated Tumbler,drinkware,insulated tumbler,Summit Finch,SwitchbackRover Insulated Tumbler,drinkware,insulated tumbler,Summit Finch
20260730-0107,2026-07-30,S005,,1,63.28,0,in_store,N,NP5017,migrated,data/raw/orders/2026-07-30/orders.csv,2026-07-30,P1017,matched_exact,0.7894,Normalized product name matches exactly.,NP5017,matched_exact,True,P1017,SummitRunner Mini Battery Pack 216,emergency,battery pack,Rocky Top Outfitters,SummitRunner Mini Battery Pack 216,preparedness,power storage,RTO House Brand,SummitRunner Mini Battery Pack 216,emergency,battery pack,Rocky Top Outfitters
20260730-0108,2026-07-30,S005,,2,65.39,10,in_store,Y,NP5054,migrated,data/raw/orders/2026-07-30/orders.csv,2026-07-30,P1054,matched_exact,0.9262,Normalized product name matches exactly.,NP5054,matched_exact,True,P1054,TrailRover 20oz Tumbler 253,hydration,insulated tumbler,Summit Finch,Trail Rover 20oz Tumbler 253,drinkware,insulated tumbler,Summit Finch,TrailRover 20oz Tumbler 253,hydration,insulated tumbler,Summit Finch
20260730-0109,2026-07-30,S008,,3,74.44,0,in_store,Y,NP5050,migrated,data/raw/orders/2026-07-30/orders.csv,2026-07-30,P1050,matched_exact,0.9997,Normalized product name matches exactly.,NP5050,matched_exact,True,P1050,RidgeRover Mid Trail Shoes 249,footwear,trail shoes,Highland Ember,RidgeRover Mid Trail Shoes 249,footwear,trail shoes,Highland Ember,RidgeRover Mid Trail Shoes 249,footwear,trail shoes,Highland Ember
20260730-0110,2026-07-30,S005,,1,171.54,0,ship_from_store,Y,NP5031,migrated,data/raw/orders/2026-07-30/orders.csv,2026-07-30,P1031,matched_exact,0.8328,Normalized product name matches exactly.,NP5031,matched_exact,True,P1031,MoonRambler Stormproof Jacket 230,outerwear,rain shell,Switchback Supply,MoonRambler Storm proof Jacket 230,apparel,waterproof outerwear,Switchback Supply,MoonRambler Stormproof Jacket 230,outerwear,rain shell,Switchback Supply
20260730-0111,2026-07-30,S008,,3,120.05,0,in_store,Y,NP5012,migrated,data/raw/orders/2026-07-30/orders.csv,2026-07-30,P1012,matched_exact,0.9325,Normalized product name matches exactly.,NP5012,matched_exact,True,P1012,CloudNomad 32oz Tumbler 211,hydration,insulated tumbler,Moss & Mile,CloudNomad 32oz Tumbler 211,drinkware,insulated tumbler,Moss and Mile,CloudNomad 32oz Tumbler 211,hydration,insulated tumbler,Moss & Mile
20260730-0112,2026-07-30,S002,,3,185.01,10,in_store,Y,NP5002,migrated,data/raw/orders/2026-07-30/orders.csv,2026-07-30,P1002,matched_exact,0.9997,Normalized product name matches exactly.,NP5002,matched_exact,True,P1002,RidgeRover Mid Trail Shoes 201,footwear,trail shoes,Highland Ember,RidgeRover Mid Trail Shoes 201,footwear,trail shoes,Highland Ember,RidgeRover Mid Trail Shoes 201,footwear,trail shoes,Highland Ember
20260730-0113,2026-07-30,S006,,2,86.31,0,in_store,N,NP5068,migrated,data/raw/orders/2026-07-30/orders.csv,2026-07-30,P1068,matched_exact,0.9981,Normalized product name matches exactly.,NP5068,matched_exact,True,P1068,StormNomad Approach Trail Shoes 267,footwear,trail shoes,Moss & Mile,StormNomad-Approach-Trail-Shoes-267,footwear,trail shoes,Moss and Mile,StormNomad Approach Trail Shoes 267,footwear,trail shoes,Moss & Mile
20260730-0114,2026-07-30,S001,,2,132.66,0,ship_from_store,Y,NP5011,migrated,data/raw/orders/2026-07-30/orders.csv,2026-07-30,P1011,matched_exact,0.9285,Normalized product name matches exactly.,NP5011,matched_exact,True,P1011,BoulderRambler Rechargeable Flashlight 210,emergency,flashlight,Creekline,BoulderRambler Rechargeable Flashlight 210,preparedness,flashlight,Creekline,BoulderRambler Rechargeable Flashlight 210,emergency,flashlight,Creekline
20260730-0115,2026-07-30,S007,,2,287.12,0,in_store,Y,NP5058,migrated,data/raw/orders/2026-07-30/orders.csv,2026-07-30,P1058,matched_exact,0.9975,Normalized product name matches exactly.,NP5058,matched_exact,True,P1058,VistaRover Deluxe Patio Heater 257,patio,patio heater,Highland Ember,VistaRover-Deluxe-Patio-Heater-257,patio,patio heater,Highland Ember,VistaRover Deluxe Patio Heater 257,patio,patio heater,Highland Ember
20260730-0116,2026-07-30,S004,,4,63.27,15,in_store,Y,NP5050,migrated,data/raw/orders/2026-07-30/orders.csv,2026-07-30,P1050,matched_exact,0.9997,Normalized product name matches exactly.,NP5050,matched_exact,True,P1050,RidgeRover Mid Trail Shoes 249,footwear,trail shoes,Highland Ember,RidgeRover Mid Trail Shoes 249,footwear,trail shoes,Highland Ember,RidgeRover Mid Trail Shoes 249,footwear,trail shoes,Highland Ember
20260730-0117,2026-07-30,S004,,1,164.7,15,in_store,Y,NP5044,migrated,data/raw/orders/2026-07-30/orders.csv,2026-07-30,P1044,matched_exact,0.9993,Normalized product name matches exactly.,NP5044,matched_exact,True,P1044,CloudNomad Approach Trail Shoes 243,footwear,trail shoes,Moss & Mile,CloudNomad Approach Trail Shoes 243,footwear,trail shoes,Moss and Mile,CloudNomad Approach Trail Shoes 243,footwear,trail shoes,Moss & Mile
20260730-0118,2026-07-30,S005,,1,93.13,0,ship_from_store,N,NP5027,migrated,data/raw/orders/2026-07-30/orders.csv,2026-07-30,P1027,matched_exact,0.9996,Normalized product name matches exactly.,NP5027,matched_exact,True,P1027,BoulderRambler 2P Camp Chair 226,camping,camp chair,Creekline,BoulderRambler 2P Camp Chair 226,camping,camp chair,Creekline,BoulderRambler 2P Camp Chair 226,camping,camp chair,Creekline
20260730-0119,2026-07-30,S002,,1,343.55,0,pickup,Y,NP5045,migrated,data/raw/orders/2026-07-30/orders.csv,2026-07-30,P1045,matched_exact,0.9736,Normalized product name matches exactly.,NP5045,matched_exact,True,P1045,FieldRunner Basecamp Tent 244,camping,tent,Blue Ridge Works,FieldRunner Basecamp Tent 244,camping,tent,Blue Ridge Outdoor Works,FieldRunner Basecamp Tent 244,camping,tent,Blue Ridge Works
20260730-0120,2026-07-30,S003,,4,122.43,0,in_store,N,NP5029,migrated,data/raw/orders/2026-07-30/orders.csv,2026-07-30,P1029,matched_exact,0.8337,Normalized product name matches exactly.,NP5029,matched_exact,True,P1029,FieldRunner Storm Kit Battery Pack 228,emergency,battery pack,Blue Ridge Works,FieldRunner Storm Kit Battery Pack 228,preparedness,power storage,Blue Ridge Outdoor Works,FieldRunner Storm Kit Battery Pack 228,emergency,battery pack,Blue Ridge Works
20260730-0121,2026-07-30,S005,,1,309.19,10,in_store,Y,NP5045,migrated,data/raw/orders/2026-07-30/orders.csv,2026-07-30,P1045,matched_exact,0.9736,Normalized product name matches exactly.,NP5045,matched_exact,True,P1045,FieldRunner Basecamp Tent 244,camping,tent,Blue Ridge Works,FieldRunner Basecamp Tent 244,camping,tent,Blue Ridge Outdoor Works,FieldRunner Basecamp Tent 244,camping,tent,Blue Ridge Works
20260730-0122,2026-07-30,S006,,2,86.31,0,pickup,Y,NP5068,migrated,data/raw/orders/2026-07-30/orders.csv,2026-07-30,P1068,matched_exact,0.9981,Normalized product name matches exactly.,NP5068,matched_exact,True,P1068,StormNomad Approach Trail Shoes 267,footwear,trail shoes,Moss & Mile,StormNomad-Approach-Trail-Shoes-267,footwear,trail shoes,Moss and Mile,StormNomad Approach Trail Shoes 267,footwear,trail shoes,Moss & Mile
20260730-0123,2026-07-30,S005,,2,77.22,0,in_store,Y,NP5063,migrated,data/raw/orders/2026-07-30/orders.csv,2026-07-30,P1063,review_ambiguous,0.981,Top candidates are too close; human confirmation is required.,NP5063,review_ambiguous,False,NEW:NP5063,,,,,MoonRambler Ultralight Camp Chair 262 Pro,camping,camp chair,Switchback Supply,MoonRambler Ultralight Camp Chair 262 Pro,camping,camp chair,Switchback Supply
20260730-0124,2026-07-30,S001,,2,89.38,0,in_store,N,NP5037,migrated,data/raw/orders/2026-07-30/orders.csv,2026-07-30,P1037,matched_exact,0.8116,Normalized product name matches exactly.,NP5037,matched_exact,True,P1037,EmberRunner Packable Jacket 236,outerwear,rain shell,Blue Ridge Works,EmberRunner Packable Jacket 236,apparel,waterproof outerwear,Blue Ridge Outdoor Works,EmberRunner Packable Jacket 236,outerwear,rain shell,Blue Ridge Works
20260730-0125,2026-07-30,S004,,2,109.09,0,in_store,Y,NP9999,migrated,data/raw/orders/2026-07-30/orders.csv,2026-07-30,,,,,NP9999,unmapped_new_product,False,NEW:NP9999,,,,,,,,,Unmapped product NP9999,unmapped,unmapped,unmapped
20260730-0126,2026-07-30,S003,,4,93.13,0,pickup,N,NP5027,migrated,data/raw/orders/2026-07-30/orders.csv,2026-07-30,P1027,matched_exact,0.9996,Normalized product name matches exactly.,NP5027,matched_exact,True,P1027,BoulderRambler 2P Camp Chair 226,camping,camp chair,Creekline,BoulderRambler 2P Camp Chair 226,camping,camp chair,Creekline,BoulderRambler 2P Camp Chair 226,camping,camp chair,Creekline
20260730-0127,2026-07-30,S005,,3,163.29,0,ship_from_store,N,NP5062,migrated,data/raw/orders/2026-07-30/orders.csv,2026-07-30,P1062,matched_exact,0.9987,Normalized product name matches exactly.,NP5062,matched_exact,True,P1062,SwitchbackRover Wide Trail Shoes 261,footwear,trail shoes,Summit Finch,SwitchbackRover-Wide-Trail-Shoes-261,footwear,trail shoes,Summit Finch,SwitchbackRover Wide Trail Shoes 261,footwear,trail shoes,Summit Finch
20260730-0128,2026-07-30,S005,,2,137.6,5,in_store,Y,NP5023,migrated,data/raw/orders/2026-07-30/orders.csv,2026-07-30,P1023,matched_exact,0.9279,Normalized product name matches exactly.,NP5023,matched_exact,True,P1023,HearthRambler Expedition Flashlight 222,emergency,flashlight,Switchback Supply,HearthRambler Expedition Flashlight 222,preparedness,flashlight,Switchback Supply,HearthRambler Expedition Flashlight 222,emergency,flashlight,Switchback Supply
20260730-0129,2026-07-30,S002,,4,397.47,10,in_store,Y,NP5003,migrated,data/raw/orders/2026-07-30/orders.csv,2026-07-30,P1003,matched_exact,0.9995,Normalized product name matches exactly.,NP5003,matched_exact,True,P1003,CreekRambler 2P Camp Chair 202,camping,camp chair,Creekline,CreekRambler 2P Camp Chair 202,camping,camp chair,Creekline,CreekRambler 2P Camp Chair 202,camping,camp chair,Creekline
20260730-0130,2026-07-30,S006,,1,178.36,10,ship_from_store,N,NP5038,migrated,data/raw/orders/2026-07-30/orders.csv,2026-07-30,P1038,matched_exact,0.9942,Normalized product name matches exactly.,NP5038,matched_exact,True,P1038,TrailRover Wide Trail Shoes 237,footwear,trail shoes,Summit Finch,Trail Rover Wide Trail Shoes 237,footwear,trail shoes,Summit Finch,TrailRover Wide Trail Shoes 237,footwear,trail shoes,Summit Finch
20260730-0131,2026-07-30,S002,,2,358.39,0,ship_from_store,Y,NP5039,migrated,data/raw/orders/2026-07-30/orders.csv,2026-07-30,P1039,matched_exact,0.9992,Normalized product name matches exactly.,NP5039,matched_exact,True,P1039,HearthRambler Ultralight Camp Chair 238,camping,camp chair,Switchback Supply,HearthRambler Ultralight Camp Chair 238,camping,camp chair,Switchback Supply,HearthRambler Ultralight Camp Chair 238,camping,camp chair,Switchback Supply
20260730-0132,2026-07-30,S007,,4,441.63,0,in_store,N,NP5003,migrated,data/raw/orders/2026-07-30/orders.csv,2026-07-30,P1003,matched_exact,0.9995,Normalized product name matches exactly.,NP5003,matched_exact,True,P1003,CreekRambler 2P Camp Chair 202,camping,camp chair,Creekline,CreekRambler 2P Camp Chair 202,camping,camp chair,Creekline,CreekRambler 2P Camp Chair 202,camping,camp chair,Creekline
20260730-0133,2026-07-30,S004,,4,112.78,5,in_store,N,NP5009,migrated,data/raw/orders/2026-07-30/orders.csv,2026-07-30,P1009,matched_exact,0.9286,Normalized product name matches exactly.,NP5009,matched_exact,True,P1009,PineRunner 4P Tent 208,camping,tent,Rocky Top Outfitters,PineRunner 4P Tent 208,camping,tent,RTO House Brand,PineRunner 4P Tent 208,camping,tent,Rocky Top Outfitters
20260730-0134,2026-07-30,S005,,1,99.43,0,ship_from_store,N,NP5013,migrated,data/raw/orders/2026-07-30/orders.csv,2026-07-30,P1013,matched_exact,0.8117,Normalized product name matches exactly.,NP5013,matched_exact,True,P1013,FieldRunner Packable Jacket 212,outerwear,rain shell,Blue Ridge Works,FieldRunner Packable Jacket 212,apparel,waterproof outerwear,Blue Ridge Outdoor Works,FieldRunner Packable Jacket 212,outerwear,rain shell,Blue Ridge Works
20260730-0135,2026-07-30,S001,,1,121.37,0,in_store,Y,NP5025,migrated,data/raw/orders/2026-07-30/orders.csv,2026-07-30,P1025,matched_exact,0.767,Normalized product name matches exactly.,NP5025,matched_exact,True,P1025,PineRunner Lightweight Jacket 224,outerwear,rain shell,Rocky Top Outfitters,PineRunner Lightweight Jacket 224,apparel,waterproof outerwear,RTO House Brand,PineRunner Lightweight Jacket 224,outerwear,rain shell,Rocky Top Outfitters
20260730-0136,2026-07-30,S002,,4,220.05,0,ship_from_store,Y,NP5071,migrated,data/raw/orders/2026-07-30/orders.csv,2026-07-30,P1074,review_ambiguous,0.8383,Top candidates are too close; human confirmation is required.,NP5071,review_ambiguous,False,NEW:NP5071,,,,,MoonScout Trail Shoes,footwear,trail shoes,Highland Ember,MoonScout Trail Shoes,footwear,trail shoes,Highland Ember
20260730-0137,2026-07-30,S002,,3,90.88,10,in_store,Y,NP5066,migrated,data/raw/orders/2026-07-30/orders.csv,2026-07-30,P1066,matched_exact,0.9322,Normalized product name matches exactly.,NP5066,matched_exact,True,P1066,RidgeRover Trail Tumbler 265,hydration,insulated tumbler,Highland Ember,RidgeRover-Trail-Tumbler-265,drinkware,insulated tumbler,Highland Ember,RidgeRover Trail Tumbler 265,hydration,insulated tumbler,Highland Ember
20260731-0001,2026-07-31,S003,,1,74.44,0,in_store,Y,NP5050,migrated,data/raw/orders/2026-07-31/orders.csv,2026-07-31,P1050,matched_exact,0.9997,Normalized product name matches exactly.,NP5050,matched_exact,True,P1050,RidgeRover Mid Trail Shoes 249,footwear,trail shoes,Highland Ember,RidgeRover Mid Trail Shoes 249,footwear,trail shoes,Highland Ember,RidgeRover Mid Trail Shoes 249,footwear,trail shoes,Highland Ember
20260731-0002,2026-07-31,S007,,2,144.26,0,in_store,N,NP5035,migrated,data/raw/orders/2026-07-31/orders.csv,2026-07-31,P1035,matched_exact,0.9279,Normalized product name matches exactly.,NP5035,matched_exact,True,P1035,CreekRambler Rechargeable Flashlight 234,emergency,flashlight,Creekline,CreekRambler Rechargeable Flashlight 234,preparedness,flashlight,Creekline,CreekRambler Rechargeable Flashlight 234,emergency,flashlight,Creekline
20260731-0003,2026-07-31,S002,,3,183.13,20,ship_from_store,Y,NP5046,migrated,data/raw/orders/2026-07-31/orders.csv,2026-07-31,P1046,matched_exact,0.9994,Normalized product name matches exactly.,NP5046,matched_exact,True,P1046,SwitchbackRover Weekend Patio Heater 245,patio,patio heater,Summit Finch,SwitchbackRover Weekend Patio Heater 245,patio,patio heater,Summit Finch,SwitchbackRover Weekend Patio Heater 245,patio,patio heater,Summit Finch
20260731-0004,2026-07-31,S008,,1,155.01,20,ship_from_store,N,NP5044,migrated,data/raw/orders/2026-07-31/orders.csv,2026-07-31,P1044,matched_exact,0.9993,Normalized product name matches exactly.,NP5044,matched_exact,True,P1044,CloudNomad Approach Trail Shoes 243,footwear,trail shoes,Moss & Mile,CloudNomad Approach Trail Shoes 243,footwear,trail shoes,Moss and Mile,CloudNomad Approach Trail Shoes 243,footwear,trail shoes,Moss & Mile
20260731-0005,2026-07-31,S008,,3,49.84,10,in_store,N,NP5006,migrated,data/raw/orders/2026-07-31/orders.csv,2026-07-31,P1006,matched_exact,0.9267,Normalized product name matches exactly.,NP5006,matched_exact,True,P1006,TrailRover 20oz Tumbler 205,hydration,insulated tumbler,Summit Finch,Trail Rover 20oz Tumbler 205,drinkware,insulated tumbler,Summit Finch,TrailRover 20oz Tumbler 205,hydration,insulated tumbler,Summit Finch
20260731-0006,2026-07-31,S003,,1,186.65,10,in_store,N,NP5020,migrated,data/raw/orders/2026-07-31/orders.csv,2026-07-31,P1020,matched_exact,0.9945,Normalized product name matches exactly.,NP5020,matched_exact,True,P1020,StormNomad Approach Trail Shoes 219,footwear,trail shoes,Moss & Mile,Storm Nomad Approach Trail Shoes 219,footwear,trail shoes,Moss and Mile,StormNomad Approach Trail Shoes 219,footwear,trail shoes,Moss & Mile
20260731-0007,2026-07-31,S007,,2,616.24,5,pickup,N,NP5016,migrated,data/raw/orders/2026-07-31/orders.csv,2026-07-31,P1016,matched_exact,0.9993,Normalized product name matches exactly.,NP5016,matched_exact,True,P1016,PeakNomad XL Cooler 215,patio,cooler,TrailForge,PeakNomad XL Cooler 215,patio,cooler,TrailForge,PeakNomad XL Cooler 215,patio,cooler,TrailForge
20260731-0008,2026-07-31,S004,,2,67.0,10,in_store,N,NP5050,migrated,data/raw/orders/2026-07-31/orders.csv,2026-07-31,P1050,matched_exact,0.9997,Normalized product name matches exactly.,NP5050,matched_exact,True,P1050,RidgeRover Mid Trail Shoes 249,footwear,trail shoes,Highland Ember,RidgeRover Mid Trail Shoes 249,footwear,trail shoes,Highland Ember,RidgeRover Mid Trail Shoes 249,footwear,trail shoes,Highland Ember
20260731-0009,2026-07-31,S008,,1,121.37,0,ship_from_store,Y,NP5025,migrated,data/raw/orders/2026-07-31/orders.csv,2026-07-31,P1025,matched_exact,0.767,Normalized product name matches exactly.,NP5025,matched_exact,True,P1025,PineRunner Lightweight Jacket 224,outerwear,rain shell,Rocky Top Outfitters,PineRunner Lightweight Jacket 224,apparel,waterproof outerwear,RTO House Brand,PineRunner Lightweight Jacket 224,outerwear,rain shell,Rocky Top Outfitters
20260731-0010,2026-07-31,S007,,1,166.65,0,in_store,Y,NP5060,migrated,data/raw/orders/2026-07-31/orders.csv,2026-07-31,P1060,matched_exact,0.9311,Normalized product name matches exactly.,NP5060,matched_exact,True,P1060,CloudNomad 32oz Tumbler 259,hydration,insulated tumbler,Moss & Mile,CloudNomad-32oz-Tumbler-259,drinkware,insulated tumbler,Moss and Mile,CloudNomad 32oz Tumbler 259,hydration,insulated tumbler,Moss & Mile
20260731-0011,2026-07-31,S002,,4,88.37,0,pickup,Y,NP5024,migrated,data/raw/orders/2026-07-31/orders.csv,2026-07-31,P1024,matched_exact,0.9326,Normalized product name matches exactly.,NP5024,matched_exact,True,P1024,CanyonNomad Travel Tumbler 223,hydration,insulated tumbler,TrailForge,CanyonNomad Travel Tumbler 223,drinkware,insulated tumbler,TrailForge,CanyonNomad Travel Tumbler 223,hydration,insulated tumbler,TrailForge
20260731-0012,2026-07-31,S003,,2,61.76,15,in_store,N,NP5054,migrated,data/raw/orders/2026-07-31/orders.csv,2026-07-31,P1054,matched_exact,0.9262,Normalized product name matches exactly.,NP5054,matched_exact,True,P1054,TrailRover 20oz Tumbler 253,hydration,insulated tumbler,Summit Finch,Trail Rover 20oz Tumbler 253,drinkware,insulated tumbler,Summit Finch,TrailRover 20oz Tumbler 253,hydration,insulated tumbler,Summit Finch
20260731-0013,2026-07-31,S003,,1,104.07,15,in_store,Y,NP5029,migrated,data/raw/orders/2026-07-31/orders.csv,2026-07-31,P1029,matched_exact,0.8337,Normalized product name matches exactly.,NP5029,matched_exact,True,P1029,FieldRunner Storm Kit Battery Pack 228,emergency,battery pack,Blue Ridge Works,FieldRunner Storm Kit Battery Pack 228,preparedness,power storage,Blue Ridge Outdoor Works,FieldRunner Storm Kit Battery Pack 228,emergency,battery pack,Blue Ridge Works
20260731-0014,2026-07-31,S001,,2,715.71,10,in_store,N,NP5072,migrated,data/raw/orders/2026-07-31/orders.csv,2026-07-31,P1076,review_ambiguous,0.765,Top candidates are too close; human confirmation is required.,NP5072,review_ambiguous,False,NEW:NP5072,,,,,SummitRover Cooler,patio,cooler,Moss and Mile,SummitRover Cooler,patio,cooler,Moss and Mile
20260731-0015,2026-07-31,S004,,2,148.79,0,in_store,Y,NP5056,migrated,data/raw/orders/2026-07-31/orders.csv,2026-07-31,P1056,matched_exact,0.999,Normalized product name matches exactly.,NP5056,matched_exact,True,P1056,CanyonNomad Waterproof Trail Shoes 255,footwear,trail shoes,TrailForge,CanyonNomad Waterproof Trail Shoes 255,footwear,trail shoes,TrailForge,CanyonNomad Waterproof Trail Shoes 255,footwear,trail shoes,TrailForge
20260731-0016,2026-07-31,S002,,2,429.02,0,in_store,N,NP5051,migrated,data/raw/orders/2026-07-31/orders.csv,2026-07-31,P1051,matched_exact,0.9997,Normalized product name matches exactly.,NP5051,matched_exact,True,P1051,CreekRambler 2P Camp Chair 250,camping,camp chair,Creekline,CreekRambler 2P Camp Chair 250,camping,camp chair,Creekline,CreekRambler 2P Camp Chair 250,camping,camp chair,Creekline
20260731-0017,2026-07-31,S005,,3,130.96,20,ship_from_store,Y,NP5074,migrated,data/raw/orders/2026-07-31/orders.csv,2026-07-31,P1078,review_duplicate_candidate,0.8386,Legacy product P1078 is proposed for multiple new products; possible split or collision.,NP5074,review_duplicate_candidate,False,NEW:NP5074,,,,,SwitchbackRover Insulated Tumbler,drinkware,insulated tumbler,Summit Finch,SwitchbackRover Insulated Tumbler,drinkware,insulated tumbler,Summit Finch
20260731-0018,2026-07-31,S006,,3,358.39,0,ship_from_store,N,NP5039,migrated,data/raw/orders/2026-07-31/orders.csv,2026-07-31,P1039,matched_exact,0.9992,Normalized product name matches exactly.,NP5039,matched_exact,True,P1039,HearthRambler Ultralight Camp Chair 238,camping,camp chair,Switchback Supply,HearthRambler Ultralight Camp Chair 238,camping,camp chair,Switchback Supply,HearthRambler Ultralight Camp Chair 238,camping,camp chair,Switchback Supply
20260731-0019,2026-07-31,S003,,1,220.05,0,in_store,Y,NP5071,migrated,data/raw/orders/2026-07-31/orders.csv,2026-07-31,P1074,review_ambiguous,0.8383,Top candidates are too close; human confirmation is required.,NP5071,review_ambiguous,False,NEW:NP5071,,,,,MoonScout Trail Shoes,footwear,trail shoes,Highland Ember,MoonScout Trail Shoes,footwear,trail shoes,Highland Ember
20260731-0020,2026-07-31,S006,,2,648.67,0,in_store,N,NP5016,migrated,data/raw/orders/2026-07-31/orders.csv,2026-07-31,P1016,matched_exact,0.9993,Normalized product name matches exactly.,NP5016,matched_exact,True,P1016,PeakNomad XL Cooler 215,patio,cooler,TrailForge,PeakNomad XL Cooler 215,patio,cooler,TrailForge,PeakNomad XL Cooler 215,patio,cooler,TrailForge
20260731-0021,2026-07-31,S001,,1,166.43,5,ship_from_store,Y,NP5008,migrated,data/raw/orders/2026-07-31/orders.csv,2026-07-31,P1008,matched_exact,0.9999,Normalized product name matches exactly.,NP5008,matched_exact,True,P1008,CanyonNomad Waterproof Trail Shoes 207,footwear,trail shoes,TrailForge,CanyonNomad Waterproof Trail Shoes 207,footwear,trail shoes,TrailForge,CanyonNomad Waterproof Trail Shoes 207,footwear,trail shoes,TrailForge
20260731-0022,2026-07-31,S001,,3,109.28,15,in_store,Y,NP5030,migrated,data/raw/orders/2026-07-31/orders.csv,2026-07-31,P1030,matched_exact,0.9328,Normalized product name matches exactly.,NP5030,matched_exact,True,P1030,SwitchbackRover 20oz Tumbler 229,hydration,insulated tumbler,Summit Finch,SwitchbackRover 20oz Tumbler 229,drinkware,insulated tumbler,Summit Finch,SwitchbackRover 20oz Tumbler 229,hydration,insulated tumbler,Summit Finch
20260731-0023,2026-07-31,S002,,2,159.46,15,in_store,Y,NP5033,migrated,data/raw/orders/2026-07-31/orders.csv,2026-07-31,P1033,matched_exact,0.9291,Normalized product name matches exactly.,NP5033,matched_exact,True,P1033,SummitRunner 4P Tent 232,camping,tent,Rocky Top Outfitters,SummitRunner 4P Tent 232,camping,tent,RTO House Brand,SummitRunner 4P Tent 232,camping,tent,Rocky Top Outfitters
20260731-0024,2026-07-31,S001,,4,205.57,0,pickup,N,NP5002,migrated,data/raw/orders/2026-07-31/orders.csv,2026-07-31,P1002,matched_exact,0.9997,Normalized product name matches exactly.,NP5002,matched_exact,True,P1002,RidgeRover Mid Trail Shoes 201,footwear,trail shoes,Highland Ember,RidgeRover Mid Trail Shoes 201,footwear,trail shoes,Highland Ember,RidgeRover Mid Trail Shoes 201,footwear,trail shoes,Highland Ember
20260731-0025,2026-07-31,S006,,1,171.67,10,in_store,N,NP5015,migrated,data/raw/orders/2026-07-31/orders.csv,2026-07-31,P1015,matched_exact,0.9998,Normalized product name matches exactly.,NP5015,matched_exact,True,P1015,MoonRambler Ultralight Camp Chair 214,camping,camp chair,Switchback Supply,MoonRambler Ultralight Camp Chair 214,camping,camp chair,Switchback Supply,MoonRambler Ultralight Camp Chair 214,camping,camp chair,Switchback Supply
20260731-0026,2026-07-31,S003,,3,212.27,5,pickup,Y,NP5049,migrated,data/raw/orders/2026-07-31/orders.csv,2026-07-31,P1049,matched_exact,0.7676,Normalized product name matches exactly.,NP5049,matched_exact,True,P1049,SummitRunner Lightweight Jacket 248,outerwear,rain shell,Rocky Top Outfitters,SummitRunner Lightweight Jacket 248,apparel,waterproof outerwear,RTO House Brand,SummitRunner Lightweight Jacket 248,outerwear,rain shell,Rocky Top Outfitters
20260731-0027,2026-07-31,S002,,3,74.44,0,pickup,Y,NP5050,migrated,data/raw/orders/2026-07-31/orders.csv,2026-07-31,P1050,matched_exact,0.9997,Normalized product name matches exactly.,NP5050,matched_exact,True,P1050,RidgeRover Mid Trail Shoes 249,footwear,trail shoes,Highland Ember,RidgeRover Mid Trail Shoes 249,footwear,trail shoes,Highland Ember,RidgeRover Mid Trail Shoes 249,footwear,trail shoes,Highland Ember
20260731-0028,2026-07-31,S005,,4,175.19,0,in_store,Y,NP5008,migrated,data/raw/orders/2026-07-31/orders.csv,2026-07-31,P1008,matched_exact,0.9999,Normalized product name matches exactly.,NP5008,matched_exact,True,P1008,CanyonNomad Waterproof Trail Shoes 207,footwear,trail shoes,TrailForge,CanyonNomad Waterproof Trail Shoes 207,footwear,trail shoes,TrailForge,CanyonNomad Waterproof Trail Shoes 207,footwear,trail shoes,TrailForge
20260731-0029,2026-07-31,S001,,1,77.67,15,ship_from_store,Y,NP5073,migrated,data/raw/orders/2026-07-31/orders.csv,2026-07-31,P1077,review_duplicate_candidate,0.7544,Legacy product P1077 is proposed for multiple new products; possible split or collision.,NP5073,review_duplicate_candidate,False,NEW:NP5073,,,,,FieldRunner Battery Pack,preparedness,power storage,Blue Ridge Outdoor Works,FieldRunner Battery Pack,preparedness,power storage,Blue Ridge Outdoor Works
20260731-0030,2026-07-31,S002,,4,233.55,15,in_store,Y,NP5075,migrated,data/raw/orders/2026-07-31/orders.csv,2026-07-31,P1079,review_duplicate_candidate,0.6645,Legacy product P1079 is proposed for multiple new products; possible split or collision.,NP5075,review_duplicate_candidate,False,NEW:NP5075,,,,,MoonRambler Rain Shell,apparel,waterproof outerwear,Switchback Supply,MoonRambler Rain Shell,apparel,waterproof outerwear,Switchback Supply
20260731-0031,2026-07-31,S003,,1,217.46,5,in_store,N,NP5046,migrated,data/raw/orders/2026-07-31/orders.csv,2026-07-31,P1046,matched_exact,0.9994,Normalized product name matches exactly.,NP5046,matched_exact,True,P1046,SwitchbackRover Weekend Patio Heater 245,patio,patio heater,Summit Finch,SwitchbackRover Weekend Patio Heater 245,patio,patio heater,Summit Finch,SwitchbackRover Weekend Patio Heater 245,patio,patio heater,Summit Finch
20260731-0032,2026-07-31,S008,,3,100.98,0,pickup,Y,NP5066,migrated,data/raw/orders/2026-07-31/orders.csv,2026-07-31,P1066,matched_exact,0.9322,Normalized product name matches exactly.,NP5066,matched_exact,True,P1066,RidgeRover Trail Tumbler 265,hydration,insulated tumbler,Highland Ember,RidgeRover-Trail-Tumbler-265,drinkware,insulated tumbler,Highland Ember,RidgeRover Trail Tumbler 265,hydration,insulated tumbler,Highland Ember
20260731-0033,2026-07-31,S008,,4,120.14,20,ship_from_store,N,NP5018,migrated,data/raw/orders/2026-07-31/orders.csv,2026-07-31,P1018,matched_exact,0.9327,Normalized product name matches exactly.,NP5018,matched_exact,True,P1018,RidgeRover Trail Tumbler 217,hydration,insulated tumbler,Highland Ember,RidgeRover Trail Tumbler 217,drinkware,insulated tumbler,Highland Ember,RidgeRover Trail Tumbler 217,hydration,insulated tumbler,Highland Ember
20260731-0034,2026-07-31,S008,,4,205.57,0,ship_from_store,Y,NP5002,migrated,data/raw/orders/2026-07-31/orders.csv,2026-07-31,P1002,matched_exact,0.9997,Normalized product name matches exactly.,NP5002,matched_exact,True,P1002,RidgeRover Mid Trail Shoes 201,footwear,trail shoes,Highland Ember,RidgeRover Mid Trail Shoes 201,footwear,trail shoes,Highland Ember,RidgeRover Mid Trail Shoes 201,footwear,trail shoes,Highland Ember
20260731-0035,2026-07-31,S006,,4,135.15,10,in_store,Y,NP5018,migrated,data/raw/orders/2026-07-31/orders.csv,2026-07-31,P1018,matched_exact,0.9327,Normalized product name matches exactly.,NP5018,matched_exact,True,P1018,RidgeRover Trail Tumbler 217,hydration,insulated tumbler,Highland Ember,RidgeRover Trail Tumbler 217,drinkware,insulated tumbler,Highland Ember,RidgeRover Trail Tumbler 217,hydration,insulated tumbler,Highland Ember
20260731-0036,2026-07-31,S005,,3,500.02,10,ship_from_store,Y,NP5010,migrated,data/raw/orders/2026-07-31/orders.csv,2026-07-31,P1010,matched_exact,0.9998,Normalized product name matches exactly.,NP5010,matched_exact,True,P1010,VistaRover Deluxe Patio Heater 209,patio,patio heater,Highland Ember,VistaRover Deluxe Patio Heater 209,patio,patio heater,Highland Ember,VistaRover Deluxe Patio Heater 209,patio,patio heater,Highland Ember
20260731-0037,2026-07-31,S004,,4,534.7,15,in_store,Y,NP5028,migrated,data/raw/orders/2026-07-31/orders.csv,2026-07-31,P1028,matched_exact,0.9991,Normalized product name matches exactly.,NP5028,matched_exact,True,P1028,CloudNomad Compact Cooler 227,patio,cooler,Moss & Mile,CloudNomad Compact Cooler 227,patio,cooler,Moss and Mile,CloudNomad Compact Cooler 227,patio,cooler,Moss & Mile
20260731-0038,2026-07-31,S002,,1,83.82,10,in_store,Y,NP5027,migrated,data/raw/orders/2026-07-31/orders.csv,2026-07-31,P1027,matched_exact,0.9996,Normalized product name matches exactly.,NP5027,matched_exact,True,P1027,BoulderRambler 2P Camp Chair 226,camping,camp chair,Creekline,BoulderRambler 2P Camp Chair 226,camping,camp chair,Creekline,BoulderRambler 2P Camp Chair 226,camping,camp chair,Creekline
20260731-0039,2026-07-31,S001,,2,73.1,20,in_store,Y,NP5073,migrated,data/raw/orders/2026-07-31/orders.csv,2026-07-31,P1077,review_duplicate_candidate,0.7544,Legacy product P1077 is proposed for multiple new products; possible split or collision.,NP5073,review_duplicate_candidate,False,NEW:NP5073,,,,,FieldRunner Battery Pack,preparedness,power storage,Blue Ridge Outdoor Works,FieldRunner Battery Pack,preparedness,power storage,Blue Ridge Outdoor Works
20260731-0040,2026-07-31,S003,,3,77.22,0,ship_from_store,Y,NP5063,migrated,data/raw/orders/2026-07-31/orders.csv,2026-07-31,P1063,review_ambiguous,0.981,Top candidates are too close; human confirmation is required.,NP5063,review_ambiguous,False,NEW:NP5063,,,,,MoonRambler Ultralight Camp Chair 262 Pro,camping,camp chair,Switchback Supply,MoonRambler Ultralight Camp Chair 262 Pro,camping,camp chair,Switchback Supply
20260731-0041,2026-07-31,S005,,2,616.24,5,in_store,N,NP5016,migrated,data/raw/orders/2026-07-31/orders.csv,2026-07-31,P1016,matched_exact,0.9993,Normalized product name matches exactly.,NP5016,matched_exact,True,P1016,PeakNomad XL Cooler 215,patio,cooler,TrailForge,PeakNomad XL Cooler 215,patio,cooler,TrailForge,PeakNomad XL Cooler 215,patio,cooler,TrailForge
20260731-0042,2026-07-31,S001,,1,109.09,0,in_store,N,NP5007,migrated,data/raw/orders/2026-07-31/orders.csv,2026-07-31,P1007,matched_exact,0.8325,Normalized product name matches exactly.,NP5007,matched_exact,True,P1007,HearthRambler Stormproof Jacket 206,outerwear,rain shell,Switchback Supply,HearthRambler Storm proof Jacket 206,apparel,waterproof outerwear,Switchback Supply,HearthRambler Stormproof Jacket 206,outerwear,rain shell,Switchback Supply
20260731-0043,2026-07-31,S002,,1,171.67,10,pickup,Y,NP5015,migrated,data/raw/orders/2026-07-31/orders.csv,2026-07-31,P1015,matched_exact,0.9998,Normalized product name matches exactly.,NP5015,matched_exact,True,P1015,MoonRambler Ultralight Camp Chair 214,camping,camp chair,Switchback Supply,MoonRambler Ultralight Camp Chair 214,camping,camp chair,Switchback Supply,MoonRambler Ultralight Camp Chair 214,camping,camp chair,Switchback Supply
20260731-0044,2026-07-31,S008,,1,61.78,20,ship_from_store,Y,NP5063,migrated,data/raw/orders/2026-07-31/orders.csv,2026-07-31,P1063,review_ambiguous,0.981,Top candidates are too close; human confirmation is required.,NP5063,review_ambiguous,False,NEW:NP5063,,,,,MoonRambler Ultralight Camp Chair 262 Pro,camping,camp chair,Switchback Supply,MoonRambler Ultralight Camp Chair 262 Pro,camping,camp chair,Switchback Supply
20260731-0045,2026-07-31,S004,,1,237.41,0,in_store,Y,NP5043,migrated,data/raw/orders/2026-07-31/orders.csv,2026-07-31,P1043,matched_exact,0.8379,Normalized product name matches exactly.,NP5043,matched_exact,True,P1043,BoulderRambler Alpine Jacket 242,outerwear,rain shell,Creekline,BoulderRambler Alpine Jacket 242,apparel,waterproof outerwear,Creekline,BoulderRambler Alpine Jacket 242,outerwear,rain shell,Creekline
20260731-0046,2026-07-31,S008,,1,176.28,15,in_store,Y,NP5020,migrated,data/raw/orders/2026-07-31/orders.csv,2026-07-31,P1020,matched_exact,0.9945,Normalized product name matches exactly.,NP5020,matched_exact,True,P1020,StormNomad Approach Trail Shoes 219,footwear,trail shoes,Moss & Mile,Storm Nomad Approach Trail Shoes 219,footwear,trail shoes,Moss and Mile,StormNomad Approach Trail Shoes 219,footwear,trail shoes,Moss & Mile
20260731-0047,2026-07-31,S007,,1,292.02,15,pickup,N,NP5045,migrated,data/raw/orders/2026-07-31/orders.csv,2026-07-31,P1045,matched_exact,0.9736,Normalized product name matches exactly.,NP5045,matched_exact,True,P1045,FieldRunner Basecamp Tent 244,camping,tent,Blue Ridge Works,FieldRunner Basecamp Tent 244,camping,tent,Blue Ridge Outdoor Works,FieldRunner Basecamp Tent 244,camping,tent,Blue Ridge Works
20260731-0048,2026-07-31,S006,,1,198.18,0,pickup,Y,NP5038,migrated,data/raw/orders/2026-07-31/orders.csv,2026-07-31,P1038,matched_exact,0.9942,Normalized product name matches exactly.,NP5038,matched_exact,True,P1038,TrailRover Wide Trail Shoes 237,footwear,trail shoes,Summit Finch,Trail Rover Wide Trail Shoes 237,footwear,trail shoes,Summit Finch,TrailRover Wide Trail Shoes 237,footwear,trail shoes,Summit Finch
20260731-0049,2026-07-31,S007,,1,65.64,15,pickup,Y,NP5063,migrated,data/raw/orders/2026-07-31/orders.csv,2026-07-31,P1063,review_ambiguous,0.981,Top candidates are too close; human confirmation is required.,NP5063,review_ambiguous,False,NEW:NP5063,,,,,MoonRambler Ultralight Camp Chair 262 Pro,camping,camp chair,Switchback Supply,MoonRambler Ultralight Camp Chair 262 Pro,camping,camp chair,Switchback Supply
20260731-0050,2026-07-31,S003,,1,200.43,0,in_store,Y,NP5032,migrated,data/raw/orders/2026-07-31/orders.csv,2026-07-31,P1032,matched_exact,0.999,Normalized product name matches exactly.,NP5032,matched_exact,True,P1032,PeakNomad Waterproof Trail Shoes 231,footwear,trail shoes,TrailForge,PeakNomad Waterproof Trail Shoes 231,footwear,trail shoes,TrailForge,PeakNomad Waterproof Trail Shoes 231,footwear,trail shoes,TrailForge
20260731-0051,2026-07-31,S005,,3,143.21,0,in_store,Y,NP5070,migrated,data/raw/orders/2026-07-31/orders.csv,2026-07-31,P1072,review_ambiguous,0.7022,Top candidates are too close; human confirmation is required.,NP5070,review_ambiguous,False,NEW:NP5070,,,,,FieldPacer Insulated Tumbler,drinkware,insulated tumbler,TrailForge,FieldPacer Insulated Tumbler,drinkware,insulated tumbler,TrailForge
20260731-0052,2026-07-31,S005,,2,112.37,0,in_store,N,NP5005,migrated,data/raw/orders/2026-07-31/orders.csv,2026-07-31,P1005,matched_exact,0.8343,Normalized product name matches exactly.,NP5005,matched_exact,True,P1005,EmberRunner Storm Kit Battery Pack 204,emergency,battery pack,Blue Ridge Works,EmberRunner Storm Kit Battery Pack 204,preparedness,power storage,Blue Ridge Outdoor Works,EmberRunner Storm Kit Battery Pack 204,emergency,battery pack,Blue Ridge Works
20260731-0053,2026-07-31,S006,,2,93.13,0,ship_from_store,Y,NP5027,migrated,data/raw/orders/2026-07-31/orders.csv,2026-07-31,P1027,matched_exact,0.9996,Normalized product name matches exactly.,NP5027,matched_exact,True,P1027,BoulderRambler 2P Camp Chair 226,camping,camp chair,Creekline,BoulderRambler 2P Camp Chair 226,camping,camp chair,Creekline,BoulderRambler 2P Camp Chair 226,camping,camp chair,Creekline
20260731-0054,2026-07-31,S006,,3,304.63,15,in_store,Y,NP5039,migrated,data/raw/orders/2026-07-31/orders.csv,2026-07-31,P1039,matched_exact,0.9992,Normalized product name matches exactly.,NP5039,matched_exact,True,P1039,HearthRambler Ultralight Camp Chair 238,camping,camp chair,Switchback Supply,HearthRambler Ultralight Camp Chair 238,camping,camp chair,Switchback Supply,HearthRambler Ultralight Camp Chair 238,camping,camp chair,Switchback Supply
20260731-0055,2026-07-31,S004,,3,103.82,20,in_store,Y,NP5001,migrated,data/raw/orders/2026-07-31/orders.csv,2026-07-31,P1001,matched_exact,0.7675,Normalized product name matches exactly.,NP5001,matched_exact,True,P1001,SummitRunner Lightweight Jacket 200,outerwear,rain shell,Rocky Top Outfitters,SummitRunner Lightweight Jacket 200,apparel,waterproof outerwear,RTO House Brand,SummitRunner Lightweight Jacket 200,outerwear,rain shell,Rocky Top Outfitters
20260731-0056,2026-07-31,S008,,1,378.16,0,in_store,Y,NP5052,migrated,data/raw/orders/2026-07-31/orders.csv,2026-07-31,P1052,matched_exact,0.9932,Normalized product name matches exactly.,NP5052,matched_exact,True,P1052,StormNomad Compact Cooler 251,patio,cooler,Moss & Mile,Storm Nomad Compact Cooler 251,patio,cooler,Moss and Mile,StormNomad Compact Cooler 251,patio,cooler,Moss & Mile
20260731-0057,2026-07-31,S007,,2,110.3,15,in_store,Y,NP5001,migrated,data/raw/orders/2026-07-31/orders.csv,2026-07-31,P1001,matched_exact,0.7675,Normalized product name matches exactly.,NP5001,matched_exact,True,P1001,SummitRunner Lightweight Jacket 200,outerwear,rain shell,Rocky Top Outfitters,SummitRunner Lightweight Jacket 200,apparel,waterproof outerwear,RTO House Brand,SummitRunner Lightweight Jacket 200,outerwear,rain shell,Rocky Top Outfitters
20260731-0058,2026-07-31,S004,,2,116.79,10,in_store,Y,NP5001,migrated,data/raw/orders/2026-07-31/orders.csv,2026-07-31,P1001,matched_exact,0.7675,Normalized product name matches exactly.,NP5001,matched_exact,True,P1001,SummitRunner Lightweight Jacket 200,outerwear,rain shell,Rocky Top Outfitters,SummitRunner Lightweight Jacket 200,apparel,waterproof outerwear,RTO House Brand,SummitRunner Lightweight Jacket 200,outerwear,rain shell,Rocky Top Outfitters
20260731-0059,2026-07-31,S001,,3,178.36,10,in_store,Y,NP5038,migrated,data/raw/orders/2026-07-31/orders.csv,2026-07-31,P1038,matched_exact,0.9942,Normalized product name matches exactly.,NP5038,matched_exact,True,P1038,TrailRover Wide Trail Shoes 237,footwear,trail shoes,Summit Finch,Trail Rover Wide Trail Shoes 237,footwear,trail shoes,Summit Finch,TrailRover Wide Trail Shoes 237,footwear,trail shoes,Summit Finch
20260731-0060,2026-07-31,S001,,1,795.23,0,in_store,N,NP5072,migrated,data/raw/orders/2026-07-31/orders.csv,2026-07-31,P1076,review_ambiguous,0.765,Top candidates are too close; human confirmation is required.,NP5072,review_ambiguous,False,NEW:NP5072,,,,,SummitRover Cooler,patio,cooler,Moss and Mile,SummitRover Cooler,patio,cooler,Moss and Mile
20260731-0061,2026-07-31,S008,,2,72.66,0,in_store,Y,NP5054,migrated,data/raw/orders/2026-07-31/orders.csv,2026-07-31,P1054,matched_exact,0.9262,Normalized product name matches exactly.,NP5054,matched_exact,True,P1054,TrailRover 20oz Tumbler 253,hydration,insulated tumbler,Summit Finch,Trail Rover 20oz Tumbler 253,drinkware,insulated tumbler,Summit Finch,TrailRover 20oz Tumbler 253,hydration,insulated tumbler,Summit Finch
20260731-0062,2026-07-31,S005,,4,106.14,5,in_store,Y,NP5053,migrated,data/raw/orders/2026-07-31/orders.csv,2026-07-31,P1053,matched_exact,0.8337,Normalized product name matches exactly.,NP5053,matched_exact,True,P1053,EmberRunner Storm Kit Battery Pack 252,emergency,battery pack,Blue Ridge Works,EmberRunner Storm Kit Battery Pack 252,preparedness,power storage,Blue Ridge Outdoor Works,EmberRunner Storm Kit Battery Pack 252,emergency,battery pack,Blue Ridge Works
20260731-0063,2026-07-31,S003,,3,399.61,0,pickup,Y,NP5057,migrated,data/raw/orders/2026-07-31/orders.csv,2026-07-31,P1057,review_low_confidence,0.8995,Best candidate is plausible but below the automatic-match threshold.,NP5057,review_low_confidence,False,NEW:NP5057,,,,,PineRunner 4P Tent 256 Pro,camping,tent,RTO House Brand,PineRunner 4P Tent 256 Pro,camping,tent,RTO House Brand
20260731-0064,2026-07-31,S008,,4,143.37,15,in_store,Y,NP5034,migrated,data/raw/orders/2026-07-31/orders.csv,2026-07-31,P1034,matched_exact,1.0,Normalized product name matches exactly.,NP5034,matched_exact,True,P1034,RidgeRover Deluxe Patio Heater 233,patio,patio heater,Highland Ember,RidgeRover Deluxe Patio Heater 233,patio,patio heater,Highland Ember,RidgeRover Deluxe Patio Heater 233,patio,patio heater,Highland Ember
20260731-0065,2026-07-31,S005,,1,188.06,15,pickup,N,NP5069,migrated,data/raw/orders/2026-07-31/orders.csv,2026-07-31,P1070,review_ambiguous,0.8575,Top candidates are too close; human confirmation is required.,NP5069,review_ambiguous,False,NEW:NP5069,,,,,BoulderNomad Patio Heater,patio,patio heater,Summit Finch,BoulderNomad Patio Heater,patio,patio heater,Summit Finch
20260731-0066,2026-07-31,S007,,2,419.55,5,pickup,Y,NP5003,migrated,data/raw/orders/2026-07-31/orders.csv,2026-07-31,P1003,matched_exact,0.9995,Normalized product name matches exactly.,NP5003,matched_exact,True,P1003,CreekRambler 2P Camp Chair 202,camping,camp chair,Creekline,CreekRambler 2P Camp Chair 202,camping,camp chair,Creekline,CreekRambler 2P Camp Chair 202,camping,camp chair,Creekline
20260731-0067,2026-07-31,S003,,1,58.13,20,pickup,N,NP5054,migrated,data/raw/orders/2026-07-31/orders.csv,2026-07-31,P1054,matched_exact,0.9262,Normalized product name matches exactly.,NP5054,matched_exact,True,P1054,TrailRover 20oz Tumbler 253,hydration,insulated tumbler,Summit Finch,Trail Rover 20oz Tumbler 253,drinkware,insulated tumbler,Summit Finch,TrailRover 20oz Tumbler 253,hydration,insulated tumbler,Summit Finch
20260731-0068,2026-07-31,S008,,2,353.3,20,pickup,Y,NP5003,migrated,data/raw/orders/2026-07-31/orders.csv,2026-07-31,P1003,matched_exact,0.9995,Normalized product name matches exactly.,NP5003,matched_exact,True,P1003,CreekRambler 2P Camp Chair 202,camping,camp chair,Creekline,CreekRambler 2P Camp Chair 202,camping,camp chair,Creekline,CreekRambler 2P Camp Chair 202,camping,camp chair,Creekline
20260731-0069,2026-07-31,S004,,1,210.19,5,in_store,N,NP5069,migrated,data/raw/orders/2026-07-31/orders.csv,2026-07-31,P1070,review_ambiguous,0.8575,Top candidates are too close; human confirmation is required.,NP5069,review_ambiguous,False,NEW:NP5069,,,,,BoulderNomad Patio Heater,patio,patio heater,Summit Finch,BoulderNomad Patio Heater,patio,patio heater,Summit Finch
20260731-0070,2026-07-31,S008,,2,675.95,15,ship_from_store,Y,NP5072,migrated,data/raw/orders/2026-07-31/orders.csv,2026-07-31,P1076,review_ambiguous,0.765,Top candidates are too close; human confirmation is required.,NP5072,review_ambiguous,False,NEW:NP5072,,,,,SummitRover Cooler,patio,cooler,Moss and Mile,SummitRover Cooler,patio,cooler,Moss and Mile
20260731-0071,2026-07-31,S002,,2,88.37,0,pickup,N,NP5024,migrated,data/raw/orders/2026-07-31/orders.csv,2026-07-31,P1024,matched_exact,0.9326,Normalized product name matches exactly.,NP5024,matched_exact,True,P1024,CanyonNomad Travel Tumbler 223,hydration,insulated tumbler,TrailForge,CanyonNomad Travel Tumbler 223,drinkware,insulated tumbler,TrailForge,CanyonNomad Travel Tumbler 223,hydration,insulated tumbler,TrailForge
20260731-0072,2026-07-31,S003,,3,72.66,0,pickup,N,NP5054,migrated,data/raw/orders/2026-07-31/orders.csv,2026-07-31,P1054,matched_exact,0.9262,Normalized product name matches exactly.,NP5054,matched_exact,True,P1054,TrailRover 20oz Tumbler 253,hydration,insulated tumbler,Summit Finch,Trail Rover 20oz Tumbler 253,drinkware,insulated tumbler,Summit Finch,TrailRover 20oz Tumbler 253,hydration,insulated tumbler,Summit Finch
20260731-0073,2026-07-31,S005,,2,77.22,0,ship_from_store,Y,NP5063,migrated,data/raw/orders/2026-07-31/orders.csv,2026-07-31,P1063,review_ambiguous,0.981,Top candidates are too close; human confirmation is required.,NP5063,review_ambiguous,False,NEW:NP5063,,,,,MoonRambler Ultralight Camp Chair 262 Pro,camping,camp chair,Switchback Supply,MoonRambler Ultralight Camp Chair 262 Pro,camping,camp chair,Switchback Supply
20260731-0074,2026-07-31,S005,,1,190.74,0,in_store,Y,NP5015,migrated,data/raw/orders/2026-07-31/orders.csv,2026-07-31,P1015,matched_exact,0.9998,Normalized product name matches exactly.,NP5015,matched_exact,True,P1015,MoonRambler Ultralight Camp Chair 214,camping,camp chair,Switchback Supply,MoonRambler Ultralight Camp Chair 214,camping,camp chair,Switchback Supply,MoonRambler Ultralight Camp Chair 214,camping,camp chair,Switchback Supply
20260731-0075,2026-07-31,S008,,2,109.09,0,ship_from_store,Y,NP5007,migrated,data/raw/orders/2026-07-31/orders.csv,2026-07-31,P1007,matched_exact,0.8325,Normalized product name matches exactly.,NP5007,matched_exact,True,P1007,HearthRambler Stormproof Jacket 206,outerwear,rain shell,Switchback Supply,HearthRambler Storm proof Jacket 206,apparel,waterproof outerwear,Switchback Supply,HearthRambler Stormproof Jacket 206,outerwear,rain shell,Switchback Supply
20260731-0076,2026-07-31,S008,,1,69.06,5,in_store,Y,NP5048,migrated,data/raw/orders/2026-07-31/orders.csv,2026-07-31,P1048,matched_exact,0.9323,Normalized product name matches exactly.,NP5048,matched_exact,True,P1048,PeakNomad Travel Tumbler 247,hydration,insulated tumbler,TrailForge,PeakNomad Travel Tumbler 247,drinkware,insulated tumbler,TrailForge,PeakNomad Travel Tumbler 247,hydration,insulated tumbler,TrailForge
20260731-0077,2026-07-31,S004,,4,368.13,5,pickup,Y,NP5022,migrated,data/raw/orders/2026-07-31/orders.csv,2026-07-31,P1022,matched_exact,0.995,Normalized product name matches exactly.,NP5022,matched_exact,True,P1022,TrailRover Weekend Patio Heater 221,patio,patio heater,Summit Finch,Trail Rover Weekend Patio Heater 221,patio,patio heater,Summit Finch,TrailRover Weekend Patio Heater 221,patio,patio heater,Summit Finch
20260731-0078,2026-07-31,S002,,1,364.67,15,in_store,N,NP5051,migrated,data/raw/orders/2026-07-31/orders.csv,2026-07-31,P1051,matched_exact,0.9997,Normalized product name matches exactly.,NP5051,matched_exact,True,P1051,CreekRambler 2P Camp Chair 250,camping,camp chair,Creekline,CreekRambler 2P Camp Chair 250,camping,camp chair,Creekline,CreekRambler 2P Camp Chair 250,camping,camp chair,Creekline
20260731-0079,2026-07-31,S007,,1,90.88,10,ship_from_store,Y,NP5066,migrated,data/raw/orders/2026-07-31/orders.csv,2026-07-31,P1066,matched_exact,0.9322,Normalized product name matches exactly.,NP5066,matched_exact,True,P1066,RidgeRover Trail Tumbler 265,hydration,insulated tumbler,Highland Ember,RidgeRover-Trail-Tumbler-265,drinkware,insulated tumbler,Highland Ember,RidgeRover Trail Tumbler 265,hydration,insulated tumbler,Highland Ember
20260731-0080,2026-07-31,S006,,4,500.02,10,in_store,Y,NP5010,migrated,data/raw/orders/2026-07-31/orders.csv,2026-07-31,P1010,matched_exact,0.9998,Normalized product name matches exactly.,NP5010,matched_exact,True,P1010,VistaRover Deluxe Patio Heater 209,patio,patio heater,Highland Ember,VistaRover Deluxe Patio Heater 209,patio,patio heater,Highland Ember,VistaRover Deluxe Patio Heater 209,patio,patio heater,Highland Ember
20260731-0081,2026-07-31,S001,,2,158.54,20,in_store,Y,NP5038,migrated,data/raw/orders/2026-07-31/orders.csv,2026-07-31,P1038,matched_exact,0.9942,Normalized product name matches exactly.,NP5038,matched_exact,True,P1038,TrailRover Wide Trail Shoes 237,footwear,trail shoes,Summit Finch,Trail Rover Wide Trail Shoes 237,footwear,trail shoes,Summit Finch,TrailRover Wide Trail Shoes 237,footwear,trail shoes,Summit Finch
20260731-0082,2026-07-31,S005,,1,86.31,0,in_store,Y,NP5068,migrated,data/raw/orders/2026-07-31/orders.csv,2026-07-31,P1068,matched_exact,0.9981,Normalized product name matches exactly.,NP5068,matched_exact,True,P1068,StormNomad Approach Trail Shoes 267,footwear,trail shoes,Moss & Mile,StormNomad-Approach-Trail-Shoes-267,footwear,trail shoes,Moss and Mile,StormNomad Approach Trail Shoes 267,footwear,trail shoes,Moss & Mile
20260731-0083,2026-07-31,S002,,1,63.28,0,ship_from_store,Y,NP5017,migrated,data/raw/orders/2026-07-31/orders.csv,2026-07-31,P1017,matched_exact,0.7894,Normalized product name matches exactly.,NP5017,matched_exact,True,P1017,SummitRunner Mini Battery Pack 216,emergency,battery pack,Rocky Top Outfitters,SummitRunner Mini Battery Pack 216,preparedness,power storage,RTO House Brand,SummitRunner Mini Battery Pack 216,emergency,battery pack,Rocky Top Outfitters
20260731-0084,2026-07-31,S008,,2,103.51,5,pickup,Y,NP5004,migrated,data/raw/orders/2026-07-31/orders.csv,2026-07-31,P1004,matched_exact,0.9938,Normalized product name matches exactly.,NP5004,matched_exact,True,P1004,StormNomad Compact Cooler 203,patio,cooler,Moss & Mile,Storm Nomad Compact Cooler 203,patio,cooler,Moss and Mile,StormNomad Compact Cooler 203,patio,cooler,Moss & Mile
20260731-0085,2026-07-31,S006,,3,123.35,20,in_store,Y,NP5061,migrated,data/raw/orders/2026-07-31/orders.csv,2026-07-31,P1061,review_ambiguous,0.7899,Top candidates are too close; human confirmation is required.,NP5061,review_ambiguous,False,NEW:NP5061,,,,,FieldRunner Packable Jacket 260 Pro,apparel,waterproof outerwear,Blue Ridge Outdoor Works,FieldRunner Packable Jacket 260 Pro,apparel,waterproof outerwear,Blue Ridge Outdoor Works
20260731-0086,2026-07-31,S002,,1,128.56,0,pickup,Y,NP5030,migrated,data/raw/orders/2026-07-31/orders.csv,2026-07-31,P1030,matched_exact,0.9328,Normalized product name matches exactly.,NP5030,matched_exact,True,P1030,SwitchbackRover 20oz Tumbler 229,hydration,insulated tumbler,Summit Finch,SwitchbackRover 20oz Tumbler 229,drinkware,insulated tumbler,Summit Finch,SwitchbackRover 20oz Tumbler 229,hydration,insulated tumbler,Summit Finch
20260731-0087,2026-07-31,S007,,2,120.14,20,in_store,Y,NP5018,migrated,data/raw/orders/2026-07-31/orders.csv,2026-07-31,P1018,matched_exact,0.9327,Normalized product name matches exactly.,NP5018,matched_exact,True,P1018,RidgeRover Trail Tumbler 217,hydration,insulated tumbler,Highland Ember,RidgeRover Trail Tumbler 217,drinkware,insulated tumbler,Highland Ember,RidgeRover Trail Tumbler 217,hydration,insulated tumbler,Highland Ember
20260731-0088,2026-07-31,S007,,1,112.37,0,in_store,Y,NP5005,migrated,data/raw/orders/2026-07-31/orders.csv,2026-07-31,P1005,matched_exact,0.8343,Normalized product name matches exactly.,NP5005,matched_exact,True,P1005,EmberRunner Storm Kit Battery Pack 204,emergency,battery pack,Blue Ridge Works,EmberRunner Storm Kit Battery Pack 204,preparedness,power storage,Blue Ridge Outdoor Works,EmberRunner Storm Kit Battery Pack 204,emergency,battery pack,Blue Ridge Works
20260731-0089,2026-07-31,S003,,1,378.16,0,in_store,N,NP5052,migrated,data/raw/orders/2026-07-31/orders.csv,2026-07-31,P1052,matched_exact,0.9932,Normalized product name matches exactly.,NP5052,matched_exact,True,P1052,StormNomad Compact Cooler 251,patio,cooler,Moss & Mile,Storm Nomad Compact Cooler 251,patio,cooler,Moss and Mile,StormNomad Compact Cooler 251,patio,cooler,Moss & Mile
20260731-0090,2026-07-31,S005,,1,397.47,10,ship_from_store,Y,NP5003,migrated,data/raw/orders/2026-07-31/orders.csv,2026-07-31,P1003,matched_exact,0.9995,Normalized product name matches exactly.,NP5003,matched_exact,True,P1003,CreekRambler 2P Camp Chair 202,camping,camp chair,Creekline,CreekRambler 2P Camp Chair 202,camping,camp chair,Creekline,CreekRambler 2P Camp Chair 202,camping,camp chair,Creekline
20260731-0091,2026-07-31,S001,,2,220.05,0,in_store,Y,NP5071,migrated,data/raw/orders/2026-07-31/orders.csv,2026-07-31,P1074,review_ambiguous,0.8383,Top candidates are too close; human confirmation is required.,NP5071,review_ambiguous,False,NEW:NP5071,,,,,MoonScout Trail Shoes,footwear,trail shoes,Highland Ember,MoonScout Trail Shoes,footwear,trail shoes,Highland Ember
20260731-0092,2026-07-31,S002,,4,274.77,0,in_store,Y,NP5075,migrated,data/raw/orders/2026-07-31/orders.csv,2026-07-31,P1079,review_duplicate_candidate,0.6645,Legacy product P1079 is proposed for multiple new products; possible split or collision.,NP5075,review_duplicate_candidate,False,NEW:NP5075,,,,,MoonRambler Rain Shell,apparel,waterproof outerwear,Switchback Supply,MoonRambler Rain Shell,apparel,waterproof outerwear,Switchback Supply
20260731-0093,2026-07-31,S003,,1,755.47,5,in_store,N,NP5072,migrated,data/raw/orders/2026-07-31/orders.csv,2026-07-31,P1076,review_ambiguous,0.765,Top candidates are too close; human confirmation is required.,NP5072,review_ambiguous,False,NEW:NP5072,,,,,SummitRover Cooler,patio,cooler,Moss and Mile,SummitRover Cooler,patio,cooler,Moss and Mile
20260731-0094,2026-07-31,S008,,1,61.76,15,in_store,Y,NP5054,migrated,data/raw/orders/2026-07-31/orders.csv,2026-07-31,P1054,matched_exact,0.9262,Normalized product name matches exactly.,NP5054,matched_exact,True,P1054,TrailRover 20oz Tumbler 253,hydration,insulated tumbler,Summit Finch,Trail Rover 20oz Tumbler 253,drinkware,insulated tumbler,Summit Finch,TrailRover 20oz Tumbler 253,hydration,insulated tumbler,Summit Finch
20260731-0095,2026-07-31,S001,,3,109.09,0,in_store,Y,NP5007,migrated,data/raw/orders/2026-07-31/orders.csv,2026-07-31,P1007,matched_exact,0.8325,Normalized product name matches exactly.,NP5007,matched_exact,True,P1007,HearthRambler Stormproof Jacket 206,outerwear,rain shell,Switchback Supply,HearthRambler Storm proof Jacket 206,apparel,waterproof outerwear,Switchback Supply,HearthRambler Stormproof Jacket 206,outerwear,rain shell,Switchback Supply
20260731-0096,2026-07-31,S001,,4,129.77,0,in_store,Y,NP5001,migrated,data/raw/orders/2026-07-31/orders.csv,2026-07-31,P1001,matched_exact,0.7675,Normalized product name matches exactly.,NP5001,matched_exact,True,P1001,SummitRunner Lightweight Jacket 200,outerwear,rain shell,Rocky Top Outfitters,SummitRunner Lightweight Jacket 200,apparel,waterproof outerwear,RTO House Brand,SummitRunner Lightweight Jacket 200,outerwear,rain shell,Rocky Top Outfitters
20260731-0097,2026-07-31,S004,,2,655.68,0,in_store,N,NP5064,migrated,data/raw/orders/2026-07-31/orders.csv,2026-07-31,P1064,matched_exact,0.9981,Normalized product name matches exactly.,NP5064,matched_exact,True,P1064,PeakNomad XL Cooler 263,patio,cooler,TrailForge,PeakNomad-XL-Cooler-263,patio,cooler,TrailForge,PeakNomad XL Cooler 263,patio,cooler,TrailForge
20260731-0098,2026-07-31,S001,,2,162.96,5,in_store,Y,NP5031,migrated,data/raw/orders/2026-07-31/orders.csv,2026-07-31,P1031,matched_exact,0.8328,Normalized product name matches exactly.,NP5031,matched_exact,True,P1031,MoonRambler Stormproof Jacket 230,outerwear,rain shell,Switchback Supply,MoonRambler Storm proof Jacket 230,apparel,waterproof outerwear,Switchback Supply,MoonRambler Stormproof Jacket 230,outerwear,rain shell,Switchback Supply
20260731-0099,2026-07-31,S003,,1,279.48,0,ship_from_store,Y,NP5055,migrated,data/raw/orders/2026-07-31/orders.csv,2026-07-31,P1055,matched_exact,0.8332,Normalized product name matches exactly.,NP5055,matched_exact,True,P1055,HearthRambler Stormproof Jacket 254,outerwear,rain shell,Switchback Supply,HearthRambler Storm proof Jacket 254,apparel,waterproof outerwear,Switchback Supply,HearthRambler Stormproof Jacket 254,outerwear,rain shell,Switchback Supply
20260731-0100,2026-07-31,S001,,3,121.37,0,in_store,Y,NP5025,migrated,data/raw/orders/2026-07-31/orders.csv,2026-07-31,P1025,matched_exact,0.767,Normalized product name matches exactly.,NP5025,matched_exact,True,P1025,PineRunner Lightweight Jacket 224,outerwear,rain shell,Rocky Top Outfitters,PineRunner Lightweight Jacket 224,apparel,waterproof outerwear,RTO House Brand,PineRunner Lightweight Jacket 224,outerwear,rain shell,Rocky Top Outfitters
20260731-0101,2026-07-31,S002,,4,326.37,5,in_store,N,NP5045,migrated,data/raw/orders/2026-07-31/orders.csv,2026-07-31,P1045,matched_exact,0.9736,Normalized product name matches exactly.,NP5045,matched_exact,True,P1045,FieldRunner Basecamp Tent 244,camping,tent,Blue Ridge Works,FieldRunner Basecamp Tent 244,camping,tent,Blue Ridge Outdoor Works,FieldRunner Basecamp Tent 244,camping,tent,Blue Ridge Works
20260731-0102,2026-07-31,S002,,2,198.05,20,in_store,Y,NP5067,migrated,data/raw/orders/2026-07-31/orders.csv,2026-07-31,P1067,review_ambiguous,0.8143,Top candidates are too close; human confirmation is required.,NP5067,review_ambiguous,False,NEW:NP5067,,,,,CreekRambler Alpine Jacket 266 Pro,apparel,waterproof outerwear,Creekline,CreekRambler Alpine Jacket 266 Pro,apparel,waterproof outerwear,Creekline
20260731-0103,2026-07-31,S003,,3,91.52,15,in_store,Y,NP5065,migrated,data/raw/orders/2026-07-31/orders.csv,2026-07-31,P1065,review_ambiguous,0.7692,Top candidates are too close; human confirmation is required.,NP5065,review_ambiguous,False,NEW:NP5065,,,,,SummitRunner Mini Battery Pack 264 Pro,preparedness,power storage,RTO House Brand,SummitRunner Mini Battery Pack 264 Pro,preparedness,power storage,RTO House Brand
20260731-0104,2026-07-31,S007,,4,84.52,15,in_store,Y,NP5013,migrated,data/raw/orders/2026-07-31/orders.csv,2026-07-31,P1013,matched_exact,0.8117,Normalized product name matches exactly.,NP5013,matched_exact,True,P1013,FieldRunner Packable Jacket 212,outerwear,rain shell,Blue Ridge Works,FieldRunner Packable Jacket 212,apparel,waterproof outerwear,Blue Ridge Outdoor Works,FieldRunner Packable Jacket 212,outerwear,rain shell,Blue Ridge Works
20260731-0105,2026-07-31,S008,,4,72.66,0,pickup,Y,NP5054,migrated,data/raw/orders/2026-07-31/orders.csv,2026-07-31,P1054,matched_exact,0.9262,Normalized product name matches exactly.,NP5054,matched_exact,True,P1054,TrailRover 20oz Tumbler 253,hydration,insulated tumbler,Summit Finch,Trail Rover 20oz Tumbler 253,drinkware,insulated tumbler,Summit Finch,TrailRover 20oz Tumbler 253,hydration,insulated tumbler,Summit Finch
20260731-0106,2026-07-31,S003,,1,221.25,0,in_store,Y,NP5069,migrated,data/raw/orders/2026-07-31/orders.csv,2026-07-31,P1070,review_ambiguous,0.8575,Top candidates are too close; human confirmation is required.,NP5069,review_ambiguous,False,NEW:NP5069,,,,,BoulderNomad Patio Heater,patio,patio heater,Summit Finch,BoulderNomad Patio Heater,patio,patio heater,Summit Finch
20260731-0107,2026-07-31,S003,,4,77.22,0,in_store,N,NP5063,migrated,data/raw/orders/2026-07-31/orders.csv,2026-07-31,P1063,review_ambiguous,0.981,Top candidates are too close; human confirmation is required.,NP5063,review_ambiguous,False,NEW:NP5063,,,,,MoonRambler Ultralight Camp Chair 262 Pro,camping,camp chair,Switchback Supply,MoonRambler Ultralight Camp Chair 262 Pro,camping,camp chair,Switchback Supply
20260731-0108,2026-07-31,S001,,1,217.46,5,pickup,N,NP5046,migrated,data/raw/orders/2026-07-31/orders.csv,2026-07-31,P1046,matched_exact,0.9994,Normalized product name matches exactly.,NP5046,matched_exact,True,P1046,SwitchbackRover Weekend Patio Heater 245,patio,patio heater,Summit Finch,SwitchbackRover Weekend Patio Heater 245,patio,patio heater,Summit Finch,SwitchbackRover Weekend Patio Heater 245,patio,patio heater,Summit Finch
20260731-0109,2026-07-31,S002,,1,109.09,0,ship_from_store,Y,NP5007,migrated,data/raw/orders/2026-07-31/orders.csv,2026-07-31,P1007,matched_exact,0.8325,Normalized product name matches exactly.,NP5007,matched_exact,True,P1007,HearthRambler Stormproof Jacket 206,outerwear,rain shell,Switchback Supply,HearthRambler Storm proof Jacket 206,apparel,waterproof outerwear,Switchback Supply,HearthRambler Stormproof Jacket 206,outerwear,rain shell,Switchback Supply
20260731-0110,2026-07-31,S003,,3,223.58,20,pickup,Y,NP5055,migrated,data/raw/orders/2026-07-31/orders.csv,2026-07-31,P1055,matched_exact,0.8332,Normalized product name matches exactly.,NP5055,matched_exact,True,P1055,HearthRambler Stormproof Jacket 254,outerwear,rain shell,Switchback Supply,HearthRambler Storm proof Jacket 254,apparel,waterproof outerwear,Switchback Supply,HearthRambler Stormproof Jacket 254,outerwear,rain shell,Switchback Supply
20260731-0111,2026-07-31,S008,,1,534.7,15,ship_from_store,Y,NP5028,migrated,data/raw/orders/2026-07-31/orders.csv,2026-07-31,P1028,matched_exact,0.9991,Normalized product name matches exactly.,NP5028,matched_exact,True,P1028,CloudNomad Compact Cooler 227,patio,cooler,Moss & Mile,CloudNomad Compact Cooler 227,patio,cooler,Moss and Mile,CloudNomad Compact Cooler 227,patio,cooler,Moss & Mile
20260731-0112,2026-07-31,S008,,2,274.77,0,in_store,Y,NP5075,migrated,data/raw/orders/2026-07-31/orders.csv,2026-07-31,P1079,review_duplicate_candidate,0.6645,Legacy product P1079 is proposed for multiple new products; possible split or collision.,NP5075,review_duplicate_candidate,False,NEW:NP5075,,,,,MoonRambler Rain Shell,apparel,waterproof outerwear,Switchback Supply,MoonRambler Rain Shell,apparel,waterproof outerwear,Switchback Supply
20260731-0113,2026-07-31,S007,,2,50.62,20,pickup,N,NP5017,migrated,data/raw/orders/2026-07-31/orders.csv,2026-07-31,P1017,matched_exact,0.7894,Normalized product name matches exactly.,NP5017,matched_exact,True,P1017,SummitRunner Mini Battery Pack 216,emergency,battery pack,Rocky Top Outfitters,SummitRunner Mini Battery Pack 216,preparedness,power storage,RTO House Brand,SummitRunner Mini Battery Pack 216,emergency,battery pack,Rocky Top Outfitters
20260731-0114,2026-07-31,S003,,2,144.84,0,in_store,N,NP5023,migrated,data/raw/orders/2026-07-31/orders.csv,2026-07-31,P1023,matched_exact,0.9279,Normalized product name matches exactly.,NP5023,matched_exact,True,P1023,HearthRambler Expedition Flashlight 222,emergency,flashlight,Switchback Supply,HearthRambler Expedition Flashlight 222,preparedness,flashlight,Switchback Supply,HearthRambler Expedition Flashlight 222,emergency,flashlight,Switchback Supply
20260731-0115,2026-07-31,S003,,2,309.19,10,in_store,N,NP5045,migrated,data/raw/orders/2026-07-31/orders.csv,2026-07-31,P1045,matched_exact,0.9736,Normalized product name matches exactly.,NP5045,matched_exact,True,P1045,FieldRunner Basecamp Tent 244,camping,tent,Blue Ridge Works,FieldRunner Basecamp Tent 244,camping,tent,Blue Ridge Outdoor Works,FieldRunner Basecamp Tent 244,camping,tent,Blue Ridge Works
20260731-0116,2026-07-31,S007,,1,616.24,5,pickup,N,NP5016,migrated,data/raw/orders/2026-07-31/orders.csv,2026-07-31,P1016,matched_exact,0.9993,Normalized product name matches exactly.,NP5016,matched_exact,True,P1016,PeakNomad XL Cooler 215,patio,cooler,TrailForge,PeakNomad XL Cooler 215,patio,cooler,TrailForge,PeakNomad XL Cooler 215,patio,cooler,TrailForge
20260731-0117,2026-07-31,S005,,3,156.45,0,ship_from_store,Y,NP5036,migrated,data/raw/orders/2026-07-31/orders.csv,2026-07-31,P1036,matched_exact,0.9267,Normalized product name matches exactly.,NP5036,matched_exact,True,P1036,StormNomad 32oz Tumbler 235,hydration,insulated tumbler,Moss & Mile,Storm Nomad 32oz Tumbler 235,drinkware,insulated tumbler,Moss and Mile,StormNomad 32oz Tumbler 235,hydration,insulated tumbler,Moss & Mile
20260731-0118,2026-07-31,S002,,2,150.17,0,in_store,Y,NP5018,migrated,data/raw/orders/2026-07-31/orders.csv,2026-07-31,P1018,matched_exact,0.9327,Normalized product name matches exactly.,NP5018,matched_exact,True,P1018,RidgeRover Trail Tumbler 217,hydration,insulated tumbler,Highland Ember,RidgeRover Trail Tumbler 217,drinkware,insulated tumbler,Highland Ember,RidgeRover Trail Tumbler 217,hydration,insulated tumbler,Highland Ember
20260801-0001,2026-08-01,S002,,2,166.43,5,pickup,Y,NP5008,migrated,data/raw/orders/2026-08-01/orders.csv,2026-08-01,P1008,matched_exact,0.9999,Normalized product name matches exactly.,NP5008,matched_exact,True,P1008,CanyonNomad Waterproof Trail Shoes 207,footwear,trail shoes,TrailForge,CanyonNomad Waterproof Trail Shoes 207,footwear,trail shoes,TrailForge,CanyonNomad Waterproof Trail Shoes 207,footwear,trail shoes,TrailForge
20260801-0002,2026-08-01,S006,,4,121.73,15,pickup,Y,NP5070,migrated,data/raw/orders/2026-08-01/orders.csv,2026-08-01,P1072,review_ambiguous,0.7022,Top candidates are too close; human confirmation is required.,NP5070,review_ambiguous,False,NEW:NP5070,,,,,FieldPacer Insulated Tumbler,drinkware,insulated tumbler,TrailForge,FieldPacer Insulated Tumbler,drinkware,insulated tumbler,TrailForge
20260801-0003,2026-08-01,S001,,1,99.43,0,in_store,N,NP5013,migrated,data/raw/orders/2026-08-01/orders.csv,2026-08-01,P1013,matched_exact,0.8117,Normalized product name matches exactly.,NP5013,matched_exact,True,P1013,FieldRunner Packable Jacket 212,outerwear,rain shell,Blue Ridge Works,FieldRunner Packable Jacket 212,apparel,waterproof outerwear,Blue Ridge Outdoor Works,FieldRunner Packable Jacket 212,outerwear,rain shell,Blue Ridge Works
20260801-0004,2026-08-01,S008,,3,648.67,0,in_store,Y,NP5016,migrated,data/raw/orders/2026-08-01/orders.csv,2026-08-01,P1016,matched_exact,0.9993,Normalized product name matches exactly.,NP5016,matched_exact,True,P1016,PeakNomad XL Cooler 215,patio,cooler,TrailForge,PeakNomad XL Cooler 215,patio,cooler,TrailForge,PeakNomad XL Cooler 215,patio,cooler,TrailForge
20260801-0005,2026-08-01,S004,,2,69.06,5,in_store,Y,NP5048,migrated,data/raw/orders/2026-08-01/orders.csv,2026-08-01,P1048,matched_exact,0.9323,Normalized product name matches exactly.,NP5048,matched_exact,True,P1048,PeakNomad Travel Tumbler 247,hydration,insulated tumbler,TrailForge,PeakNomad Travel Tumbler 247,drinkware,insulated tumbler,TrailForge,PeakNomad Travel Tumbler 247,hydration,insulated tumbler,TrailForge
20260801-0006,2026-08-01,S004,,1,148.79,0,in_store,Y,NP5056,migrated,data/raw/orders/2026-08-01/orders.csv,2026-08-01,P1056,matched_exact,0.999,Normalized product name matches exactly.,NP5056,matched_exact,True,P1056,CanyonNomad Waterproof Trail Shoes 255,footwear,trail shoes,TrailForge,CanyonNomad Waterproof Trail Shoes 255,footwear,trail shoes,TrailForge,CanyonNomad Waterproof Trail Shoes 255,footwear,trail shoes,TrailForge
20260801-0007,2026-08-01,S004,,4,129.77,0,pickup,Y,NP5001,migrated,data/raw/orders/2026-08-01/orders.csv,2026-08-01,P1001,matched_exact,0.7675,Normalized product name matches exactly.,NP5001,matched_exact,True,P1001,SummitRunner Lightweight Jacket 200,outerwear,rain shell,Rocky Top Outfitters,SummitRunner Lightweight Jacket 200,apparel,waterproof outerwear,RTO House Brand,SummitRunner Lightweight Jacket 200,outerwear,rain shell,Rocky Top Outfitters
20260801-0008,2026-08-01,S006,,2,85.83,15,in_store,Y,NP5066,migrated,data/raw/orders/2026-08-01/orders.csv,2026-08-01,P1066,matched_exact,0.9322,Normalized product name matches exactly.,NP5066,matched_exact,True,P1066,RidgeRover Trail Tumbler 265,hydration,insulated tumbler,Highland Ember,RidgeRover-Trail-Tumbler-265,drinkware,insulated tumbler,Highland Ember,RidgeRover Trail Tumbler 265,hydration,insulated tumbler,Highland Ember
20260801-0009,2026-08-01,S003,,2,222.8,10,ship_from_store,N,NP5067,migrated,data/raw/orders/2026-08-01/orders.csv,2026-08-01,P1067,review_ambiguous,0.8143,Top candidates are too close; human confirmation is required.,NP5067,review_ambiguous,False,NEW:NP5067,,,,,CreekRambler Alpine Jacket 266 Pro,apparel,waterproof outerwear,Creekline,CreekRambler Alpine Jacket 266 Pro,apparel,waterproof outerwear,Creekline
20260801-0010,2026-08-01,S006,,2,107.52,0,ship_from_store,Y,NP5040,migrated,data/raw/orders/2026-08-01/orders.csv,2026-08-01,P1040,matched_exact,0.9996,Normalized product name matches exactly.,NP5040,matched_exact,True,P1040,CanyonNomad XL Cooler 239,patio,cooler,TrailForge,CanyonNomad XL Cooler 239,patio,cooler,TrailForge,CanyonNomad XL Cooler 239,patio,cooler,TrailForge
20260801-0011,2026-08-01,S001,,2,399.61,0,in_store,Y,NP5057,migrated,data/raw/orders/2026-08-01/orders.csv,2026-08-01,P1057,review_low_confidence,0.8995,Best candidate is plausible but below the automatic-match threshold.,NP5057,review_low_confidence,False,NEW:NP5057,,,,,PineRunner 4P Tent 256 Pro,camping,tent,RTO House Brand,PineRunner 4P Tent 256 Pro,camping,tent,RTO House Brand
20260801-0012,2026-08-01,S006,,1,93.13,0,ship_from_store,Y,NP5027,migrated,data/raw/orders/2026-08-01/orders.csv,2026-08-01,P1027,matched_exact,0.9996,Normalized product name matches exactly.,NP5027,matched_exact,True,P1027,BoulderRambler 2P Camp Chair 226,camping,camp chair,Creekline,BoulderRambler 2P Camp Chair 226,camping,camp chair,Creekline,BoulderRambler 2P Camp Chair 226,camping,camp chair,Creekline
20260801-0013,2026-08-01,S007,,3,89.89,20,pickup,N,NP5042,migrated,data/raw/orders/2026-08-01/orders.csv,2026-08-01,P1042,matched_exact,0.9326,Normalized product name matches exactly.,NP5042,matched_exact,True,P1042,VistaRover Trail Tumbler 241,hydration,insulated tumbler,Highland Ember,VistaRover Trail Tumbler 241,drinkware,insulated tumbler,Highland Ember,VistaRover Trail Tumbler 241,hydration,insulated tumbler,Highland Ember
20260801-0014,2026-08-01,S004,,1,70.02,5,in_store,N,NP5021,migrated,data/raw/orders/2026-08-01/orders.csv,2026-08-01,P1021,matched_exact,0.974,Normalized product name matches exactly.,NP5021,matched_exact,True,P1021,EmberRunner Basecamp Tent 220,camping,tent,Blue Ridge Works,EmberRunner Basecamp Tent 220,camping,tent,Blue Ridge Outdoor Works,EmberRunner Basecamp Tent 220,camping,tent,Blue Ridge Works
20260801-0015,2026-08-01,S003,,1,86.31,0,pickup,Y,NP5068,migrated,data/raw/orders/2026-08-01/orders.csv,2026-08-01,P1068,matched_exact,0.9981,Normalized product name matches exactly.,NP5068,matched_exact,True,P1068,StormNomad Approach Trail Shoes 267,footwear,trail shoes,Moss & Mile,StormNomad-Approach-Trail-Shoes-267,footwear,trail shoes,Moss and Mile,StormNomad Approach Trail Shoes 267,footwear,trail shoes,Moss & Mile
20260801-0016,2026-08-01,S005,,2,95.51,15,pickup,Y,NP5005,migrated,data/raw/orders/2026-08-01/orders.csv,2026-08-01,P1005,matched_exact,0.8343,Normalized product name matches exactly.,NP5005,matched_exact,True,P1005,EmberRunner Storm Kit Battery Pack 204,emergency,battery pack,Blue Ridge Works,EmberRunner Storm Kit Battery Pack 204,preparedness,power storage,Blue Ridge Outdoor Works,EmberRunner Storm Kit Battery Pack 204,emergency,battery pack,Blue Ridge Works
20260801-0017,2026-08-01,S003,,1,143.37,15,in_store,Y,NP5034,migrated,data/raw/orders/2026-08-01/orders.csv,2026-08-01,P1034,matched_exact,1.0,Normalized product name matches exactly.,NP5034,matched_exact,True,P1034,RidgeRover Deluxe Patio Heater 233,patio,patio heater,Highland Ember,RidgeRover Deluxe Patio Heater 233,patio,patio heater,Highland Ember,RidgeRover Deluxe Patio Heater 233,patio,patio heater,Highland Ember
20260801-0018,2026-08-01,S001,,1,210.19,5,ship_from_store,Y,NP5069,migrated,data/raw/orders/2026-08-01/orders.csv,2026-08-01,P1070,review_ambiguous,0.8575,Top candidates are too close; human confirmation is required.,NP5069,review_ambiguous,False,NEW:NP5069,,,,,BoulderNomad Patio Heater,patio,patio heater,Summit Finch,BoulderNomad Patio Heater,patio,patio heater,Summit Finch
20260801-0019,2026-08-01,S004,,2,272.76,5,in_store,Y,NP5058,migrated,data/raw/orders/2026-08-01/orders.csv,2026-08-01,P1058,matched_exact,0.9975,Normalized product name matches exactly.,NP5058,matched_exact,True,P1058,VistaRover Deluxe Patio Heater 257,patio,patio heater,Highland Ember,VistaRover-Deluxe-Patio-Heater-257,patio,patio heater,Highland Ember,VistaRover Deluxe Patio Heater 257,patio,patio heater,Highland Ember
20260801-0020,2026-08-01,S001,,2,148.91,15,ship_from_store,N,NP5008,migrated,data/raw/orders/2026-08-01/orders.csv,2026-08-01,P1008,matched_exact,0.9999,Normalized product name matches exactly.,NP5008,matched_exact,True,P1008,CanyonNomad Waterproof Trail Shoes 207,footwear,trail shoes,TrailForge,CanyonNomad Waterproof Trail Shoes 207,footwear,trail shoes,TrailForge,CanyonNomad Waterproof Trail Shoes 207,footwear,trail shoes,TrailForge
20260801-0021,2026-08-01,S003,,2,74.44,0,ship_from_store,Y,NP5050,migrated,data/raw/orders/2026-08-01/orders.csv,2026-08-01,P1050,matched_exact,0.9997,Normalized product name matches exactly.,NP5050,matched_exact,True,P1050,RidgeRover Mid Trail Shoes 249,footwear,trail shoes,Highland Ember,RidgeRover Mid Trail Shoes 249,footwear,trail shoes,Highland Ember,RidgeRover Mid Trail Shoes 249,footwear,trail shoes,Highland Ember
20260801-0022,2026-08-01,S002,,2,52.26,10,in_store,Y,NP5047,migrated,data/raw/orders/2026-08-01/orders.csv,2026-08-01,P1047,matched_exact,0.928,Normalized product name matches exactly.,NP5047,matched_exact,True,P1047,MoonRambler Expedition Flashlight 246,emergency,flashlight,Switchback Supply,MoonRambler Expedition Flashlight 246,preparedness,flashlight,Switchback Supply,MoonRambler Expedition Flashlight 246,emergency,flashlight,Switchback Supply
20260801-0023,2026-08-01,S004,,1,188.06,15,in_store,N,NP5069,migrated,data/raw/orders/2026-08-01/orders.csv,2026-08-01,P1070,review_ambiguous,0.8575,Top candidates are too close; human confirmation is required.,NP5069,review_ambiguous,False,NEW:NP5069,,,,,BoulderNomad Patio Heater,patio,patio heater,Summit Finch,BoulderNomad Patio Heater,patio,patio heater,Summit Finch
20260801-0024,2026-08-01,S008,,1,128.7,0,in_store,Y,NP5026,migrated,data/raw/orders/2026-08-01/orders.csv,2026-08-01,P1026,matched_exact,0.9996,Normalized product name matches exactly.,NP5026,matched_exact,True,P1026,VistaRover Mid Trail Shoes 225,footwear,trail shoes,Highland Ember,VistaRover Mid Trail Shoes 225,footwear,trail shoes,Highland Ember,VistaRover Mid Trail Shoes 225,footwear,trail shoes,Highland Ember
20260801-0025,2026-08-01,S001,,1,210.19,5,in_store,N,NP5069,migrated,data/raw/orders/2026-08-01/orders.csv,2026-08-01,P1070,review_ambiguous,0.8575,Top candidates are too close; human confirmation is required.,NP5069,review_ambiguous,False,NEW:NP5069,,,,,BoulderNomad Patio Heater,patio,patio heater,Summit Finch,BoulderNomad Patio Heater,patio,patio heater,Summit Finch
20260801-0026,2026-08-01,S006,,2,131.06,15,in_store,Y,NP5061,migrated,data/raw/orders/2026-08-01/orders.csv,2026-08-01,P1061,review_ambiguous,0.7899,Top candidates are too close; human confirmation is required.,NP5061,review_ambiguous,False,NEW:NP5061,,,,,FieldRunner Packable Jacket 260 Pro,apparel,waterproof outerwear,Blue Ridge Outdoor Works,FieldRunner Packable Jacket 260 Pro,apparel,waterproof outerwear,Blue Ridge Outdoor Works
20260801-0027,2026-08-01,S003,,1,441.63,0,ship_from_store,Y,NP5003,migrated,data/raw/orders/2026-08-01/orders.csv,2026-08-01,P1003,matched_exact,0.9995,Normalized product name matches exactly.,NP5003,matched_exact,True,P1003,CreekRambler 2P Camp Chair 202,camping,camp chair,Creekline,CreekRambler 2P Camp Chair 202,camping,camp chair,Creekline,CreekRambler 2P Camp Chair 202,camping,camp chair,Creekline
20260801-0028,2026-08-01,S006,,3,166.65,0,pickup,N,NP5060,migrated,data/raw/orders/2026-08-01/orders.csv,2026-08-01,P1060,matched_exact,0.9311,Normalized product name matches exactly.,NP5060,matched_exact,True,P1060,CloudNomad 32oz Tumbler 259,hydration,insulated tumbler,Moss & Mile,CloudNomad-32oz-Tumbler-259,drinkware,insulated tumbler,Moss and Mile,CloudNomad 32oz Tumbler 259,hydration,insulated tumbler,Moss & Mile
20260801-0029,2026-08-01,S004,,1,247.56,0,pickup,Y,NP5067,migrated,data/raw/orders/2026-08-01/orders.csv,2026-08-01,P1067,review_ambiguous,0.8143,Top candidates are too close; human confirmation is required.,NP5067,review_ambiguous,False,NEW:NP5067,,,,,CreekRambler Alpine Jacket 266 Pro,apparel,waterproof outerwear,Creekline,CreekRambler Alpine Jacket 266 Pro,apparel,waterproof outerwear,Creekline
20260801-0030,2026-08-01,S007,,1,144.84,0,in_store,Y,NP5023,migrated,data/raw/orders/2026-08-01/orders.csv,2026-08-01,P1023,matched_exact,0.9279,Normalized product name matches exactly.,NP5023,matched_exact,True,P1023,HearthRambler Expedition Flashlight 222,emergency,flashlight,Switchback Supply,HearthRambler Expedition Flashlight 222,preparedness,flashlight,Switchback Supply,HearthRambler Expedition Flashlight 222,emergency,flashlight,Switchback Supply
20260801-0031,2026-08-01,S007,,2,115.7,10,in_store,Y,NP5030,migrated,data/raw/orders/2026-08-01/orders.csv,2026-08-01,P1030,matched_exact,0.9328,Normalized product name matches exactly.,NP5030,matched_exact,True,P1030,SwitchbackRover 20oz Tumbler 229,hydration,insulated tumbler,Summit Finch,SwitchbackRover 20oz Tumbler 229,drinkware,insulated tumbler,Summit Finch,SwitchbackRover 20oz Tumbler 229,hydration,insulated tumbler,Summit Finch
20260801-0032,2026-08-01,S006,,1,190.74,0,in_store,Y,NP5015,migrated,data/raw/orders/2026-08-01/orders.csv,2026-08-01,P1015,matched_exact,0.9998,Normalized product name matches exactly.,NP5015,matched_exact,True,P1015,MoonRambler Ultralight Camp Chair 214,camping,camp chair,Switchback Supply,MoonRambler Ultralight Camp Chair 214,camping,camp chair,Switchback Supply,MoonRambler Ultralight Camp Chair 214,camping,camp chair,Switchback Supply
20260801-0033,2026-08-01,S002,,2,157.67,10,in_store,Y,NP5008,migrated,data/raw/orders/2026-08-01/orders.csv,2026-08-01,P1008,matched_exact,0.9999,Normalized product name matches exactly.,NP5008,matched_exact,True,P1008,CanyonNomad Waterproof Trail Shoes 207,footwear,trail shoes,TrailForge,CanyonNomad Waterproof Trail Shoes 207,footwear,trail shoes,TrailForge,CanyonNomad Waterproof Trail Shoes 207,footwear,trail shoes,TrailForge
20260801-0034,2026-08-01,S008,,4,95.51,15,ship_from_store,N,NP5042,migrated,data/raw/orders/2026-08-01/orders.csv,2026-08-01,P1042,matched_exact,0.9326,Normalized product name matches exactly.,NP5042,matched_exact,True,P1042,VistaRover Trail Tumbler 241,hydration,insulated tumbler,Highland Ember,VistaRover Trail Tumbler 241,drinkware,insulated tumbler,Highland Ember,VistaRover Trail Tumbler 241,hydration,insulated tumbler,Highland Ember
20260801-0035,2026-08-01,S001,,3,187.6,0,in_store,Y,NP5033,migrated,data/raw/orders/2026-08-01/orders.csv,2026-08-01,P1033,matched_exact,0.9291,Normalized product name matches exactly.,NP5033,matched_exact,True,P1033,SummitRunner 4P Tent 232,camping,tent,Rocky Top Outfitters,SummitRunner 4P Tent 232,camping,tent,RTO House Brand,SummitRunner 4P Tent 232,camping,tent,Rocky Top Outfitters
20260801-0036,2026-08-01,S004,,1,237.41,0,in_store,Y,NP5043,migrated,data/raw/orders/2026-08-01/orders.csv,2026-08-01,P1043,matched_exact,0.8379,Normalized product name matches exactly.,NP5043,matched_exact,True,P1043,BoulderRambler Alpine Jacket 242,outerwear,rain shell,Creekline,BoulderRambler Alpine Jacket 242,apparel,waterproof outerwear,Creekline,BoulderRambler Alpine Jacket 242,outerwear,rain shell,Creekline
20260801-0037,2026-08-01,S002,,3,193.76,0,in_store,Y,NP5044,migrated,data/raw/orders/2026-08-01/orders.csv,2026-08-01,P1044,matched_exact,0.9993,Normalized product name matches exactly.,NP5044,matched_exact,True,P1044,CloudNomad Approach Trail Shoes 243,footwear,trail shoes,Moss & Mile,CloudNomad Approach Trail Shoes 243,footwear,trail shoes,Moss and Mile,CloudNomad Approach Trail Shoes 243,footwear,trail shoes,Moss & Mile
20260801-0038,2026-08-01,S006,,1,200.43,0,in_store,Y,NP5032,migrated,data/raw/orders/2026-08-01/orders.csv,2026-08-01,P1032,matched_exact,0.999,Normalized product name matches exactly.,NP5032,matched_exact,True,P1032,PeakNomad Waterproof Trail Shoes 231,footwear,trail shoes,TrailForge,PeakNomad Waterproof Trail Shoes 231,footwear,trail shoes,TrailForge,PeakNomad Waterproof Trail Shoes 231,footwear,trail shoes,TrailForge
20260801-0039,2026-08-01,S005,,1,137.23,20,ship_from_store,Y,NP5031,migrated,data/raw/orders/2026-08-01/orders.csv,2026-08-01,P1031,matched_exact,0.8328,Normalized product name matches exactly.,NP5031,matched_exact,True,P1031,MoonRambler Stormproof Jacket 230,outerwear,rain shell,Switchback Supply,MoonRambler Storm proof Jacket 230,apparel,waterproof outerwear,Switchback Supply,MoonRambler Stormproof Jacket 230,outerwear,rain shell,Switchback Supply
20260801-0040,2026-08-01,S003,,4,88.47,5,ship_from_store,Y,NP5027,migrated,data/raw/orders/2026-08-01/orders.csv,2026-08-01,P1027,matched_exact,0.9996,Normalized product name matches exactly.,NP5027,matched_exact,True,P1027,BoulderRambler 2P Camp Chair 226,camping,camp chair,Creekline,BoulderRambler 2P Camp Chair 226,camping,camp chair,Creekline,BoulderRambler 2P Camp Chair 226,camping,camp chair,Creekline
20260801-0041,2026-08-01,S001,,2,551.37,15,in_store,Y,NP5016,migrated,data/raw/orders/2026-08-01/orders.csv,2026-08-01,P1016,matched_exact,0.9993,Normalized product name matches exactly.,NP5016,matched_exact,True,P1016,PeakNomad XL Cooler 215,patio,cooler,TrailForge,PeakNomad XL Cooler 215,patio,cooler,TrailForge,PeakNomad XL Cooler 215,patio,cooler,TrailForge
20260801-0042,2026-08-01,S002,,2,319.69,20,ship_from_store,Y,NP5057,migrated,data/raw/orders/2026-08-01/orders.csv,2026-08-01,P1057,review_low_confidence,0.8995,Best candidate is plausible but below the automatic-match threshold.,NP5057,review_low_confidence,False,NEW:NP5057,,,,,PineRunner 4P Tent 256 Pro,camping,tent,RTO House Brand,PineRunner 4P Tent 256 Pro,camping,tent,RTO House Brand
20260801-0043,2026-08-01,S007,,2,200.43,0,in_store,Y,NP5032,migrated,data/raw/orders/2026-08-01/orders.csv,2026-08-01,P1032,matched_exact,0.999,Normalized product name matches exactly.,NP5032,matched_exact,True,P1032,PeakNomad Waterproof Trail Shoes 231,footwear,trail shoes,TrailForge,PeakNomad Waterproof Trail Shoes 231,footwear,trail shoes,TrailForge,PeakNomad Waterproof Trail Shoes 231,footwear,trail shoes,TrailForge
20260801-0044,2026-08-01,S007,,3,107.52,0,in_store,Y,NP5040,migrated,data/raw/orders/2026-08-01/orders.csv,2026-08-01,P1040,matched_exact,0.9996,Normalized product name matches exactly.,NP5040,matched_exact,True,P1040,CanyonNomad XL Cooler 239,patio,cooler,TrailForge,CanyonNomad XL Cooler 239,patio,cooler,TrailForge,CanyonNomad XL Cooler 239,patio,cooler,TrailForge
20260801-0045,2026-08-01,S001,,1,69.06,5,ship_from_store,Y,NP5048,migrated,data/raw/orders/2026-08-01/orders.csv,2026-08-01,P1048,matched_exact,0.9323,Normalized product name matches exactly.,NP5048,matched_exact,True,P1048,PeakNomad Travel Tumbler 247,hydration,insulated tumbler,TrailForge,PeakNomad Travel Tumbler 247,drinkware,insulated tumbler,TrailForge,PeakNomad Travel Tumbler 247,hydration,insulated tumbler,TrailForge
20260801-0046,2026-08-01,S004,,1,138.77,10,in_store,Y,NP5061,migrated,data/raw/orders/2026-08-01/orders.csv,2026-08-01,P1061,review_ambiguous,0.7899,Top candidates are too close; human confirmation is required.,NP5061,review_ambiguous,False,NEW:NP5061,,,,,FieldRunner Packable Jacket 260 Pro,apparel,waterproof outerwear,Blue Ridge Outdoor Works,FieldRunner Packable Jacket 260 Pro,apparel,waterproof outerwear,Blue Ridge Outdoor Works
20260801-0047,2026-08-01,S001,,2,132.66,0,ship_from_store,N,NP5011,migrated,data/raw/orders/2026-08-01/orders.csv,2026-08-01,P1011,matched_exact,0.9285,Normalized product name matches exactly.,NP5011,matched_exact,True,P1011,BoulderRambler Rechargeable Flashlight 210,emergency,flashlight,Creekline,BoulderRambler Rechargeable Flashlight 210,preparedness,flashlight,Creekline,BoulderRambler Rechargeable Flashlight 210,emergency,flashlight,Creekline
20260801-0048,2026-08-01,S003,,2,122.62,15,in_store,Y,NP5035,migrated,data/raw/orders/2026-08-01/orders.csv,2026-08-01,P1035,matched_exact,0.9279,Normalized product name matches exactly.,NP5035,matched_exact,True,P1035,CreekRambler Rechargeable Flashlight 234,emergency,flashlight,Creekline,CreekRambler Rechargeable Flashlight 234,preparedness,flashlight,Creekline,CreekRambler Rechargeable Flashlight 234,emergency,flashlight,Creekline
20260801-0049,2026-08-01,S001,,1,223.58,20,pickup,Y,NP5055,migrated,data/raw/orders/2026-08-01/orders.csv,2026-08-01,P1055,matched_exact,0.8332,Normalized product name matches exactly.,NP5055,matched_exact,True,P1055,HearthRambler Stormproof Jacket 254,outerwear,rain shell,Switchback Supply,HearthRambler Storm proof Jacket 254,apparel,waterproof outerwear,Switchback Supply,HearthRambler Stormproof Jacket 254,outerwear,rain shell,Switchback Supply
20260801-0050,2026-08-01,S003,,2,84.91,5,in_store,N,NP5037,migrated,data/raw/orders/2026-08-01/orders.csv,2026-08-01,P1037,matched_exact,0.8116,Normalized product name matches exactly.,NP5037,matched_exact,True,P1037,EmberRunner Packable Jacket 236,outerwear,rain shell,Blue Ridge Works,EmberRunner Packable Jacket 236,apparel,waterproof outerwear,Blue Ridge Outdoor Works,EmberRunner Packable Jacket 236,outerwear,rain shell,Blue Ridge Works
20260801-0051,2026-08-01,S004,,1,340.47,5,ship_from_store,N,NP5039,migrated,data/raw/orders/2026-08-01/orders.csv,2026-08-01,P1039,matched_exact,0.9992,Normalized product name matches exactly.,NP5039,matched_exact,True,P1039,HearthRambler Ultralight Camp Chair 238,camping,camp chair,Switchback Supply,HearthRambler Ultralight Camp Chair 238,camping,camp chair,Switchback Supply,HearthRambler Ultralight Camp Chair 238,camping,camp chair,Switchback Supply
20260801-0052,2026-08-01,S007,,1,220.05,0,in_store,Y,NP5071,migrated,data/raw/orders/2026-08-01/orders.csv,2026-08-01,P1074,review_ambiguous,0.8383,Top candidates are too close; human confirmation is required.,NP5071,review_ambiguous,False,NEW:NP5071,,,,,MoonScout Trail Shoes,footwear,trail shoes,Highland Ember,MoonScout Trail Shoes,footwear,trail shoes,Highland Ember
20260801-0053,2026-08-01,S001,,3,134.94,20,in_store,Y,NP5034,migrated,data/raw/orders/2026-08-01/orders.csv,2026-08-01,P1034,matched_exact,1.0,Normalized product name matches exactly.,NP5034,matched_exact,True,P1034,RidgeRover Deluxe Patio Heater 233,patio,patio heater,Highland Ember,RidgeRover Deluxe Patio Heater 233,patio,patio heater,Highland Ember,RidgeRover Deluxe Patio Heater 233,patio,patio heater,Highland Ember
20260801-0054,2026-08-01,S006,,1,225.54,5,in_store,N,NP5043,migrated,data/raw/orders/2026-08-01/orders.csv,2026-08-01,P1043,matched_exact,0.8379,Normalized product name matches exactly.,NP5043,matched_exact,True,P1043,BoulderRambler Alpine Jacket 242,outerwear,rain shell,Creekline,BoulderRambler Alpine Jacket 242,apparel,waterproof outerwear,Creekline,BoulderRambler Alpine Jacket 242,outerwear,rain shell,Creekline
20260801-0055,2026-08-01,S004,,1,47.07,15,in_store,N,NP5006,migrated,data/raw/orders/2026-08-01/orders.csv,2026-08-01,P1006,matched_exact,0.9267,Normalized product name matches exactly.,NP5006,matched_exact,True,P1006,TrailRover 20oz Tumbler 205,hydration,insulated tumbler,Summit Finch,Trail Rover 20oz Tumbler 205,drinkware,insulated tumbler,Summit Finch,TrailRover 20oz Tumbler 205,hydration,insulated tumbler,Summit Finch
20260801-0056,2026-08-01,S001,,3,368.13,5,in_store,Y,NP5022,migrated,data/raw/orders/2026-08-01/orders.csv,2026-08-01,P1022,matched_exact,0.995,Normalized product name matches exactly.,NP5022,matched_exact,True,P1022,TrailRover Weekend Patio Heater 221,patio,patio heater,Summit Finch,Trail Rover Weekend Patio Heater 221,patio,patio heater,Summit Finch,TrailRover Weekend Patio Heater 221,patio,patio heater,Summit Finch
20260801-0057,2026-08-01,S007,,1,161.94,10,in_store,Y,NP5019,migrated,data/raw/orders/2026-08-01/orders.csv,2026-08-01,P1019,matched_exact,0.8382,Normalized product name matches exactly.,NP5019,matched_exact,True,P1019,CreekRambler Alpine Jacket 218,outerwear,rain shell,Creekline,CreekRambler Alpine Jacket 218,apparel,waterproof outerwear,Creekline,CreekRambler Alpine Jacket 218,outerwear,rain shell,Creekline
20260801-0058,2026-08-01,S003,,4,444.46,20,ship_from_store,Y,NP5010,migrated,data/raw/orders/2026-08-01/orders.csv,2026-08-01,P1010,matched_exact,0.9998,Normalized product name matches exactly.,NP5010,matched_exact,True,P1010,VistaRover Deluxe Patio Heater 209,patio,patio heater,Highland Ember,VistaRover Deluxe Patio Heater 209,patio,patio heater,Highland Ember,VistaRover Deluxe Patio Heater 209,patio,patio heater,Highland Ember
20260801-0059,2026-08-01,S006,,1,89.38,0,in_store,Y,NP5037,migrated,data/raw/orders/2026-08-01/orders.csv,2026-08-01,P1037,matched_exact,0.8116,Normalized product name matches exactly.,NP5037,matched_exact,True,P1037,EmberRunner Packable Jacket 236,outerwear,rain shell,Blue Ridge Works,EmberRunner Packable Jacket 236,apparel,waterproof outerwear,Blue Ridge Outdoor Works,EmberRunner Packable Jacket 236,outerwear,rain shell,Blue Ridge Works
20260801-0060,2026-08-01,S001,,4,109.28,15,in_store,Y,NP5030,migrated,data/raw/orders/2026-08-01/orders.csv,2026-08-01,P1030,matched_exact,0.9328,Normalized product name matches exactly.,NP5030,matched_exact,True,P1030,SwitchbackRover 20oz Tumbler 229,hydration,insulated tumbler,Summit Finch,SwitchbackRover 20oz Tumbler 229,drinkware,insulated tumbler,Summit Finch,SwitchbackRover 20oz Tumbler 229,hydration,insulated tumbler,Summit Finch
20260801-0061,2026-08-01,S001,,1,143.94,20,in_store,Y,NP5019,migrated,data/raw/orders/2026-08-01/orders.csv,2026-08-01,P1019,matched_exact,0.8382,Normalized product name matches exactly.,NP5019,matched_exact,True,P1019,CreekRambler Alpine Jacket 218,outerwear,rain shell,Creekline,CreekRambler Alpine Jacket 218,apparel,waterproof outerwear,Creekline,CreekRambler Alpine Jacket 218,outerwear,rain shell,Creekline
20260801-0062,2026-08-01,S006,,1,48.19,10,in_store,Y,NP5041,migrated,data/raw/orders/2026-08-01/orders.csv,2026-08-01,P1041,matched_exact,0.7894,Normalized product name matches exactly.,NP5041,matched_exact,True,P1041,PineRunner Mini Battery Pack 240,emergency,battery pack,Rocky Top Outfitters,PineRunner Mini Battery Pack 240,preparedness,power storage,RTO House Brand,PineRunner Mini Battery Pack 240,emergency,battery pack,Rocky Top Outfitters
20260801-0063,2026-08-01,S001,,1,46.46,20,in_store,Y,NP5047,migrated,data/raw/orders/2026-08-01/orders.csv,2026-08-01,P1047,matched_exact,0.928,Normalized product name matches exactly.,NP5047,matched_exact,True,P1047,MoonRambler Expedition Flashlight 246,emergency,flashlight,Switchback Supply,MoonRambler Expedition Flashlight 246,preparedness,flashlight,Switchback Supply,MoonRambler Expedition Flashlight 246,emergency,flashlight,Switchback Supply
20260801-0064,2026-08-01,S008,,4,126.47,15,in_store,Y,NP5056,migrated,data/raw/orders/2026-08-01/orders.csv,2026-08-01,P1056,matched_exact,0.999,Normalized product name matches exactly.,NP5056,matched_exact,True,P1056,CanyonNomad Waterproof Trail Shoes 255,footwear,trail shoes,TrailForge,CanyonNomad Waterproof Trail Shoes 255,footwear,trail shoes,TrailForge,CanyonNomad Waterproof Trail Shoes 255,footwear,trail shoes,TrailForge
20260801-0065,2026-08-01,S007,,1,156.45,0,pickup,Y,NP5036,migrated,data/raw/orders/2026-08-01/orders.csv,2026-08-01,P1036,matched_exact,0.9267,Normalized product name matches exactly.,NP5036,matched_exact,True,P1036,StormNomad 32oz Tumbler 235,hydration,insulated tumbler,Moss & Mile,Storm Nomad 32oz Tumbler 235,drinkware,insulated tumbler,Moss and Mile,StormNomad 32oz Tumbler 235,hydration,insulated tumbler,Moss & Mile
20260801-0066,2026-08-01,S006,,1,100.91,15,in_store,Y,NP5009,migrated,data/raw/orders/2026-08-01/orders.csv,2026-08-01,P1009,matched_exact,0.9286,Normalized product name matches exactly.,NP5009,matched_exact,True,P1009,PineRunner 4P Tent 208,camping,tent,Rocky Top Outfitters,PineRunner 4P Tent 208,camping,tent,RTO House Brand,PineRunner 4P Tent 208,camping,tent,Rocky Top Outfitters
20260801-0067,2026-08-01,S001,,1,148.63,5,ship_from_store,N,NP5036,migrated,data/raw/orders/2026-08-01/orders.csv,2026-08-01,P1036,matched_exact,0.9267,Normalized product name matches exactly.,NP5036,matched_exact,True,P1036,StormNomad 32oz Tumbler 235,hydration,insulated tumbler,Moss & Mile,Storm Nomad 32oz Tumbler 235,drinkware,insulated tumbler,Moss and Mile,StormNomad 32oz Tumbler 235,hydration,insulated tumbler,Moss & Mile
20260801-0068,2026-08-01,S002,,1,125.16,20,in_store,Y,NP5036,migrated,data/raw/orders/2026-08-01/orders.csv,2026-08-01,P1036,matched_exact,0.9267,Normalized product name matches exactly.,NP5036,matched_exact,True,P1036,StormNomad 32oz Tumbler 235,hydration,insulated tumbler,Moss & Mile,Storm Nomad 32oz Tumbler 235,drinkware,insulated tumbler,Moss and Mile,StormNomad 32oz Tumbler 235,hydration,insulated tumbler,Moss & Mile
20260801-0069,2026-08-01,S005,,1,287.12,0,in_store,Y,NP5058,migrated,data/raw/orders/2026-08-01/orders.csv,2026-08-01,P1058,matched_exact,0.9975,Normalized product name matches exactly.,NP5058,matched_exact,True,P1058,VistaRover Deluxe Patio Heater 257,patio,patio heater,Highland Ember,VistaRover-Deluxe-Patio-Heater-257,patio,patio heater,Highland Ember,VistaRover Deluxe Patio Heater 257,patio,patio heater,Highland Ember
20260801-0070,2026-08-01,S007,,1,70.7,20,pickup,N,NP5024,migrated,data/raw/orders/2026-08-01/orders.csv,2026-08-01,P1024,matched_exact,0.9326,Normalized product name matches exactly.,NP5024,matched_exact,True,P1024,CanyonNomad Travel Tumbler 223,hydration,insulated tumbler,TrailForge,CanyonNomad Travel Tumbler 223,drinkware,insulated tumbler,TrailForge,CanyonNomad Travel Tumbler 223,hydration,insulated tumbler,TrailForge
20260801-0071,2026-08-01,S001,,3,92.57,15,pickup,Y,NP5059,migrated,data/raw/orders/2026-08-01/orders.csv,2026-08-01,P1059,review_ambiguous,0.9117,Top candidates are too close; human confirmation is required.,NP5059,review_ambiguous,False,NEW:NP5059,,,,,BoulderRambler Rechargeable Flashlight 258 Pro,preparedness,flashlight,Creekline,BoulderRambler Rechargeable Flashlight 258 Pro,preparedness,flashlight,Creekline
20260801-0072,2026-08-01,S001,,3,181.2,5,ship_from_store,Y,NP5015,migrated,data/raw/orders/2026-08-01/orders.csv,2026-08-01,P1015,matched_exact,0.9998,Normalized product name matches exactly.,NP5015,matched_exact,True,P1015,MoonRambler Ultralight Camp Chair 214,camping,camp chair,Switchback Supply,MoonRambler Ultralight Camp Chair 214,camping,camp chair,Switchback Supply,MoonRambler Ultralight Camp Chair 214,camping,camp chair,Switchback Supply
20260801-0073,2026-08-01,S006,,4,228.91,0,in_store,N,NP5046,migrated,data/raw/orders/2026-08-01/orders.csv,2026-08-01,P1046,matched_exact,0.9994,Normalized product name matches exactly.,NP5046,matched_exact,True,P1046,SwitchbackRover Weekend Patio Heater 245,patio,patio heater,Summit Finch,SwitchbackRover Weekend Patio Heater 245,patio,patio heater,Summit Finch,SwitchbackRover Weekend Patio Heater 245,patio,patio heater,Summit Finch
20260801-0074,2026-08-01,S003,,3,217.46,5,pickup,Y,NP5046,migrated,data/raw/orders/2026-08-01/orders.csv,2026-08-01,P1046,matched_exact,0.9994,Normalized product name matches exactly.,NP5046,matched_exact,True,P1046,SwitchbackRover Weekend Patio Heater 245,patio,patio heater,Summit Finch,SwitchbackRover Weekend Patio Heater 245,patio,patio heater,Summit Finch,SwitchbackRover Weekend Patio Heater 245,patio,patio heater,Summit Finch
20260801-0075,2026-08-01,S005,,2,158.54,20,pickup,Y,NP5038,migrated,data/raw/orders/2026-08-01/orders.csv,2026-08-01,P1038,matched_exact,0.9942,Normalized product name matches exactly.,NP5038,matched_exact,True,P1038,TrailRover Wide Trail Shoes 237,footwear,trail shoes,Summit Finch,Trail Rover Wide Trail Shoes 237,footwear,trail shoes,Summit Finch,TrailRover Wide Trail Shoes 237,footwear,trail shoes,Summit Finch
20260801-0076,2026-08-01,S004,,2,73.7,0,ship_from_store,Y,NP5021,migrated,data/raw/orders/2026-08-01/orders.csv,2026-08-01,P1021,matched_exact,0.974,Normalized product name matches exactly.,NP5021,matched_exact,True,P1021,EmberRunner Basecamp Tent 220,camping,tent,Blue Ridge Works,EmberRunner Basecamp Tent 220,camping,tent,Blue Ridge Outdoor Works,EmberRunner Basecamp Tent 220,camping,tent,Blue Ridge Works
20260801-0077,2026-08-01,S006,,3,108.96,0,in_store,Y,NP5004,migrated,data/raw/orders/2026-08-01/orders.csv,2026-08-01,P1004,matched_exact,0.9938,Normalized product name matches exactly.,NP5004,matched_exact,True,P1004,StormNomad Compact Cooler 203,patio,cooler,Moss & Mile,Storm Nomad Compact Cooler 203,patio,cooler,Moss and Mile,StormNomad Compact Cooler 203,patio,cooler,Moss & Mile
20260801-0078,2026-08-01,S002,,1,108.96,0,in_store,Y,NP5004,migrated,data/raw/orders/2026-08-01/orders.csv,2026-08-01,P1004,matched_exact,0.9938,Normalized product name matches exactly.,NP5004,matched_exact,True,P1004,StormNomad Compact Cooler 203,patio,cooler,Moss & Mile,Storm Nomad Compact Cooler 203,patio,cooler,Moss and Mile,StormNomad Compact Cooler 203,patio,cooler,Moss & Mile
20260801-0079,2026-08-01,S003,,1,130.96,20,in_store,N,NP5074,migrated,data/raw/orders/2026-08-01/orders.csv,2026-08-01,P1078,review_duplicate_candidate,0.8386,Legacy product P1078 is proposed for multiple new products; possible split or collision.,NP5074,review_duplicate_candidate,False,NEW:NP5074,,,,,SwitchbackRover Insulated Tumbler,drinkware,insulated tumbler,Summit Finch,SwitchbackRover Insulated Tumbler,drinkware,insulated tumbler,Summit Finch
20260801-0080,2026-08-01,S003,,1,237.41,0,in_store,Y,NP5043,migrated,data/raw/orders/2026-08-01/orders.csv,2026-08-01,P1043,matched_exact,0.8379,Normalized product name matches exactly.,NP5043,matched_exact,True,P1043,BoulderRambler Alpine Jacket 242,outerwear,rain shell,Creekline,BoulderRambler Alpine Jacket 242,apparel,waterproof outerwear,Creekline,BoulderRambler Alpine Jacket 242,outerwear,rain shell,Creekline
20260801-0081,2026-08-01,S005,,4,174.73,15,in_store,Y,NP5002,migrated,data/raw/orders/2026-08-01/orders.csv,2026-08-01,P1002,matched_exact,0.9997,Normalized product name matches exactly.,NP5002,matched_exact,True,P1002,RidgeRover Mid Trail Shoes 201,footwear,trail shoes,Highland Ember,RidgeRover Mid Trail Shoes 201,footwear,trail shoes,Highland Ember,RidgeRover Mid Trail Shoes 201,footwear,trail shoes,Highland Ember
20260801-0082,2026-08-01,S002,,2,90.88,10,in_store,N,NP5066,migrated,data/raw/orders/2026-08-01/orders.csv,2026-08-01,P1066,matched_exact,0.9322,Normalized product name matches exactly.,NP5066,matched_exact,True,P1066,RidgeRover Trail Tumbler 265,hydration,insulated tumbler,Highland Ember,RidgeRover-Trail-Tumbler-265,drinkware,insulated tumbler,Highland Ember,RidgeRover Trail Tumbler 265,hydration,insulated tumbler,Highland Ember
20260801-0083,2026-08-01,S002,,3,648.67,0,in_store,Y,NP5016,migrated,data/raw/orders/2026-08-01/orders.csv,2026-08-01,P1016,matched_exact,0.9993,Normalized product name matches exactly.,NP5016,matched_exact,True,P1016,PeakNomad XL Cooler 215,patio,cooler,TrailForge,PeakNomad XL Cooler 215,patio,cooler,TrailForge,PeakNomad XL Cooler 215,patio,cooler,TrailForge
20260801-0084,2026-08-01,S008,,1,386.12,10,ship_from_store,Y,NP5051,migrated,data/raw/orders/2026-08-01/orders.csv,2026-08-01,P1051,matched_exact,0.9997,Normalized product name matches exactly.,NP5051,matched_exact,True,P1051,CreekRambler 2P Camp Chair 250,camping,camp chair,Creekline,CreekRambler 2P Camp Chair 250,camping,camp chair,Creekline,CreekRambler 2P Camp Chair 250,camping,camp chair,Creekline
20260801-0085,2026-08-01,S007,,1,258.41,10,in_store,Y,NP5058,migrated,data/raw/orders/2026-08-01/orders.csv,2026-08-01,P1058,matched_exact,0.9975,Normalized product name matches exactly.,NP5058,matched_exact,True,P1058,VistaRover Deluxe Patio Heater 257,patio,patio heater,Highland Ember,VistaRover-Deluxe-Patio-Heater-257,patio,patio heater,Highland Ember,VistaRover Deluxe Patio Heater 257,patio,patio heater,Highland Ember
20260801-0086,2026-08-01,S002,,2,200.43,0,in_store,Y,NP5032,migrated,data/raw/orders/2026-08-01/orders.csv,2026-08-01,P1032,matched_exact,0.999,Normalized product name matches exactly.,NP5032,matched_exact,True,P1032,PeakNomad Waterproof Trail Shoes 231,footwear,trail shoes,TrailForge,PeakNomad Waterproof Trail Shoes 231,footwear,trail shoes,TrailForge,PeakNomad Waterproof Trail Shoes 231,footwear,trail shoes,TrailForge
20260801-0087,2026-08-01,S003,,3,157.12,0,ship_from_store,Y,NP5076,migrated,data/raw/orders/2026-08-01/orders.csv,2026-08-01,P1080,review_duplicate_candidate,0.9052,Legacy product P1080 is proposed for multiple new products; possible split or collision.,NP5076,review_duplicate_candidate,False,NEW:NP5076,,,,,PeakNomad Trail Shoes,footwear,trail shoes,TrailForge,PeakNomad Trail Shoes,footwear,trail shoes,TrailForge
20260801-0088,2026-08-01,S006,,3,96.77,10,in_store,Y,NP5040,migrated,data/raw/orders/2026-08-01/orders.csv,2026-08-01,P1040,matched_exact,0.9996,Normalized product name matches exactly.,NP5040,matched_exact,True,P1040,CanyonNomad XL Cooler 239,patio,cooler,TrailForge,CanyonNomad XL Cooler 239,patio,cooler,TrailForge,CanyonNomad XL Cooler 239,patio,cooler,TrailForge
20260801-0089,2026-08-01,S007,,2,121.37,0,in_store,Y,NP5025,migrated,data/raw/orders/2026-08-01/orders.csv,2026-08-01,P1025,matched_exact,0.767,Normalized product name matches exactly.,NP5025,matched_exact,True,P1025,PineRunner Lightweight Jacket 224,outerwear,rain shell,Rocky Top Outfitters,PineRunner Lightweight Jacket 224,apparel,waterproof outerwear,RTO House Brand,PineRunner Lightweight Jacket 224,outerwear,rain shell,Rocky Top Outfitters
20260801-0090,2026-08-01,S003,,4,88.37,0,ship_from_store,N,NP5024,migrated,data/raw/orders/2026-08-01/orders.csv,2026-08-01,P1024,matched_exact,0.9326,Normalized product name matches exactly.,NP5024,matched_exact,True,P1024,CanyonNomad Travel Tumbler 223,hydration,insulated tumbler,TrailForge,CanyonNomad Travel Tumbler 223,drinkware,insulated tumbler,TrailForge,CanyonNomad Travel Tumbler 223,hydration,insulated tumbler,TrailForge
20260801-0091,2026-08-01,S007,,4,55.38,0,in_store,Y,NP5006,migrated,data/raw/orders/2026-08-01/orders.csv,2026-08-01,P1006,matched_exact,0.9267,Normalized product name matches exactly.,NP5006,matched_exact,True,P1006,TrailRover 20oz Tumbler 205,hydration,insulated tumbler,Summit Finch,Trail Rover 20oz Tumbler 205,drinkware,insulated tumbler,Summit Finch,TrailRover 20oz Tumbler 205,hydration,insulated tumbler,Summit Finch
20260801-0092,2026-08-01,S007,,1,597.61,5,pickup,Y,NP5028,migrated,data/raw/orders/2026-08-01/orders.csv,2026-08-01,P1028,matched_exact,0.9991,Normalized product name matches exactly.,NP5028,matched_exact,True,P1028,CloudNomad Compact Cooler 227,patio,cooler,Moss & Mile,CloudNomad Compact Cooler 227,patio,cooler,Moss and Mile,CloudNomad Compact Cooler 227,patio,cooler,Moss & Mile
20260801-0093,2026-08-01,S001,,1,375.39,15,ship_from_store,Y,NP5003,migrated,data/raw/orders/2026-08-01/orders.csv,2026-08-01,P1003,matched_exact,0.9995,Normalized product name matches exactly.,NP5003,matched_exact,True,P1003,CreekRambler 2P Camp Chair 202,camping,camp chair,Creekline,CreekRambler 2P Camp Chair 202,camping,camp chair,Creekline,CreekRambler 2P Camp Chair 202,camping,camp chair,Creekline
20260801-0094,2026-08-01,S006,,1,58.13,20,pickup,Y,NP5054,migrated,data/raw/orders/2026-08-01/orders.csv,2026-08-01,P1054,matched_exact,0.9262,Normalized product name matches exactly.,NP5054,matched_exact,True,P1054,TrailRover 20oz Tumbler 253,hydration,insulated tumbler,Summit Finch,Trail Rover 20oz Tumbler 253,drinkware,insulated tumbler,Summit Finch,TrailRover 20oz Tumbler 253,hydration,insulated tumbler,Summit Finch
20260801-0095,2026-08-01,S001,,3,387.51,0,in_store,Y,NP5022,migrated,data/raw/orders/2026-08-01/orders.csv,2026-08-01,P1022,matched_exact,0.995,Normalized product name matches exactly.,NP5022,matched_exact,True,P1022,TrailRover Weekend Patio Heater 221,patio,patio heater,Summit Finch,Trail Rover Weekend Patio Heater 221,patio,patio heater,Summit Finch,TrailRover Weekend Patio Heater 221,patio,patio heater,Summit Finch
20260801-0096,2026-08-01,S003,,4,154.19,0,pickup,Y,NP5061,migrated,data/raw/orders/2026-08-01/orders.csv,2026-08-01,P1061,review_ambiguous,0.7899,Top candidates are too close; human confirmation is required.,NP5061,review_ambiguous,False,NEW:NP5061,,,,,FieldRunner Packable Jacket 260 Pro,apparel,waterproof outerwear,Blue Ridge Outdoor Works,FieldRunner Packable Jacket 260 Pro,apparel,waterproof outerwear,Blue Ridge Outdoor Works
20260801-0097,2026-08-01,S001,,2,151.8,10,pickup,N,NP5034,migrated,data/raw/orders/2026-08-01/orders.csv,2026-08-01,P1034,matched_exact,1.0,Normalized product name matches exactly.,NP5034,matched_exact,True,P1034,RidgeRover Deluxe Patio Heater 233,patio,patio heater,Highland Ember,RidgeRover Deluxe Patio Heater 233,patio,patio heater,Highland Ember,RidgeRover Deluxe Patio Heater 233,patio,patio heater,Highland Ember
20260801-0098,2026-08-01,S007,,1,198.18,0,in_store,N,NP5038,migrated,data/raw/orders/2026-08-01/orders.csv,2026-08-01,P1038,matched_exact,0.9942,Normalized product name matches exactly.,NP5038,matched_exact,True,P1038,TrailRover Wide Trail Shoes 237,footwear,trail shoes,Summit Finch,Trail Rover Wide Trail Shoes 237,footwear,trail shoes,Summit Finch,TrailRover Wide Trail Shoes 237,footwear,trail shoes,Summit Finch
20260801-0099,2026-08-01,S002,,3,55.38,0,in_store,Y,NP5006,migrated,data/raw/orders/2026-08-01/orders.csv,2026-08-01,P1006,matched_exact,0.9267,Normalized product name matches exactly.,NP5006,matched_exact,True,P1006,TrailRover 20oz Tumbler 205,hydration,insulated tumbler,Summit Finch,Trail Rover 20oz Tumbler 205,drinkware,insulated tumbler,Summit Finch,TrailRover 20oz Tumbler 205,hydration,insulated tumbler,Summit Finch
20260801-0100,2026-08-01,S004,,4,154.39,10,in_store,Y,NP5031,migrated,data/raw/orders/2026-08-01/orders.csv,2026-08-01,P1031,matched_exact,0.8328,Normalized product name matches exactly.,NP5031,matched_exact,True,P1031,MoonRambler Stormproof Jacket 230,outerwear,rain shell,Switchback Supply,MoonRambler Storm proof Jacket 230,apparel,waterproof outerwear,Switchback Supply,MoonRambler Stormproof Jacket 230,outerwear,rain shell,Switchback Supply
20260801-0101,2026-08-01,S002,,1,86.31,0,in_store,N,NP5068,migrated,data/raw/orders/2026-08-01/orders.csv,2026-08-01,P1068,matched_exact,0.9981,Normalized product name matches exactly.,NP5068,matched_exact,True,P1068,StormNomad Approach Trail Shoes 267,footwear,trail shoes,Moss & Mile,StormNomad-Approach-Trail-Shoes-267,footwear,trail shoes,Moss and Mile,StormNomad Approach Trail Shoes 267,footwear,trail shoes,Moss & Mile
20260801-0102,2026-08-01,S003,,1,441.63,0,in_store,Y,NP5003,migrated,data/raw/orders/2026-08-01/orders.csv,2026-08-01,P1003,matched_exact,0.9995,Normalized product name matches exactly.,NP5003,matched_exact,True,P1003,CreekRambler 2P Camp Chair 202,camping,camp chair,Creekline,CreekRambler 2P Camp Chair 202,camping,camp chair,Creekline,CreekRambler 2P Camp Chair 202,camping,camp chair,Creekline
20260801-0103,2026-08-01,S006,,3,359.25,5,in_store,Y,NP5052,migrated,data/raw/orders/2026-08-01/orders.csv,2026-08-01,P1052,matched_exact,0.9932,Normalized product name matches exactly.,NP5052,matched_exact,True,P1052,StormNomad Compact Cooler 251,patio,cooler,Moss & Mile,Storm Nomad Compact Cooler 251,patio,cooler,Moss and Mile,StormNomad Compact Cooler 251,patio,cooler,Moss & Mile
20260801-0104,2026-08-01,S003,,2,118.72,0,in_store,Y,NP5009,migrated,data/raw/orders/2026-08-01/orders.csv,2026-08-01,P1009,matched_exact,0.9286,Normalized product name matches exactly.,NP5009,matched_exact,True,P1009,PineRunner 4P Tent 208,camping,tent,Rocky Top Outfitters,PineRunner 4P Tent 208,camping,tent,RTO House Brand,PineRunner 4P Tent 208,camping,tent,Rocky Top Outfitters
20260801-0105,2026-08-01,S008,,2,221.25,0,in_store,Y,NP5069,migrated,data/raw/orders/2026-08-01/orders.csv,2026-08-01,P1070,review_ambiguous,0.8575,Top candidates are too close; human confirmation is required.,NP5069,review_ambiguous,False,NEW:NP5069,,,,,BoulderNomad Patio Heater,patio,patio heater,Summit Finch,BoulderNomad Patio Heater,patio,patio heater,Summit Finch
20260801-0106,2026-08-01,S005,,1,166.43,5,in_store,Y,NP5008,migrated,data/raw/orders/2026-08-01/orders.csv,2026-08-01,P1008,matched_exact,0.9999,Normalized product name matches exactly.,NP5008,matched_exact,True,P1008,CanyonNomad Waterproof Trail Shoes 207,footwear,trail shoes,TrailForge,CanyonNomad Waterproof Trail Shoes 207,footwear,trail shoes,TrailForge,CanyonNomad Waterproof Trail Shoes 207,footwear,trail shoes,TrailForge
20260801-0107,2026-08-01,S001,,2,648.67,0,pickup,N,NP5016,migrated,data/raw/orders/2026-08-01/orders.csv,2026-08-01,P1016,matched_exact,0.9993,Normalized product name matches exactly.,NP5016,matched_exact,True,P1016,PeakNomad XL Cooler 215,patio,cooler,TrailForge,PeakNomad XL Cooler 215,patio,cooler,TrailForge,PeakNomad XL Cooler 215,patio,cooler,TrailForge
20260801-0108,2026-08-01,S008,,3,223.58,20,in_store,N,NP5055,migrated,data/raw/orders/2026-08-01/orders.csv,2026-08-01,P1055,matched_exact,0.8332,Normalized product name matches exactly.,NP5055,matched_exact,True,P1055,HearthRambler Stormproof Jacket 254,outerwear,rain shell,Switchback Supply,HearthRambler Storm proof Jacket 254,apparel,waterproof outerwear,Switchback Supply,HearthRambler Stormproof Jacket 254,outerwear,rain shell,Switchback Supply
20260801-0109,2026-08-01,S002,,1,359.65,10,ship_from_store,Y,NP5057,migrated,data/raw/orders/2026-08-01/orders.csv,2026-08-01,P1057,review_low_confidence,0.8995,Best candidate is plausible but below the automatic-match threshold.,NP5057,review_low_confidence,False,NEW:NP5057,,,,,PineRunner 4P Tent 256 Pro,camping,tent,RTO House Brand,PineRunner 4P Tent 256 Pro,camping,tent,RTO House Brand
20260801-0110,2026-08-01,S008,,4,156.45,0,in_store,Y,NP5036,migrated,data/raw/orders/2026-08-01/orders.csv,2026-08-01,P1036,matched_exact,0.9267,Normalized product name matches exactly.,NP5036,matched_exact,True,P1036,StormNomad 32oz Tumbler 235,hydration,insulated tumbler,Moss & Mile,Storm Nomad 32oz Tumbler 235,drinkware,insulated tumbler,Moss and Mile,StormNomad 32oz Tumbler 235,hydration,insulated tumbler,Moss & Mile
20260801-0111,2026-08-01,S006,,2,74.5,20,ship_from_store,Y,NP5027,migrated,data/raw/orders/2026-08-01/orders.csv,2026-08-01,P1027,matched_exact,0.9996,Normalized product name matches exactly.,NP5027,matched_exact,True,P1027,BoulderRambler 2P Camp Chair 226,camping,camp chair,Creekline,BoulderRambler 2P Camp Chair 226,camping,camp chair,Creekline,BoulderRambler 2P Camp Chair 226,camping,camp chair,Creekline
20260801-0112,2026-08-01,S008,,2,279.48,0,ship_from_store,Y,NP5055,migrated,data/raw/orders/2026-08-01/orders.csv,2026-08-01,P1055,matched_exact,0.8332,Normalized product name matches exactly.,NP5055,matched_exact,True,P1055,HearthRambler Stormproof Jacket 254,outerwear,rain shell,Switchback Supply,HearthRambler Storm proof Jacket 254,apparel,waterproof outerwear,Switchback Supply,HearthRambler Stormproof Jacket 254,outerwear,rain shell,Switchback Supply
20260802-0001,2026-08-02,S001,,2,359.25,5,in_store,Y,NP5052,migrated,data/raw/orders/2026-08-02/orders.csv,2026-08-02,P1052,matched_exact,0.9932,Normalized product name matches exactly.,NP5052,matched_exact,True,P1052,StormNomad Compact Cooler 251,patio,cooler,Moss & Mile,Storm Nomad Compact Cooler 251,patio,cooler,Moss and Mile,StormNomad Compact Cooler 251,patio,cooler,Moss & Mile
20260802-0002,2026-08-02,S002,,1,115.83,10,ship_from_store,N,NP5026,migrated,data/raw/orders/2026-08-02/orders.csv,2026-08-02,P1026,matched_exact,0.9996,Normalized product name matches exactly.,NP5026,matched_exact,True,P1026,VistaRover Mid Trail Shoes 225,footwear,trail shoes,Highland Ember,VistaRover Mid Trail Shoes 225,footwear,trail shoes,Highland Ember,VistaRover Mid Trail Shoes 225,footwear,trail shoes,Highland Ember
20260802-0003,2026-08-02,S003,,1,209.05,5,pickup,Y,NP5071,migrated,data/raw/orders/2026-08-02/orders.csv,2026-08-02,P1074,review_ambiguous,0.8383,Top candidates are too close; human confirmation is required.,NP5071,review_ambiguous,False,NEW:NP5071,,,,,MoonScout Trail Shoes,footwear,trail shoes,Highland Ember,MoonScout Trail Shoes,footwear,trail shoes,Highland Ember
20260802-0004,2026-08-02,S008,,2,329.38,15,ship_from_store,Y,NP5022,migrated,data/raw/orders/2026-08-02/orders.csv,2026-08-02,P1022,matched_exact,0.995,Normalized product name matches exactly.,NP5022,matched_exact,True,P1022,TrailRover Weekend Patio Heater 221,patio,patio heater,Summit Finch,Trail Rover Weekend Patio Heater 221,patio,patio heater,Summit Finch,TrailRover Weekend Patio Heater 221,patio,patio heater,Summit Finch
20260802-0005,2026-08-02,S006,,2,279.48,0,in_store,Y,NP5055,migrated,data/raw/orders/2026-08-02/orders.csv,2026-08-02,P1055,matched_exact,0.8332,Normalized product name matches exactly.,NP5055,matched_exact,True,P1055,HearthRambler Stormproof Jacket 254,outerwear,rain shell,Switchback Supply,HearthRambler Storm proof Jacket 254,apparel,waterproof outerwear,Switchback Supply,HearthRambler Stormproof Jacket 254,outerwear,rain shell,Switchback Supply
20260802-0006,2026-08-02,S002,,4,441.63,0,in_store,N,NP5003,migrated,data/raw/orders/2026-08-02/orders.csv,2026-08-02,P1003,matched_exact,0.9995,Normalized product name matches exactly.,NP5003,matched_exact,True,P1003,CreekRambler 2P Camp Chair 202,camping,camp chair,Creekline,CreekRambler 2P Camp Chair 202,camping,camp chair,Creekline,CreekRambler 2P Camp Chair 202,camping,camp chair,Creekline
20260802-0007,2026-08-02,S006,,4,500.02,10,in_store,Y,NP5010,migrated,data/raw/orders/2026-08-02/orders.csv,2026-08-02,P1010,matched_exact,0.9998,Normalized product name matches exactly.,NP5010,matched_exact,True,P1010,VistaRover Deluxe Patio Heater 209,patio,patio heater,Highland Ember,VistaRover Deluxe Patio Heater 209,patio,patio heater,Highland Ember,VistaRover Deluxe Patio Heater 209,patio,patio heater,Highland Ember
20260802-0008,2026-08-02,S002,,3,168.67,0,ship_from_store,Y,NP5034,migrated,data/raw/orders/2026-08-02/orders.csv,2026-08-02,P1034,matched_exact,1.0,Normalized product name matches exactly.,NP5034,matched_exact,True,P1034,RidgeRover Deluxe Patio Heater 233,patio,patio heater,Highland Ember,RidgeRover Deluxe Patio Heater 233,patio,patio heater,Highland Ember,RidgeRover Deluxe Patio Heater 233,patio,patio heater,Highland Ember
20260802-0009,2026-08-02,S006,,1,220.05,0,in_store,N,NP5071,migrated,data/raw/orders/2026-08-02/orders.csv,2026-08-02,P1074,review_ambiguous,0.8383,Top candidates are too close; human confirmation is required.,NP5071,review_ambiguous,False,NEW:NP5071,,,,,MoonScout Trail Shoes,footwear,trail shoes,Highland Ember,MoonScout Trail Shoes,footwear,trail shoes,Highland Ember
20260802-0010,2026-08-02,S005,,2,399.61,0,in_store,Y,NP5057,migrated,data/raw/orders/2026-08-02/orders.csv,2026-08-02,P1057,review_low_confidence,0.8995,Best candidate is plausible but below the automatic-match threshold.,NP5057,review_low_confidence,False,NEW:NP5057,,,,,PineRunner 4P Tent 256 Pro,camping,tent,RTO House Brand,PineRunner 4P Tent 256 Pro,camping,tent,RTO House Brand
20260802-0011,2026-08-02,S001,,2,53.54,0,in_store,Y,NP5041,migrated,data/raw/orders/2026-08-02/orders.csv,2026-08-02,P1041,matched_exact,0.7894,Normalized product name matches exactly.,NP5041,matched_exact,True,P1041,PineRunner Mini Battery Pack 240,emergency,battery pack,Rocky Top Outfitters,PineRunner Mini Battery Pack 240,preparedness,power storage,RTO House Brand,PineRunner Mini Battery Pack 240,emergency,battery pack,Rocky Top Outfitters
20260802-0012,2026-08-02,S001,,1,274.77,0,pickup,Y,NP5075,migrated,data/raw/orders/2026-08-02/orders.csv,2026-08-02,P1079,review_duplicate_candidate,0.6645,Legacy product P1079 is proposed for multiple new products; possible split or collision.,NP5075,review_duplicate_candidate,False,NEW:NP5075,,,,,MoonRambler Rain Shell,apparel,waterproof outerwear,Switchback Supply,MoonRambler Rain Shell,apparel,waterproof outerwear,Switchback Supply
20260802-0013,2026-08-02,S004,,4,163.29,0,ship_from_store,Y,NP5062,migrated,data/raw/orders/2026-08-02/orders.csv,2026-08-02,P1062,matched_exact,0.9987,Normalized product name matches exactly.,NP5062,matched_exact,True,P1062,SwitchbackRover Wide Trail Shoes 261,footwear,trail shoes,Summit Finch,SwitchbackRover-Wide-Trail-Shoes-261,footwear,trail shoes,Summit Finch,SwitchbackRover Wide Trail Shoes 261,footwear,trail shoes,Summit Finch
20260802-0014,2026-08-02,S002,,3,205.57,0,in_store,Y,NP5002,migrated,data/raw/orders/2026-08-02/orders.csv,2026-08-02,P1002,matched_exact,0.9997,Normalized product name matches exactly.,NP5002,matched_exact,True,P1002,RidgeRover Mid Trail Shoes 201,footwear,trail shoes,Highland Ember,RidgeRover Mid Trail Shoes 201,footwear,trail shoes,Highland Ember,RidgeRover Mid Trail Shoes 201,footwear,trail shoes,Highland Ember
20260802-0015,2026-08-02,S004,,4,156.45,0,in_store,Y,NP5036,migrated,data/raw/orders/2026-08-02/orders.csv,2026-08-02,P1036,matched_exact,0.9267,Normalized product name matches exactly.,NP5036,matched_exact,True,P1036,StormNomad 32oz Tumbler 235,hydration,insulated tumbler,Moss & Mile,Storm Nomad 32oz Tumbler 235,drinkware,insulated tumbler,Moss and Mile,StormNomad 32oz Tumbler 235,hydration,insulated tumbler,Moss & Mile
20260802-0016,2026-08-02,S004,,2,107.52,0,in_store,N,NP5040,migrated,data/raw/orders/2026-08-02/orders.csv,2026-08-02,P1040,matched_exact,0.9996,Normalized product name matches exactly.,NP5040,matched_exact,True,P1040,CanyonNomad XL Cooler 239,patio,cooler,TrailForge,CanyonNomad XL Cooler 239,patio,cooler,TrailForge,CanyonNomad XL Cooler 239,patio,cooler,TrailForge
20260802-0017,2026-08-02,S002,,1,138.8,15,in_store,Y,NP5062,migrated,data/raw/orders/2026-08-02/orders.csv,2026-08-02,P1062,matched_exact,0.9987,Normalized product name matches exactly.,NP5062,matched_exact,True,P1062,SwitchbackRover Wide Trail Shoes 261,footwear,trail shoes,Summit Finch,SwitchbackRover-Wide-Trail-Shoes-261,footwear,trail shoes,Summit Finch,SwitchbackRover Wide Trail Shoes 261,footwear,trail shoes,Summit Finch
20260802-0018,2026-08-02,S006,,1,622.9,5,pickup,Y,NP5064,migrated,data/raw/orders/2026-08-02/orders.csv,2026-08-02,P1064,matched_exact,0.9981,Normalized product name matches exactly.,NP5064,matched_exact,True,P1064,PeakNomad XL Cooler 263,patio,cooler,TrailForge,PeakNomad-XL-Cooler-263,patio,cooler,TrailForge,PeakNomad XL Cooler 263,patio,cooler,TrailForge
20260802-0019,2026-08-02,S003,,3,171.54,0,in_store,Y,NP5031,migrated,data/raw/orders/2026-08-02/orders.csv,2026-08-02,P1031,matched_exact,0.8328,Normalized product name matches exactly.,NP5031,matched_exact,True,P1031,MoonRambler Stormproof Jacket 230,outerwear,rain shell,Switchback Supply,MoonRambler Storm proof Jacket 230,apparel,waterproof outerwear,Switchback Supply,MoonRambler Stormproof Jacket 230,outerwear,rain shell,Switchback Supply
20260802-0020,2026-08-02,S005,,1,343.55,0,ship_from_store,Y,NP5045,migrated,data/raw/orders/2026-08-02/orders.csv,2026-08-02,P1045,matched_exact,0.9736,Normalized product name matches exactly.,NP5045,matched_exact,True,P1045,FieldRunner Basecamp Tent 244,camping,tent,Blue Ridge Works,FieldRunner Basecamp Tent 244,camping,tent,Blue Ridge Outdoor Works,FieldRunner Basecamp Tent 244,camping,tent,Blue Ridge Works
20260802-0021,2026-08-02,S002,,1,247.56,0,in_store,Y,NP5067,migrated,data/raw/orders/2026-08-02/orders.csv,2026-08-02,P1067,review_ambiguous,0.8143,Top candidates are too close; human confirmation is required.,NP5067,review_ambiguous,False,NEW:NP5067,,,,,CreekRambler Alpine Jacket 266 Pro,apparel,waterproof outerwear,Creekline,CreekRambler Alpine Jacket 266 Pro,apparel,waterproof outerwear,Creekline
20260802-0022,2026-08-02,S003,,1,102.29,5,in_store,Y,NP5065,migrated,data/raw/orders/2026-08-02/orders.csv,2026-08-02,P1065,review_ambiguous,0.7692,Top candidates are too close; human confirmation is required.,NP5065,review_ambiguous,False,NEW:NP5065,,,,,SummitRunner Mini Battery Pack 264 Pro,preparedness,power storage,RTO House Brand,SummitRunner Mini Battery Pack 264 Pro,preparedness,power storage,RTO House Brand
20260802-0023,2026-08-02,S001,,3,141.65,15,ship_from_store,Y,NP5060,migrated,data/raw/orders/2026-08-02/orders.csv,2026-08-02,P1060,matched_exact,0.9311,Normalized product name matches exactly.,NP5060,matched_exact,True,P1060,CloudNomad 32oz Tumbler 259,hydration,insulated tumbler,Moss & Mile,CloudNomad-32oz-Tumbler-259,drinkware,insulated tumbler,Moss and Mile,CloudNomad 32oz Tumbler 259,hydration,insulated tumbler,Moss & Mile
20260802-0024,2026-08-02,S006,,1,142.66,5,pickup,Y,NP5018,migrated,data/raw/orders/2026-08-02/orders.csv,2026-08-02,P1018,matched_exact,0.9327,Normalized product name matches exactly.,NP5018,matched_exact,True,P1018,RidgeRover Trail Tumbler 217,hydration,insulated tumbler,Highland Ember,RidgeRover Trail Tumbler 217,drinkware,insulated tumbler,Highland Ember,RidgeRover Trail Tumbler 217,hydration,insulated tumbler,Highland Ember
20260802-0025,2026-08-02,S008,,4,86.81,5,in_store,N,NP5073,migrated,data/raw/orders/2026-08-02/orders.csv,2026-08-02,P1077,review_duplicate_candidate,0.7544,Legacy product P1077 is proposed for multiple new products; possible split or collision.,NP5073,review_duplicate_candidate,False,NEW:NP5073,,,,,FieldRunner Battery Pack,preparedness,power storage,Blue Ridge Outdoor Works,FieldRunner Battery Pack,preparedness,power storage,Blue Ridge Outdoor Works
20260802-0026,2026-08-02,S008,,1,368.13,5,in_store,N,NP5022,migrated,data/raw/orders/2026-08-02/orders.csv,2026-08-02,P1022,matched_exact,0.995,Normalized product name matches exactly.,NP5022,matched_exact,True,P1022,TrailRover Weekend Patio Heater 221,patio,patio heater,Summit Finch,Trail Rover Weekend Patio Heater 221,patio,patio heater,Summit Finch,TrailRover Weekend Patio Heater 221,patio,patio heater,Summit Finch
20260802-0027,2026-08-02,S007,,4,228.91,0,ship_from_store,Y,NP5046,migrated,data/raw/orders/2026-08-02/orders.csv,2026-08-02,P1046,matched_exact,0.9994,Normalized product name matches exactly.,NP5046,matched_exact,True,P1046,SwitchbackRover Weekend Patio Heater 245,patio,patio heater,Summit Finch,SwitchbackRover Weekend Patio Heater 245,patio,patio heater,Summit Finch,SwitchbackRover Weekend Patio Heater 245,patio,patio heater,Summit Finch
20260802-0028,2026-08-02,S002,,2,120.05,0,in_store,N,NP5012,migrated,data/raw/orders/2026-08-02/orders.csv,2026-08-02,P1012,matched_exact,0.9325,Normalized product name matches exactly.,NP5012,matched_exact,True,P1012,CloudNomad 32oz Tumbler 211,hydration,insulated tumbler,Moss & Mile,CloudNomad 32oz Tumbler 211,drinkware,insulated tumbler,Moss and Mile,CloudNomad 32oz Tumbler 211,hydration,insulated tumbler,Moss & Mile
20260802-0029,2026-08-02,S004,,3,106.14,5,in_store,Y,NP5053,migrated,data/raw/orders/2026-08-02/orders.csv,2026-08-02,P1053,matched_exact,0.8337,Normalized product name matches exactly.,NP5053,matched_exact,True,P1053,EmberRunner Storm Kit Battery Pack 252,emergency,battery pack,Blue Ridge Works,EmberRunner Storm Kit Battery Pack 252,preparedness,power storage,Blue Ridge Outdoor Works,EmberRunner Storm Kit Battery Pack 252,emergency,battery pack,Blue Ridge Works
20260802-0030,2026-08-02,S008,,1,89.38,0,in_store,N,NP5037,migrated,data/raw/orders/2026-08-02/orders.csv,2026-08-02,P1037,matched_exact,0.8116,Normalized product name matches exactly.,NP5037,matched_exact,True,P1037,EmberRunner Packable Jacket 236,outerwear,rain shell,Blue Ridge Works,EmberRunner Packable Jacket 236,apparel,waterproof outerwear,Blue Ridge Outdoor Works,EmberRunner Packable Jacket 236,outerwear,rain shell,Blue Ridge Works
20260802-0031,2026-08-02,S006,,2,235.18,5,in_store,Y,NP5067,migrated,data/raw/orders/2026-08-02/orders.csv,2026-08-02,P1067,review_ambiguous,0.8143,Top candidates are too close; human confirmation is required.,NP5067,review_ambiguous,False,NEW:NP5067,,,,,CreekRambler Alpine Jacket 266 Pro,apparel,waterproof outerwear,Creekline,CreekRambler Alpine Jacket 266 Pro,apparel,waterproof outerwear,Creekline
20260802-0032,2026-08-02,S006,,1,108.96,0,in_store,Y,NP5004,migrated,data/raw/orders/2026-08-02/orders.csv,2026-08-02,P1004,matched_exact,0.9938,Normalized product name matches exactly.,NP5004,matched_exact,True,P1004,StormNomad Compact Cooler 203,patio,cooler,Moss & Mile,Storm Nomad Compact Cooler 203,patio,cooler,Moss and Mile,StormNomad Compact Cooler 203,patio,cooler,Moss & Mile
20260802-0033,2026-08-02,S004,,3,66.33,10,in_store,Y,NP5021,migrated,data/raw/orders/2026-08-02/orders.csv,2026-08-02,P1021,matched_exact,0.974,Normalized product name matches exactly.,NP5021,matched_exact,True,P1021,EmberRunner Basecamp Tent 220,camping,tent,Blue Ridge Works,EmberRunner Basecamp Tent 220,camping,tent,Blue Ridge Outdoor Works,EmberRunner Basecamp Tent 220,camping,tent,Blue Ridge Works
20260802-0034,2026-08-02,S001,,2,95.93,5,ship_from_store,Y,NP5066,migrated,data/raw/orders/2026-08-02/orders.csv,2026-08-02,P1066,matched_exact,0.9322,Normalized product name matches exactly.,NP5066,matched_exact,True,P1066,RidgeRover Trail Tumbler 265,hydration,insulated tumbler,Highland Ember,RidgeRover-Trail-Tumbler-265,drinkware,insulated tumbler,Highland Ember,RidgeRover Trail Tumbler 265,hydration,insulated tumbler,Highland Ember
20260802-0035,2026-08-02,S007,,2,95.51,15,in_store,N,NP5042,migrated,data/raw/orders/2026-08-02/orders.csv,2026-08-02,P1042,matched_exact,0.9326,Normalized product name matches exactly.,NP5042,matched_exact,True,P1042,VistaRover Trail Tumbler 241,hydration,insulated tumbler,Highland Ember,VistaRover Trail Tumbler 241,drinkware,insulated tumbler,Highland Ember,VistaRover Trail Tumbler 241,hydration,insulated tumbler,Highland Ember
20260802-0036,2026-08-02,S003,,3,555.58,0,in_store,Y,NP5010,migrated,data/raw/orders/2026-08-02/orders.csv,2026-08-02,P1010,matched_exact,0.9998,Normalized product name matches exactly.,NP5010,matched_exact,True,P1010,VistaRover Deluxe Patio Heater 209,patio,patio heater,Highland Ember,VistaRover Deluxe Patio Heater 209,patio,patio heater,Highland Ember,VistaRover Deluxe Patio Heater 209,patio,patio heater,Highland Ember
20260802-0037,2026-08-02,S005,,1,58.13,20,ship_from_store,Y,NP5054,migrated,data/raw/orders/2026-08-02/orders.csv,2026-08-02,P1054,matched_exact,0.9262,Normalized product name matches exactly.,NP5054,matched_exact,True,P1054,TrailRover 20oz Tumbler 253,hydration,insulated tumbler,Summit Finch,Trail Rover 20oz Tumbler 253,drinkware,insulated tumbler,Summit Finch,TrailRover 20oz Tumbler 253,hydration,insulated tumbler,Summit Finch
20260802-0038,2026-08-02,S008,,1,95.51,15,pickup,Y,NP5042,migrated,data/raw/orders/2026-08-02/orders.csv,2026-08-02,P1042,matched_exact,0.9326,Normalized product name matches exactly.,NP5042,matched_exact,True,P1042,VistaRover Trail Tumbler 241,hydration,insulated tumbler,Highland Ember,VistaRover Trail Tumbler 241,drinkware,insulated tumbler,Highland Ember,VistaRover Trail Tumbler 241,hydration,insulated tumbler,Highland Ember
20260802-0039,2026-08-02,S004,,1,210.43,15,in_store,Y,NP5067,migrated,data/raw/orders/2026-08-02/orders.csv,2026-08-02,P1067,review_ambiguous,0.8143,Top candidates are too close; human confirmation is required.,NP5067,review_ambiguous,False,NEW:NP5067,,,,,CreekRambler Alpine Jacket 266 Pro,apparel,waterproof outerwear,Creekline,CreekRambler Alpine Jacket 266 Pro,apparel,waterproof outerwear,Creekline
20260802-0040,2026-08-02,S001,,2,73.7,0,in_store,N,NP5021,migrated,data/raw/orders/2026-08-02/orders.csv,2026-08-02,P1021,matched_exact,0.974,Normalized product name matches exactly.,NP5021,matched_exact,True,P1021,EmberRunner Basecamp Tent 220,camping,tent,Blue Ridge Works,EmberRunner Basecamp Tent 220,camping,tent,Blue Ridge Outdoor Works,EmberRunner Basecamp Tent 220,camping,tent,Blue Ridge Works
20260802-0041,2026-08-02,S006,,4,110.19,10,in_store,Y,NP5029,migrated,data/raw/orders/2026-08-02/orders.csv,2026-08-02,P1029,matched_exact,0.8337,Normalized product name matches exactly.,NP5029,matched_exact,True,P1029,FieldRunner Storm Kit Battery Pack 228,emergency,battery pack,Blue Ridge Works,FieldRunner Storm Kit Battery Pack 228,preparedness,power storage,Blue Ridge Outdoor Works,FieldRunner Storm Kit Battery Pack 228,emergency,battery pack,Blue Ridge Works
20260802-0042,2026-08-02,S004,,3,141.65,15,in_store,Y,NP5060,migrated,data/raw/orders/2026-08-02/orders.csv,2026-08-02,P1060,matched_exact,0.9311,Normalized product name matches exactly.,NP5060,matched_exact,True,P1060,CloudNomad 32oz Tumbler 259,hydration,insulated tumbler,Moss & Mile,CloudNomad-32oz-Tumbler-259,drinkware,insulated tumbler,Moss and Mile,CloudNomad 32oz Tumbler 259,hydration,insulated tumbler,Moss & Mile
20260802-0043,2026-08-02,S006,,4,102.04,15,in_store,N,NP5012,migrated,data/raw/orders/2026-08-02/orders.csv,2026-08-02,P1012,matched_exact,0.9325,Normalized product name matches exactly.,NP5012,matched_exact,True,P1012,CloudNomad 32oz Tumbler 211,hydration,insulated tumbler,Moss & Mile,CloudNomad 32oz Tumbler 211,drinkware,insulated tumbler,Moss and Mile,CloudNomad 32oz Tumbler 211,hydration,insulated tumbler,Moss & Mile
20260802-0044,2026-08-02,S006,,3,185.01,10,ship_from_store,Y,NP5002,migrated,data/raw/orders/2026-08-02/orders.csv,2026-08-02,P1002,matched_exact,0.9997,Normalized product name matches exactly.,NP5002,matched_exact,True,P1002,RidgeRover Mid Trail Shoes 201,footwear,trail shoes,Highland Ember,RidgeRover Mid Trail Shoes 201,footwear,trail shoes,Highland Ember,RidgeRover Mid Trail Shoes 201,footwear,trail shoes,Highland Ember
20260802-0045,2026-08-02,S008,,3,378.16,0,ship_from_store,Y,NP5052,migrated,data/raw/orders/2026-08-02/orders.csv,2026-08-02,P1052,matched_exact,0.9932,Normalized product name matches exactly.,NP5052,matched_exact,True,P1052,StormNomad Compact Cooler 251,patio,cooler,Moss & Mile,Storm Nomad Compact Cooler 251,patio,cooler,Moss and Mile,StormNomad Compact Cooler 251,patio,cooler,Moss & Mile
20260802-0046,2026-08-02,S003,,2,179.93,0,in_store,Y,NP5019,migrated,data/raw/orders/2026-08-02/orders.csv,2026-08-02,P1019,matched_exact,0.8382,Normalized product name matches exactly.,NP5019,matched_exact,True,P1019,CreekRambler Alpine Jacket 218,outerwear,rain shell,Creekline,CreekRambler Alpine Jacket 218,apparel,waterproof outerwear,Creekline,CreekRambler Alpine Jacket 218,outerwear,rain shell,Creekline
20260802-0047,2026-08-02,S006,,3,59.55,20,in_store,Y,NP5050,migrated,data/raw/orders/2026-08-02/orders.csv,2026-08-02,P1050,matched_exact,0.9997,Normalized product name matches exactly.,NP5050,matched_exact,True,P1050,RidgeRover Mid Trail Shoes 249,footwear,trail shoes,Highland Ember,RidgeRover Mid Trail Shoes 249,footwear,trail shoes,Highland Ember,RidgeRover Mid Trail Shoes 249,footwear,trail shoes,Highland Ember
20260802-0048,2026-08-02,S007,,2,149.26,5,pickup,Y,NP5076,migrated,data/raw/orders/2026-08-02/orders.csv,2026-08-02,P1080,review_duplicate_candidate,0.9052,Legacy product P1080 is proposed for multiple new products; possible split or collision.,NP5076,review_duplicate_candidate,False,NEW:NP5076,,,,,PeakNomad Trail Shoes,footwear,trail shoes,TrailForge,PeakNomad Trail Shoes,footwear,trail shoes,TrailForge
20260802-0049,2026-08-02,S005,,2,150.17,0,in_store,Y,NP5018,migrated,data/raw/orders/2026-08-02/orders.csv,2026-08-02,P1018,matched_exact,0.9327,Normalized product name matches exactly.,NP5018,matched_exact,True,P1018,RidgeRover Trail Tumbler 217,hydration,insulated tumbler,Highland Ember,RidgeRover Trail Tumbler 217,drinkware,insulated tumbler,Highland Ember,RidgeRover Trail Tumbler 217,hydration,insulated tumbler,Highland Ember
20260802-0050,2026-08-02,S005,,3,139.14,15,in_store,N,NP5074,migrated,data/raw/orders/2026-08-02/orders.csv,2026-08-02,P1078,review_duplicate_candidate,0.8386,Legacy product P1078 is proposed for multiple new products; possible split or collision.,NP5074,review_duplicate_candidate,False,NEW:NP5074,,,,,SwitchbackRover Insulated Tumbler,drinkware,insulated tumbler,Summit Finch,SwitchbackRover Insulated Tumbler,drinkware,insulated tumbler,Summit Finch
20260802-0051,2026-08-02,S008,,3,378.16,0,in_store,N,NP5052,migrated,data/raw/orders/2026-08-02/orders.csv,2026-08-02,P1052,matched_exact,0.9932,Normalized product name matches exactly.,NP5052,matched_exact,True,P1052,StormNomad Compact Cooler 251,patio,cooler,Moss & Mile,Storm Nomad Compact Cooler 251,patio,cooler,Moss and Mile,StormNomad Compact Cooler 251,patio,cooler,Moss & Mile
20260802-0052,2026-08-02,S003,,1,130.36,10,in_store,Y,NP5023,migrated,data/raw/orders/2026-08-02/orders.csv,2026-08-02,P1023,matched_exact,0.9279,Normalized product name matches exactly.,NP5023,matched_exact,True,P1023,HearthRambler Expedition Flashlight 222,emergency,flashlight,Switchback Supply,HearthRambler Expedition Flashlight 222,preparedness,flashlight,Switchback Supply,HearthRambler Expedition Flashlight 222,emergency,flashlight,Switchback Supply
20260802-0053,2026-08-02,S006,,4,92.62,15,in_store,Y,NP5004,migrated,data/raw/orders/2026-08-02/orders.csv,2026-08-02,P1004,matched_exact,0.9938,Normalized product name matches exactly.,NP5004,matched_exact,True,P1004,StormNomad Compact Cooler 203,patio,cooler,Moss & Mile,Storm Nomad Compact Cooler 203,patio,cooler,Moss and Mile,StormNomad Compact Cooler 203,patio,cooler,Moss & Mile
20260802-0054,2026-08-02,S008,,2,148.91,15,in_store,N,NP5008,migrated,data/raw/orders/2026-08-02/orders.csv,2026-08-02,P1008,matched_exact,0.9999,Normalized product name matches exactly.,NP5008,matched_exact,True,P1008,CanyonNomad Waterproof Trail Shoes 207,footwear,trail shoes,TrailForge,CanyonNomad Waterproof Trail Shoes 207,footwear,trail shoes,TrailForge,CanyonNomad Waterproof Trail Shoes 207,footwear,trail shoes,TrailForge
20260802-0055,2026-08-02,S002,,2,261.03,5,in_store,Y,NP5075,migrated,data/raw/orders/2026-08-02/orders.csv,2026-08-02,P1079,review_duplicate_candidate,0.6645,Legacy product P1079 is proposed for multiple new products; possible split or collision.,NP5075,review_duplicate_candidate,False,NEW:NP5075,,,,,MoonRambler Rain Shell,apparel,waterproof outerwear,Switchback Supply,MoonRambler Rain Shell,apparel,waterproof outerwear,Switchback Supply
20260802-0056,2026-08-02,S004,,3,199.12,10,in_store,N,NP5069,migrated,data/raw/orders/2026-08-02/orders.csv,2026-08-02,P1070,review_ambiguous,0.8575,Top candidates are too close; human confirmation is required.,NP5069,review_ambiguous,False,NEW:NP5069,,,,,BoulderNomad Patio Heater,patio,patio heater,Summit Finch,BoulderNomad Patio Heater,patio,patio heater,Summit Finch
20260802-0057,2026-08-02,S007,,4,112.37,0,pickup,Y,NP5005,migrated,data/raw/orders/2026-08-02/orders.csv,2026-08-02,P1005,matched_exact,0.8343,Normalized product name matches exactly.,NP5005,matched_exact,True,P1005,EmberRunner Storm Kit Battery Pack 204,emergency,battery pack,Blue Ridge Works,EmberRunner Storm Kit Battery Pack 204,preparedness,power storage,Blue Ridge Outdoor Works,EmberRunner Storm Kit Battery Pack 204,emergency,battery pack,Blue Ridge Works
20260802-0058,2026-08-02,S001,,1,112.36,0,in_store,Y,NP5042,migrated,data/raw/orders/2026-08-02/orders.csv,2026-08-02,P1042,matched_exact,0.9326,Normalized product name matches exactly.,NP5042,matched_exact,True,P1042,VistaRover Trail Tumbler 241,hydration,insulated tumbler,Highland Ember,VistaRover Trail Tumbler 241,drinkware,insulated tumbler,Highland Ember,VistaRover Trail Tumbler 241,hydration,insulated tumbler,Highland Ember
20260802-0059,2026-08-02,S002,,1,233.55,15,in_store,N,NP5075,migrated,data/raw/orders/2026-08-02/orders.csv,2026-08-02,P1079,review_duplicate_candidate,0.6645,Legacy product P1079 is proposed for multiple new products; possible split or collision.,NP5075,review_duplicate_candidate,False,NEW:NP5075,,,,,MoonRambler Rain Shell,apparel,waterproof outerwear,Switchback Supply,MoonRambler Rain Shell,apparel,waterproof outerwear,Switchback Supply
20260802-0060,2026-08-02,S002,,4,212.27,5,in_store,Y,NP5049,migrated,data/raw/orders/2026-08-02/orders.csv,2026-08-02,P1049,matched_exact,0.7676,Normalized product name matches exactly.,NP5049,matched_exact,True,P1049,SummitRunner Lightweight Jacket 248,outerwear,rain shell,Rocky Top Outfitters,SummitRunner Lightweight Jacket 248,apparel,waterproof outerwear,RTO House Brand,SummitRunner Lightweight Jacket 248,outerwear,rain shell,Rocky Top Outfitters
20260802-0061,2026-08-02,S006,,3,100.98,0,in_store,Y,NP5066,migrated,data/raw/orders/2026-08-02/orders.csv,2026-08-02,P1066,matched_exact,0.9322,Normalized product name matches exactly.,NP5066,matched_exact,True,P1066,RidgeRover Trail Tumbler 265,hydration,insulated tumbler,Highland Ember,RidgeRover-Trail-Tumbler-265,drinkware,insulated tumbler,Highland Ember,RidgeRover Trail Tumbler 265,hydration,insulated tumbler,Highland Ember
20260802-0062,2026-08-02,S004,,3,146.96,10,ship_from_store,N,NP5062,migrated,data/raw/orders/2026-08-02/orders.csv,2026-08-02,P1062,matched_exact,0.9987,Normalized product name matches exactly.,NP5062,matched_exact,True,P1062,SwitchbackRover Wide Trail Shoes 261,footwear,trail shoes,Summit Finch,SwitchbackRover-Wide-Trail-Shoes-261,footwear,trail shoes,Summit Finch,SwitchbackRover Wide Trail Shoes 261,footwear,trail shoes,Summit Finch
20260802-0063,2026-08-02,S008,,1,160.24,5,pickup,Y,NP5034,migrated,data/raw/orders/2026-08-02/orders.csv,2026-08-02,P1034,matched_exact,1.0,Normalized product name matches exactly.,NP5034,matched_exact,True,P1034,RidgeRover Deluxe Patio Heater 233,patio,patio heater,Highland Ember,RidgeRover Deluxe Patio Heater 233,patio,patio heater,Highland Ember,RidgeRover Deluxe Patio Heater 233,patio,patio heater,Highland Ember
20260802-0064,2026-08-02,S001,,2,145.81,15,ship_from_store,Y,NP5031,migrated,data/raw/orders/2026-08-02/orders.csv,2026-08-02,P1031,matched_exact,0.8328,Normalized product name matches exactly.,NP5031,matched_exact,True,P1031,MoonRambler Stormproof Jacket 230,outerwear,rain shell,Switchback Supply,MoonRambler Storm proof Jacket 230,apparel,waterproof outerwear,Switchback Supply,MoonRambler Stormproof Jacket 230,outerwear,rain shell,Switchback Supply
20260802-0065,2026-08-02,S007,,1,99.43,0,ship_from_store,N,NP5013,migrated,data/raw/orders/2026-08-02/orders.csv,2026-08-02,P1013,matched_exact,0.8117,Normalized product name matches exactly.,NP5013,matched_exact,True,P1013,FieldRunner Packable Jacket 212,outerwear,rain shell,Blue Ridge Works,FieldRunner Packable Jacket 212,apparel,waterproof outerwear,Blue Ridge Outdoor Works,FieldRunner Packable Jacket 212,outerwear,rain shell,Blue Ridge Works
20260802-0066,2026-08-02,S003,,2,222.8,10,in_store,Y,NP5067,migrated,data/raw/orders/2026-08-02/orders.csv,2026-08-02,P1067,review_ambiguous,0.8143,Top candidates are too close; human confirmation is required.,NP5067,review_ambiguous,False,NEW:NP5067,,,,,CreekRambler Alpine Jacket 266 Pro,apparel,waterproof outerwear,Creekline,CreekRambler Alpine Jacket 266 Pro,apparel,waterproof outerwear,Creekline
20260802-0067,2026-08-02,S005,,2,198.05,20,in_store,N,NP5067,migrated,data/raw/orders/2026-08-02/orders.csv,2026-08-02,P1067,review_ambiguous,0.8143,Top candidates are too close; human confirmation is required.,NP5067,review_ambiguous,False,NEW:NP5067,,,,,CreekRambler Alpine Jacket 266 Pro,apparel,waterproof outerwear,Creekline,CreekRambler Alpine Jacket 266 Pro,apparel,waterproof outerwear,Creekline
20260802-0068,2026-08-02,S002,,1,160.24,5,pickup,Y,NP5034,migrated,data/raw/orders/2026-08-02/orders.csv,2026-08-02,P1034,matched_exact,1.0,Normalized product name matches exactly.,NP5034,matched_exact,True,P1034,RidgeRover Deluxe Patio Heater 233,patio,patio heater,Highland Ember,RidgeRover Deluxe Patio Heater 233,patio,patio heater,Highland Ember,RidgeRover Deluxe Patio Heater 233,patio,patio heater,Highland Ember
20260802-0069,2026-08-02,S003,,3,73.7,0,pickup,Y,NP5021,migrated,data/raw/orders/2026-08-02/orders.csv,2026-08-02,P1021,matched_exact,0.974,Normalized product name matches exactly.,NP5021,matched_exact,True,P1021,EmberRunner Basecamp Tent 220,camping,tent,Blue Ridge Works,EmberRunner Basecamp Tent 220,camping,tent,Blue Ridge Outdoor Works,EmberRunner Basecamp Tent 220,camping,tent,Blue Ridge Works
20260802-0070,2026-08-02,S003,,1,274.84,20,in_store,N,NP5045,migrated,data/raw/orders/2026-08-02/orders.csv,2026-08-02,P1045,matched_exact,0.9736,Normalized product name matches exactly.,NP5045,matched_exact,True,P1045,FieldRunner Basecamp Tent 244,camping,tent,Blue Ridge Works,FieldRunner Basecamp Tent 244,camping,tent,Blue Ridge Outdoor Works,FieldRunner Basecamp Tent 244,camping,tent,Blue Ridge Works
20260802-0071,2026-08-02,S006,,2,386.12,10,in_store,N,NP5051,migrated,data/raw/orders/2026-08-02/orders.csv,2026-08-02,P1051,matched_exact,0.9997,Normalized product name matches exactly.,NP5051,matched_exact,True,P1051,CreekRambler 2P Camp Chair 250,camping,camp chair,Creekline,CreekRambler 2P Camp Chair 250,camping,camp chair,Creekline,CreekRambler 2P Camp Chair 250,camping,camp chair,Creekline
20260802-0072,2026-08-02,S005,,1,221.25,0,pickup,N,NP5069,migrated,data/raw/orders/2026-08-02/orders.csv,2026-08-02,P1070,review_ambiguous,0.8575,Top candidates are too close; human confirmation is required.,NP5069,review_ambiguous,False,NEW:NP5069,,,,,BoulderNomad Patio Heater,patio,patio heater,Summit Finch,BoulderNomad Patio Heater,patio,patio heater,Summit Finch
20260802-0073,2026-08-02,S008,,2,166.65,0,in_store,N,NP5060,migrated,data/raw/orders/2026-08-02/orders.csv,2026-08-02,P1060,matched_exact,0.9311,Normalized product name matches exactly.,NP5060,matched_exact,True,P1060,CloudNomad 32oz Tumbler 259,hydration,insulated tumbler,Moss & Mile,CloudNomad-32oz-Tumbler-259,drinkware,insulated tumbler,Moss and Mile,CloudNomad 32oz Tumbler 259,hydration,insulated tumbler,Moss & Mile
20260802-0074,2026-08-02,S004,,1,319.69,20,pickup,N,NP5057,migrated,data/raw/orders/2026-08-02/orders.csv,2026-08-02,P1057,review_low_confidence,0.8995,Best candidate is plausible but below the automatic-match threshold.,NP5057,review_low_confidence,False,NEW:NP5057,,,,,PineRunner 4P Tent 256 Pro,camping,tent,RTO House Brand,PineRunner 4P Tent 256 Pro,camping,tent,RTO House Brand
20260802-0075,2026-08-02,S001,,4,225.54,5,ship_from_store,Y,NP5043,migrated,data/raw/orders/2026-08-02/orders.csv,2026-08-02,P1043,matched_exact,0.8379,Normalized product name matches exactly.,NP5043,matched_exact,True,P1043,BoulderRambler Alpine Jacket 242,outerwear,rain shell,Creekline,BoulderRambler Alpine Jacket 242,apparel,waterproof outerwear,Creekline,BoulderRambler Alpine Jacket 242,outerwear,rain shell,Creekline
20260802-0076,2026-08-02,S002,,2,89.38,0,in_store,Y,NP5037,migrated,data/raw/orders/2026-08-02/orders.csv,2026-08-02,P1037,matched_exact,0.8116,Normalized product name matches exactly.,NP5037,matched_exact,True,P1037,EmberRunner Packable Jacket 236,outerwear,rain shell,Blue Ridge Works,EmberRunner Packable Jacket 236,apparel,waterproof outerwear,Blue Ridge Outdoor Works,EmberRunner Packable Jacket 236,outerwear,rain shell,Blue Ridge Works
20260802-0077,2026-08-02,S001,,1,144.26,0,pickup,Y,NP5035,migrated,data/raw/orders/2026-08-02/orders.csv,2026-08-02,P1035,matched_exact,0.9279,Normalized product name matches exactly.,NP5035,matched_exact,True,P1035,CreekRambler Rechargeable Flashlight 234,emergency,flashlight,Creekline,CreekRambler Rechargeable Flashlight 234,preparedness,flashlight,Creekline,CreekRambler Rechargeable Flashlight 234,emergency,flashlight,Creekline
20260802-0078,2026-08-02,S005,,2,164.7,15,in_store,Y,NP5044,migrated,data/raw/orders/2026-08-02/orders.csv,2026-08-02,P1044,matched_exact,0.9993,Normalized product name matches exactly.,NP5044,matched_exact,True,P1044,CloudNomad Approach Trail Shoes 243,footwear,trail shoes,Moss & Mile,CloudNomad Approach Trail Shoes 243,footwear,trail shoes,Moss and Mile,CloudNomad Approach Trail Shoes 243,footwear,trail shoes,Moss & Mile
20260802-0079,2026-08-02,S007,,2,58.13,20,in_store,Y,NP5054,migrated,data/raw/orders/2026-08-02/orders.csv,2026-08-02,P1054,matched_exact,0.9262,Normalized product name matches exactly.,NP5054,matched_exact,True,P1054,TrailRover 20oz Tumbler 253,hydration,insulated tumbler,Summit Finch,Trail Rover 20oz Tumbler 253,drinkware,insulated tumbler,Summit Finch,TrailRover 20oz Tumbler 253,hydration,insulated tumbler,Summit Finch
20260802-0080,2026-08-02,S001,,4,72.7,0,in_store,Y,NP5048,migrated,data/raw/orders/2026-08-02/orders.csv,2026-08-02,P1048,matched_exact,0.9323,Normalized product name matches exactly.,NP5048,matched_exact,True,P1048,PeakNomad Travel Tumbler 247,hydration,insulated tumbler,TrailForge,PeakNomad Travel Tumbler 247,drinkware,insulated tumbler,TrailForge,PeakNomad Travel Tumbler 247,hydration,insulated tumbler,TrailForge
20260802-0081,2026-08-02,S003,,1,207.39,0,in_store,Y,NP5020,migrated,data/raw/orders/2026-08-02/orders.csv,2026-08-02,P1020,matched_exact,0.9945,Normalized product name matches exactly.,NP5020,matched_exact,True,P1020,StormNomad Approach Trail Shoes 219,footwear,trail shoes,Moss & Mile,Storm Nomad Approach Trail Shoes 219,footwear,trail shoes,Moss and Mile,StormNomad Approach Trail Shoes 219,footwear,trail shoes,Moss & Mile
20260802-0082,2026-08-02,S002,,1,168.45,15,pickup,Y,NP5038,migrated,data/raw/orders/2026-08-02/orders.csv,2026-08-02,P1038,matched_exact,0.9942,Normalized product name matches exactly.,NP5038,matched_exact,True,P1038,TrailRover Wide Trail Shoes 237,footwear,trail shoes,Summit Finch,Trail Rover Wide Trail Shoes 237,footwear,trail shoes,Summit Finch,TrailRover Wide Trail Shoes 237,footwear,trail shoes,Summit Finch
20260802-0083,2026-08-02,S002,,2,73.36,5,pickup,Y,NP5063,migrated,data/raw/orders/2026-08-02/orders.csv,2026-08-02,P1063,review_ambiguous,0.981,Top candidates are too close; human confirmation is required.,NP5063,review_ambiguous,False,NEW:NP5063,,,,,MoonRambler Ultralight Camp Chair 262 Pro,camping,camp chair,Switchback Supply,MoonRambler Ultralight Camp Chair 262 Pro,camping,camp chair,Switchback Supply
20260802-0084,2026-08-02,S006,,4,261.03,5,in_store,Y,NP5075,migrated,data/raw/orders/2026-08-02/orders.csv,2026-08-02,P1079,review_duplicate_candidate,0.6645,Legacy product P1079 is proposed for multiple new products; possible split or collision.,NP5075,review_duplicate_candidate,False,NEW:NP5075,,,,,MoonRambler Rain Shell,apparel,waterproof outerwear,Switchback Supply,MoonRambler Rain Shell,apparel,waterproof outerwear,Switchback Supply
20260802-0085,2026-08-02,S002,,4,187.6,0,in_store,Y,NP5033,migrated,data/raw/orders/2026-08-02/orders.csv,2026-08-02,P1033,matched_exact,0.9291,Normalized product name matches exactly.,NP5033,matched_exact,True,P1033,SummitRunner 4P Tent 232,camping,tent,Rocky Top Outfitters,SummitRunner 4P Tent 232,camping,tent,RTO House Brand,SummitRunner 4P Tent 232,camping,tent,Rocky Top Outfitters
20260802-0086,2026-08-02,S001,,4,235.18,5,in_store,N,NP5067,migrated,data/raw/orders/2026-08-02/orders.csv,2026-08-02,P1067,review_ambiguous,0.8143,Top candidates are too close; human confirmation is required.,NP5067,review_ambiguous,False,NEW:NP5067,,,,,CreekRambler Alpine Jacket 266 Pro,apparel,waterproof outerwear,Creekline,CreekRambler Alpine Jacket 266 Pro,apparel,waterproof outerwear,Creekline
20260802-0087,2026-08-02,S002,,4,359.65,10,in_store,Y,NP5057,migrated,data/raw/orders/2026-08-02/orders.csv,2026-08-02,P1057,review_low_confidence,0.8995,Best candidate is plausible but below the automatic-match threshold.,NP5057,review_low_confidence,False,NEW:NP5057,,,,,PineRunner 4P Tent 256 Pro,camping,tent,RTO House Brand,PineRunner 4P Tent 256 Pro,camping,tent,RTO House Brand
20260802-0088,2026-08-02,S004,,2,61.78,20,in_store,Y,NP5063,migrated,data/raw/orders/2026-08-02/orders.csv,2026-08-02,P1063,review_ambiguous,0.981,Top candidates are too close; human confirmation is required.,NP5063,review_ambiguous,False,NEW:NP5063,,,,,MoonRambler Ultralight Camp Chair 262 Pro,camping,camp chair,Switchback Supply,MoonRambler Ultralight Camp Chair 262 Pro,camping,camp chair,Switchback Supply
20260802-0089,2026-08-02,S001,,4,62.65,15,pickup,Y,NP5021,migrated,data/raw/orders/2026-08-02/orders.csv,2026-08-02,P1021,matched_exact,0.974,Normalized product name matches exactly.,NP5021,matched_exact,True,P1021,EmberRunner Basecamp Tent 220,camping,tent,Blue Ridge Works,EmberRunner Basecamp Tent 220,camping,tent,Blue Ridge Outdoor Works,EmberRunner Basecamp Tent 220,camping,tent,Blue Ridge Works
20260802-0090,2026-08-02,S001,,2,58.07,0,pickup,Y,NP5047,migrated,data/raw/orders/2026-08-02/orders.csv,2026-08-02,P1047,matched_exact,0.928,Normalized product name matches exactly.,NP5047,matched_exact,True,P1047,MoonRambler Expedition Flashlight 246,emergency,flashlight,Switchback Supply,MoonRambler Expedition Flashlight 246,preparedness,flashlight,Switchback Supply,MoonRambler Expedition Flashlight 246,emergency,flashlight,Switchback Supply
20260802-0091,2026-08-02,S008,,4,304.63,15,in_store,Y,NP5039,migrated,data/raw/orders/2026-08-02/orders.csv,2026-08-02,P1039,matched_exact,0.9992,Normalized product name matches exactly.,NP5039,matched_exact,True,P1039,HearthRambler Ultralight Camp Chair 238,camping,camp chair,Switchback Supply,HearthRambler Ultralight Camp Chair 238,camping,camp chair,Switchback Supply,HearthRambler Ultralight Camp Chair 238,camping,camp chair,Switchback Supply
20260802-0092,2026-08-02,S003,,1,91.38,0,ship_from_store,Y,NP5073,migrated,data/raw/orders/2026-08-02/orders.csv,2026-08-02,P1077,review_duplicate_candidate,0.7544,Legacy product P1077 is proposed for multiple new products; possible split or collision.,NP5073,review_duplicate_candidate,False,NEW:NP5073,,,,,FieldRunner Battery Pack,preparedness,power storage,Blue Ridge Outdoor Works,FieldRunner Battery Pack,preparedness,power storage,Blue Ridge Outdoor Works
20260802-0093,2026-08-02,S001,,1,518.94,20,ship_from_store,Y,NP5016,migrated,data/raw/orders/2026-08-02/orders.csv,2026-08-02,P1016,matched_exact,0.9993,Normalized product name matches exactly.,NP5016,matched_exact,True,P1016,PeakNomad XL Cooler 215,patio,cooler,TrailForge,PeakNomad XL Cooler 215,patio,cooler,TrailForge,PeakNomad XL Cooler 215,patio,cooler,TrailForge
20260802-0094,2026-08-02,S007,,1,170.93,5,in_store,Y,NP5019,migrated,data/raw/orders/2026-08-02/orders.csv,2026-08-02,P1019,matched_exact,0.8382,Normalized product name matches exactly.,NP5019,matched_exact,True,P1019,CreekRambler Alpine Jacket 218,outerwear,rain shell,Creekline,CreekRambler Alpine Jacket 218,apparel,waterproof outerwear,Creekline,CreekRambler Alpine Jacket 218,outerwear,rain shell,Creekline
20260802-0095,2026-08-02,S007,,1,128.56,0,in_store,Y,NP5030,migrated,data/raw/orders/2026-08-02/orders.csv,2026-08-02,P1030,matched_exact,0.9328,Normalized product name matches exactly.,NP5030,matched_exact,True,P1030,SwitchbackRover 20oz Tumbler 229,hydration,insulated tumbler,Summit Finch,SwitchbackRover 20oz Tumbler 229,drinkware,insulated tumbler,Summit Finch,SwitchbackRover 20oz Tumbler 229,hydration,insulated tumbler,Summit Finch
20260802-0096,2026-08-02,S001,,4,228.91,0,pickup,N,NP5046,migrated,data/raw/orders/2026-08-02/orders.csv,2026-08-02,P1046,matched_exact,0.9994,Normalized product name matches exactly.,NP5046,matched_exact,True,P1046,SwitchbackRover Weekend Patio Heater 245,patio,patio heater,Summit Finch,SwitchbackRover Weekend Patio Heater 245,patio,patio heater,Summit Finch,SwitchbackRover Weekend Patio Heater 245,patio,patio heater,Summit Finch
20260802-0097,2026-08-02,S005,,1,72.66,0,in_store,N,NP5054,migrated,data/raw/orders/2026-08-02/orders.csv,2026-08-02,P1054,matched_exact,0.9262,Normalized product name matches exactly.,NP5054,matched_exact,True,P1054,TrailRover 20oz Tumbler 253,hydration,insulated tumbler,Summit Finch,Trail Rover 20oz Tumbler 253,drinkware,insulated tumbler,Summit Finch,TrailRover 20oz Tumbler 253,hydration,insulated tumbler,Summit Finch
20260802-0098,2026-08-02,S008,,4,302.53,20,in_store,Y,NP5052,migrated,data/raw/orders/2026-08-02/orders.csv,2026-08-02,P1052,matched_exact,0.9932,Normalized product name matches exactly.,NP5052,matched_exact,True,P1052,StormNomad Compact Cooler 251,patio,cooler,Moss & Mile,Storm Nomad Compact Cooler 251,patio,cooler,Moss and Mile,StormNomad Compact Cooler 251,patio,cooler,Moss & Mile
20260802-0099,2026-08-02,S005,,1,58.07,0,ship_from_store,N,NP5047,migrated,data/raw/orders/2026-08-02/orders.csv,2026-08-02,P1047,matched_exact,0.928,Normalized product name matches exactly.,NP5047,matched_exact,True,P1047,MoonRambler Expedition Flashlight 246,emergency,flashlight,Switchback Supply,MoonRambler Expedition Flashlight 246,preparedness,flashlight,Switchback Supply,MoonRambler Expedition Flashlight 246,emergency,flashlight,Switchback Supply
20260802-0100,2026-08-02,S003,,4,184.07,5,ship_from_store,N,NP5044,migrated,data/raw/orders/2026-08-02/orders.csv,2026-08-02,P1044,matched_exact,0.9993,Normalized product name matches exactly.,NP5044,matched_exact,True,P1044,CloudNomad Approach Trail Shoes 243,footwear,trail shoes,Moss & Mile,CloudNomad Approach Trail Shoes 243,footwear,trail shoes,Moss and Mile,CloudNomad Approach Trail Shoes 243,footwear,trail shoes,Moss & Mile
20260802-0101,2026-08-02,S002,,4,96.77,10,in_store,N,NP5040,migrated,data/raw/orders/2026-08-02/orders.csv,2026-08-02,P1040,matched_exact,0.9996,Normalized product name matches exactly.,NP5040,matched_exact,True,P1040,CanyonNomad XL Cooler 239,patio,cooler,TrailForge,CanyonNomad XL Cooler 239,patio,cooler,TrailForge,CanyonNomad XL Cooler 239,patio,cooler,TrailForge
20260802-0102,2026-08-02,S006,,2,675.95,15,in_store,Y,NP5072,migrated,data/raw/orders/2026-08-02/orders.csv,2026-08-02,P1076,review_ambiguous,0.765,Top candidates are too close; human confirmation is required.,NP5072,review_ambiguous,False,NEW:NP5072,,,,,SummitRover Cooler,patio,cooler,Moss and Mile,SummitRover Cooler,patio,cooler,Moss and Mile
20260802-0103,2026-08-02,S005,,1,96.77,10,ship_from_store,N,NP5040,migrated,data/raw/orders/2026-08-02/orders.csv,2026-08-02,P1040,matched_exact,0.9996,Normalized product name matches exactly.,NP5040,matched_exact,True,P1040,CanyonNomad XL Cooler 239,patio,cooler,TrailForge,CanyonNomad XL Cooler 239,patio,cooler,TrailForge,CanyonNomad XL Cooler 239,patio,cooler,TrailForge
20260802-0104,2026-08-02,S008,,1,86.02,20,in_store,N,NP5040,migrated,data/raw/orders/2026-08-02/orders.csv,2026-08-02,P1040,matched_exact,0.9996,Normalized product name matches exactly.,NP5040,matched_exact,True,P1040,CanyonNomad XL Cooler 239,patio,cooler,TrailForge,CanyonNomad XL Cooler 239,patio,cooler,TrailForge,CanyonNomad XL Cooler 239,patio,cooler,TrailForge
20260802-0105,2026-08-02,S008,,1,198.18,0,in_store,Y,NP5038,migrated,data/raw/orders/2026-08-02/orders.csv,2026-08-02,P1038,matched_exact,0.9942,Normalized product name matches exactly.,NP5038,matched_exact,True,P1038,TrailRover Wide Trail Shoes 237,footwear,trail shoes,Summit Finch,Trail Rover Wide Trail Shoes 237,footwear,trail shoes,Summit Finch,TrailRover Wide Trail Shoes 237,footwear,trail shoes,Summit Finch
20260802-0106,2026-08-02,S007,,2,134.94,20,in_store,Y,NP5034,migrated,data/raw/orders/2026-08-02/orders.csv,2026-08-02,P1034,matched_exact,1.0,Normalized product name matches exactly.,NP5034,matched_exact,True,P1034,RidgeRover Deluxe Patio Heater 233,patio,patio heater,Highland Ember,RidgeRover Deluxe Patio Heater 233,patio,patio heater,Highland Ember,RidgeRover Deluxe Patio Heater 233,patio,patio heater,Highland Ember
20260802-0107,2026-08-02,S005,,2,144.84,0,ship_from_store,Y,NP5023,migrated,data/raw/orders/2026-08-02/orders.csv,2026-08-02,P1023,matched_exact,0.9279,Normalized product name matches exactly.,NP5023,matched_exact,True,P1023,HearthRambler Expedition Flashlight 222,emergency,flashlight,Switchback Supply,HearthRambler Expedition Flashlight 222,preparedness,flashlight,Switchback Supply,HearthRambler Expedition Flashlight 222,emergency,flashlight,Switchback Supply
20260802-0108,2026-08-02,S008,,2,74.44,0,ship_from_store,Y,NP5050,migrated,data/raw/orders/2026-08-02/orders.csv,2026-08-02,P1050,matched_exact,0.9997,Normalized product name matches exactly.,NP5050,matched_exact,True,P1050,RidgeRover Mid Trail Shoes 249,footwear,trail shoes,Highland Ember,RidgeRover Mid Trail Shoes 249,footwear,trail shoes,Highland Ember,RidgeRover Mid Trail Shoes 249,footwear,trail shoes,Highland Ember
20260802-0109,2026-08-02,S001,,2,128.89,10,in_store,Y,NP5070,migrated,data/raw/orders/2026-08-02/orders.csv,2026-08-02,P1072,review_ambiguous,0.7022,Top candidates are too close; human confirmation is required.,NP5070,review_ambiguous,False,NEW:NP5070,,,,,FieldPacer Insulated Tumbler,drinkware,insulated tumbler,TrailForge,FieldPacer Insulated Tumbler,drinkware,insulated tumbler,TrailForge
20260802-0110,2026-08-02,S005,,2,210.43,15,ship_from_store,Y,NP5067,migrated,data/raw/orders/2026-08-02/orders.csv,2026-08-02,P1067,review_ambiguous,0.8143,Top candidates are too close; human confirmation is required.,NP5067,review_ambiguous,False,NEW:NP5067,,,,,CreekRambler Alpine Jacket 266 Pro,apparel,waterproof outerwear,Creekline,CreekRambler Alpine Jacket 266 Pro,apparel,waterproof outerwear,Creekline
20260802-0111,2026-08-02,S002,,1,145.81,15,in_store,Y,NP5031,migrated,data/raw/orders/2026-08-02/orders.csv,2026-08-02,P1031,matched_exact,0.8328,Normalized product name matches exactly.,NP5031,matched_exact,True,P1031,MoonRambler Stormproof Jacket 230,outerwear,rain shell,Switchback Supply,MoonRambler Storm proof Jacket 230,apparel,waterproof outerwear,Switchback Supply,MoonRambler Stormproof Jacket 230,outerwear,rain shell,Switchback Supply
20260802-0112,2026-08-02,S005,,3,122.13,5,in_store,N,NP5030,migrated,data/raw/orders/2026-08-02/orders.csv,2026-08-02,P1030,matched_exact,0.9328,Normalized product name matches exactly.,NP5030,matched_exact,True,P1030,SwitchbackRover 20oz Tumbler 229,hydration,insulated tumbler,Summit Finch,SwitchbackRover 20oz Tumbler 229,drinkware,insulated tumbler,Summit Finch,SwitchbackRover 20oz Tumbler 229,hydration,insulated tumbler,Summit Finch
20260802-0113,2026-08-02,S001,,1,150.17,0,ship_from_store,Y,NP5018,migrated,data/raw/orders/2026-08-02/orders.csv,2026-08-02,P1018,matched_exact,0.9327,Normalized product name matches exactly.,NP5018,matched_exact,True,P1018,RidgeRover Trail Tumbler 217,hydration,insulated tumbler,Highland Ember,RidgeRover Trail Tumbler 217,drinkware,insulated tumbler,Highland Ember,RidgeRover Trail Tumbler 217,hydration,insulated tumbler,Highland Ember
20260802-0114,2026-08-02,S001,,1,310.01,20,in_store,Y,NP5022,migrated,data/raw/orders/2026-08-02/orders.csv,2026-08-02,P1022,matched_exact,0.995,Normalized product name matches exactly.,NP5022,matched_exact,True,P1022,TrailRover Weekend Patio Heater 221,patio,patio heater,Summit Finch,Trail Rover Weekend Patio Heater 221,patio,patio heater,Summit Finch,TrailRover Weekend Patio Heater 221,patio,patio heater,Summit Finch
20260802-0115,2026-08-02,S001,,2,148.91,15,pickup,N,NP5008,migrated,data/raw/orders/2026-08-02/orders.csv,2026-08-02,P1008,matched_exact,0.9999,Normalized product name matches exactly.,NP5008,matched_exact,True,P1008,CanyonNomad Waterproof Trail Shoes 207,footwear,trail shoes,TrailForge,CanyonNomad Waterproof Trail Shoes 207,footwear,trail shoes,TrailForge,CanyonNomad Waterproof Trail Shoes 207,footwear,trail shoes,TrailForge
20260802-0116,2026-08-02,S001,,2,74.44,0,in_store,N,NP5050,migrated,data/raw/orders/2026-08-02/orders.csv,2026-08-02,P1050,matched_exact,0.9997,Normalized product name matches exactly.,NP5050,matched_exact,True,P1050,RidgeRover Mid Trail Shoes 249,footwear,trail shoes,Highland Ember,RidgeRover Mid Trail Shoes 249,footwear,trail shoes,Highland Ember,RidgeRover Mid Trail Shoes 249,footwear,trail shoes,Highland Ember
20260802-0117,2026-08-02,S003,,2,655.68,0,pickup,Y,NP5064,migrated,data/raw/orders/2026-08-02/orders.csv,2026-08-02,P1064,matched_exact,0.9981,Normalized product name matches exactly.,NP5064,matched_exact,True,P1064,PeakNomad XL Cooler 263,patio,cooler,TrailForge,PeakNomad-XL-Cooler-263,patio,cooler,TrailForge,PeakNomad XL Cooler 263,patio,cooler,TrailForge
