order_id,order_date,store_id,product_id,new_product_id,canonical_product_id,canonical_product_name,quantity,unit_price,discount_pct,net_sales,sales_channel,loyalty_member
20260712-0001,2026-07-12,S003,P1012,,NP5012,CloudNomad 32oz Tumbler 211,1,117.48,5,117.48,in_store,Y
20260712-0002,2026-07-12,S008,P1038,,NP5038,Trail Rover Wide Trail Shoes 237,2,196.88,0,393.76,in_store,Y
20260712-0003,2026-07-12,S007,P1039,,NP5039,HearthRambler Ultralight Camp Chair 238,1,312.66,15,312.66,ship_from_store,N
20260712-0004,2026-07-12,S002,P1048,,NP5048,PeakNomad Travel Tumbler 247,1,63.25,10,63.25,pickup,Y
20260712-0005,2026-07-12,S004,P1011,,NP5011,BoulderRambler Rechargeable Flashlight 210,2,106.46,20,212.92,pickup,Y
20260712-0006,2026-07-12,S001,P1037,,NP5037,EmberRunner Packable Jacket 236,1,91.75,0,91.75,in_store,Y
20260712-0007,2026-07-12,S005,P1078,,NP5078,SwitchbackRover Insulated Tumbler Alt,1,146.35,0,146.35,pickup,Y
20260712-0008,2026-07-12,S001,P1056,,NP5056,CanyonNomad Waterproof Trail Shoes 255,1,115.21,20,115.21,in_store,Y
20260712-0009,2026-07-12,S005,P1042,,NP5042,VistaRover Trail Tumbler 241,1,92.2,20,92.2,in_store,Y
20260712-0010,2026-07-12,S005,P1054,,NP5054,Trail Rover 20oz Tumbler 253,2,56.54,20,113.08,in_store,Y
20260712-0011,2026-07-12,S003,P1029,,NP5029,FieldRunner Storm Kit Battery Pack 228,3,107.04,15,321.12,in_store,N
20260712-0012,2026-07-12,S007,P1072,,NP5070,FieldPacer Insulated Tumbler,1,114.15,15,114.15,pickup,N
20260712-0013,2026-07-12,S006,P1065,,NP5065,SummitRunner Mini Battery Pack 264 Pro,1,112.86,0,112.86,in_store,N
20260712-0014,2026-07-12,S002,P1043,,NP5043,BoulderRambler Alpine Jacket 242,1,228.95,5,228.95,pickup,Y
20260712-0015,2026-07-12,S006,P1062,,NP5062,SwitchbackRover-Wide-Trail-Shoes-261,2,136.55,20,273.1,in_store,Y
20260712-0016,2026-07-12,S005,P1048,,NP5048,PeakNomad Travel Tumbler 247,4,59.74,15,238.96,in_store,N
20260712-0017,2026-07-12,S007,P1032,,NP5032,PeakNomad Waterproof Trail Shoes 231,3,164.97,15,494.91,ship_from_store,N
20260712-0018,2026-07-12,S004,P1032,,NP5032,PeakNomad Waterproof Trail Shoes 231,1,155.26,20,155.26,in_store,Y
20260712-0019,2026-07-12,S001,P1031,,NP5031,MoonRambler Storm proof Jacket 230,4,164.85,5,659.4,pickup,Y
20260712-0020,2026-07-12,S003,P1035,,NP5035,CreekRambler Rechargeable Flashlight 234,1,125.57,15,125.57,in_store,N
20260712-0021,2026-07-12,S005,P1028,,NP5028,CloudNomad Compact Cooler 227,1,518.02,20,518.02,in_store,Y
20260712-0022,2026-07-12,S001,P1018,,NP5018,RidgeRover Trail Tumbler 217,1,130.36,15,130.36,in_store,Y
20260712-0023,2026-07-12,S004,P1043,,NP5043,BoulderRambler Alpine Jacket 242,3,228.95,5,686.85,in_store,Y
20260712-0024,2026-07-12,S005,P1004,,NP5004,Storm Nomad Compact Cooler 203,1,104.41,5,104.41,pickup,Y
20260712-0025,2026-07-12,S006,P1031,,NP5031,MoonRambler Storm proof Jacket 230,2,156.18,10,312.36,in_store,Y
20260712-0026,2026-07-12,S001,P1060,,NP5060,CloudNomad-32oz-Tumbler-259,3,146.67,5,440.01,in_store,Y
20260712-0027,2026-07-12,S003,P1027,,NP5027,BoulderRambler 2P Camp Chair 226,3,92.03,0,276.09,in_store,Y
20260712-0028,2026-07-12,S005,P1009,,NP5009,PineRunner 4P Tent 208,3,109.5,5,328.5,in_store,Y
20260712-0029,2026-07-12,S008,P1060,,NP5060,CloudNomad-32oz-Tumbler-259,3,131.23,15,393.69,in_store,N
20260712-0030,2026-07-12,S004,P1020,,NP5020,Storm Nomad Approach Trail Shoes 219,2,190.33,10,380.66,in_store,Y
20260712-0031,2026-07-12,S005,P1043,,NP5043,BoulderRambler Alpine Jacket 242,4,241.0,0,964.0,in_store,N
20260712-0032,2026-07-12,S007,P1040,,NP5040,CanyonNomad XL Cooler 239,3,108.81,0,326.43,ship_from_store,N
20260712-0033,2026-07-12,S007,P1032,,NP5032,PeakNomad Waterproof Trail Shoes 231,1,184.38,5,184.38,in_store,N
20260712-0034,2026-07-12,S003,P1067,,NP5067,CreekRambler Alpine Jacket 266 Pro,2,213.58,20,427.16,in_store,Y
20260712-0035,2026-07-12,S001,P1024,,NP5024,CanyonNomad Travel Tumbler 223,2,90.59,0,181.18,ship_from_store,Y
20260712-0036,2026-07-12,S002,P1036,,NP5036,Storm Nomad 32oz Tumbler 235,1,149.83,5,149.83,in_store,Y
20260712-0037,2026-07-12,S007,P1008,,NP5008,CanyonNomad Waterproof Trail Shoes 207,2,157.95,10,315.9,in_store,Y
20260712-0038,2026-07-12,S008,P1033,,NP5033,SummitRunner 4P Tent 232,2,189.46,0,378.92,in_store,Y
20260712-0039,2026-07-12,S006,P1048,,NP5048,PeakNomad Travel Tumbler 247,3,59.74,15,179.22,ship_from_store,N
20260712-0040,2026-07-12,S003,P1026,,NP5026,VistaRover Mid Trail Shoes 225,1,130.4,0,130.4,in_store,Y
20260712-0041,2026-07-12,S003,P1006,,NP5006,Trail Rover 20oz Tumbler 205,1,44.73,20,44.73,in_store,Y
20260712-0042,2026-07-12,S004,P1021,,NP5021,EmberRunner Basecamp Tent 220,1,73.74,0,73.74,ship_from_store,N
20260712-0043,2026-07-12,S004,P1012,,NP5012,CloudNomad 32oz Tumbler 211,1,123.66,0,123.66,ship_from_store,N
20260712-0044,2026-07-12,S003,P1018,,NP5018,RidgeRover Trail Tumbler 217,2,122.69,20,245.38,ship_from_store,Y
20260712-0045,2026-07-12,S008,P1044,,NP5044,CloudNomad Approach Trail Shoes 243,2,160.86,15,321.72,pickup,Y
20260712-0046,2026-07-12,S006,P1050,,NP5050,RidgeRover Mid Trail Shoes 249,1,71.54,5,71.54,in_store,Y
20260712-0047,2026-07-12,S005,P1051,,NP5051,CreekRambler 2P Camp Chair 250,2,339.32,20,678.64,in_store,Y
20260712-0048,2026-07-12,S004,P1042,,NP5042,VistaRover Trail Tumbler 241,3,97.96,15,293.88,pickup,Y
20260712-0049,2026-07-12,S006,P1016,,NP5016,PeakNomad XL Cooler 215,1,634.09,0,634.09,ship_from_store,Y
20260712-0050,2026-07-12,S003,P1014,,NP5014,SwitchbackRover Wide Trail Shoes 213,3,204.67,0,614.01,in_store,N
20260712-0051,2026-07-12,S003,P1031,,NP5031,MoonRambler Storm proof Jacket 230,1,164.85,5,164.85,in_store,N
20260712-0052,2026-07-12,S008,P1071,,P1071,HearthRambler Expedition Flashlight 270,2,143.3,0,286.6,ship_from_store,N
20260712-0053,2026-07-12,S004,P1014,,NP5014,SwitchbackRover Wide Trail Shoes 213,4,163.74,20,654.96,in_store,Y
20260712-0054,2026-07-12,S006,P1075,,P1075,BoulderRambler 2P Camp Chair 274,3,165.22,0,495.66,in_store,Y
20260712-0055,2026-07-12,S001,P1029,,NP5029,FieldRunner Storm Kit Battery Pack 228,1,125.93,0,125.93,in_store,Y
20260712-0056,2026-07-12,S008,P1007,,NP5007,HearthRambler Storm proof Jacket 206,2,112.42,0,224.84,in_store,Y
20260712-0057,2026-07-12,S006,P1037,,NP5037,EmberRunner Packable Jacket 236,1,91.75,0,91.75,in_store,N
20260712-0058,2026-07-12,S001,P1074,,P1074,VistaRover Mid Trail Shoes 273,1,153.36,20,153.36,in_store,N
20260712-0059,2026-07-12,S005,P1033,,NP5033,SummitRunner 4P Tent 232,1,189.46,0,189.46,ship_from_store,Y
20260712-0060,2026-07-12,S004,P1007,,NP5007,HearthRambler Storm proof Jacket 206,3,95.56,15,286.68,ship_from_store,N
20260712-0061,2026-07-12,S002,P1049,,NP5049,SummitRunner Lightweight Jacket 248,2,199.81,10,399.62,in_store,Y
20260712-0062,2026-07-12,S003,P1016,,NP5016,PeakNomad XL Cooler 215,2,538.98,15,1077.96,pickup,Y
20260712-0063,2026-07-12,S001,P1013,,NP5013,FieldRunner Packable Jacket 212,4,77.91,20,311.64,ship_from_store,Y
20260712-0064,2026-07-12,S007,P1036,,NP5036,Storm Nomad 32oz Tumbler 235,2,157.72,0,315.44,in_store,Y
20260712-0065,2026-07-12,S002,P1039,,NP5039,HearthRambler Ultralight Camp Chair 238,4,331.06,10,1324.24,ship_from_store,Y
20260712-0066,2026-07-12,S003,P1020,,NP5020,Storm Nomad Approach Trail Shoes 219,1,211.48,0,211.48,in_store,Y
20260712-0067,2026-07-12,S003,P1003,,NP5003,CreekRambler 2P Camp Chair 202,2,381.63,15,763.26,in_store,Y
20260712-0068,2026-07-12,S007,P1006,,NP5006,Trail Rover 20oz Tumbler 205,4,55.91,0,223.64,pickup,N
20260712-0069,2026-07-12,S006,P1038,,NP5038,Trail Rover Wide Trail Shoes 237,1,167.35,15,167.35,in_store,N
20260712-0070,2026-07-12,S008,P1063,,NP5063,MoonRambler Ultralight Camp Chair 262 Pro,1,75.92,5,75.92,in_store,Y
20260712-0071,2026-07-12,S003,P1046,,NP5046,SwitchbackRover Weekend Patio Heater 245,3,186.74,20,560.22,in_store,Y
20260712-0072,2026-07-12,S001,P1017,,NP5017,SummitRunner Mini Battery Pack 216,3,58.17,10,174.51,in_store,Y
20260712-0073,2026-07-12,S005,P1011,,NP5011,BoulderRambler Rechargeable Flashlight 210,2,119.76,10,239.52,in_store,Y
20260712-0074,2026-07-12,S005,P1034,,NP5034,RidgeRover Deluxe Patio Heater 233,2,143.53,15,287.06,ship_from_store,Y
20260712-0075,2026-07-12,S005,P1045,,NP5045,FieldRunner Basecamp Tent 244,2,313.57,10,627.14,pickup,Y
20260712-0076,2026-07-12,S008,P1068,,NP5068,StormNomad-Approach-Trail-Shoes-267,4,72.83,10,291.32,pickup,Y
20260712-0077,2026-07-12,S004,P1057,,NP5057,PineRunner 4P Tent 256 Pro,1,369.15,10,369.15,pickup,Y
20260712-0078,2026-07-12,S004,P1050,,NP5050,RidgeRover Mid Trail Shoes 249,1,75.31,0,75.31,ship_from_store,N
20260712-0079,2026-07-12,S001,P1075,,P1075,BoulderRambler 2P Camp Chair 274,3,140.44,15,421.32,in_store,Y
20260712-0080,2026-07-12,S007,P1048,,NP5048,PeakNomad Travel Tumbler 247,1,59.74,15,59.74,in_store,N
20260712-0081,2026-07-12,S002,P1034,,NP5034,RidgeRover Deluxe Patio Heater 233,4,168.86,0,675.44,in_store,Y
20260712-0082,2026-07-12,S001,P1003,,NP5003,CreekRambler 2P Camp Chair 202,3,448.98,0,1346.94,in_store,N
20260712-0083,2026-07-12,S008,P1037,,NP5037,EmberRunner Packable Jacket 236,3,87.16,5,261.48,in_store,Y
20260712-0084,2026-07-12,S001,P1027,,NP5027,BoulderRambler 2P Camp Chair 226,1,87.43,5,87.43,pickup,Y
20260712-0085,2026-07-12,S003,P1071,,P1071,HearthRambler Expedition Flashlight 270,3,143.3,0,429.9,in_store,N
20260712-0086,2026-07-12,S007,P1069,,P1069,EmberRunner Basecamp Tent 268,1,256.36,0,256.36,ship_from_store,Y
20260712-0087,2026-07-12,S005,P1063,,NP5063,MoonRambler Ultralight Camp Chair 262 Pro,1,79.92,0,79.92,pickup,Y
20260712-0088,2026-07-12,S008,P1042,,NP5042,VistaRover Trail Tumbler 241,4,97.96,15,391.84,in_store,Y
20260712-0089,2026-07-12,S008,P1018,,NP5018,RidgeRover Trail Tumbler 217,2,130.36,15,260.72,in_store,Y
20260712-0090,2026-07-12,S007,P1080,,NP5080,PeakNomad Trail Shoes Alt,1,143.0,0,143.0,ship_from_store,Y
20260712-0091,2026-07-12,S006,P1041,,NP5041,PineRunner Mini Battery Pack 240,2,54.6,0,109.2,in_store,Y
20260712-0092,2026-07-12,S005,P1065,,NP5065,SummitRunner Mini Battery Pack 264 Pro,2,90.29,20,180.58,pickup,Y
20260712-0093,2026-07-12,S001,P1018,,NP5018,RidgeRover Trail Tumbler 217,2,130.36,15,260.72,ship_from_store,Y
20260712-0094,2026-07-12,S007,P1026,,NP5026,VistaRover Mid Trail Shoes 225,2,130.4,0,260.8,ship_from_store,N
20260712-0095,2026-07-12,S005,P1039,,NP5039,HearthRambler Ultralight Camp Chair 238,1,312.66,15,312.66,in_store,Y
20260712-0096,2026-07-12,S004,P1061,,NP5061,FieldRunner Packable Jacket 260 Pro,2,147.84,0,295.68,ship_from_store,Y
20260712-0097,2026-07-12,S005,P1003,,NP5003,CreekRambler 2P Camp Chair 202,2,448.98,0,897.96,ship_from_store,Y
20260712-0098,2026-07-12,S003,P1006,,NP5006,Trail Rover 20oz Tumbler 205,2,55.91,0,111.82,pickup,Y
20260712-0099,2026-07-12,S002,P1023,,NP5023,HearthRambler Expedition Flashlight 222,1,141.44,0,141.44,ship_from_store,Y
20260712-0100,2026-07-12,S001,P1054,,NP5054,Trail Rover 20oz Tumbler 253,1,70.68,0,70.68,pickup,Y
20260712-0101,2026-07-12,S005,P1010,,NP5010,VistaRover Deluxe Patio Heater 209,3,552.43,0,1657.29,in_store,Y
20260712-0102,2026-07-12,S001,P1007,,NP5007,HearthRambler Storm proof Jacket 206,2,101.18,10,202.36,in_store,Y
20260712-0103,2026-07-12,S001,P1028,,NP5028,CloudNomad Compact Cooler 227,3,647.52,0,1942.56,in_store,Y
20260712-0104,2026-07-12,S005,P1074,,P1074,VistaRover Mid Trail Shoes 273,1,172.53,10,172.53,in_store,Y
20260714-0001,2026-07-14,S004,P1058,,NP5058,VistaRover-Deluxe-Patio-Heater-257,3,210.87,20,632.61,in_store,Y
20260714-0002,2026-07-14,S008,P1075,,P1075,BoulderRambler 2P Camp Chair 274,3,165.22,0,495.66,ship_from_store,Y
20260714-0003,2026-07-14,S003,P1063,,NP5063,MoonRambler Ultralight Camp Chair 262 Pro,3,79.92,0,239.76,ship_from_store,Y
20260714-0004,2026-07-14,S007,P1064,,NP5064,PeakNomad-XL-Cooler-263,1,614.45,0,614.45,ship_from_store,Y
20260714-0005,2026-07-14,S004,P1029,,NP5029,FieldRunner Storm Kit Battery Pack 228,2,125.93,0,251.86,in_store,Y
20260714-0006,2026-07-14,S003,P1078,,NP5078,SwitchbackRover Insulated Tumbler Alt,1,146.35,0,146.35,in_store,Y
20260714-0007,2026-07-14,S004,P1061,,NP5061,FieldRunner Packable Jacket 260 Pro,2,118.27,20,236.54,ship_from_store,Y
20260714-0008,2026-07-14,S001,P1074,,P1074,VistaRover Mid Trail Shoes 273,2,191.7,0,383.4,in_store,Y
20260714-0009,2026-07-14,S003,P1080,,NP5080,PeakNomad Trail Shoes Alt,1,121.55,15,121.55,ship_from_store,Y
20260714-0010,2026-07-14,S008,P1042,,NP5042,VistaRover Trail Tumbler 241,1,103.73,10,103.73,in_store,N
20260714-0011,2026-07-14,S003,P1026,,NP5026,VistaRover Mid Trail Shoes 225,2,130.4,0,260.8,ship_from_store,N
20260714-0012,2026-07-14,S003,P1053,,NP5053,EmberRunner Storm Kit Battery Pack 252,2,108.53,0,217.06,pickup,Y
20260714-0013,2026-07-14,S002,P1009,,NP5009,PineRunner 4P Tent 208,1,97.97,15,97.97,ship_from_store,Y
20260714-0014,2026-07-14,S002,P1047,,NP5047,MoonRambler Expedition Flashlight 246,1,48.36,15,48.36,in_store,Y
20260714-0015,2026-07-14,S006,P1031,,NP5031,MoonRambler Storm proof Jacket 230,1,156.18,10,156.18,in_store,N
20260714-0016,2026-07-14,S006,P1061,,NP5061,FieldRunner Packable Jacket 260 Pro,1,140.45,5,140.45,pickup,N
20260714-0017,2026-07-14,S005,P1079,,NP5079,MoonRambler Rain Shell Alt,1,217.78,15,217.78,pickup,Y
20260714-0018,2026-07-14,S003,P1064,,NP5064,PeakNomad-XL-Cooler-263,1,614.45,0,614.45,in_store,Y
20260714-0019,2026-07-14,S007,P1058,,NP5058,VistaRover-Deluxe-Patio-Heater-257,2,263.59,0,527.18,in_store,Y
20260714-0020,2026-07-14,S004,P1024,,NP5024,CanyonNomad Travel Tumbler 223,4,90.59,0,362.36,in_store,N
20260714-0021,2026-07-14,S005,P1051,,NP5051,CreekRambler 2P Camp Chair 250,1,402.94,5,402.94,in_store,N
20260714-0022,2026-07-14,S002,P1003,,NP5003,CreekRambler 2P Camp Chair 202,1,448.98,0,448.98,pickup,N
20260714-0023,2026-07-14,S001,P1044,,NP5044,CloudNomad Approach Trail Shoes 243,2,179.79,5,359.58,in_store,N
20260714-0024,2026-07-14,S007,P1058,,NP5058,VistaRover-Deluxe-Patio-Heater-257,1,263.59,0,263.59,in_store,Y
20260714-0025,2026-07-14,S002,P1008,,NP5008,CanyonNomad Waterproof Trail Shoes 207,2,149.17,15,298.34,in_store,Y
20260714-0026,2026-07-14,S007,P1061,,NP5061,FieldRunner Packable Jacket 260 Pro,2,133.06,10,266.12,ship_from_store,N
20260714-0027,2026-07-14,S001,P1052,,NP5052,Storm Nomad Compact Cooler 251,4,350.02,10,1400.08,in_store,N
20260714-0028,2026-07-14,S001,P1019,,NP5019,CreekRambler Alpine Jacket 218,1,178.99,0,178.99,pickup,Y
20260714-0029,2026-07-14,S006,P1072,,NP5070,FieldPacer Insulated Tumbler,3,107.43,20,322.29,in_store,Y
20260714-0030,2026-07-14,S006,P1027,,NP5027,BoulderRambler 2P Camp Chair 226,3,82.83,10,248.49,in_store,Y
20260714-0031,2026-07-14,S002,P1053,,NP5053,EmberRunner Storm Kit Battery Pack 252,2,108.53,0,217.06,in_store,Y
20260714-0032,2026-07-14,S006,P1003,,NP5003,CreekRambler 2P Camp Chair 202,1,448.98,0,448.98,in_store,N
20260714-0033,2026-07-14,S001,P1027,,NP5027,BoulderRambler 2P Camp Chair 226,1,92.03,0,92.03,pickup,N
20260714-0034,2026-07-14,S005,P1055,,NP5055,HearthRambler Storm proof Jacket 254,1,222.06,20,222.06,ship_from_store,N
20260714-0035,2026-07-14,S008,P1054,,NP5054,Trail Rover 20oz Tumbler 253,1,67.15,5,67.15,ship_from_store,N
20260714-0036,2026-07-14,S007,P1008,,NP5008,CanyonNomad Waterproof Trail Shoes 207,2,175.5,0,351.0,in_store,Y
20260714-0037,2026-07-14,S003,P1038,,NP5038,Trail Rover Wide Trail Shoes 237,3,177.19,10,531.57,in_store,Y
20260714-0038,2026-07-14,S004,P1061,,NP5061,FieldRunner Packable Jacket 260 Pro,2,140.45,5,280.9,in_store,Y
20260714-0039,2026-07-14,S001,P1036,,NP5036,Storm Nomad 32oz Tumbler 235,2,149.83,5,299.66,in_store,Y
20260714-0040,2026-07-14,S006,P1042,,NP5042,VistaRover Trail Tumbler 241,2,115.25,0,230.5,in_store,Y
20260714-0041,2026-07-14,S003,P1076,,NP5072,SummitRover Cooler,1,617.47,10,617.47,in_store,Y
20260714-0042,2026-07-14,S006,P1054,,NP5054,Trail Rover 20oz Tumbler 253,2,56.54,20,113.08,in_store,Y
20260714-0043,2026-07-14,S002,P1076,,NP5072,SummitRover Cooler,1,617.47,10,617.47,in_store,Y
20260714-0044,2026-07-14,S008,P1006,,NP5006,Trail Rover 20oz Tumbler 205,1,53.11,5,53.11,in_store,Y
20260714-0045,2026-07-14,S004,P1013,,NP5013,FieldRunner Packable Jacket 212,4,97.39,0,389.56,ship_from_store,Y
20260714-0046,2026-07-14,S004,P1046,,NP5046,SwitchbackRover Weekend Patio Heater 245,1,233.42,0,233.42,pickup,Y
20260714-0047,2026-07-14,S001,P1060,,NP5060,CloudNomad-32oz-Tumbler-259,4,154.39,0,617.56,pickup,Y
20260714-0048,2026-07-14,S007,P1071,,P1071,HearthRambler Expedition Flashlight 270,1,136.13,5,136.13,pickup,N
20260714-0049,2026-07-14,S002,P1010,,NP5010,VistaRover Deluxe Patio Heater 209,1,552.43,0,552.43,in_store,N
20260714-0050,2026-07-14,S001,P1003,,NP5003,CreekRambler 2P Camp Chair 202,1,381.63,15,381.63,in_store,Y
20260714-0051,2026-07-14,S008,P1069,,P1069,EmberRunner Basecamp Tent 268,1,256.36,0,256.36,ship_from_store,Y
20260714-0052,2026-07-14,S002,P1039,,NP5039,HearthRambler Ultralight Camp Chair 238,4,331.06,10,1324.24,in_store,Y
20260714-0053,2026-07-14,S001,P1044,,NP5044,CloudNomad Approach Trail Shoes 243,1,179.79,5,179.79,in_store,Y
20260714-0054,2026-07-14,S001,P1012,,NP5012,CloudNomad 32oz Tumbler 211,1,105.11,15,105.11,in_store,N
20260714-0055,2026-07-14,S005,P1076,,NP5072,SummitRover Cooler,1,686.08,0,686.08,in_store,Y
20260714-0056,2026-07-14,S001,P1042,,NP5042,VistaRover Trail Tumbler 241,4,103.73,10,414.92,in_store,N
20260714-0057,2026-07-14,S004,P1073,,P1073,PineRunner Lightweight Jacket 272,3,112.79,10,338.37,ship_from_store,Y
20260714-0058,2026-07-14,S004,P1033,,NP5033,SummitRunner 4P Tent 232,1,151.57,20,151.57,in_store,Y
20260714-0059,2026-07-14,S003,P1045,,NP5045,FieldRunner Basecamp Tent 244,4,348.41,0,1393.64,pickup,N
20260714-0060,2026-07-14,S005,P1076,,NP5072,SummitRover Cooler,1,686.08,0,686.08,pickup,Y
20260714-0061,2026-07-14,S008,P1028,,NP5028,CloudNomad Compact Cooler 227,3,615.14,5,1845.42,in_store,N
20260714-0062,2026-07-14,S008,P1039,,NP5039,HearthRambler Ultralight Camp Chair 238,4,349.45,5,1397.8,pickup,Y
20260714-0063,2026-07-14,S006,P1015,,NP5015,MoonRambler Ultralight Camp Chair 214,2,163.09,15,326.18,in_store,Y
20260714-0064,2026-07-14,S006,P1004,,NP5004,Storm Nomad Compact Cooler 203,4,104.41,5,417.64,in_store,Y
20260714-0065,2026-07-14,S007,P1015,,NP5015,MoonRambler Ultralight Camp Chair 214,4,163.09,15,652.36,pickup,Y
20260714-0066,2026-07-14,S004,P1027,,NP5027,BoulderRambler 2P Camp Chair 226,1,92.03,0,92.03,in_store,Y
20260714-0067,2026-07-14,S002,P1036,,NP5036,Storm Nomad 32oz Tumbler 235,4,157.72,0,630.88,pickup,Y
20260714-0068,2026-07-14,S002,P1022,,NP5022,Trail Rover Weekend Patio Heater 221,2,310.97,20,621.94,pickup,Y
20260714-0069,2026-07-14,S005,P1027,,NP5027,BoulderRambler 2P Camp Chair 226,1,73.62,20,73.62,in_store,N
20260714-0070,2026-07-14,S006,P1027,,NP5027,BoulderRambler 2P Camp Chair 226,1,73.62,20,73.62,in_store,N
20260714-0071,2026-07-14,S006,P1048,,NP5048,PeakNomad Travel Tumbler 247,1,59.74,15,59.74,in_store,Y
20260714-0072,2026-07-14,S002,P1047,,NP5047,MoonRambler Expedition Flashlight 246,2,56.9,0,113.8,ship_from_store,Y
20260714-0073,2026-07-14,S004,P1080,,NP5080,PeakNomad Trail Shoes Alt,1,114.4,20,114.4,in_store,Y
20260714-0074,2026-07-14,S004,P1057,,NP5057,PineRunner 4P Tent 256 Pro,1,389.66,5,389.66,pickup,Y
20260714-0075,2026-07-14,S001,P1051,,NP5051,CreekRambler 2P Camp Chair 250,1,381.74,10,381.74,in_store,Y
20260714-0076,2026-07-14,S005,P1015,,NP5015,MoonRambler Ultralight Camp Chair 214,1,191.87,0,191.87,ship_from_store,Y
20260714-0077,2026-07-14,S003,P1052,,NP5052,Storm Nomad Compact Cooler 251,1,369.46,5,369.46,pickup,Y
20260714-0078,2026-07-14,S003,P1002,,NP5002,RidgeRover Mid Trail Shoes 201,1,203.43,0,203.43,in_store,Y
20260714-0079,2026-07-14,S003,P1026,,NP5026,VistaRover Mid Trail Shoes 225,1,130.4,0,130.4,in_store,Y
20260714-0080,2026-07-14,S004,P1046,,NP5046,SwitchbackRover Weekend Patio Heater 245,2,210.08,10,420.16,in_store,Y
20260714-0081,2026-07-14,S006,P1018,,NP5018,RidgeRover Trail Tumbler 217,3,145.69,5,437.07,in_store,Y
20260714-0082,2026-07-14,S001,P1048,,NP5048,PeakNomad Travel Tumbler 247,3,59.74,15,179.22,pickup,Y
20260714-0083,2026-07-14,S003,P1060,,NP5060,CloudNomad-32oz-Tumbler-259,1,138.95,10,138.95,in_store,N
20260714-0084,2026-07-14,S001,P1056,,NP5056,CanyonNomad Waterproof Trail Shoes 255,2,136.81,5,273.62,in_store,Y
20260714-0085,2026-07-14,S001,P1066,,NP5066,RidgeRover-Trail-Tumbler-265,2,89.15,15,178.3,in_store,Y
20260714-0086,2026-07-14,S004,P1066,,NP5066,RidgeRover-Trail-Tumbler-265,1,104.88,0,104.88,ship_from_store,Y
20260714-0087,2026-07-14,S002,P1045,,NP5045,FieldRunner Basecamp Tent 244,1,296.15,15,296.15,in_store,N
20260714-0088,2026-07-14,S004,P1059,,NP5059,BoulderRambler Rechargeable Flashlight 258 Pro,3,100.22,5,300.66,pickup,Y
20260714-0089,2026-07-14,S007,P1076,,NP5072,SummitRover Cooler,3,583.17,15,1749.51,pickup,Y
20260714-0090,2026-07-14,S006,P1080,,NP5080,PeakNomad Trail Shoes Alt,4,143.0,0,572.0,in_store,N
20260714-0091,2026-07-14,S004,P1067,,NP5067,CreekRambler Alpine Jacket 266 Pro,1,266.98,0,266.98,ship_from_store,Y
20260714-0092,2026-07-14,S005,P1072,,NP5070,FieldPacer Insulated Tumbler,1,120.86,10,120.86,in_store,Y
20260714-0093,2026-07-14,S008,P1010,,NP5010,VistaRover Deluxe Patio Heater 209,1,497.19,10,497.19,in_store,Y
20260714-0094,2026-07-14,S004,P1056,,NP5056,CanyonNomad Waterproof Trail Shoes 255,4,115.21,20,460.84,in_store,Y
20260714-0095,2026-07-14,S005,P1049,,NP5049,SummitRunner Lightweight Jacket 248,1,199.81,10,199.81,in_store,Y
20260714-0096,2026-07-14,S006,P1043,,NP5043,BoulderRambler Alpine Jacket 242,1,241.0,0,241.0,in_store,Y
20260714-0097,2026-07-14,S005,P1045,,NP5045,FieldRunner Basecamp Tent 244,2,313.57,10,627.14,in_store,N
20260714-0098,2026-07-14,S001,P1007,,NP5007,HearthRambler Storm proof Jacket 206,1,106.8,5,106.8,in_store,Y
20260714-0099,2026-07-14,S007,P1007,,NP5007,HearthRambler Storm proof Jacket 206,1,112.42,0,112.42,in_store,Y
20260714-0100,2026-07-14,S005,P1056,,NP5056,CanyonNomad Waterproof Trail Shoes 255,2,136.81,5,273.62,ship_from_store,N
20260714-0101,2026-07-14,S005,P1041,,NP5041,PineRunner Mini Battery Pack 240,2,51.87,5,103.74,pickup,Y
20260714-0102,2026-07-14,S004,P1078,,NP5078,SwitchbackRover Insulated Tumbler Alt,1,117.08,20,117.08,in_store,Y
20260714-0103,2026-07-14,S004,P1018,,NP5018,RidgeRover Trail Tumbler 217,1,122.69,20,122.69,in_store,Y
20260714-0104,2026-07-14,S002,P1020,,NP5020,Storm Nomad Approach Trail Shoes 219,1,169.18,20,169.18,in_store,Y
20260714-0105,2026-07-14,S008,P1070,,NP5069,BoulderNomad Patio Heater,1,162.02,20,162.02,in_store,N
20260714-0106,2026-07-14,S002,P1029,,NP5029,FieldRunner Storm Kit Battery Pack 228,2,125.93,0,251.86,in_store,Y
20260714-0107,2026-07-14,S003,P1042,,NP5042,VistaRover Trail Tumbler 241,2,115.25,0,230.5,in_store,Y
20260714-0108,2026-07-14,S007,P1006,,NP5006,Trail Rover 20oz Tumbler 205,2,55.91,0,111.82,in_store,Y
20260714-0109,2026-07-14,S005,P1003,,NP5003,CreekRambler 2P Camp Chair 202,2,448.98,0,897.96,in_store,N
20260714-0110,2026-07-14,S006,P1034,,NP5034,RidgeRover Deluxe Patio Heater 233,2,151.97,10,303.94,ship_from_store,Y
20260714-0111,2026-07-14,S005,P1030,,NP5030,SwitchbackRover 20oz Tumbler 229,3,107.32,15,321.96,pickup,N
20260714-0112,2026-07-14,S005,P1061,,NP5061,FieldRunner Packable Jacket 260 Pro,1,147.84,0,147.84,in_store,N
20260714-0113,2026-07-14,S004,P1027,,NP5027,BoulderRambler 2P Camp Chair 226,1,73.62,20,73.62,ship_from_store,Y
20260714-0114,2026-07-14,S007,P1013,,NP5013,FieldRunner Packable Jacket 212,1,82.78,15,82.78,in_store,N
20260714-0115,2026-07-14,S005,P1009,,NP5009,PineRunner 4P Tent 208,4,103.73,10,414.92,ship_from_store,Y
20260714-0116,2026-07-14,S004,P1030,,NP5030,SwitchbackRover 20oz Tumbler 229,1,126.26,0,126.26,in_store,N
20260714-0117,2026-07-14,S002,P1049,,NP5049,SummitRunner Lightweight Jacket 248,1,177.61,20,177.61,in_store,Y
20260714-0118,2026-07-14,S008,P1055,,NP5055,HearthRambler Storm proof Jacket 254,3,222.06,20,666.18,in_store,Y
20260714-0119,2026-07-14,S005,P1063,,NP5063,MoonRambler Ultralight Camp Chair 262 Pro,1,63.94,20,63.94,in_store,N
20260714-0120,2026-07-14,S002,P1013,,NP5013,FieldRunner Packable Jacket 212,1,97.39,0,97.39,in_store,Y
20260714-0121,2026-07-14,S002,P1034,,NP5034,RidgeRover Deluxe Patio Heater 233,2,168.86,0,337.72,in_store,Y
20260714-0122,2026-07-14,S004,P1053,,NP5053,EmberRunner Storm Kit Battery Pack 252,1,86.82,20,86.82,in_store,Y
20260714-0123,2026-07-14,S003,P1031,,NP5031,MoonRambler Storm proof Jacket 230,1,164.85,5,164.85,in_store,Y
20260714-0124,2026-07-14,S004,P1076,,NP5072,SummitRover Cooler,2,686.08,0,1372.16,ship_from_store,Y
20260714-0125,2026-07-14,S003,P1079,,NP5079,MoonRambler Rain Shell Alt,3,217.78,15,653.34,in_store,N
20260714-0126,2026-07-14,S004,P1070,,NP5069,BoulderNomad Patio Heater,2,182.27,10,364.54,pickup,Y
20260714-0127,2026-07-14,S005,P1080,,NP5080,PeakNomad Trail Shoes Alt,3,143.0,0,429.0,pickup,N
20260714-0128,2026-07-14,S005,P1003,,NP5003,CreekRambler 2P Camp Chair 202,1,359.18,20,359.18,ship_from_store,N
20260715-0001,2026-07-15,S002,P1063,,NP5063,MoonRambler Ultralight Camp Chair 262 Pro,4,63.94,20,255.76,ship_from_store,Y
20260715-0002,2026-07-15,S006,P1030,,NP5030,SwitchbackRover 20oz Tumbler 229,1,126.26,0,126.26,in_store,Y
20260715-0003,2026-07-15,S002,P1027,,NP5027,BoulderRambler 2P Camp Chair 226,1,73.62,20,73.62,pickup,Y
20260715-0004,2026-07-15,S008,P1001,,NP5001,SummitRunner Lightweight Jacket 200,3,130.82,0,392.46,ship_from_store,Y
20260715-0005,2026-07-15,S001,P1013,,NP5013,FieldRunner Packable Jacket 212,1,97.39,0,97.39,ship_from_store,N
20260715-0006,2026-07-15,S008,P1058,,NP5058,VistaRover-Deluxe-Patio-Heater-257,1,263.59,0,263.59,in_store,Y
20260715-0007,2026-07-15,S002,P1026,,NP5026,VistaRover Mid Trail Shoes 225,3,104.32,20,312.96,in_store,Y
20260715-0008,2026-07-15,S003,P1052,,NP5052,Storm Nomad Compact Cooler 251,1,369.46,5,369.46,in_store,N
20260715-0009,2026-07-15,S001,P1029,,NP5029,FieldRunner Storm Kit Battery Pack 228,3,125.93,0,377.79,ship_from_store,Y
20260715-0010,2026-07-15,S002,P1029,,NP5029,FieldRunner Storm Kit Battery Pack 228,1,125.93,0,125.93,in_store,Y
20260715-0011,2026-07-15,S002,P1024,,NP5024,CanyonNomad Travel Tumbler 223,2,86.06,5,172.12,in_store,Y
20260715-0012,2026-07-15,S001,P1020,,NP5020,Storm Nomad Approach Trail Shoes 219,1,211.48,0,211.48,in_store,Y
20260715-0013,2026-07-15,S005,P1037,,NP5037,EmberRunner Packable Jacket 236,2,82.58,10,165.16,pickup,Y
20260715-0014,2026-07-15,S001,P1006,,NP5006,Trail Rover 20oz Tumbler 205,3,53.11,5,159.33,pickup,N
20260715-0015,2026-07-15,S006,P1052,,NP5052,Storm Nomad Compact Cooler 251,2,330.57,15,661.14,ship_from_store,Y
20260715-0016,2026-07-15,S005,P1078,,NP5078,SwitchbackRover Insulated Tumbler Alt,1,139.03,5,139.03,pickup,Y
20260715-0017,2026-07-15,S006,P1073,,P1073,PineRunner Lightweight Jacket 272,2,112.79,10,225.58,in_store,Y
20260715-0018,2026-07-15,S002,P1030,,NP5030,SwitchbackRover 20oz Tumbler 229,4,113.63,10,454.52,ship_from_store,Y
20260715-0019,2026-07-15,S002,P1040,,NP5040,CanyonNomad XL Cooler 239,3,108.81,0,326.43,in_store,Y
20260715-0020,2026-07-15,S007,P1041,,NP5041,PineRunner Mini Battery Pack 240,1,51.87,5,51.87,ship_from_store,Y
20260715-0021,2026-07-15,S002,P1020,,NP5020,Storm Nomad Approach Trail Shoes 219,2,211.48,0,422.96,in_store,Y
20260715-0022,2026-07-15,S008,P1061,,NP5061,FieldRunner Packable Jacket 260 Pro,1,118.27,20,118.27,in_store,Y
20260715-0023,2026-07-15,S008,P1006,,NP5006,Trail Rover 20oz Tumbler 205,1,55.91,0,55.91,pickup,Y
20260715-0024,2026-07-15,S007,P1078,,NP5078,SwitchbackRover Insulated Tumbler Alt,1,146.35,0,146.35,in_store,Y
20260715-0025,2026-07-15,S008,P1043,,NP5043,BoulderRambler Alpine Jacket 242,1,228.95,5,228.95,in_store,Y
20260715-0026,2026-07-15,S007,P1035,,NP5035,CreekRambler Rechargeable Flashlight 234,1,125.57,15,125.57,in_store,Y
20260715-0027,2026-07-15,S004,P1031,,NP5031,MoonRambler Storm proof Jacket 230,4,173.53,0,694.12,ship_from_store,Y
20260715-0028,2026-07-15,S005,P1068,,NP5068,StormNomad-Approach-Trail-Shoes-267,4,64.74,20,258.96,in_store,Y
20260715-0029,2026-07-15,S005,P1065,,NP5065,SummitRunner Mini Battery Pack 264 Pro,2,90.29,20,180.58,in_store,N
20260715-0030,2026-07-15,S001,P1042,,NP5042,VistaRover Trail Tumbler 241,1,115.25,0,115.25,ship_from_store,N
20260715-0031,2026-07-15,S003,P1058,,NP5058,VistaRover-Deluxe-Patio-Heater-257,1,250.41,5,250.41,in_store,Y
20260715-0032,2026-07-15,S002,P1011,,NP5011,BoulderRambler Rechargeable Flashlight 210,1,126.42,5,126.42,in_store,N
20260715-0033,2026-07-15,S006,P1024,,NP5024,CanyonNomad Travel Tumbler 223,1,90.59,0,90.59,pickup,Y
20260715-0034,2026-07-15,S004,P1015,,NP5015,MoonRambler Ultralight Camp Chair 214,4,191.87,0,767.48,ship_from_store,Y
20260715-0035,2026-07-15,S006,P1049,,NP5049,SummitRunner Lightweight Jacket 248,1,210.91,5,210.91,in_store,Y
20260715-0036,2026-07-15,S008,P1043,,NP5043,BoulderRambler Alpine Jacket 242,1,241.0,0,241.0,in_store,Y
20260715-0037,2026-07-15,S002,P1009,,NP5009,PineRunner 4P Tent 208,4,115.26,0,461.04,ship_from_store,Y
20260715-0038,2026-07-15,S002,P1056,,NP5056,CanyonNomad Waterproof Trail Shoes 255,1,136.81,5,136.81,pickup,Y
20260715-0039,2026-07-15,S003,P1047,,NP5047,MoonRambler Expedition Flashlight 246,2,56.9,0,113.8,in_store,Y
20260715-0040,2026-07-15,S002,P1035,,NP5035,CreekRambler Rechargeable Flashlight 234,2,118.18,20,236.36,in_store,Y
20260715-0041,2026-07-15,S002,P1052,,NP5052,Storm Nomad Compact Cooler 251,2,388.91,0,777.82,in_store,Y
20260715-0042,2026-07-15,S004,P1033,,NP5033,SummitRunner 4P Tent 232,1,170.51,10,170.51,in_store,Y
20260715-0043,2026-07-15,S006,P1033,,NP5033,SummitRunner 4P Tent 232,2,151.57,20,303.14,in_store,N
20260715-0044,2026-07-15,S007,P1045,,NP5045,FieldRunner Basecamp Tent 244,1,330.99,5,330.99,ship_from_store,N
20260715-0045,2026-07-15,S008,P1019,,NP5019,CreekRambler Alpine Jacket 218,1,178.99,0,178.99,in_store,Y
20260715-0046,2026-07-15,S002,P1076,,NP5072,SummitRover Cooler,1,583.17,15,583.17,in_store,Y
20260715-0047,2026-07-15,S003,P1041,,NP5041,PineRunner Mini Battery Pack 240,2,54.6,0,109.2,pickup,Y
20260715-0048,2026-07-15,S006,P1040,,NP5040,CanyonNomad XL Cooler 239,2,97.93,10,195.86,pickup,Y
20260715-0049,2026-07-15,S002,P1018,,NP5018,RidgeRover Trail Tumbler 217,3,153.36,0,460.08,ship_from_store,Y
20260715-0050,2026-07-15,S005,P1015,,NP5015,MoonRambler Ultralight Camp Chair 214,2,153.5,20,307.0,ship_from_store,Y
20260715-0051,2026-07-15,S005,P1005,,NP5005,EmberRunner Storm Kit Battery Pack 204,1,111.54,0,111.54,in_store,N
20260715-0052,2026-07-15,S008,P1019,,NP5019,CreekRambler Alpine Jacket 218,2,178.99,0,357.98,pickup,Y
20260715-0053,2026-07-15,S002,P1045,,NP5045,FieldRunner Basecamp Tent 244,2,330.99,5,661.98,in_store,Y
20260715-0054,2026-07-15,S007,P1050,,NP5050,RidgeRover Mid Trail Shoes 249,3,64.01,15,192.03,pickup,Y
20260715-0055,2026-07-15,S001,P1056,,NP5056,CanyonNomad Waterproof Trail Shoes 255,2,122.41,15,244.82,pickup,Y
20260715-0056,2026-07-15,S006,P1071,,P1071,HearthRambler Expedition Flashlight 270,4,114.64,20,458.56,pickup,N
20260715-0057,2026-07-15,S003,P1034,,NP5034,RidgeRover Deluxe Patio Heater 233,2,168.86,0,337.72,in_store,Y
20260715-0058,2026-07-15,S007,P1036,,NP5036,Storm Nomad 32oz Tumbler 235,1,157.72,0,157.72,in_store,Y
20260715-0059,2026-07-15,S006,P1077,,NP5077,FieldRunner Battery Pack Alt,3,90.39,5,271.17,pickup,Y
20260715-0060,2026-07-15,S006,P1058,,NP5058,VistaRover-Deluxe-Patio-Heater-257,1,263.59,0,263.59,in_store,Y
20260715-0061,2026-07-15,S007,P1001,,NP5001,SummitRunner Lightweight Jacket 200,1,104.66,20,104.66,in_store,N
20260715-0062,2026-07-15,S005,P1030,,NP5030,SwitchbackRover 20oz Tumbler 229,4,107.32,15,429.28,in_store,N
20260715-0063,2026-07-15,S007,P1040,,NP5040,CanyonNomad XL Cooler 239,1,92.49,15,92.49,in_store,Y
20260715-0064,2026-07-15,S006,P1064,,NP5064,PeakNomad-XL-Cooler-263,4,614.45,0,2457.8,ship_from_store,Y
20260715-0065,2026-07-15,S003,P1015,,NP5015,MoonRambler Ultralight Camp Chair 214,1,153.5,20,153.5,in_store,N
20260715-0066,2026-07-15,S002,P1027,,NP5027,BoulderRambler 2P Camp Chair 226,4,78.23,15,312.92,in_store,Y
20260715-0067,2026-07-15,S001,P1080,,NP5080,PeakNomad Trail Shoes Alt,3,143.0,0,429.0,in_store,Y
20260715-0068,2026-07-15,S005,P1006,,NP5006,Trail Rover 20oz Tumbler 205,1,50.32,10,50.32,in_store,Y
20260715-0069,2026-07-15,S004,P1027,,NP5027,BoulderRambler 2P Camp Chair 226,1,82.83,10,82.83,pickup,Y
20260715-0070,2026-07-15,S008,P1023,,NP5023,HearthRambler Expedition Flashlight 222,1,134.37,5,134.37,in_store,Y
20260715-0071,2026-07-15,S007,P1072,,NP5070,FieldPacer Insulated Tumbler,1,134.29,0,134.29,in_store,Y
20260715-0072,2026-07-15,S005,P1020,,NP5020,Storm Nomad Approach Trail Shoes 219,2,179.76,15,359.52,in_store,Y
20260715-0073,2026-07-15,S007,P1054,,NP5054,Trail Rover 20oz Tumbler 253,2,63.61,10,127.22,ship_from_store,N
20260715-0074,2026-07-15,S004,P1011,,NP5011,BoulderRambler Rechargeable Flashlight 210,1,133.07,0,133.07,pickup,Y
20260715-0075,2026-07-15,S003,P1058,,NP5058,VistaRover-Deluxe-Patio-Heater-257,1,224.05,15,224.05,pickup,Y
20260715-0076,2026-07-15,S002,P1051,,NP5051,CreekRambler 2P Camp Chair 250,4,424.15,0,1696.6,in_store,N
20260715-0077,2026-07-15,S007,P1041,,NP5041,PineRunner Mini Battery Pack 240,1,54.6,0,54.6,in_store,N
20260715-0078,2026-07-15,S003,P1063,,NP5063,MoonRambler Ultralight Camp Chair 262 Pro,1,79.92,0,79.92,in_store,Y
20260715-0079,2026-07-15,S007,P1073,,P1073,PineRunner Lightweight Jacket 272,1,125.32,0,125.32,ship_from_store,Y
20260715-0080,2026-07-15,S001,P1024,,NP5024,CanyonNomad Travel Tumbler 223,1,72.47,20,72.47,in_store,N
20260715-0081,2026-07-15,S001,P1045,,NP5045,FieldRunner Basecamp Tent 244,1,296.15,15,296.15,ship_from_store,Y
20260715-0082,2026-07-15,S005,P1003,,NP5003,CreekRambler 2P Camp Chair 202,1,381.63,15,381.63,in_store,N
20260715-0083,2026-07-15,S002,P1036,,NP5036,Storm Nomad 32oz Tumbler 235,2,149.83,5,299.66,pickup,Y
20260715-0084,2026-07-15,S004,P1035,,NP5035,CreekRambler Rechargeable Flashlight 234,3,147.73,0,443.19,in_store,N
20260715-0085,2026-07-15,S007,P1070,,NP5069,BoulderNomad Patio Heater,1,202.52,0,202.52,in_store,N
20260715-0086,2026-07-15,S001,P1075,,P1075,BoulderRambler 2P Camp Chair 274,4,148.7,10,594.8,ship_from_store,N
20260715-0087,2026-07-15,S002,P1063,,NP5063,MoonRambler Ultralight Camp Chair 262 Pro,2,63.94,20,127.88,in_store,N
20260715-0088,2026-07-15,S006,P1048,,NP5048,PeakNomad Travel Tumbler 247,3,70.28,0,210.84,ship_from_store,Y
20260715-0089,2026-07-15,S006,P1070,,NP5069,BoulderNomad Patio Heater,1,182.27,10,182.27,ship_from_store,Y
20260715-0090,2026-07-15,S004,P1049,,NP5049,SummitRunner Lightweight Jacket 248,1,177.61,20,177.61,pickup,Y
20260715-0091,2026-07-15,S003,P1003,,NP5003,CreekRambler 2P Camp Chair 202,1,381.63,15,381.63,ship_from_store,Y
20260715-0092,2026-07-15,S006,P1046,,NP5046,SwitchbackRover Weekend Patio Heater 245,3,233.42,0,700.26,pickup,Y
20260715-0093,2026-07-15,S007,P1008,,NP5008,CanyonNomad Waterproof Trail Shoes 207,1,157.95,10,157.95,in_store,Y
20260715-0094,2026-07-15,S008,P1012,,NP5012,CloudNomad 32oz Tumbler 211,2,98.93,20,197.86,in_store,Y
20260715-0095,2026-07-15,S001,P1078,,NP5078,SwitchbackRover Insulated Tumbler Alt,1,117.08,20,117.08,in_store,Y
20260715-0096,2026-07-15,S001,P1027,,NP5027,BoulderRambler 2P Camp Chair 226,1,87.43,5,87.43,pickup,Y
20260715-0097,2026-07-15,S006,P1055,,NP5055,HearthRambler Storm proof Jacket 254,2,249.81,10,499.62,in_store,Y
20260715-0098,2026-07-15,S003,P1049,,NP5049,SummitRunner Lightweight Jacket 248,2,222.01,0,444.02,in_store,Y
20260715-0099,2026-07-15,S006,P1044,,NP5044,CloudNomad Approach Trail Shoes 243,1,151.4,20,151.4,ship_from_store,N
20260715-0100,2026-07-15,S003,P1045,,NP5045,FieldRunner Basecamp Tent 244,2,348.41,0,696.82,in_store,Y
20260715-0101,2026-07-15,S001,P1076,,NP5072,SummitRover Cooler,2,548.86,20,1097.72,in_store,Y
20260715-0102,2026-07-15,S006,P1063,,NP5063,MoonRambler Ultralight Camp Chair 262 Pro,1,79.92,0,79.92,in_store,Y
20260715-0103,2026-07-15,S002,P1074,,P1074,VistaRover Mid Trail Shoes 273,3,182.11,5,546.33,in_store,Y
20260715-0104,2026-07-15,S005,P1063,,NP5063,MoonRambler Ultralight Camp Chair 262 Pro,2,71.93,10,143.86,pickup,N
20260715-0105,2026-07-15,S007,P1067,,NP5067,CreekRambler Alpine Jacket 266 Pro,1,266.98,0,266.98,in_store,N
20260715-0106,2026-07-15,S006,P1009,,NP5009,PineRunner 4P Tent 208,1,97.97,15,97.97,in_store,Y
20260715-0107,2026-07-15,S005,P1070,,NP5069,BoulderNomad Patio Heater,2,172.14,15,344.28,in_store,Y
20260715-0108,2026-07-15,S005,P1073,,P1073,PineRunner Lightweight Jacket 272,4,106.52,15,426.08,ship_from_store,Y
20260715-0109,2026-07-15,S003,P1052,,NP5052,Storm Nomad Compact Cooler 251,1,330.57,15,330.57,in_store,Y
20260715-0110,2026-07-15,S007,P1078,,NP5078,SwitchbackRover Insulated Tumbler Alt,2,139.03,5,278.06,in_store,Y
20260715-0111,2026-07-15,S003,P1004,,NP5004,Storm Nomad Compact Cooler 203,1,109.9,0,109.9,ship_from_store,Y
20260715-0112,2026-07-15,S006,P1050,,NP5050,RidgeRover Mid Trail Shoes 249,1,75.31,0,75.31,pickup,Y
20260715-0113,2026-07-15,S006,P1004,,NP5004,Storm Nomad Compact Cooler 203,3,93.42,15,280.26,ship_from_store,Y
20260715-0114,2026-07-15,S007,P1068,,NP5068,StormNomad-Approach-Trail-Shoes-267,1,76.87,5,76.87,in_store,Y
20260715-0115,2026-07-15,S001,P1007,,NP5007,HearthRambler Storm proof Jacket 206,1,89.94,20,89.94,pickup,Y
20260715-0116,2026-07-15,S005,P1010,,NP5010,VistaRover Deluxe Patio Heater 209,3,552.43,0,1657.29,ship_from_store,N
20260715-0117,2026-07-15,S008,P1011,,NP5011,BoulderRambler Rechargeable Flashlight 210,3,126.42,5,379.26,in_store,Y
20260715-0118,2026-07-15,S002,P1052,,NP5052,Storm Nomad Compact Cooler 251,4,388.91,0,1555.64,in_store,Y
20260715-0119,2026-07-15,S008,P1057,,NP5057,PineRunner 4P Tent 256 Pro,1,328.14,20,328.14,pickup,Y
20260715-0120,2026-07-15,S005,P1074,,P1074,VistaRover Mid Trail Shoes 273,1,162.94,15,162.94,in_store,N
20260715-0121,2026-07-15,S007,P1036,,NP5036,Storm Nomad 32oz Tumbler 235,4,126.18,20,504.72,in_store,Y
20260715-0122,2026-07-15,S005,P1049,,NP5049,SummitRunner Lightweight Jacket 248,1,222.01,0,222.01,in_store,Y
20260715-0123,2026-07-15,S001,P1077,,NP5077,FieldRunner Battery Pack Alt,1,95.15,0,95.15,in_store,Y
20260715-0124,2026-07-15,S002,P1006,,NP5006,Trail Rover 20oz Tumbler 205,1,55.91,0,55.91,in_store,Y
20260715-0125,2026-07-15,S007,P1007,,NP5007,HearthRambler Storm proof Jacket 206,2,95.56,15,191.12,in_store,Y
20260715-0126,2026-07-15,S004,P1014,,NP5014,SwitchbackRover Wide Trail Shoes 213,2,184.2,10,368.4,in_store,Y
20260715-0127,2026-07-15,S005,P1045,,NP5045,FieldRunner Basecamp Tent 244,4,278.73,20,1114.92,in_store,N
20260715-0128,2026-07-15,S002,P1018,,NP5018,RidgeRover Trail Tumbler 217,1,130.36,15,130.36,in_store,Y
20260715-0129,2026-07-15,S005,P1030,,NP5030,SwitchbackRover 20oz Tumbler 229,2,107.32,15,214.64,in_store,N
20260715-0130,2026-07-15,S006,P1014,,NP5014,SwitchbackRover Wide Trail Shoes 213,1,163.74,20,163.74,in_store,Y
20260715-0131,2026-07-15,S004,P1042,,NP5042,VistaRover Trail Tumbler 241,4,103.73,10,414.92,in_store,Y
20260715-0132,2026-07-15,S006,P1045,,NP5045,FieldRunner Basecamp Tent 244,4,296.15,15,1184.6,pickup,Y
20260715-0133,2026-07-15,S008,P1021,,NP5021,EmberRunner Basecamp Tent 220,4,73.74,0,294.96,in_store,Y
20260715-0134,2026-07-15,S007,P1011,,NP5011,BoulderRambler Rechargeable Flashlight 210,1,113.11,15,113.11,pickup,Y
20260716-0001,2026-07-16,S005,P1010,,NP5010,VistaRover Deluxe Patio Heater 209,2,469.57,15,939.14,in_store,N
20260716-0002,2026-07-16,S004,P1034,,NP5034,RidgeRover Deluxe Patio Heater 233,1,160.42,5,160.42,in_store,N
20260716-0003,2026-07-16,S002,P1054,,NP5054,Trail Rover 20oz Tumbler 253,2,67.15,5,134.3,pickup,N
20260716-0004,2026-07-16,S006,P1010,,NP5010,VistaRover Deluxe Patio Heater 209,2,524.81,5,1049.62,in_store,Y
20260716-0005,2026-07-16,S008,P1003,,NP5003,CreekRambler 2P Camp Chair 202,2,448.98,0,897.96,pickup,Y
20260716-0006,2026-07-16,S002,P1065,,NP5065,SummitRunner Mini Battery Pack 264 Pro,2,101.57,10,203.14,in_store,Y
20260716-0007,2026-07-16,S001,P1021,,NP5021,EmberRunner Basecamp Tent 220,1,70.05,5,70.05,ship_from_store,Y
20260716-0008,2026-07-16,S005,P1024,,NP5024,CanyonNomad Travel Tumbler 223,2,90.59,0,181.18,pickup,Y
20260716-0009,2026-07-16,S006,P1048,,NP5048,PeakNomad Travel Tumbler 247,4,66.77,5,267.08,in_store,Y
20260716-0010,2026-07-16,S005,P1007,,NP5007,HearthRambler Storm proof Jacket 206,3,106.8,5,320.4,in_store,N
20260716-0011,2026-07-16,S002,P1058,,NP5058,VistaRover-Deluxe-Patio-Heater-257,2,263.59,0,527.18,in_store,Y
20260716-0012,2026-07-16,S002,P1078,,NP5078,SwitchbackRover Insulated Tumbler Alt,2,124.4,15,248.8,ship_from_store,Y
20260716-0013,2026-07-16,S007,P1013,,NP5013,FieldRunner Packable Jacket 212,1,97.39,0,97.39,pickup,Y
20260716-0014,2026-07-16,S008,P1073,,P1073,PineRunner Lightweight Jacket 272,3,125.32,0,375.96,in_store,N
20260716-0015,2026-07-16,S008,P1033,,NP5033,SummitRunner 4P Tent 232,1,151.57,20,151.57,pickup,N
20260716-0016,2026-07-16,S001,P1029,,NP5029,FieldRunner Storm Kit Battery Pack 228,4,125.93,0,503.72,in_store,Y
20260716-0017,2026-07-16,S008,P1046,,NP5046,SwitchbackRover Weekend Patio Heater 245,1,233.42,0,233.42,ship_from_store,N
20260716-0018,2026-07-16,S007,P1009,,NP5009,PineRunner 4P Tent 208,4,115.26,0,461.04,ship_from_store,Y
20260716-0019,2026-07-16,S006,P1052,,NP5052,Storm Nomad Compact Cooler 251,2,388.91,0,777.82,in_store,N
20260716-0020,2026-07-16,S003,P1034,,NP5034,RidgeRover Deluxe Patio Heater 233,2,168.86,0,337.72,in_store,Y
20260716-0021,2026-07-16,S002,P1053,,NP5053,EmberRunner Storm Kit Battery Pack 252,1,97.68,10,97.68,in_store,Y
20260716-0022,2026-07-16,S008,P1008,,NP5008,CanyonNomad Waterproof Trail Shoes 207,2,175.5,0,351.0,in_store,Y
20260716-0023,2026-07-16,S008,P1050,,NP5050,RidgeRover Mid Trail Shoes 249,4,75.31,0,301.24,in_store,Y
20260716-0024,2026-07-16,S003,P1004,,NP5004,Storm Nomad Compact Cooler 203,4,104.41,5,417.64,in_store,N
20260716-0025,2026-07-16,S002,P1050,,NP5050,RidgeRover Mid Trail Shoes 249,1,71.54,5,71.54,pickup,Y
20260716-0026,2026-07-16,S008,P1049,,NP5049,SummitRunner Lightweight Jacket 248,3,222.01,0,666.03,ship_from_store,Y
20260716-0027,2026-07-16,S001,P1007,,NP5007,HearthRambler Storm proof Jacket 206,2,106.8,5,213.6,in_store,Y
20260716-0028,2026-07-16,S004,P1041,,NP5041,PineRunner Mini Battery Pack 240,2,54.6,0,109.2,in_store,N
20260716-0029,2026-07-16,S001,P1017,,NP5017,SummitRunner Mini Battery Pack 216,4,51.7,20,206.8,pickup,N
20260716-0030,2026-07-16,S004,P1026,,NP5026,VistaRover Mid Trail Shoes 225,1,130.4,0,130.4,in_store,N
20260716-0031,2026-07-16,S003,P1061,,NP5061,FieldRunner Packable Jacket 260 Pro,1,147.84,0,147.84,in_store,Y
20260716-0032,2026-07-16,S004,P1029,,NP5029,FieldRunner Storm Kit Battery Pack 228,2,100.74,20,201.48,ship_from_store,Y
20260716-0033,2026-07-16,S001,P1027,,NP5027,BoulderRambler 2P Camp Chair 226,4,92.03,0,368.12,in_store,N
20260716-0034,2026-07-16,S001,P1023,,NP5023,HearthRambler Expedition Flashlight 222,4,134.37,5,537.48,in_store,N
20260716-0035,2026-07-16,S001,P1026,,NP5026,VistaRover Mid Trail Shoes 225,1,117.36,10,117.36,in_store,Y
20260716-0036,2026-07-16,S006,P1010,,NP5010,VistaRover Deluxe Patio Heater 209,1,497.19,10,497.19,in_store,Y
20260716-0037,2026-07-16,S004,P1002,,NP5002,RidgeRover Mid Trail Shoes 201,1,203.43,0,203.43,in_store,Y
20260716-0038,2026-07-16,S002,P1003,,NP5003,CreekRambler 2P Camp Chair 202,3,448.98,0,1346.94,in_store,N
20260716-0039,2026-07-16,S005,P1031,,NP5031,MoonRambler Storm proof Jacket 230,1,138.82,20,138.82,in_store,Y
20260716-0040,2026-07-16,S005,P1003,,NP5003,CreekRambler 2P Camp Chair 202,2,381.63,15,763.26,in_store,Y
20260716-0041,2026-07-16,S004,P1024,,NP5024,CanyonNomad Travel Tumbler 223,3,77.0,15,231.0,in_store,N
20260716-0042,2026-07-16,S008,P1060,,NP5060,CloudNomad-32oz-Tumbler-259,4,146.67,5,586.68,in_store,N
20260716-0043,2026-07-16,S001,P1052,,NP5052,Storm Nomad Compact Cooler 251,1,369.46,5,369.46,in_store,Y
20260716-0044,2026-07-16,S007,P1056,,NP5056,CanyonNomad Waterproof Trail Shoes 255,3,144.01,0,432.03,ship_from_store,Y
20260716-0045,2026-07-16,S005,P1006,,NP5006,Trail Rover 20oz Tumbler 205,4,55.91,0,223.64,in_store,Y
20260716-0046,2026-07-16,S002,P1067,,NP5067,CreekRambler Alpine Jacket 266 Pro,1,253.63,5,253.63,in_store,Y
20260716-0047,2026-07-16,S006,P1074,,P1074,VistaRover Mid Trail Shoes 273,1,191.7,0,191.7,in_store,Y
20260716-0048,2026-07-16,S001,P1039,,NP5039,HearthRambler Ultralight Camp Chair 238,4,349.45,5,1397.8,pickup,N
20260716-0049,2026-07-16,S001,P1035,,NP5035,CreekRambler Rechargeable Flashlight 234,2,140.34,5,280.68,in_store,Y
20260716-0050,2026-07-16,S007,P1014,,NP5014,SwitchbackRover Wide Trail Shoes 213,1,184.2,10,184.2,in_store,Y
20260716-0051,2026-07-16,S007,P1025,,NP5025,PineRunner Lightweight Jacket 224,2,124.6,0,249.2,in_store,Y
20260716-0052,2026-07-16,S003,P1051,,NP5051,CreekRambler 2P Camp Chair 250,2,360.53,15,721.06,in_store,Y
20260716-0053,2026-07-16,S005,P1074,,P1074,VistaRover Mid Trail Shoes 273,2,191.7,0,383.4,pickup,Y
20260716-0054,2026-07-16,S007,P1001,,NP5001,SummitRunner Lightweight Jacket 200,1,130.82,0,130.82,pickup,Y
20260716-0055,2026-07-16,S007,P1062,,NP5062,SwitchbackRover-Wide-Trail-Shoes-261,1,170.69,0,170.69,in_store,Y
20260716-0056,2026-07-16,S005,P1070,,NP5069,BoulderNomad Patio Heater,4,202.52,0,810.08,ship_from_store,Y
20260716-0057,2026-07-16,S004,P1041,,NP5041,PineRunner Mini Battery Pack 240,2,46.41,15,92.82,ship_from_store,Y
20260716-0058,2026-07-16,S004,P1045,,NP5045,FieldRunner Basecamp Tent 244,2,296.15,15,592.3,ship_from_store,Y
20260716-0059,2026-07-16,S003,P1010,,NP5010,VistaRover Deluxe Patio Heater 209,2,524.81,5,1049.62,in_store,Y
20260716-0060,2026-07-16,S001,P1040,,NP5040,CanyonNomad XL Cooler 239,1,92.49,15,92.49,in_store,Y
20260716-0061,2026-07-16,S007,P1073,,P1073,PineRunner Lightweight Jacket 272,1,125.32,0,125.32,pickup,N
20260716-0062,2026-07-16,S007,P1074,,P1074,VistaRover Mid Trail Shoes 273,1,191.7,0,191.7,in_store,Y
20260716-0063,2026-07-16,S001,P1033,,NP5033,SummitRunner 4P Tent 232,1,151.57,20,151.57,in_store,Y
20260716-0064,2026-07-16,S004,P1026,,NP5026,VistaRover Mid Trail Shoes 225,3,117.36,10,352.08,in_store,Y
20260716-0065,2026-07-16,S001,P1007,,NP5007,HearthRambler Storm proof Jacket 206,3,112.42,0,337.26,in_store,N
20260716-0066,2026-07-16,S002,P1074,,P1074,VistaRover Mid Trail Shoes 273,1,153.36,20,153.36,in_store,N
20260716-0067,2026-07-16,S007,P1078,,NP5078,SwitchbackRover Insulated Tumbler Alt,1,131.72,10,131.72,in_store,Y
20260716-0068,2026-07-16,S007,P1011,,NP5011,BoulderRambler Rechargeable Flashlight 210,2,119.76,10,239.52,in_store,Y
20260716-0069,2026-07-16,S005,P1036,,NP5036,Storm Nomad 32oz Tumbler 235,1,126.18,20,126.18,pickup,Y
20260716-0070,2026-07-16,S001,P1042,,NP5042,VistaRover Trail Tumbler 241,1,109.49,5,109.49,in_store,Y
20260716-0071,2026-07-16,S003,P1043,,NP5043,BoulderRambler Alpine Jacket 242,1,241.0,0,241.0,pickup,Y
20260716-0072,2026-07-16,S002,P1015,,NP5015,MoonRambler Ultralight Camp Chair 214,1,191.87,0,191.87,in_store,Y
20260716-0073,2026-07-16,S001,P1038,,NP5038,Trail Rover Wide Trail Shoes 237,1,196.88,0,196.88,in_store,Y
20260716-0074,2026-07-16,S008,P1013,,NP5013,FieldRunner Packable Jacket 212,2,92.52,5,185.04,ship_from_store,Y
20260716-0075,2026-07-16,S007,P1057,,NP5057,PineRunner 4P Tent 256 Pro,1,410.17,0,410.17,in_store,Y
20260716-0076,2026-07-16,S005,P1004,,NP5004,Storm Nomad Compact Cooler 203,2,98.91,10,197.82,in_store,Y
20260716-0077,2026-07-16,S003,P1001,,NP5001,SummitRunner Lightweight Jacket 200,4,124.28,5,497.12,in_store,N
20260716-0078,2026-07-16,S008,P1014,,NP5014,SwitchbackRover Wide Trail Shoes 213,2,163.74,20,327.48,in_store,Y
20260716-0079,2026-07-16,S007,P1010,,NP5010,VistaRover Deluxe Patio Heater 209,1,497.19,10,497.19,ship_from_store,N
20260716-0080,2026-07-16,S008,P1058,,NP5058,VistaRover-Deluxe-Patio-Heater-257,4,237.23,10,948.92,in_store,Y
20260716-0081,2026-07-16,S007,P1014,,NP5014,SwitchbackRover Wide Trail Shoes 213,3,163.74,20,491.22,pickup,Y
20260716-0082,2026-07-16,S001,P1009,,NP5009,PineRunner 4P Tent 208,2,109.5,5,219.0,pickup,Y
20260716-0083,2026-07-16,S002,P1036,,NP5036,Storm Nomad 32oz Tumbler 235,1,149.83,5,149.83,in_store,Y
20260716-0084,2026-07-16,S001,P1017,,NP5017,SummitRunner Mini Battery Pack 216,2,54.94,15,109.88,in_store,Y
20260716-0085,2026-07-16,S001,P1059,,NP5059,BoulderRambler Rechargeable Flashlight 258 Pro,1,105.5,0,105.5,in_store,Y
20260716-0086,2026-07-16,S005,P1063,,NP5063,MoonRambler Ultralight Camp Chair 262 Pro,4,79.92,0,319.68,in_store,Y
20260716-0087,2026-07-16,S008,P1068,,NP5068,StormNomad-Approach-Trail-Shoes-267,2,68.78,15,137.56,in_store,Y
20260716-0088,2026-07-16,S003,P1041,,NP5041,PineRunner Mini Battery Pack 240,1,51.87,5,51.87,in_store,Y
20260716-0089,2026-07-16,S003,P1018,,NP5018,RidgeRover Trail Tumbler 217,1,138.02,10,138.02,pickup,Y
20260716-0090,2026-07-16,S003,P1069,,P1069,EmberRunner Basecamp Tent 268,2,243.54,5,487.08,pickup,N
20260716-0091,2026-07-16,S002,P1006,,NP5006,Trail Rover 20oz Tumbler 205,2,55.91,0,111.82,in_store,N
20260716-0092,2026-07-16,S003,P1068,,NP5068,StormNomad-Approach-Trail-Shoes-267,3,80.92,0,242.76,in_store,N
20260716-0093,2026-07-16,S007,P1035,,NP5035,CreekRambler Rechargeable Flashlight 234,1,147.73,0,147.73,in_store,Y
20260716-0094,2026-07-16,S003,P1069,,P1069,EmberRunner Basecamp Tent 268,3,256.36,0,769.08,in_store,Y
20260716-0095,2026-07-16,S006,P1066,,NP5066,RidgeRover-Trail-Tumbler-265,2,104.88,0,209.76,in_store,Y
20260716-0096,2026-07-16,S004,P1015,,NP5015,MoonRambler Ultralight Camp Chair 214,4,153.5,20,614.0,ship_from_store,Y
20260716-0097,2026-07-16,S005,P1059,,NP5059,BoulderRambler Rechargeable Flashlight 258 Pro,3,89.67,15,269.01,ship_from_store,Y
20260716-0098,2026-07-16,S004,P1012,,NP5012,CloudNomad 32oz Tumbler 211,1,123.66,0,123.66,pickup,Y
20260716-0099,2026-07-16,S002,P1021,,NP5021,EmberRunner Basecamp Tent 220,4,66.37,10,265.48,pickup,Y
20260716-0100,2026-07-16,S003,P1029,,NP5029,FieldRunner Storm Kit Battery Pack 228,1,125.93,0,125.93,pickup,N
20260716-0101,2026-07-16,S002,P1011,,NP5011,BoulderRambler Rechargeable Flashlight 210,1,126.42,5,126.42,in_store,N
20260716-0102,2026-07-16,S005,P1030,,NP5030,SwitchbackRover 20oz Tumbler 229,1,126.26,0,126.26,ship_from_store,N
20260716-0103,2026-07-16,S006,P1044,,NP5044,CloudNomad Approach Trail Shoes 243,1,189.25,0,189.25,in_store,Y
20260716-0104,2026-07-16,S004,P1007,,NP5007,HearthRambler Storm proof Jacket 206,2,106.8,5,213.6,in_store,Y
20260716-0105,2026-07-16,S001,P1077,,NP5077,FieldRunner Battery Pack Alt,4,95.15,0,380.6,pickup,Y
20260716-0106,2026-07-16,S003,P1074,,P1074,VistaRover Mid Trail Shoes 273,3,191.7,0,575.1,in_store,Y
20260716-0107,2026-07-16,S008,P1076,,NP5072,SummitRover Cooler,2,686.08,0,1372.16,in_store,Y
20260716-0108,2026-07-16,S008,P1010,,NP5010,VistaRover Deluxe Patio Heater 209,2,441.94,20,883.88,in_store,Y
20260717-0001,2026-07-17,S007,P1040,,NP5040,CanyonNomad XL Cooler 239,2,92.49,15,184.98,in_store,Y
20260717-0002,2026-07-17,S008,P1046,,NP5046,SwitchbackRover Weekend Patio Heater 245,2,186.74,20,373.48,in_store,Y
20260717-0003,2026-07-17,S008,P1040,,NP5040,CanyonNomad XL Cooler 239,1,87.05,20,87.05,ship_from_store,Y
20260717-0004,2026-07-17,S004,P1057,,NP5057,PineRunner 4P Tent 256 Pro,2,348.64,15,697.28,pickup,N
20260717-0005,2026-07-17,S008,P1018,,NP5018,RidgeRover Trail Tumbler 217,1,138.02,10,138.02,in_store,Y
20260717-0006,2026-07-17,S006,P1024,,NP5024,CanyonNomad Travel Tumbler 223,2,90.59,0,181.18,in_store,N
20260717-0007,2026-07-17,S005,P1013,,NP5013,FieldRunner Packable Jacket 212,4,97.39,0,389.56,in_store,Y
20260717-0008,2026-07-17,S006,P1066,,NP5066,RidgeRover-Trail-Tumbler-265,4,94.39,10,377.56,in_store,Y
20260717-0009,2026-07-17,S002,P1003,,NP5003,CreekRambler 2P Camp Chair 202,1,448.98,0,448.98,in_store,Y
20260717-0010,2026-07-17,S003,P1031,,NP5031,MoonRambler Storm proof Jacket 230,4,173.53,0,694.12,in_store,Y
20260717-0011,2026-07-17,S006,P1073,,P1073,PineRunner Lightweight Jacket 272,2,119.05,5,238.1,pickup,Y
20260717-0012,2026-07-17,S005,P1070,,NP5069,BoulderNomad Patio Heater,3,202.52,0,607.56,in_store,N
20260717-0013,2026-07-17,S002,P1029,,NP5029,FieldRunner Storm Kit Battery Pack 228,2,119.63,5,239.26,in_store,Y
20260717-0014,2026-07-17,S004,P1063,,NP5063,MoonRambler Ultralight Camp Chair 262 Pro,4,67.93,15,271.72,ship_from_store,Y
20260717-0015,2026-07-17,S002,P1057,,NP5057,PineRunner 4P Tent 256 Pro,4,389.66,5,1558.64,ship_from_store,Y
20260717-0016,2026-07-17,S001,P1026,,NP5026,VistaRover Mid Trail Shoes 225,1,104.32,20,104.32,in_store,N
20260717-0017,2026-07-17,S007,P1010,,NP5010,VistaRover Deluxe Patio Heater 209,1,524.81,5,524.81,in_store,Y
20260717-0018,2026-07-17,S005,P1071,,P1071,HearthRambler Expedition Flashlight 270,4,143.3,0,573.2,pickup,Y
20260717-0019,2026-07-17,S002,P1007,,NP5007,HearthRambler Storm proof Jacket 206,1,112.42,0,112.42,in_store,Y
20260717-0020,2026-07-17,S003,P1075,,P1075,BoulderRambler 2P Camp Chair 274,2,156.96,5,313.92,in_store,Y
20260717-0021,2026-07-17,S003,P1031,,NP5031,MoonRambler Storm proof Jacket 230,1,173.53,0,173.53,in_store,Y
20260717-0022,2026-07-17,S004,P1038,,NP5038,Trail Rover Wide Trail Shoes 237,3,177.19,10,531.57,in_store,Y
20260717-0023,2026-07-17,S002,P1001,,NP5001,SummitRunner Lightweight Jacket 200,2,130.82,0,261.64,ship_from_store,N
20260717-0024,2026-07-17,S003,P1008,,NP5008,CanyonNomad Waterproof Trail Shoes 207,1,175.5,0,175.5,ship_from_store,N
20260717-0025,2026-07-17,S003,P1022,,NP5022,Trail Rover Weekend Patio Heater 221,4,349.84,10,1399.36,in_store,Y
20260717-0026,2026-07-17,S007,P1028,,NP5028,CloudNomad Compact Cooler 227,1,647.52,0,647.52,in_store,Y
20260717-0027,2026-07-17,S007,P1014,,NP5014,SwitchbackRover Wide Trail Shoes 213,1,204.67,0,204.67,in_store,Y
20260717-0028,2026-07-17,S003,P1034,,NP5034,RidgeRover Deluxe Patio Heater 233,1,135.09,20,135.09,pickup,N
20260717-0029,2026-07-17,S008,P1080,,NP5080,PeakNomad Trail Shoes Alt,3,128.7,10,386.1,in_store,Y
20260717-0030,2026-07-17,S006,P1075,,P1075,BoulderRambler 2P Camp Chair 274,1,165.22,0,165.22,in_store,Y
20260717-0031,2026-07-17,S001,P1041,,NP5041,PineRunner Mini Battery Pack 240,2,54.6,0,109.2,in_store,Y
20260717-0032,2026-07-17,S004,P1059,,NP5059,BoulderRambler Rechargeable Flashlight 258 Pro,1,105.5,0,105.5,in_store,Y
20260717-0033,2026-07-17,S001,P1015,,NP5015,MoonRambler Ultralight Camp Chair 214,1,172.68,10,172.68,ship_from_store,Y
20260717-0034,2026-07-17,S004,P1031,,NP5031,MoonRambler Storm proof Jacket 230,2,138.82,20,277.64,in_store,Y
20260717-0035,2026-07-17,S006,P1042,,NP5042,VistaRover Trail Tumbler 241,3,92.2,20,276.6,in_store,Y
20260717-0036,2026-07-17,S003,P1040,,NP5040,CanyonNomad XL Cooler 239,2,97.93,10,195.86,ship_from_store,N
20260717-0037,2026-07-17,S006,P1018,,NP5018,RidgeRover Trail Tumbler 217,1,145.69,5,145.69,in_store,Y
20260717-0038,2026-07-17,S005,P1063,,NP5063,MoonRambler Ultralight Camp Chair 262 Pro,1,63.94,20,63.94,ship_from_store,Y
20260717-0039,2026-07-17,S006,P1069,,P1069,EmberRunner Basecamp Tent 268,4,230.72,10,922.88,in_store,N
20260717-0040,2026-07-17,S006,P1056,,NP5056,CanyonNomad Waterproof Trail Shoes 255,1,122.41,15,122.41,in_store,Y
20260717-0041,2026-07-17,S002,P1057,,NP5057,PineRunner 4P Tent 256 Pro,1,348.64,15,348.64,in_store,N
20260717-0042,2026-07-17,S001,P1008,,NP5008,CanyonNomad Waterproof Trail Shoes 207,1,175.5,0,175.5,ship_from_store,Y
20260717-0043,2026-07-17,S002,P1035,,NP5035,CreekRambler Rechargeable Flashlight 234,1,147.73,0,147.73,in_store,N
20260717-0044,2026-07-17,S003,P1032,,NP5032,PeakNomad Waterproof Trail Shoes 231,1,194.08,0,194.08,in_store,N
20260717-0045,2026-07-17,S006,P1070,,NP5069,BoulderNomad Patio Heater,2,202.52,0,405.04,ship_from_store,Y
20260717-0046,2026-07-17,S007,P1054,,NP5054,Trail Rover 20oz Tumbler 253,1,70.68,0,70.68,pickup,Y
20260717-0047,2026-07-17,S003,P1043,,NP5043,BoulderRambler Alpine Jacket 242,4,241.0,0,964.0,in_store,N
20260717-0048,2026-07-17,S002,P1009,,NP5009,PineRunner 4P Tent 208,2,92.21,20,184.42,in_store,N
20260717-0049,2026-07-17,S002,P1069,,P1069,EmberRunner Basecamp Tent 268,2,230.72,10,461.44,in_store,Y
20260717-0050,2026-07-17,S006,P1016,,NP5016,PeakNomad XL Cooler 215,1,602.39,5,602.39,pickup,Y
20260717-0051,2026-07-17,S005,P1052,,NP5052,Storm Nomad Compact Cooler 251,1,311.13,20,311.13,in_store,Y
20260717-0052,2026-07-17,S008,P1062,,NP5062,SwitchbackRover-Wide-Trail-Shoes-261,3,136.55,20,409.65,pickup,Y
20260717-0053,2026-07-17,S006,P1048,,NP5048,PeakNomad Travel Tumbler 247,3,66.77,5,200.31,in_store,Y
20260717-0054,2026-07-17,S004,P1019,,NP5019,CreekRambler Alpine Jacket 218,4,143.19,20,572.76,pickup,Y
20260717-0055,2026-07-17,S002,P1015,,NP5015,MoonRambler Ultralight Camp Chair 214,1,191.87,0,191.87,ship_from_store,Y
20260717-0056,2026-07-17,S007,P1001,,NP5001,SummitRunner Lightweight Jacket 200,1,117.74,10,117.74,in_store,Y
20260717-0057,2026-07-17,S007,P1048,,NP5048,PeakNomad Travel Tumbler 247,1,59.74,15,59.74,in_store,Y
20260717-0058,2026-07-17,S003,P1069,,P1069,EmberRunner Basecamp Tent 268,2,243.54,5,487.08,ship_from_store,Y
20260717-0059,2026-07-17,S001,P1067,,NP5067,CreekRambler Alpine Jacket 266 Pro,1,266.98,0,266.98,in_store,Y
20260717-0060,2026-07-17,S001,P1015,,NP5015,MoonRambler Ultralight Camp Chair 214,2,153.5,20,307.0,in_store,Y
20260717-0061,2026-07-17,S008,P1041,,NP5041,PineRunner Mini Battery Pack 240,2,49.14,10,98.28,ship_from_store,Y
20260717-0062,2026-07-17,S004,P1068,,NP5068,StormNomad-Approach-Trail-Shoes-267,2,76.87,5,153.74,in_store,N
20260717-0063,2026-07-17,S004,P1074,,P1074,VistaRover Mid Trail Shoes 273,2,191.7,0,383.4,pickup,Y
20260717-0064,2026-07-17,S003,P1001,,NP5001,SummitRunner Lightweight Jacket 200,1,111.2,15,111.2,in_store,Y
20260717-0065,2026-07-17,S005,P1051,,NP5051,CreekRambler 2P Camp Chair 250,1,424.15,0,424.15,ship_from_store,N
20260717-0066,2026-07-17,S006,P1030,,NP5030,SwitchbackRover 20oz Tumbler 229,1,126.26,0,126.26,in_store,N
20260717-0067,2026-07-17,S008,P1053,,NP5053,EmberRunner Storm Kit Battery Pack 252,1,108.53,0,108.53,ship_from_store,Y
20260717-0068,2026-07-17,S005,P1062,,NP5062,SwitchbackRover-Wide-Trail-Shoes-261,4,170.69,0,682.76,in_store,Y
20260717-0069,2026-07-17,S007,P1068,,NP5068,StormNomad-Approach-Trail-Shoes-267,3,72.83,10,218.49,in_store,Y
20260717-0070,2026-07-17,S001,P1060,,NP5060,CloudNomad-32oz-Tumbler-259,1,154.39,0,154.39,in_store,Y
20260717-0071,2026-07-17,S006,P1019,,NP5019,CreekRambler Alpine Jacket 218,3,143.19,20,429.57,ship_from_store,N
20260717-0072,2026-07-17,S003,P1049,,NP5049,SummitRunner Lightweight Jacket 248,2,222.01,0,444.02,in_store,Y
20260717-0073,2026-07-17,S002,P1008,,NP5008,CanyonNomad Waterproof Trail Shoes 207,1,166.72,5,166.72,in_store,Y
20260717-0074,2026-07-17,S004,P1064,,NP5064,PeakNomad-XL-Cooler-263,1,491.56,20,491.56,in_store,Y
20260717-0075,2026-07-17,S007,P1005,,NP5005,EmberRunner Storm Kit Battery Pack 204,2,94.81,15,189.62,pickup,N
20260717-0076,2026-07-17,S005,P1063,,NP5063,MoonRambler Ultralight Camp Chair 262 Pro,1,79.92,0,79.92,pickup,Y
20260717-0077,2026-07-17,S001,P1070,,NP5069,BoulderNomad Patio Heater,2,192.39,5,384.78,in_store,N
20260717-0078,2026-07-17,S001,P1080,,NP5080,PeakNomad Trail Shoes Alt,4,143.0,0,572.0,in_store,Y
20260717-0079,2026-07-17,S004,P1020,,NP5020,Storm Nomad Approach Trail Shoes 219,3,200.91,5,602.73,in_store,N
20260717-0080,2026-07-17,S006,P1003,,NP5003,CreekRambler 2P Camp Chair 202,4,426.53,5,1706.12,ship_from_store,Y
20260717-0081,2026-07-17,S001,P1064,,NP5064,PeakNomad-XL-Cooler-263,1,522.28,15,522.28,pickup,N
20260717-0082,2026-07-17,S003,P1072,,NP5070,FieldPacer Insulated Tumbler,2,127.58,5,255.16,in_store,N
20260717-0083,2026-07-17,S005,P1017,,NP5017,SummitRunner Mini Battery Pack 216,1,64.63,0,64.63,in_store,Y
20260717-0084,2026-07-17,S002,P1022,,NP5022,Trail Rover Weekend Patio Heater 221,2,369.27,5,738.54,ship_from_store,Y
20260717-0085,2026-07-17,S005,P1003,,NP5003,CreekRambler 2P Camp Chair 202,1,359.18,20,359.18,ship_from_store,Y
20260717-0086,2026-07-17,S006,P1006,,NP5006,Trail Rover 20oz Tumbler 205,2,50.32,10,100.64,ship_from_store,Y
20260717-0087,2026-07-17,S005,P1042,,NP5042,VistaRover Trail Tumbler 241,1,115.25,0,115.25,pickup,Y
20260717-0088,2026-07-17,S002,P1026,,NP5026,VistaRover Mid Trail Shoes 225,1,130.4,0,130.4,in_store,Y
20260717-0089,2026-07-17,S002,P1066,,NP5066,RidgeRover-Trail-Tumbler-265,1,94.39,10,94.39,in_store,Y
20260717-0090,2026-07-17,S007,P1023,,NP5023,HearthRambler Expedition Flashlight 222,2,120.22,15,240.44,in_store,N
20260717-0091,2026-07-17,S001,P1068,,NP5068,StormNomad-Approach-Trail-Shoes-267,2,80.92,0,161.84,pickup,Y
20260717-0092,2026-07-17,S004,P1048,,NP5048,PeakNomad Travel Tumbler 247,1,59.74,15,59.74,in_store,N
20260717-0093,2026-07-17,S004,P1001,,NP5001,SummitRunner Lightweight Jacket 200,2,104.66,20,209.32,ship_from_store,Y
20260717-0094,2026-07-17,S006,P1026,,NP5026,VistaRover Mid Trail Shoes 225,4,104.32,20,417.28,in_store,Y
20260717-0095,2026-07-17,S004,P1048,,NP5048,PeakNomad Travel Tumbler 247,2,66.77,5,133.54,pickup,N
20260717-0096,2026-07-17,S003,P1049,,NP5049,SummitRunner Lightweight Jacket 248,3,188.71,15,566.13,in_store,Y
20260717-0097,2026-07-17,S005,P1031,,NP5031,MoonRambler Storm proof Jacket 230,3,173.53,0,520.59,in_store,Y
20260717-0098,2026-07-17,S006,P1069,,P1069,EmberRunner Basecamp Tent 268,4,256.36,0,1025.44,in_store,Y
20260717-0099,2026-07-17,S001,P1052,,NP5052,Storm Nomad Compact Cooler 251,1,388.91,0,388.91,pickup,Y
20260717-0100,2026-07-17,S003,P1050,,NP5050,RidgeRover Mid Trail Shoes 249,2,75.31,0,150.62,in_store,Y
20260717-0101,2026-07-17,S005,P1048,,NP5048,PeakNomad Travel Tumbler 247,2,70.28,0,140.56,in_store,Y
20260717-0102,2026-07-17,S005,P1018,,NP5018,RidgeRover Trail Tumbler 217,1,138.02,10,138.02,in_store,N
20260717-0103,2026-07-17,S002,P1012,,NP5012,CloudNomad 32oz Tumbler 211,4,123.66,0,494.64,in_store,N
20260717-0104,2026-07-17,S005,P1063,,NP5063,MoonRambler Ultralight Camp Chair 262 Pro,2,79.92,0,159.84,in_store,Y
20260717-0105,2026-07-17,S005,P1035,,NP5035,CreekRambler Rechargeable Flashlight 234,4,125.57,15,502.28,in_store,Y
20260718-0001,2026-07-18,S002,P1033,,NP5033,SummitRunner 4P Tent 232,1,170.51,10,170.51,pickup,Y
20260718-0002,2026-07-18,S002,P1069,,P1069,EmberRunner Basecamp Tent 268,1,256.36,0,256.36,pickup,Y
20260718-0003,2026-07-18,S007,P1016,,NP5016,PeakNomad XL Cooler 215,1,602.39,5,602.39,in_store,Y
20260718-0004,2026-07-18,S004,P1037,,NP5037,EmberRunner Packable Jacket 236,3,91.75,0,275.25,in_store,N
20260718-0005,2026-07-18,S001,P1060,,NP5060,CloudNomad-32oz-Tumbler-259,1,154.39,0,154.39,in_store,Y
20260718-0006,2026-07-18,S002,P1057,,NP5057,PineRunner 4P Tent 256 Pro,3,410.17,0,1230.51,in_store,Y
20260718-0007,2026-07-18,S003,P1071,,P1071,HearthRambler Expedition Flashlight 270,4,121.81,15,487.24,pickup,Y
20260718-0008,2026-07-18,S006,P1045,,NP5045,FieldRunner Basecamp Tent 244,1,296.15,15,296.15,in_store,N
20260718-0009,2026-07-18,S004,P1027,,NP5027,BoulderRambler 2P Camp Chair 226,2,92.03,0,184.06,in_store,Y
20260718-0010,2026-07-18,S004,P1026,,NP5026,VistaRover Mid Trail Shoes 225,1,110.84,15,110.84,in_store,N
20260718-0011,2026-07-18,S004,P1052,,NP5052,Storm Nomad Compact Cooler 251,4,388.91,0,1555.64,in_store,Y
20260718-0012,2026-07-18,S006,P1071,,P1071,HearthRambler Expedition Flashlight 270,2,136.13,5,272.26,in_store,N
20260718-0013,2026-07-18,S008,P1057,,NP5057,PineRunner 4P Tent 256 Pro,4,410.17,0,1640.68,in_store,Y
20260718-0014,2026-07-18,S006,P1043,,NP5043,BoulderRambler Alpine Jacket 242,4,204.85,15,819.4,in_store,Y
20260718-0015,2026-07-18,S001,P1019,,NP5019,CreekRambler Alpine Jacket 218,1,143.19,20,143.19,in_store,Y
20260718-0016,2026-07-18,S006,P1051,,NP5051,CreekRambler 2P Camp Chair 250,1,339.32,20,339.32,pickup,N
20260718-0017,2026-07-18,S005,P1003,,NP5003,CreekRambler 2P Camp Chair 202,1,381.63,15,381.63,ship_from_store,Y
20260718-0018,2026-07-18,S005,P1036,,NP5036,Storm Nomad 32oz Tumbler 235,2,157.72,0,315.44,in_store,Y
20260718-0019,2026-07-18,S002,P1006,,NP5006,Trail Rover 20oz Tumbler 205,1,55.91,0,55.91,in_store,N
20260718-0020,2026-07-18,S001,P1056,,NP5056,CanyonNomad Waterproof Trail Shoes 255,2,144.01,0,288.02,in_store,Y
20260718-0021,2026-07-18,S005,P1022,,NP5022,Trail Rover Weekend Patio Heater 221,2,330.4,15,660.8,in_store,N
20260718-0022,2026-07-18,S002,P1072,,NP5070,FieldPacer Insulated Tumbler,1,134.29,0,134.29,pickup,Y
20260718-0023,2026-07-18,S005,P1056,,NP5056,CanyonNomad Waterproof Trail Shoes 255,1,129.61,10,129.61,in_store,N
20260718-0024,2026-07-18,S006,P1046,,NP5046,SwitchbackRover Weekend Patio Heater 245,2,186.74,20,373.48,in_store,Y
20260718-0025,2026-07-18,S006,P1021,,NP5021,EmberRunner Basecamp Tent 220,1,73.74,0,73.74,pickup,Y
20260718-0026,2026-07-18,S004,P1035,,NP5035,CreekRambler Rechargeable Flashlight 234,2,140.34,5,280.68,ship_from_store,Y
20260718-0027,2026-07-18,S004,P1003,,NP5003,CreekRambler 2P Camp Chair 202,4,381.63,15,1526.52,pickup,N
20260718-0028,2026-07-18,S004,P1003,,NP5003,CreekRambler 2P Camp Chair 202,2,448.98,0,897.96,in_store,Y
20260718-0029,2026-07-18,S008,P1048,,NP5048,PeakNomad Travel Tumbler 247,3,70.28,0,210.84,in_store,N
20260718-0030,2026-07-18,S007,P1075,,P1075,BoulderRambler 2P Camp Chair 274,2,148.7,10,297.4,ship_from_store,Y
20260718-0031,2026-07-18,S008,P1031,,NP5031,MoonRambler Storm proof Jacket 230,1,138.82,20,138.82,in_store,N
20260718-0032,2026-07-18,S004,P1073,,P1073,PineRunner Lightweight Jacket 272,1,119.05,5,119.05,in_store,Y
20260718-0033,2026-07-18,S005,P1009,,NP5009,PineRunner 4P Tent 208,3,97.97,15,293.91,in_store,Y
20260718-0034,2026-07-18,S007,P1026,,NP5026,VistaRover Mid Trail Shoes 225,4,123.88,5,495.52,pickup,Y
20260718-0035,2026-07-18,S005,P1036,,NP5036,Storm Nomad 32oz Tumbler 235,3,126.18,20,378.54,pickup,Y
20260718-0036,2026-07-18,S005,P1070,,NP5069,BoulderNomad Patio Heater,2,182.27,10,364.54,pickup,N
20260718-0037,2026-07-18,S007,P1058,,NP5058,VistaRover-Deluxe-Patio-Heater-257,1,224.05,15,224.05,pickup,N
20260718-0038,2026-07-18,S003,P1080,,NP5080,PeakNomad Trail Shoes Alt,2,128.7,10,257.4,ship_from_store,Y
20260718-0039,2026-07-18,S002,P1002,,NP5002,RidgeRover Mid Trail Shoes 201,1,183.09,10,183.09,ship_from_store,Y
20260718-0040,2026-07-18,S004,P1049,,NP5049,SummitRunner Lightweight Jacket 248,4,222.01,0,888.04,ship_from_store,N
20260718-0041,2026-07-18,S002,P1014,,NP5014,SwitchbackRover Wide Trail Shoes 213,1,204.67,0,204.67,in_store,N
20260718-0042,2026-07-18,S001,P1067,,NP5067,CreekRambler Alpine Jacket 266 Pro,1,253.63,5,253.63,in_store,Y
20260718-0043,2026-07-18,S003,P1049,,NP5049,SummitRunner Lightweight Jacket 248,2,222.01,0,444.02,ship_from_store,N
20260718-0044,2026-07-18,S003,P1059,,NP5059,BoulderRambler Rechargeable Flashlight 258 Pro,1,100.22,5,100.22,in_store,Y
20260718-0045,2026-07-18,S003,P1055,,NP5055,HearthRambler Storm proof Jacket 254,2,263.69,5,527.38,in_store,N
20260718-0046,2026-07-18,S005,P1029,,NP5029,FieldRunner Storm Kit Battery Pack 228,3,119.63,5,358.89,in_store,Y
20260718-0047,2026-07-18,S006,P1024,,NP5024,CanyonNomad Travel Tumbler 223,2,90.59,0,181.18,pickup,Y
20260718-0048,2026-07-18,S003,P1045,,NP5045,FieldRunner Basecamp Tent 244,1,348.41,0,348.41,ship_from_store,N
20260718-0049,2026-07-18,S006,P1035,,NP5035,CreekRambler Rechargeable Flashlight 234,1,147.73,0,147.73,pickup,Y
20260718-0050,2026-07-18,S004,P1071,,P1071,HearthRambler Expedition Flashlight 270,2,128.97,10,257.94,in_store,Y
20260718-0051,2026-07-18,S007,P1065,,NP5065,SummitRunner Mini Battery Pack 264 Pro,4,112.86,0,451.44,in_store,Y
20260718-0052,2026-07-18,S001,P1046,,NP5046,SwitchbackRover Weekend Patio Heater 245,4,210.08,10,840.32,in_store,Y
20260718-0053,2026-07-18,S002,P1069,,P1069,EmberRunner Basecamp Tent 268,2,230.72,10,461.44,in_store,N
20260718-0054,2026-07-18,S008,P1014,,NP5014,SwitchbackRover Wide Trail Shoes 213,1,204.67,0,204.67,pickup,N
20260718-0055,2026-07-18,S004,P1064,,NP5064,PeakNomad-XL-Cooler-263,2,583.73,5,1167.46,in_store,Y
20260718-0056,2026-07-18,S002,P1028,,NP5028,CloudNomad Compact Cooler 227,1,647.52,0,647.52,pickup,Y
20260718-0057,2026-07-18,S002,P1021,,NP5021,EmberRunner Basecamp Tent 220,1,73.74,0,73.74,pickup,N
20260718-0058,2026-07-18,S008,P1010,,NP5010,VistaRover Deluxe Patio Heater 209,3,497.19,10,1491.57,ship_from_store,Y
20260718-0059,2026-07-18,S007,P1033,,NP5033,SummitRunner 4P Tent 232,2,189.46,0,378.92,in_store,N
20260718-0060,2026-07-18,S006,P1045,,NP5045,FieldRunner Basecamp Tent 244,2,348.41,0,696.82,in_store,Y
20260718-0061,2026-07-18,S004,P1066,,NP5066,RidgeRover-Trail-Tumbler-265,4,99.64,5,398.56,pickup,Y
20260718-0062,2026-07-18,S008,P1039,,NP5039,HearthRambler Ultralight Camp Chair 238,2,367.84,0,735.68,pickup,Y
20260718-0063,2026-07-18,S003,P1067,,NP5067,CreekRambler Alpine Jacket 266 Pro,2,240.28,10,480.56,in_store,Y
20260718-0064,2026-07-18,S003,P1071,,P1071,HearthRambler Expedition Flashlight 270,1,136.13,5,136.13,in_store,Y
20260718-0065,2026-07-18,S002,P1044,,NP5044,CloudNomad Approach Trail Shoes 243,2,189.25,0,378.5,in_store,Y
20260718-0066,2026-07-18,S001,P1070,,NP5069,BoulderNomad Patio Heater,3,172.14,15,516.42,pickup,Y
20260718-0067,2026-07-18,S004,P1018,,NP5018,RidgeRover Trail Tumbler 217,3,138.02,10,414.06,ship_from_store,Y
20260718-0068,2026-07-18,S003,P1028,,NP5028,CloudNomad Compact Cooler 227,4,647.52,0,2590.08,pickup,N
20260718-0069,2026-07-18,S002,P1056,,NP5056,CanyonNomad Waterproof Trail Shoes 255,1,129.61,10,129.61,ship_from_store,Y
20260718-0070,2026-07-18,S006,P1011,,NP5011,BoulderRambler Rechargeable Flashlight 210,1,113.11,15,113.11,in_store,Y
20260718-0071,2026-07-18,S006,P1077,,NP5077,FieldRunner Battery Pack Alt,1,76.12,20,76.12,in_store,Y
20260718-0072,2026-07-18,S008,P1064,,NP5064,PeakNomad-XL-Cooler-263,1,583.73,5,583.73,in_store,N
20260718-0073,2026-07-18,S004,P1041,,NP5041,PineRunner Mini Battery Pack 240,1,46.41,15,46.41,ship_from_store,Y
20260718-0074,2026-07-18,S006,P1050,,NP5050,RidgeRover Mid Trail Shoes 249,4,75.31,0,301.24,pickup,Y
20260718-0075,2026-07-18,S005,P1021,,NP5021,EmberRunner Basecamp Tent 220,4,66.37,10,265.48,in_store,Y
20260718-0076,2026-07-18,S008,P1054,,NP5054,Trail Rover 20oz Tumbler 253,1,56.54,20,56.54,in_store,Y
20260718-0077,2026-07-18,S001,P1065,,NP5065,SummitRunner Mini Battery Pack 264 Pro,1,107.22,5,107.22,in_store,Y
20260718-0078,2026-07-18,S002,P1002,,NP5002,RidgeRover Mid Trail Shoes 201,2,162.74,20,325.48,in_store,N
20260718-0079,2026-07-18,S006,P1050,,NP5050,RidgeRover Mid Trail Shoes 249,3,75.31,0,225.93,pickup,N
20260718-0080,2026-07-18,S001,P1014,,NP5014,SwitchbackRover Wide Trail Shoes 213,1,204.67,0,204.67,in_store,Y
20260718-0081,2026-07-18,S002,P1055,,NP5055,HearthRambler Storm proof Jacket 254,2,222.06,20,444.12,in_store,Y
20260718-0082,2026-07-18,S005,P1001,,NP5001,SummitRunner Lightweight Jacket 200,4,104.66,20,418.64,in_store,Y
20260718-0083,2026-07-18,S004,P1060,,NP5060,CloudNomad-32oz-Tumbler-259,3,154.39,0,463.17,in_store,Y
20260718-0084,2026-07-18,S003,P1006,,NP5006,Trail Rover 20oz Tumbler 205,1,55.91,0,55.91,in_store,Y
20260718-0085,2026-07-18,S003,P1024,,NP5024,CanyonNomad Travel Tumbler 223,2,90.59,0,181.18,ship_from_store,N
20260718-0086,2026-07-18,S003,P1037,,NP5037,EmberRunner Packable Jacket 236,3,77.99,15,233.97,ship_from_store,N
20260718-0087,2026-07-18,S003,P1015,,NP5015,MoonRambler Ultralight Camp Chair 214,2,163.09,15,326.18,in_store,Y
20260718-0088,2026-07-18,S008,P1016,,NP5016,PeakNomad XL Cooler 215,1,602.39,5,602.39,in_store,Y
20260718-0089,2026-07-18,S003,P1080,,NP5080,PeakNomad Trail Shoes Alt,1,114.4,20,114.4,in_store,Y
20260718-0090,2026-07-18,S004,P1060,,NP5060,CloudNomad-32oz-Tumbler-259,1,154.39,0,154.39,in_store,N
20260718-0091,2026-07-18,S008,P1008,,NP5008,CanyonNomad Waterproof Trail Shoes 207,1,149.17,15,149.17,ship_from_store,N
20260718-0092,2026-07-18,S005,P1025,,NP5025,PineRunner Lightweight Jacket 224,4,105.91,15,423.64,in_store,N
20260718-0093,2026-07-18,S004,P1054,,NP5054,Trail Rover 20oz Tumbler 253,1,60.08,15,60.08,in_store,Y
20260718-0094,2026-07-18,S006,P1023,,NP5023,HearthRambler Expedition Flashlight 222,1,113.15,20,113.15,in_store,Y
20260718-0095,2026-07-18,S002,P1056,,NP5056,CanyonNomad Waterproof Trail Shoes 255,2,115.21,20,230.42,in_store,Y
20260718-0096,2026-07-18,S006,P1080,,NP5080,PeakNomad Trail Shoes Alt,2,114.4,20,228.8,pickup,Y
20260718-0097,2026-07-18,S006,P1062,,NP5062,SwitchbackRover-Wide-Trail-Shoes-261,2,153.62,10,307.24,in_store,N
20260718-0098,2026-07-18,S008,P1026,,NP5026,VistaRover Mid Trail Shoes 225,1,123.88,5,123.88,pickup,N
20260718-0099,2026-07-18,S005,P1029,,NP5029,FieldRunner Storm Kit Battery Pack 228,1,100.74,20,100.74,pickup,Y
20260718-0100,2026-07-18,S003,P1056,,NP5056,CanyonNomad Waterproof Trail Shoes 255,1,136.81,5,136.81,in_store,Y
20260718-0101,2026-07-18,S006,P1061,,NP5061,FieldRunner Packable Jacket 260 Pro,1,147.84,0,147.84,in_store,Y
20260718-0102,2026-07-18,S004,P1055,,NP5055,HearthRambler Storm proof Jacket 254,4,263.69,5,1054.76,in_store,Y
20260718-0103,2026-07-18,S008,P1076,,NP5072,SummitRover Cooler,1,583.17,15,583.17,in_store,Y
20260718-0104,2026-07-18,S008,P1055,,NP5055,HearthRambler Storm proof Jacket 254,2,277.57,0,555.14,ship_from_store,Y
20260718-0105,2026-07-18,S004,P1056,,NP5056,CanyonNomad Waterproof Trail Shoes 255,2,144.01,0,288.02,pickup,Y
20260718-0106,2026-07-18,S007,P1027,,NP5027,BoulderRambler 2P Camp Chair 226,1,92.03,0,92.03,pickup,N
20260719-0001,2026-07-19,S007,P1073,,P1073,PineRunner Lightweight Jacket 272,1,100.26,20,100.26,ship_from_store,Y
20260719-0002,2026-07-19,S006,P1076,,NP5072,SummitRover Cooler,1,583.17,15,583.17,in_store,Y
20260719-0003,2026-07-19,S006,P1037,,NP5037,EmberRunner Packable Jacket 236,4,91.75,0,367.0,in_store,Y
20260719-0004,2026-07-19,S001,P1055,,NP5055,HearthRambler Storm proof Jacket 254,3,277.57,0,832.71,in_store,Y
20260719-0005,2026-07-19,S003,P1019,,NP5019,CreekRambler Alpine Jacket 218,1,178.99,0,178.99,pickup,Y
20260719-0006,2026-07-19,S001,P1013,,NP5013,FieldRunner Packable Jacket 212,1,82.78,15,82.78,in_store,Y
20260719-0007,2026-07-19,S005,P1006,,NP5006,Trail Rover 20oz Tumbler 205,1,44.73,20,44.73,in_store,Y
20260719-0008,2026-07-19,S008,P1037,,NP5037,EmberRunner Packable Jacket 236,1,73.4,20,73.4,ship_from_store,Y
20260719-0009,2026-07-19,S008,P1005,,NP5005,EmberRunner Storm Kit Battery Pack 204,1,105.96,5,105.96,in_store,Y
20260719-0010,2026-07-19,S006,P1055,,NP5055,HearthRambler Storm proof Jacket 254,4,277.57,0,1110.28,ship_from_store,Y
20260719-0011,2026-07-19,S004,P1009,,NP5009,PineRunner 4P Tent 208,2,109.5,5,219.0,in_store,Y
20260719-0012,2026-07-19,S002,P1075,,P1075,BoulderRambler 2P Camp Chair 274,1,148.7,10,148.7,in_store,Y
20260719-0013,2026-07-19,S007,P1051,,NP5051,CreekRambler 2P Camp Chair 250,2,381.74,10,763.48,in_store,Y
20260719-0014,2026-07-19,S004,P1079,,NP5079,MoonRambler Rain Shell Alt,1,243.4,5,243.4,pickup,Y
20260719-0015,2026-07-19,S005,P1071,,P1071,HearthRambler Expedition Flashlight 270,3,143.3,0,429.9,in_store,Y
20260719-0016,2026-07-19,S003,P1037,,NP5037,EmberRunner Packable Jacket 236,1,91.75,0,91.75,ship_from_store,Y
20260719-0017,2026-07-19,S005,P1021,,NP5021,EmberRunner Basecamp Tent 220,4,70.05,5,280.2,pickup,N
20260719-0018,2026-07-19,S001,P1024,,NP5024,CanyonNomad Travel Tumbler 223,3,81.53,10,244.59,ship_from_store,Y
20260719-0019,2026-07-19,S003,P1007,,NP5007,HearthRambler Storm proof Jacket 206,2,89.94,20,179.88,in_store,Y
20260719-0020,2026-07-19,S005,P1027,,NP5027,BoulderRambler 2P Camp Chair 226,2,92.03,0,184.06,ship_from_store,Y
20260719-0021,2026-07-19,S001,P1056,,NP5056,CanyonNomad Waterproof Trail Shoes 255,1,144.01,0,144.01,pickup,Y
20260719-0022,2026-07-19,S001,P1064,,NP5064,PeakNomad-XL-Cooler-263,1,614.45,0,614.45,in_store,Y
20260719-0023,2026-07-19,S006,P1035,,NP5035,CreekRambler Rechargeable Flashlight 234,1,147.73,0,147.73,in_store,N
20260719-0024,2026-07-19,S004,P1010,,NP5010,VistaRover Deluxe Patio Heater 209,1,552.43,0,552.43,in_store,Y
20260719-0025,2026-07-19,S007,P1053,,NP5053,EmberRunner Storm Kit Battery Pack 252,4,97.68,10,390.72,ship_from_store,Y
20260719-0026,2026-07-19,S008,P1065,,NP5065,SummitRunner Mini Battery Pack 264 Pro,1,112.86,0,112.86,in_store,Y
20260719-0027,2026-07-19,S002,P1072,,NP5070,FieldPacer Insulated Tumbler,1,134.29,0,134.29,pickup,Y
20260719-0028,2026-07-19,S007,P1039,,NP5039,HearthRambler Ultralight Camp Chair 238,2,367.84,0,735.68,in_store,Y
20260719-0029,2026-07-19,S008,P1072,,NP5070,FieldPacer Insulated Tumbler,2,134.29,0,268.58,pickup,N
20260719-0030,2026-07-19,S004,P1026,,NP5026,VistaRover Mid Trail Shoes 225,2,110.84,15,221.68,in_store,N
20260719-0031,2026-07-19,S001,P1014,,NP5014,SwitchbackRover Wide Trail Shoes 213,2,204.67,0,409.34,ship_from_store,Y
20260719-0032,2026-07-19,S001,P1018,,NP5018,RidgeRover Trail Tumbler 217,2,153.36,0,306.72,in_store,Y
20260719-0033,2026-07-19,S005,P1007,,NP5007,HearthRambler Storm proof Jacket 206,1,112.42,0,112.42,ship_from_store,Y
20260719-0034,2026-07-19,S005,P1037,,NP5037,EmberRunner Packable Jacket 236,2,91.75,0,183.5,in_store,Y
20260719-0035,2026-07-19,S005,P1042,,NP5042,VistaRover Trail Tumbler 241,4,103.73,10,414.92,pickup,Y
20260719-0036,2026-07-19,S006,P1006,,NP5006,Trail Rover 20oz Tumbler 205,1,50.32,10,50.32,ship_from_store,N
20260719-0037,2026-07-19,S007,P1012,,NP5012,CloudNomad 32oz Tumbler 211,2,117.48,5,234.96,pickup,Y
20260719-0038,2026-07-19,S001,P1029,,NP5029,FieldRunner Storm Kit Battery Pack 228,2,113.34,10,226.68,in_store,Y
20260719-0039,2026-07-19,S004,P1042,,NP5042,VistaRover Trail Tumbler 241,2,103.73,10,207.46,pickup,Y
20260719-0040,2026-07-19,S003,P1024,,NP5024,CanyonNomad Travel Tumbler 223,2,86.06,5,172.12,ship_from_store,Y
20260719-0041,2026-07-19,S006,P1038,,NP5038,Trail Rover Wide Trail Shoes 237,1,187.04,5,187.04,pickup,Y
20260719-0042,2026-07-19,S004,P1072,,NP5070,FieldPacer Insulated Tumbler,3,134.29,0,402.87,in_store,Y
20260719-0043,2026-07-19,S007,P1025,,NP5025,PineRunner Lightweight Jacket 224,2,124.6,0,249.2,in_store,Y
20260719-0044,2026-07-19,S007,P1055,,NP5055,HearthRambler Storm proof Jacket 254,4,249.81,10,999.24,ship_from_store,Y
20260719-0045,2026-07-19,S008,P1031,,NP5031,MoonRambler Storm proof Jacket 230,2,138.82,20,277.64,in_store,Y
20260719-0046,2026-07-19,S007,P1068,,NP5068,StormNomad-Approach-Trail-Shoes-267,2,64.74,20,129.48,in_store,Y
20260719-0047,2026-07-19,S007,P1071,,P1071,HearthRambler Expedition Flashlight 270,1,136.13,5,136.13,in_store,Y
20260719-0048,2026-07-19,S007,P1015,,NP5015,MoonRambler Ultralight Camp Chair 214,1,153.5,20,153.5,pickup,Y
20260719-0049,2026-07-19,S006,P1040,,NP5040,CanyonNomad XL Cooler 239,3,87.05,20,261.15,ship_from_store,Y
20260719-0050,2026-07-19,S002,P1012,,NP5012,CloudNomad 32oz Tumbler 211,2,111.29,10,222.58,in_store,N
20260719-0051,2026-07-19,S008,P1060,,NP5060,CloudNomad-32oz-Tumbler-259,4,131.23,15,524.92,in_store,Y
20260719-0052,2026-07-19,S007,P1026,,NP5026,VistaRover Mid Trail Shoes 225,4,104.32,20,417.28,pickup,N
20260719-0053,2026-07-19,S008,P1025,,NP5025,PineRunner Lightweight Jacket 224,1,124.6,0,124.6,in_store,Y
20260719-0054,2026-07-19,S004,P1052,,NP5052,Storm Nomad Compact Cooler 251,1,388.91,0,388.91,in_store,Y
20260719-0055,2026-07-19,S002,P1043,,NP5043,BoulderRambler Alpine Jacket 242,1,204.85,15,204.85,in_store,Y
20260719-0056,2026-07-19,S007,P1038,,NP5038,Trail Rover Wide Trail Shoes 237,4,196.88,0,787.52,in_store,Y
20260719-0057,2026-07-19,S004,P1056,,NP5056,CanyonNomad Waterproof Trail Shoes 255,2,144.01,0,288.02,in_store,Y
20260719-0058,2026-07-19,S001,P1068,,NP5068,StormNomad-Approach-Trail-Shoes-267,1,80.92,0,80.92,ship_from_store,Y
20260719-0059,2026-07-19,S002,P1028,,NP5028,CloudNomad Compact Cooler 227,3,518.02,20,1554.06,pickup,Y
20260719-0060,2026-07-19,S003,P1061,,NP5061,FieldRunner Packable Jacket 260 Pro,1,133.06,10,133.06,in_store,Y
20260719-0061,2026-07-19,S001,P1031,,NP5031,MoonRambler Storm proof Jacket 230,2,164.85,5,329.7,in_store,N
20260719-0062,2026-07-19,S008,P1008,,NP5008,CanyonNomad Waterproof Trail Shoes 207,2,157.95,10,315.9,ship_from_store,Y
20260719-0063,2026-07-19,S001,P1023,,NP5023,HearthRambler Expedition Flashlight 222,3,127.3,10,381.9,pickup,N
20260719-0064,2026-07-19,S003,P1079,,NP5079,MoonRambler Rain Shell Alt,1,217.78,15,217.78,in_store,Y
20260719-0065,2026-07-19,S001,P1051,,NP5051,CreekRambler 2P Camp Chair 250,2,381.74,10,763.48,ship_from_store,N
20260719-0066,2026-07-19,S004,P1021,,NP5021,EmberRunner Basecamp Tent 220,1,73.74,0,73.74,in_store,Y
20260719-0067,2026-07-19,S001,P1031,,NP5031,MoonRambler Storm proof Jacket 230,1,173.53,0,173.53,ship_from_store,Y
20260719-0068,2026-07-19,S005,P1077,,NP5077,FieldRunner Battery Pack Alt,1,95.15,0,95.15,pickup,Y
20260719-0069,2026-07-19,S003,P1002,,NP5002,RidgeRover Mid Trail Shoes 201,2,203.43,0,406.86,in_store,N
20260719-0070,2026-07-19,S007,P1016,,NP5016,PeakNomad XL Cooler 215,2,570.68,10,1141.36,in_store,Y
20260719-0071,2026-07-19,S006,P1013,,NP5013,FieldRunner Packable Jacket 212,4,77.91,20,311.64,pickup,Y
20260719-0072,2026-07-19,S007,P1039,,NP5039,HearthRambler Ultralight Camp Chair 238,1,349.45,5,349.45,pickup,Y
20260719-0073,2026-07-19,S004,P1038,,NP5038,Trail Rover Wide Trail Shoes 237,2,167.35,15,334.7,in_store,Y
20260719-0074,2026-07-19,S008,P1072,,NP5070,FieldPacer Insulated Tumbler,1,120.86,10,120.86,in_store,N
20260719-0075,2026-07-19,S002,P1012,,NP5012,CloudNomad 32oz Tumbler 211,1,105.11,15,105.11,pickup,Y
20260719-0076,2026-07-19,S008,P1026,,NP5026,VistaRover Mid Trail Shoes 225,1,130.4,0,130.4,in_store,N
20260719-0077,2026-07-19,S007,P1009,,NP5009,PineRunner 4P Tent 208,2,115.26,0,230.52,in_store,Y
20260719-0078,2026-07-19,S004,P1071,,P1071,HearthRambler Expedition Flashlight 270,1,143.3,0,143.3,pickup,Y
20260719-0079,2026-07-19,S003,P1046,,NP5046,SwitchbackRover Weekend Patio Heater 245,4,233.42,0,933.68,ship_from_store,N
20260719-0080,2026-07-19,S007,P1005,,NP5005,EmberRunner Storm Kit Battery Pack 204,4,105.96,5,423.84,in_store,N
20260719-0081,2026-07-19,S007,P1014,,NP5014,SwitchbackRover Wide Trail Shoes 213,2,184.2,10,368.4,ship_from_store,Y
20260719-0082,2026-07-19,S006,P1074,,P1074,VistaRover Mid Trail Shoes 273,1,191.7,0,191.7,ship_from_store,Y
20260719-0083,2026-07-19,S003,P1066,,NP5066,RidgeRover-Trail-Tumbler-265,2,104.88,0,209.76,in_store,Y
20260719-0084,2026-07-19,S002,P1048,,NP5048,PeakNomad Travel Tumbler 247,2,70.28,0,140.56,pickup,Y
20260719-0085,2026-07-19,S006,P1069,,P1069,EmberRunner Basecamp Tent 268,3,256.36,0,769.08,in_store,N
20260719-0086,2026-07-19,S003,P1066,,NP5066,RidgeRover-Trail-Tumbler-265,1,99.64,5,99.64,ship_from_store,N
20260719-0087,2026-07-19,S005,P1078,,NP5078,SwitchbackRover Insulated Tumbler Alt,1,131.72,10,131.72,pickup,Y
20260719-0088,2026-07-19,S004,P1068,,NP5068,StormNomad-Approach-Trail-Shoes-267,1,72.83,10,72.83,in_store,Y
20260719-0089,2026-07-19,S007,P1077,,NP5077,FieldRunner Battery Pack Alt,2,95.15,0,190.3,in_store,Y
20260719-0090,2026-07-19,S006,P1080,,NP5080,PeakNomad Trail Shoes Alt,1,143.0,0,143.0,in_store,Y
20260719-0091,2026-07-19,S005,P1029,,NP5029,FieldRunner Storm Kit Battery Pack 228,1,119.63,5,119.63,ship_from_store,Y
20260719-0092,2026-07-19,S002,P1070,,NP5069,BoulderNomad Patio Heater,2,202.52,0,405.04,in_store,Y
20260719-0093,2026-07-19,S007,P1023,,NP5023,HearthRambler Expedition Flashlight 222,1,127.3,10,127.3,in_store,Y
20260719-0094,2026-07-19,S004,P1030,,NP5030,SwitchbackRover 20oz Tumbler 229,1,113.63,10,113.63,in_store,Y
20260719-0095,2026-07-19,S006,P1067,,NP5067,CreekRambler Alpine Jacket 266 Pro,2,266.98,0,533.96,in_store,Y
20260719-0096,2026-07-19,S003,P1035,,NP5035,CreekRambler Rechargeable Flashlight 234,1,140.34,5,140.34,in_store,Y
20260719-0097,2026-07-19,S004,P1010,,NP5010,VistaRover Deluxe Patio Heater 209,1,524.81,5,524.81,pickup,N
20260719-0098,2026-07-19,S008,P1041,,NP5041,PineRunner Mini Battery Pack 240,1,43.68,20,43.68,pickup,Y
20260719-0099,2026-07-19,S004,P1035,,NP5035,CreekRambler Rechargeable Flashlight 234,1,147.73,0,147.73,in_store,N
20260719-0100,2026-07-19,S008,P1037,,NP5037,EmberRunner Packable Jacket 236,2,91.75,0,183.5,in_store,Y
20260719-0101,2026-07-19,S003,P1028,,NP5028,CloudNomad Compact Cooler 227,3,647.52,0,1942.56,in_store,Y
20260719-0102,2026-07-19,S005,P1021,,NP5021,EmberRunner Basecamp Tent 220,2,58.99,20,117.98,ship_from_store,Y
20260719-0103,2026-07-19,S005,P1014,,NP5014,SwitchbackRover Wide Trail Shoes 213,4,184.2,10,736.8,in_store,Y
20260719-0104,2026-07-19,S003,P1040,,NP5040,CanyonNomad XL Cooler 239,2,92.49,15,184.98,pickup,Y
20260719-0105,2026-07-19,S001,P1020,,NP5020,Storm Nomad Approach Trail Shoes 219,1,211.48,0,211.48,in_store,Y
20260719-0106,2026-07-19,S005,P1056,,NP5056,CanyonNomad Waterproof Trail Shoes 255,4,144.01,0,576.04,ship_from_store,N
20260719-0107,2026-07-19,S008,P1001,,NP5001,SummitRunner Lightweight Jacket 200,1,130.82,0,130.82,in_store,Y
20260719-0108,2026-07-19,S006,P1058,,NP5058,VistaRover-Deluxe-Patio-Heater-257,1,263.59,0,263.59,in_store,N
20260719-0109,2026-07-19,S008,P1036,,NP5036,Storm Nomad 32oz Tumbler 235,1,134.06,15,134.06,in_store,N
20260719-0110,2026-07-19,S003,P1002,,NP5002,RidgeRover Mid Trail Shoes 201,4,203.43,0,813.72,in_store,N
20260719-0111,2026-07-19,S004,P1064,,NP5064,PeakNomad-XL-Cooler-263,1,583.73,5,583.73,in_store,N
20260719-0112,2026-07-19,S003,P1044,,NP5044,CloudNomad Approach Trail Shoes 243,3,170.33,10,510.99,in_store,N
20260719-0113,2026-07-19,S003,P1040,,NP5040,CanyonNomad XL Cooler 239,2,108.81,0,217.62,ship_from_store,Y
20260719-0114,2026-07-19,S004,P1058,,NP5058,VistaRover-Deluxe-Patio-Heater-257,2,237.23,10,474.46,ship_from_store,N
20260719-0115,2026-07-19,S003,P1078,,NP5078,SwitchbackRover Insulated Tumbler Alt,2,146.35,0,292.7,in_store,Y
20260719-0116,2026-07-19,S003,P1049,,NP5049,SummitRunner Lightweight Jacket 248,1,188.71,15,188.71,in_store,Y
20260719-0117,2026-07-19,S001,P1036,,NP5036,Storm Nomad 32oz Tumbler 235,1,134.06,15,134.06,pickup,Y
20260719-0118,2026-07-19,S001,P1076,,NP5072,SummitRover Cooler,2,686.08,0,1372.16,pickup,N
20260719-0119,2026-07-19,S001,P1075,,P1075,BoulderRambler 2P Camp Chair 274,3,156.96,5,470.88,ship_from_store,Y
20260719-0120,2026-07-19,S005,P1036,,NP5036,Storm Nomad 32oz Tumbler 235,1,126.18,20,126.18,ship_from_store,N
20260719-0121,2026-07-19,S007,P1050,,NP5050,RidgeRover Mid Trail Shoes 249,4,75.31,0,301.24,ship_from_store,Y
20260719-0122,2026-07-19,S004,P1073,,P1073,PineRunner Lightweight Jacket 272,3,106.52,15,319.56,ship_from_store,Y
20260719-0123,2026-07-19,S003,P1076,,NP5072,SummitRover Cooler,1,548.86,20,548.86,in_store,Y
20260719-0124,2026-07-19,S003,P1004,,NP5004,Storm Nomad Compact Cooler 203,3,109.9,0,329.7,in_store,Y
20260719-0125,2026-07-19,S001,P1014,,NP5014,SwitchbackRover Wide Trail Shoes 213,1,194.44,5,194.44,in_store,Y
20260719-0126,2026-07-19,S004,P1022,,NP5022,Trail Rover Weekend Patio Heater 221,1,310.97,20,310.97,ship_from_store,N
20260719-0127,2026-07-19,S006,P1027,,NP5027,BoulderRambler 2P Camp Chair 226,1,92.03,0,92.03,pickup,Y
20260719-0128,2026-07-19,S006,P1072,,NP5070,FieldPacer Insulated Tumbler,3,134.29,0,402.87,in_store,Y
20260719-0129,2026-07-19,S002,P1080,,NP5080,PeakNomad Trail Shoes Alt,2,143.0,0,286.0,in_store,N
20260719-0130,2026-07-19,S008,P1053,,NP5053,EmberRunner Storm Kit Battery Pack 252,3,92.25,15,276.75,ship_from_store,N
20260719-0131,2026-07-19,S002,P1001,,NP5001,SummitRunner Lightweight Jacket 200,3,130.82,0,392.46,ship_from_store,Y
20260719-0132,2026-07-19,S006,P1044,,NP5044,CloudNomad Approach Trail Shoes 243,1,189.25,0,189.25,in_store,Y
20260719-0133,2026-07-19,S006,P1021,,NP5021,EmberRunner Basecamp Tent 220,2,70.05,5,140.1,pickup,N
20260719-0134,2026-07-19,S003,P1030,,NP5030,SwitchbackRover 20oz Tumbler 229,1,126.26,0,126.26,ship_from_store,Y
20260719-0135,2026-07-19,S005,P1004,,NP5004,Storm Nomad Compact Cooler 203,2,109.9,0,219.8,in_store,N
20260719-0136,2026-07-19,S003,P1048,,NP5048,PeakNomad Travel Tumbler 247,1,70.28,0,70.28,in_store,Y
20260719-0137,2026-07-19,S003,P1042,,NP5042,VistaRover Trail Tumbler 241,2,115.25,0,230.5,in_store,Y
20260719-0138,2026-07-19,S008,P1077,,NP5077,FieldRunner Battery Pack Alt,2,95.15,0,190.3,in_store,Y
20260719-0139,2026-07-19,S006,P1068,,NP5068,StormNomad-Approach-Trail-Shoes-267,3,68.78,15,206.34,pickup,Y
20260719-0140,2026-07-19,S001,P1008,,NP5008,CanyonNomad Waterproof Trail Shoes 207,2,175.5,0,351.0,in_store,Y
20260719-0141,2026-07-19,S008,P1044,,NP5044,CloudNomad Approach Trail Shoes 243,2,189.25,0,378.5,ship_from_store,Y
20260719-0142,2026-07-19,S002,P1073,,P1073,PineRunner Lightweight Jacket 272,2,125.32,0,250.64,in_store,Y
20260719-0143,2026-07-19,S006,P1066,,NP5066,RidgeRover-Trail-Tumbler-265,1,104.88,0,104.88,ship_from_store,Y
20260719-0144,2026-07-19,S006,P1032,,NP5032,PeakNomad Waterproof Trail Shoes 231,2,194.08,0,388.16,pickup,Y
20260719-0145,2026-07-19,S003,P1052,,NP5052,Storm Nomad Compact Cooler 251,2,350.02,10,700.04,in_store,Y
20260719-0146,2026-07-19,S003,P1022,,NP5022,Trail Rover Weekend Patio Heater 221,2,388.71,0,777.42,in_store,Y
20260719-0147,2026-07-19,S003,P1063,,NP5063,MoonRambler Ultralight Camp Chair 262 Pro,4,75.92,5,303.68,in_store,Y
20260719-0148,2026-07-19,S004,P1031,,NP5031,MoonRambler Storm proof Jacket 230,3,173.53,0,520.59,ship_from_store,Y
20260719-0149,2026-07-19,S003,P1027,,NP5027,BoulderRambler 2P Camp Chair 226,1,92.03,0,92.03,in_store,Y
20260719-0150,2026-07-19,S004,P1005,,NP5005,EmberRunner Storm Kit Battery Pack 204,2,111.54,0,223.08,ship_from_store,N
20260719-0151,2026-07-19,S007,P1039,,NP5039,HearthRambler Ultralight Camp Chair 238,1,367.84,0,367.84,pickup,Y
20260719-0152,2026-07-19,S002,P1048,,NP5048,PeakNomad Travel Tumbler 247,1,70.28,0,70.28,in_store,N
20260719-0153,2026-07-19,S007,P1040,,NP5040,CanyonNomad XL Cooler 239,1,87.05,20,87.05,in_store,Y
20260719-0154,2026-07-19,S001,P1043,,NP5043,BoulderRambler Alpine Jacket 242,1,192.8,20,192.8,in_store,N
20260719-0155,2026-07-19,S004,P1073,,P1073,PineRunner Lightweight Jacket 272,1,125.32,0,125.32,in_store,Y
20260719-0156,2026-07-19,S005,P1031,,NP5031,MoonRambler Storm proof Jacket 230,4,164.85,5,659.4,in_store,Y
20260719-0157,2026-07-19,S004,P1037,,NP5037,EmberRunner Packable Jacket 236,1,91.75,0,91.75,in_store,Y
20260719-0158,2026-07-19,S003,P1048,,NP5048,PeakNomad Travel Tumbler 247,1,70.28,0,70.28,in_store,N
20260719-0159,2026-07-19,S007,P1036,,NP5036,Storm Nomad 32oz Tumbler 235,1,126.18,20,126.18,in_store,Y
20260719-0160,2026-07-19,S003,P1060,,NP5060,CloudNomad-32oz-Tumbler-259,1,146.67,5,146.67,in_store,Y
20260719-0161,2026-07-19,S008,P1014,,NP5014,SwitchbackRover Wide Trail Shoes 213,2,173.97,15,347.94,in_store,Y
20260719-0162,2026-07-19,S007,P1003,,NP5003,CreekRambler 2P Camp Chair 202,1,448.98,0,448.98,pickup,Y
20260719-0163,2026-07-19,S003,P1035,,NP5035,CreekRambler Rechargeable Flashlight 234,2,147.73,0,295.46,in_store,Y
20260719-0164,2026-07-19,S007,P1031,,NP5031,MoonRambler Storm proof Jacket 230,2,173.53,0,347.06,in_store,Y
20260719-0165,2026-07-19,S007,P1020,,NP5020,Storm Nomad Approach Trail Shoes 219,3,190.33,10,570.99,in_store,Y
20260719-0166,2026-07-19,S001,P1006,,NP5006,Trail Rover 20oz Tumbler 205,2,50.32,10,100.64,pickup,Y
20260719-0167,2026-07-19,S003,P1047,,NP5047,MoonRambler Expedition Flashlight 246,1,56.9,0,56.9,in_store,Y
20260720-0001,2026-07-20,S006,P1055,,NP5055,HearthRambler Storm proof Jacket 254,2,222.06,20,444.12,pickup,Y
20260720-0002,2026-07-20,S005,P1042,,NP5042,VistaRover Trail Tumbler 241,1,92.2,20,92.2,in_store,N
20260720-0003,2026-07-20,S002,P1010,,NP5010,VistaRover Deluxe Patio Heater 209,2,497.19,10,994.38,pickup,Y
20260720-0004,2026-07-20,S003,P1015,,NP5015,MoonRambler Ultralight Camp Chair 214,1,191.87,0,191.87,pickup,Y
20260720-0005,2026-07-20,S002,P1004,,NP5004,Storm Nomad Compact Cooler 203,2,104.41,5,208.82,pickup,Y
20260720-0006,2026-07-20,S008,P1065,,NP5065,SummitRunner Mini Battery Pack 264 Pro,3,112.86,0,338.58,in_store,Y
20260720-0007,2026-07-20,S001,P1048,,NP5048,PeakNomad Travel Tumbler 247,4,70.28,0,281.12,ship_from_store,Y
20260720-0008,2026-07-20,S006,P1054,,NP5054,Trail Rover 20oz Tumbler 253,2,70.68,0,141.36,in_store,Y
20260720-0009,2026-07-20,S006,P1035,,NP5035,CreekRambler Rechargeable Flashlight 234,2,118.18,20,236.36,in_store,Y
20260720-0010,2026-07-20,S008,P1007,,NP5007,HearthRambler Storm proof Jacket 206,1,112.42,0,112.42,in_store,N
20260720-0011,2026-07-20,S001,P1025,,NP5025,PineRunner Lightweight Jacket 224,1,112.14,10,112.14,in_store,Y
20260720-0012,2026-07-20,S003,P1060,,NP5060,CloudNomad-32oz-Tumbler-259,1,154.39,0,154.39,ship_from_store,Y
20260720-0013,2026-07-20,S006,P1044,,NP5044,CloudNomad Approach Trail Shoes 243,3,151.4,20,454.2,pickup,Y
20260720-0014,2026-07-20,S001,P1022,,NP5022,Trail Rover Weekend Patio Heater 221,1,388.71,0,388.71,ship_from_store,Y
20260720-0015,2026-07-20,S008,P1006,,NP5006,Trail Rover 20oz Tumbler 205,4,47.52,15,190.08,pickup,Y
20260720-0016,2026-07-20,S006,P1011,,NP5011,BoulderRambler Rechargeable Flashlight 210,2,133.07,0,266.14,pickup,Y
20260720-0017,2026-07-20,S001,P1041,,NP5041,PineRunner Mini Battery Pack 240,4,43.68,20,174.72,in_store,Y
20260720-0018,2026-07-20,S006,P1069,,P1069,EmberRunner Basecamp Tent 268,2,217.91,15,435.82,ship_from_store,Y
20260720-0019,2026-07-20,S003,P1019,,NP5019,CreekRambler Alpine Jacket 218,3,178.99,0,536.97,ship_from_store,Y
20260720-0020,2026-07-20,S006,P1059,,NP5059,BoulderRambler Rechargeable Flashlight 258 Pro,1,105.5,0,105.5,in_store,Y
20260720-0021,2026-07-20,S006,P1037,,NP5037,EmberRunner Packable Jacket 236,2,73.4,20,146.8,in_store,Y
20260720-0022,2026-07-20,S008,P1035,,NP5035,CreekRambler Rechargeable Flashlight 234,3,132.96,10,398.88,pickup,Y
20260720-0023,2026-07-20,S006,P1045,,NP5045,FieldRunner Basecamp Tent 244,2,330.99,5,661.98,in_store,Y
20260720-0024,2026-07-20,S008,P1072,,NP5070,FieldPacer Insulated Tumbler,3,107.43,20,322.29,ship_from_store,Y
20260720-0025,2026-07-20,S006,P1065,,NP5065,SummitRunner Mini Battery Pack 264 Pro,1,112.86,0,112.86,pickup,Y
20260720-0026,2026-07-20,S001,P1020,,NP5020,Storm Nomad Approach Trail Shoes 219,1,179.76,15,179.76,in_store,Y
20260720-0027,2026-07-20,S004,P1068,,NP5068,StormNomad-Approach-Trail-Shoes-267,3,80.92,0,242.76,in_store,N
20260720-0028,2026-07-20,S004,P1057,,NP5057,PineRunner 4P Tent 256 Pro,2,410.17,0,820.34,in_store,Y
20260720-0029,2026-07-20,S001,P1034,,NP5034,RidgeRover Deluxe Patio Heater 233,4,143.53,15,574.12,pickup,Y
20260720-0030,2026-07-20,S008,P1020,,NP5020,Storm Nomad Approach Trail Shoes 219,1,211.48,0,211.48,pickup,Y
20260720-0031,2026-07-20,S002,P1029,,NP5029,FieldRunner Storm Kit Battery Pack 228,1,113.34,10,113.34,ship_from_store,Y
20260720-0032,2026-07-20,S002,P1053,,NP5053,EmberRunner Storm Kit Battery Pack 252,1,108.53,0,108.53,pickup,N
20260720-0033,2026-07-20,S006,P1066,,NP5066,RidgeRover-Trail-Tumbler-265,1,83.9,20,83.9,in_store,Y
20260720-0034,2026-07-20,S008,P1004,,NP5004,Storm Nomad Compact Cooler 203,1,109.9,0,109.9,pickup,Y
20260720-0035,2026-07-20,S006,P1042,,NP5042,VistaRover Trail Tumbler 241,3,109.49,5,328.47,pickup,Y
20260720-0036,2026-07-20,S007,P1070,,NP5069,BoulderNomad Patio Heater,4,192.39,5,769.56,in_store,Y
20260720-0037,2026-07-20,S003,P1055,,NP5055,HearthRambler Storm proof Jacket 254,3,277.57,0,832.71,ship_from_store,Y
20260720-0038,2026-07-20,S001,P1080,,NP5080,PeakNomad Trail Shoes Alt,1,143.0,0,143.0,in_store,Y
20260720-0039,2026-07-20,S002,P1076,,NP5072,SummitRover Cooler,1,686.08,0,686.08,in_store,Y
20260720-0040,2026-07-20,S001,P1038,,NP5038,Trail Rover Wide Trail Shoes 237,2,157.5,20,315.0,pickup,Y
20260720-0041,2026-07-20,S003,P1065,,NP5065,SummitRunner Mini Battery Pack 264 Pro,4,112.86,0,451.44,in_store,N
20260720-0042,2026-07-20,S004,P1067,,NP5067,CreekRambler Alpine Jacket 266 Pro,1,213.58,20,213.58,in_store,Y
20260720-0043,2026-07-20,S003,P1068,,NP5068,StormNomad-Approach-Trail-Shoes-267,2,68.78,15,137.56,pickup,Y
20260720-0044,2026-07-20,S004,P1068,,NP5068,StormNomad-Approach-Trail-Shoes-267,1,68.78,15,68.78,in_store,Y
20260720-0045,2026-07-20,S008,P1033,,NP5033,SummitRunner 4P Tent 232,1,161.04,15,161.04,ship_from_store,N
20260720-0046,2026-07-20,S002,P1067,,NP5067,CreekRambler Alpine Jacket 266 Pro,3,266.98,0,800.94,pickup,Y
20260720-0047,2026-07-20,S005,P1031,,NP5031,MoonRambler Storm proof Jacket 230,4,156.18,10,624.72,in_store,Y
20260720-0048,2026-07-20,S003,P1030,,NP5030,SwitchbackRover 20oz Tumbler 229,3,126.26,0,378.78,in_store,Y
20260720-0049,2026-07-20,S001,P1011,,NP5011,BoulderRambler Rechargeable Flashlight 210,3,133.07,0,399.21,in_store,Y
20260720-0050,2026-07-20,S004,P1036,,NP5036,Storm Nomad 32oz Tumbler 235,4,134.06,15,536.24,ship_from_store,Y
20260720-0051,2026-07-20,S006,P1031,,NP5031,MoonRambler Storm proof Jacket 230,1,147.5,15,147.5,in_store,Y
20260720-0052,2026-07-20,S006,P1022,,NP5022,Trail Rover Weekend Patio Heater 221,4,369.27,5,1477.08,in_store,Y
20260720-0053,2026-07-20,S002,P1002,,NP5002,RidgeRover Mid Trail Shoes 201,2,203.43,0,406.86,in_store,Y
20260720-0054,2026-07-20,S002,P1024,,NP5024,CanyonNomad Travel Tumbler 223,1,90.59,0,90.59,in_store,Y
20260720-0055,2026-07-20,S006,P1001,,NP5001,SummitRunner Lightweight Jacket 200,1,130.82,0,130.82,in_store,Y
20260720-0056,2026-07-20,S007,P1064,,NP5064,PeakNomad-XL-Cooler-263,2,491.56,20,983.12,in_store,N
20260720-0057,2026-07-20,S003,P1023,,NP5023,HearthRambler Expedition Flashlight 222,1,141.44,0,141.44,pickup,N
20260720-0058,2026-07-20,S008,P1050,,NP5050,RidgeRover Mid Trail Shoes 249,2,67.78,10,135.56,pickup,Y
20260720-0059,2026-07-20,S005,P1049,,NP5049,SummitRunner Lightweight Jacket 248,4,222.01,0,888.04,ship_from_store,Y
20260720-0060,2026-07-20,S004,P1071,,P1071,HearthRambler Expedition Flashlight 270,1,143.3,0,143.3,pickup,N
20260720-0061,2026-07-20,S008,P1051,,NP5051,CreekRambler 2P Camp Chair 250,3,424.15,0,1272.45,in_store,Y
20260720-0062,2026-07-20,S006,P1001,,NP5001,SummitRunner Lightweight Jacket 200,1,130.82,0,130.82,in_store,Y
20260720-0063,2026-07-20,S003,P1026,,NP5026,VistaRover Mid Trail Shoes 225,1,117.36,10,117.36,in_store,Y
20260720-0064,2026-07-20,S008,P1004,,NP5004,Storm Nomad Compact Cooler 203,3,87.92,20,263.76,in_store,N
20260720-0065,2026-07-20,S004,P1060,,NP5060,CloudNomad-32oz-Tumbler-259,1,154.39,0,154.39,in_store,Y
20260720-0066,2026-07-20,S005,P1034,,NP5034,RidgeRover Deluxe Patio Heater 233,1,160.42,5,160.42,in_store,Y
20260720-0067,2026-07-20,S002,P1064,,NP5064,PeakNomad-XL-Cooler-263,2,614.45,0,1228.9,in_store,N
20260720-0068,2026-07-20,S003,P1078,,NP5078,SwitchbackRover Insulated Tumbler Alt,3,117.08,20,351.24,ship_from_store,Y
20260720-0069,2026-07-20,S002,P1068,,NP5068,StormNomad-Approach-Trail-Shoes-267,2,72.83,10,145.66,in_store,Y
20260720-0070,2026-07-20,S002,P1013,,NP5013,FieldRunner Packable Jacket 212,1,77.91,20,77.91,in_store,Y
20260720-0071,2026-07-20,S005,P1026,,NP5026,VistaRover Mid Trail Shoes 225,1,130.4,0,130.4,pickup,Y
20260720-0072,2026-07-20,S004,P1061,,NP5061,FieldRunner Packable Jacket 260 Pro,2,147.84,0,295.68,in_store,Y
20260720-0073,2026-07-20,S005,P1021,,NP5021,EmberRunner Basecamp Tent 220,2,73.74,0,147.48,in_store,Y
20260720-0074,2026-07-20,S008,P1068,,NP5068,StormNomad-Approach-Trail-Shoes-267,1,80.92,0,80.92,ship_from_store,Y
20260720-0075,2026-07-20,S007,P1021,,NP5021,EmberRunner Basecamp Tent 220,1,73.74,0,73.74,in_store,N
20260720-0076,2026-07-20,S007,P1012,,NP5012,CloudNomad 32oz Tumbler 211,4,123.66,0,494.64,in_store,Y
20260720-0077,2026-07-20,S008,P1012,,NP5012,CloudNomad 32oz Tumbler 211,1,117.48,5,117.48,in_store,N
20260720-0078,2026-07-20,S004,P1015,,NP5015,MoonRambler Ultralight Camp Chair 214,4,172.68,10,690.72,in_store,Y
20260720-0079,2026-07-20,S006,P1054,,NP5054,Trail Rover 20oz Tumbler 253,1,56.54,20,56.54,pickup,Y
20260720-0080,2026-07-20,S006,P1002,,NP5002,RidgeRover Mid Trail Shoes 201,3,162.74,20,488.22,in_store,Y
20260720-0081,2026-07-20,S001,P1012,,NP5012,CloudNomad 32oz Tumbler 211,1,123.66,0,123.66,in_store,N
20260720-0082,2026-07-20,S004,P1024,,NP5024,CanyonNomad Travel Tumbler 223,3,72.47,20,217.41,pickup,Y
20260720-0083,2026-07-20,S005,P1010,,NP5010,VistaRover Deluxe Patio Heater 209,1,497.19,10,497.19,in_store,Y
20260720-0084,2026-07-20,S004,P1003,,NP5003,CreekRambler 2P Camp Chair 202,3,448.98,0,1346.94,ship_from_store,N
20260720-0085,2026-07-20,S008,P1071,,P1071,HearthRambler Expedition Flashlight 270,1,143.3,0,143.3,in_store,N
20260720-0086,2026-07-20,S005,P1033,,NP5033,SummitRunner 4P Tent 232,1,179.99,5,179.99,ship_from_store,N
20260720-0087,2026-07-20,S004,P1042,,NP5042,VistaRover Trail Tumbler 241,3,115.25,0,345.75,ship_from_store,Y
20260720-0088,2026-07-20,S004,P1022,,NP5022,Trail Rover Weekend Patio Heater 221,3,388.71,0,1166.13,in_store,Y
20260720-0089,2026-07-20,S002,P1040,,NP5040,CanyonNomad XL Cooler 239,1,103.37,5,103.37,in_store,Y
20260720-0090,2026-07-20,S006,P1011,,NP5011,BoulderRambler Rechargeable Flashlight 210,2,133.07,0,266.14,in_store,Y
20260720-0091,2026-07-20,S003,P1068,,NP5068,StormNomad-Approach-Trail-Shoes-267,4,80.92,0,323.68,in_store,Y
20260720-0092,2026-07-20,S007,P1027,,NP5027,BoulderRambler 2P Camp Chair 226,1,82.83,10,82.83,in_store,Y
20260720-0093,2026-07-20,S004,P1047,,NP5047,MoonRambler Expedition Flashlight 246,1,48.36,15,48.36,in_store,N
20260720-0094,2026-07-20,S006,P1078,,NP5078,SwitchbackRover Insulated Tumbler Alt,1,117.08,20,117.08,in_store,Y
20260720-0095,2026-07-20,S004,P1003,,NP5003,CreekRambler 2P Camp Chair 202,4,448.98,0,1795.92,in_store,Y
20260720-0096,2026-07-20,S004,P1046,,NP5046,SwitchbackRover Weekend Patio Heater 245,2,221.75,5,443.5,in_store,N
20260720-0097,2026-07-20,S003,P1066,,NP5066,RidgeRover-Trail-Tumbler-265,2,104.88,0,209.76,pickup,Y
20260720-0098,2026-07-20,S002,P1072,,NP5070,FieldPacer Insulated Tumbler,1,134.29,0,134.29,ship_from_store,Y
20260720-0099,2026-07-20,S006,P1056,,NP5056,CanyonNomad Waterproof Trail Shoes 255,2,122.41,15,244.82,pickup,Y
20260720-0100,2026-07-20,S004,P1070,,NP5069,BoulderNomad Patio Heater,3,162.02,20,486.06,in_store,Y
20260720-0101,2026-07-20,S001,P1027,,NP5027,BoulderRambler 2P Camp Chair 226,2,82.83,10,165.66,ship_from_store,N
20260720-0102,2026-07-20,S002,P1012,,NP5012,CloudNomad 32oz Tumbler 211,1,117.48,5,117.48,in_store,Y
20260720-0103,2026-07-20,S002,P1023,,NP5023,HearthRambler Expedition Flashlight 222,3,141.44,0,424.32,in_store,Y
20260720-0104,2026-07-20,S006,P1064,,NP5064,PeakNomad-XL-Cooler-263,3,491.56,20,1474.68,in_store,N
20260720-0105,2026-07-20,S006,P1066,,NP5066,RidgeRover-Trail-Tumbler-265,1,104.88,0,104.88,in_store,N
20260720-0106,2026-07-20,S008,P1012,,NP5012,CloudNomad 32oz Tumbler 211,2,123.66,0,247.32,in_store,Y
20260720-0107,2026-07-20,S003,P1017,,NP5017,SummitRunner Mini Battery Pack 216,1,64.63,0,64.63,in_store,N
20260720-0108,2026-07-20,S008,P1071,,P1071,HearthRambler Expedition Flashlight 270,2,143.3,0,286.6,in_store,Y
20260720-0109,2026-07-20,S004,P1079,,NP5079,MoonRambler Rain Shell Alt,2,256.21,0,512.42,ship_from_store,Y
20260720-0110,2026-07-20,S002,P1045,,NP5045,FieldRunner Basecamp Tent 244,1,296.15,15,296.15,in_store,Y
20260720-0111,2026-07-20,S002,P1070,,NP5069,BoulderNomad Patio Heater,2,162.02,20,324.04,in_store,Y
20260720-0112,2026-07-20,S004,P1067,,NP5067,CreekRambler Alpine Jacket 266 Pro,1,266.98,0,266.98,in_store,N
20260720-0113,2026-07-20,S001,P1039,,NP5039,HearthRambler Ultralight Camp Chair 238,3,349.45,5,1048.35,in_store,Y
20260720-0114,2026-07-20,S007,P1064,,NP5064,PeakNomad-XL-Cooler-263,2,553.01,10,1106.02,in_store,Y
20260720-0115,2026-07-20,S004,P1031,,NP5031,MoonRambler Storm proof Jacket 230,1,138.82,20,138.82,in_store,Y
20260720-0116,2026-07-20,S004,P1038,,NP5038,Trail Rover Wide Trail Shoes 237,1,177.19,10,177.19,in_store,N
20260720-0117,2026-07-20,S006,P1004,,NP5004,Storm Nomad Compact Cooler 203,4,87.92,20,351.68,ship_from_store,Y
20260720-0118,2026-07-20,S001,P1054,,NP5054,Trail Rover 20oz Tumbler 253,2,60.08,15,120.16,in_store,Y
20260720-0119,2026-07-20,S007,P1032,,NP5032,PeakNomad Waterproof Trail Shoes 231,1,184.38,5,184.38,in_store,Y
20260720-0120,2026-07-20,S001,P1043,,NP5043,BoulderRambler Alpine Jacket 242,2,192.8,20,385.6,ship_from_store,Y
20260720-0121,2026-07-20,S003,P1071,,P1071,HearthRambler Expedition Flashlight 270,2,136.13,5,272.26,in_store,Y
20260720-0122,2026-07-20,S003,P1035,,NP5035,CreekRambler Rechargeable Flashlight 234,1,118.18,20,118.18,in_store,Y
20260720-0123,2026-07-20,S008,P1052,,NP5052,Storm Nomad Compact Cooler 251,1,369.46,5,369.46,in_store,Y
20260720-0124,2026-07-20,S006,P1072,,NP5070,FieldPacer Insulated Tumbler,4,120.86,10,483.44,in_store,N
20260720-0125,2026-07-20,S006,P1022,,NP5022,Trail Rover Weekend Patio Heater 221,3,388.71,0,1166.13,ship_from_store,Y
20260720-0126,2026-07-20,S001,P1046,,NP5046,SwitchbackRover Weekend Patio Heater 245,4,233.42,0,933.68,in_store,Y
20260720-0127,2026-07-20,S001,P1058,,NP5058,VistaRover-Deluxe-Patio-Heater-257,2,250.41,5,500.82,in_store,N
20260720-0128,2026-07-20,S006,P1037,,NP5037,EmberRunner Packable Jacket 236,2,91.75,0,183.5,in_store,Y
20260720-0129,2026-07-20,S008,P1013,,NP5013,FieldRunner Packable Jacket 212,1,77.91,20,77.91,in_store,N
20260720-0130,2026-07-20,S008,P1059,,NP5059,BoulderRambler Rechargeable Flashlight 258 Pro,4,105.5,0,422.0,in_store,Y
20260720-0131,2026-07-20,S003,P1019,,NP5019,CreekRambler Alpine Jacket 218,2,143.19,20,286.38,in_store,Y
20260720-0132,2026-07-20,S004,P1019,,NP5019,CreekRambler Alpine Jacket 218,3,178.99,0,536.97,in_store,N
20260720-0133,2026-07-20,S007,P1048,,NP5048,PeakNomad Travel Tumbler 247,1,70.28,0,70.28,in_store,Y
20260720-0134,2026-07-20,S005,P1079,,NP5079,MoonRambler Rain Shell Alt,2,256.21,0,512.42,in_store,Y
20260720-0135,2026-07-20,S006,P1038,,NP5038,Trail Rover Wide Trail Shoes 237,2,196.88,0,393.76,in_store,Y
20260720-0136,2026-07-20,S004,P1007,,NP5007,HearthRambler Storm proof Jacket 206,1,106.8,5,106.8,in_store,Y
20260720-0137,2026-07-20,S008,P1011,,NP5011,BoulderRambler Rechargeable Flashlight 210,2,133.07,0,266.14,in_store,Y
20260720-0138,2026-07-20,S004,P1002,,NP5002,RidgeRover Mid Trail Shoes 201,2,203.43,0,406.86,pickup,Y
20260720-0139,2026-07-20,S005,P1004,,NP5004,Storm Nomad Compact Cooler 203,2,109.9,0,219.8,ship_from_store,Y
20260720-0140,2026-07-20,S007,P1036,,NP5036,Storm Nomad 32oz Tumbler 235,4,126.18,20,504.72,in_store,Y
20260720-0141,2026-07-20,S003,P1020,,NP5020,Storm Nomad Approach Trail Shoes 219,2,211.48,0,422.96,pickup,Y
20260720-0142,2026-07-20,S005,P1075,,P1075,BoulderRambler 2P Camp Chair 274,1,156.96,5,156.96,ship_from_store,Y
20260720-0143,2026-07-20,S006,P1048,,NP5048,PeakNomad Travel Tumbler 247,2,70.28,0,140.56,ship_from_store,Y
20260720-0144,2026-07-20,S007,P1072,,NP5070,FieldPacer Insulated Tumbler,1,114.15,15,114.15,pickup,Y
20260721-0001,2026-07-21,S007,P1048,,NP5048,PeakNomad Travel Tumbler 247,1,56.22,20,56.22,in_store,Y
20260721-0002,2026-07-21,S006,P1075,,P1075,BoulderRambler 2P Camp Chair 274,4,132.18,20,528.72,ship_from_store,N
20260721-0003,2026-07-21,S007,P1075,,P1075,BoulderRambler 2P Camp Chair 274,1,148.7,10,148.7,ship_from_store,Y
20260721-0004,2026-07-21,S003,P1038,,NP5038,Trail Rover Wide Trail Shoes 237,4,187.04,5,748.16,in_store,Y
20260721-0005,2026-07-21,S004,P1029,,NP5029,FieldRunner Storm Kit Battery Pack 228,2,119.63,5,239.26,in_store,Y
20260721-0006,2026-07-21,S005,P1019,,NP5019,CreekRambler Alpine Jacket 218,1,178.99,0,178.99,in_store,N
20260721-0007,2026-07-21,S005,P1078,,NP5078,SwitchbackRover Insulated Tumbler Alt,3,139.03,5,417.09,in_store,Y
20260721-0008,2026-07-21,S003,P1071,,P1071,HearthRambler Expedition Flashlight 270,3,143.3,0,429.9,in_store,Y
20260721-0009,2026-07-21,S004,P1035,,NP5035,CreekRambler Rechargeable Flashlight 234,4,132.96,10,531.84,pickup,N
20260721-0010,2026-07-21,S005,P1016,,NP5016,PeakNomad XL Cooler 215,3,634.09,0,1902.27,in_store,Y
20260721-0011,2026-07-21,S007,P1073,,P1073,PineRunner Lightweight Jacket 272,1,125.32,0,125.32,pickup,N
20260721-0012,2026-07-21,S005,P1071,,P1071,HearthRambler Expedition Flashlight 270,2,143.3,0,286.6,in_store,Y
20260721-0013,2026-07-21,S001,P1003,,NP5003,CreekRambler 2P Camp Chair 202,2,448.98,0,897.96,in_store,N
20260721-0014,2026-07-21,S004,P1021,,NP5021,EmberRunner Basecamp Tent 220,1,66.37,10,66.37,in_store,Y
20260721-0015,2026-07-21,S004,P1051,,NP5051,CreekRambler 2P Camp Chair 250,1,360.53,15,360.53,ship_from_store,Y
20260721-0016,2026-07-21,S007,P1054,,NP5054,Trail Rover 20oz Tumbler 253,4,56.54,20,226.16,in_store,Y
20260721-0017,2026-07-21,S005,P1068,,NP5068,StormNomad-Approach-Trail-Shoes-267,1,80.92,0,80.92,in_store,Y
20260721-0018,2026-07-21,S007,P1037,,NP5037,EmberRunner Packable Jacket 236,1,91.75,0,91.75,in_store,Y
20260721-0019,2026-07-21,S004,P1045,,NP5045,FieldRunner Basecamp Tent 244,1,348.41,0,348.41,pickup,N
20260721-0020,2026-07-21,S001,P1008,,NP5008,CanyonNomad Waterproof Trail Shoes 207,3,166.72,5,500.16,in_store,N
20260721-0021,2026-07-21,S006,P1074,,P1074,VistaRover Mid Trail Shoes 273,1,191.7,0,191.7,in_store,Y
20260721-0022,2026-07-21,S003,P1028,,NP5028,CloudNomad Compact Cooler 227,1,647.52,0,647.52,pickup,Y
20260721-0023,2026-07-21,S003,P1022,,NP5022,Trail Rover Weekend Patio Heater 221,4,330.4,15,1321.6,in_store,Y
20260721-0024,2026-07-21,S006,P1030,,NP5030,SwitchbackRover 20oz Tumbler 229,1,126.26,0,126.26,in_store,Y
20260721-0025,2026-07-21,S004,P1051,,NP5051,CreekRambler 2P Camp Chair 250,1,360.53,15,360.53,pickup,Y
20260721-0026,2026-07-21,S007,P1021,,NP5021,EmberRunner Basecamp Tent 220,3,70.05,5,210.15,pickup,Y
20260721-0027,2026-07-21,S002,P1052,,NP5052,Storm Nomad Compact Cooler 251,1,311.13,20,311.13,in_store,Y
20260721-0028,2026-07-21,S005,P1080,,NP5080,PeakNomad Trail Shoes Alt,3,128.7,10,386.1,pickup,Y
20260721-0029,2026-07-21,S002,P1026,,NP5026,VistaRover Mid Trail Shoes 225,1,104.32,20,104.32,ship_from_store,Y
20260721-0030,2026-07-21,S002,P1057,,NP5057,PineRunner 4P Tent 256 Pro,4,369.15,10,1476.6,pickup,Y
20260721-0031,2026-07-21,S006,P1013,,NP5013,FieldRunner Packable Jacket 212,2,87.65,10,175.3,ship_from_store,Y
20260721-0032,2026-07-21,S003,P1011,,NP5011,BoulderRambler Rechargeable Flashlight 210,4,133.07,0,532.28,ship_from_store,N
20260721-0033,2026-07-21,S003,P1013,,NP5013,FieldRunner Packable Jacket 212,4,82.78,15,331.12,in_store,N
20260721-0034,2026-07-21,S008,P1068,,NP5068,StormNomad-Approach-Trail-Shoes-267,1,80.92,0,80.92,ship_from_store,Y
20260721-0035,2026-07-21,S001,P1058,,NP5058,VistaRover-Deluxe-Patio-Heater-257,1,263.59,0,263.59,ship_from_store,Y
20260721-0036,2026-07-21,S003,P1048,,NP5048,PeakNomad Travel Tumbler 247,3,70.28,0,210.84,ship_from_store,Y
20260721-0037,2026-07-21,S006,P1078,,NP5078,SwitchbackRover Insulated Tumbler Alt,1,146.35,0,146.35,in_store,Y
20260721-0038,2026-07-21,S001,P1043,,NP5043,BoulderRambler Alpine Jacket 242,1,241.0,0,241.0,ship_from_store,Y
20260721-0039,2026-07-21,S001,P1043,,NP5043,BoulderRambler Alpine Jacket 242,2,241.0,0,482.0,in_store,Y
20260721-0040,2026-07-21,S004,P1002,,NP5002,RidgeRover Mid Trail Shoes 201,1,203.43,0,203.43,in_store,Y
20260721-0041,2026-07-21,S002,P1064,,NP5064,PeakNomad-XL-Cooler-263,1,522.28,15,522.28,in_store,Y
20260721-0042,2026-07-21,S003,P1016,,NP5016,PeakNomad XL Cooler 215,2,634.09,0,1268.18,in_store,Y
20260721-0043,2026-07-21,S006,P1016,,NP5016,PeakNomad XL Cooler 215,3,634.09,0,1902.27,pickup,N
20260721-0044,2026-07-21,S005,P1048,,NP5048,PeakNomad Travel Tumbler 247,1,66.77,5,66.77,in_store,N
20260721-0045,2026-07-21,S003,P1047,,NP5047,MoonRambler Expedition Flashlight 246,2,56.9,0,113.8,ship_from_store,N
20260721-0046,2026-07-21,S006,P1034,,NP5034,RidgeRover Deluxe Patio Heater 233,1,143.53,15,143.53,ship_from_store,Y
20260721-0047,2026-07-21,S008,P1009,,NP5009,PineRunner 4P Tent 208,3,115.26,0,345.78,ship_from_store,Y
20260721-0048,2026-07-21,S006,P1073,,P1073,PineRunner Lightweight Jacket 272,1,112.79,10,112.79,pickup,Y
20260721-0049,2026-07-21,S008,P1035,,NP5035,CreekRambler Rechargeable Flashlight 234,1,132.96,10,132.96,pickup,Y
20260721-0050,2026-07-21,S007,P1053,,NP5053,EmberRunner Storm Kit Battery Pack 252,1,103.1,5,103.1,in_store,Y
20260721-0051,2026-07-21,S001,P1017,,NP5017,SummitRunner Mini Battery Pack 216,1,51.7,20,51.7,in_store,N
20260721-0052,2026-07-21,S005,P1041,,NP5041,PineRunner Mini Battery Pack 240,1,43.68,20,43.68,in_store,Y
20260721-0053,2026-07-21,S003,P1046,,NP5046,SwitchbackRover Weekend Patio Heater 245,3,233.42,0,700.26,pickup,Y
20260721-0054,2026-07-21,S008,P1044,,NP5044,CloudNomad Approach Trail Shoes 243,1,189.25,0,189.25,in_store,Y
20260721-0055,2026-07-21,S005,P1079,,NP5079,MoonRambler Rain Shell Alt,3,256.21,0,768.63,ship_from_store,Y
20260721-0056,2026-07-21,S003,P1015,,NP5015,MoonRambler Ultralight Camp Chair 214,1,163.09,15,163.09,in_store,Y
20260721-0057,2026-07-21,S003,P1005,,NP5005,EmberRunner Storm Kit Battery Pack 204,4,111.54,0,446.16,in_store,N
20260721-0058,2026-07-21,S003,P1077,,NP5077,FieldRunner Battery Pack Alt,1,95.15,0,95.15,pickup,Y
20260721-0059,2026-07-21,S007,P1036,,NP5036,Storm Nomad 32oz Tumbler 235,1,157.72,0,157.72,ship_from_store,Y
20260721-0060,2026-07-21,S003,P1079,,NP5079,MoonRambler Rain Shell Alt,1,256.21,0,256.21,in_store,Y
20260721-0061,2026-07-21,S003,P1013,,NP5013,FieldRunner Packable Jacket 212,3,92.52,5,277.56,in_store,N
20260721-0062,2026-07-21,S001,P1063,,NP5063,MoonRambler Ultralight Camp Chair 262 Pro,3,63.94,20,191.82,pickup,Y
20260721-0063,2026-07-21,S001,P1043,,NP5043,BoulderRambler Alpine Jacket 242,4,204.85,15,819.4,in_store,Y
20260721-0064,2026-07-21,S001,P1044,,NP5044,CloudNomad Approach Trail Shoes 243,4,170.33,10,681.32,in_store,Y
20260721-0065,2026-07-21,S003,P1026,,NP5026,VistaRover Mid Trail Shoes 225,2,117.36,10,234.72,ship_from_store,N
20260721-0066,2026-07-21,S003,P1065,,NP5065,SummitRunner Mini Battery Pack 264 Pro,1,112.86,0,112.86,pickup,Y
20260721-0067,2026-07-21,S007,P1003,,NP5003,CreekRambler 2P Camp Chair 202,3,448.98,0,1346.94,in_store,N
20260721-0068,2026-07-21,S006,P1069,,P1069,EmberRunner Basecamp Tent 268,1,256.36,0,256.36,pickup,Y
20260721-0069,2026-07-21,S008,P1018,,NP5018,RidgeRover Trail Tumbler 217,4,130.36,15,521.44,in_store,Y
20260721-0070,2026-07-21,S006,P1022,,NP5022,Trail Rover Weekend Patio Heater 221,1,388.71,0,388.71,ship_from_store,Y
20260721-0071,2026-07-21,S002,P1051,,NP5051,CreekRambler 2P Camp Chair 250,3,402.94,5,1208.82,in_store,Y
20260721-0072,2026-07-21,S003,P1050,,NP5050,RidgeRover Mid Trail Shoes 249,1,75.31,0,75.31,ship_from_store,N
20260721-0073,2026-07-21,S001,P1034,,NP5034,RidgeRover Deluxe Patio Heater 233,2,143.53,15,287.06,in_store,Y
20260721-0074,2026-07-21,S005,P1063,,NP5063,MoonRambler Ultralight Camp Chair 262 Pro,2,71.93,10,143.86,in_store,Y
20260721-0075,2026-07-21,S006,P1027,,NP5027,BoulderRambler 2P Camp Chair 226,2,92.03,0,184.06,in_store,Y
20260721-0076,2026-07-21,S008,P1012,,NP5012,CloudNomad 32oz Tumbler 211,2,123.66,0,247.32,in_store,Y
20260721-0077,2026-07-21,S004,P1021,,NP5021,EmberRunner Basecamp Tent 220,2,70.05,5,140.1,ship_from_store,Y
20260721-0078,2026-07-21,S002,P1055,,NP5055,HearthRambler Storm proof Jacket 254,4,263.69,5,1054.76,in_store,Y
20260721-0079,2026-07-21,S003,P1061,,NP5061,FieldRunner Packable Jacket 260 Pro,1,147.84,0,147.84,pickup,Y
20260721-0080,2026-07-21,S002,P1050,,NP5050,RidgeRover Mid Trail Shoes 249,4,67.78,10,271.12,pickup,N
20260721-0081,2026-07-21,S001,P1028,,NP5028,CloudNomad Compact Cooler 227,1,647.52,0,647.52,ship_from_store,Y
20260721-0082,2026-07-21,S004,P1021,,NP5021,EmberRunner Basecamp Tent 220,1,73.74,0,73.74,ship_from_store,Y
20260721-0083,2026-07-21,S005,P1015,,NP5015,MoonRambler Ultralight Camp Chair 214,2,172.68,10,345.36,ship_from_store,Y
20260721-0084,2026-07-21,S002,P1042,,NP5042,VistaRover Trail Tumbler 241,2,115.25,0,230.5,in_store,Y
20260721-0085,2026-07-21,S008,P1029,,NP5029,FieldRunner Storm Kit Battery Pack 228,4,100.74,20,402.96,ship_from_store,Y
20260721-0086,2026-07-21,S001,P1073,,P1073,PineRunner Lightweight Jacket 272,1,125.32,0,125.32,in_store,Y
20260721-0087,2026-07-21,S004,P1050,,NP5050,RidgeRover Mid Trail Shoes 249,2,75.31,0,150.62,in_store,Y
20260721-0088,2026-07-21,S003,P1044,,NP5044,CloudNomad Approach Trail Shoes 243,4,189.25,0,757.0,pickup,Y
20260721-0089,2026-07-21,S008,P1072,,NP5070,FieldPacer Insulated Tumbler,1,127.58,5,127.58,in_store,Y
20260721-0090,2026-07-21,S001,P1003,,NP5003,CreekRambler 2P Camp Chair 202,2,426.53,5,853.06,ship_from_store,Y
20260721-0091,2026-07-21,S001,P1036,,NP5036,Storm Nomad 32oz Tumbler 235,4,157.72,0,630.88,ship_from_store,Y
20260722-0001,2026-07-22,S008,P1054,,NP5054,Trail Rover 20oz Tumbler 253,1,70.68,0,70.68,in_store,N
20260722-0002,2026-07-22,S004,P1039,,NP5039,HearthRambler Ultralight Camp Chair 238,3,294.27,20,882.81,in_store,Y
20260722-0003,2026-07-22,S007,P1004,,NP5004,Storm Nomad Compact Cooler 203,1,93.42,15,93.42,ship_from_store,Y
20260722-0004,2026-07-22,S007,P1067,,NP5067,CreekRambler Alpine Jacket 266 Pro,4,266.98,0,1067.92,ship_from_store,N
20260722-0005,2026-07-22,S003,P1076,,NP5072,SummitRover Cooler,1,686.08,0,686.08,in_store,Y
20260722-0006,2026-07-22,S008,P1048,,NP5048,PeakNomad Travel Tumbler 247,3,56.22,20,168.66,in_store,Y
20260722-0007,2026-07-22,S007,P1073,,P1073,PineRunner Lightweight Jacket 272,1,125.32,0,125.32,pickup,Y
20260722-0008,2026-07-22,S008,P1004,,NP5004,Storm Nomad Compact Cooler 203,3,87.92,20,263.76,in_store,Y
20260722-0009,2026-07-22,S002,P1008,,NP5008,CanyonNomad Waterproof Trail Shoes 207,4,157.95,10,631.8,in_store,Y
20260722-0010,2026-07-22,S001,P1059,,NP5059,BoulderRambler Rechargeable Flashlight 258 Pro,2,105.5,0,211.0,ship_from_store,Y
20260722-0011,2026-07-22,S001,P1077,,NP5077,FieldRunner Battery Pack Alt,1,85.64,10,85.64,in_store,Y
20260722-0012,2026-07-22,S007,P1075,,P1075,BoulderRambler 2P Camp Chair 274,3,165.22,0,495.66,pickup,N
20260722-0013,2026-07-22,S004,P1029,,NP5029,FieldRunner Storm Kit Battery Pack 228,2,125.93,0,251.86,in_store,Y
20260722-0014,2026-07-22,S003,P1030,,NP5030,SwitchbackRover 20oz Tumbler 229,2,126.26,0,252.52,ship_from_store,Y
20260722-0015,2026-07-22,S004,P1010,,NP5010,VistaRover Deluxe Patio Heater 209,1,441.94,20,441.94,ship_from_store,N
20260722-0016,2026-07-22,S006,P1030,,NP5030,SwitchbackRover 20oz Tumbler 229,1,126.26,0,126.26,in_store,Y
20260722-0017,2026-07-22,S001,P1037,,NP5037,EmberRunner Packable Jacket 236,2,73.4,20,146.8,in_store,Y
20260722-0018,2026-07-22,S001,P1033,,NP5033,SummitRunner 4P Tent 232,1,179.99,5,179.99,in_store,Y
20260722-0019,2026-07-22,S004,P1004,,NP5004,Storm Nomad Compact Cooler 203,2,93.42,15,186.84,ship_from_store,N
20260722-0020,2026-07-22,S002,P1080,,NP5080,PeakNomad Trail Shoes Alt,2,121.55,15,243.1,in_store,Y
20260722-0021,2026-07-22,S008,P1050,,NP5050,RidgeRover Mid Trail Shoes 249,2,75.31,0,150.62,in_store,Y
20260722-0022,2026-07-22,S007,P1028,,NP5028,CloudNomad Compact Cooler 227,2,647.52,0,1295.04,ship_from_store,Y
20260722-0023,2026-07-22,S005,P1030,,NP5030,SwitchbackRover 20oz Tumbler 229,2,107.32,15,214.64,ship_from_store,Y
20260722-0024,2026-07-22,S007,P1022,,NP5022,Trail Rover Weekend Patio Heater 221,2,388.71,0,777.42,in_store,Y
20260722-0025,2026-07-22,S003,P1044,,NP5044,CloudNomad Approach Trail Shoes 243,2,189.25,0,378.5,pickup,Y
20260722-0026,2026-07-22,S007,P1042,,NP5042,VistaRover Trail Tumbler 241,4,92.2,20,368.8,ship_from_store,Y
20260722-0027,2026-07-22,S007,P1056,,NP5056,CanyonNomad Waterproof Trail Shoes 255,1,115.21,20,115.21,ship_from_store,N
20260722-0028,2026-07-22,S007,P1058,,NP5058,VistaRover-Deluxe-Patio-Heater-257,1,250.41,5,250.41,in_store,Y
20260722-0029,2026-07-22,S004,P1013,,NP5013,FieldRunner Packable Jacket 212,2,82.78,15,165.56,pickup,Y
20260722-0030,2026-07-22,S004,P1079,,NP5079,MoonRambler Rain Shell Alt,4,256.21,0,1024.84,in_store,Y
20260722-0031,2026-07-22,S005,P1064,,NP5064,PeakNomad-XL-Cooler-263,1,614.45,0,614.45,in_store,N
20260722-0032,2026-07-22,S008,P1076,,NP5072,SummitRover Cooler,1,583.17,15,583.17,pickup,Y
20260722-0033,2026-07-22,S004,P1010,,NP5010,VistaRover Deluxe Patio Heater 209,1,552.43,0,552.43,pickup,Y
20260722-0034,2026-07-22,S004,P1018,,NP5018,RidgeRover Trail Tumbler 217,2,138.02,10,276.04,in_store,Y
20260722-0035,2026-07-22,S006,P1021,,NP5021,EmberRunner Basecamp Tent 220,2,70.05,5,140.1,ship_from_store,N
20260722-0036,2026-07-22,S003,P1002,,NP5002,RidgeRover Mid Trail Shoes 201,2,203.43,0,406.86,in_store,Y
20260722-0037,2026-07-22,S002,P1066,,NP5066,RidgeRover-Trail-Tumbler-265,2,99.64,5,199.28,in_store,Y
20260722-0038,2026-07-22,S001,P1058,,NP5058,VistaRover-Deluxe-Patio-Heater-257,1,263.59,0,263.59,ship_from_store,Y
20260722-0039,2026-07-22,S005,P1009,,NP5009,PineRunner 4P Tent 208,4,115.26,0,461.04,pickup,Y
20260722-0040,2026-07-22,S004,P1064,,NP5064,PeakNomad-XL-Cooler-263,2,491.56,20,983.12,in_store,N
20260722-0041,2026-07-22,S007,P1034,,NP5034,RidgeRover Deluxe Patio Heater 233,1,168.86,0,168.86,pickup,N
20260722-0042,2026-07-22,S004,P1036,,NP5036,Storm Nomad 32oz Tumbler 235,1,157.72,0,157.72,in_store,Y
20260722-0043,2026-07-22,S005,P1036,,NP5036,Storm Nomad 32oz Tumbler 235,2,126.18,20,252.36,in_store,Y
20260722-0044,2026-07-22,S008,P1062,,NP5062,SwitchbackRover-Wide-Trail-Shoes-261,1,170.69,0,170.69,in_store,Y
20260722-0045,2026-07-22,S001,P1051,,NP5051,CreekRambler 2P Camp Chair 250,3,339.32,20,1017.96,in_store,Y
20260722-0046,2026-07-22,S001,P1027,,NP5027,BoulderRambler 2P Camp Chair 226,4,87.43,5,349.72,pickup,Y
20260722-0047,2026-07-22,S001,P1021,,NP5021,EmberRunner Basecamp Tent 220,1,58.99,20,58.99,ship_from_store,Y
20260722-0048,2026-07-22,S002,P1014,,NP5014,SwitchbackRover Wide Trail Shoes 213,1,173.97,15,173.97,pickup,Y
20260722-0049,2026-07-22,S003,P1012,,NP5012,CloudNomad 32oz Tumbler 211,4,123.66,0,494.64,in_store,Y
20260722-0050,2026-07-22,S006,P1025,,NP5025,PineRunner Lightweight Jacket 224,1,105.91,15,105.91,ship_from_store,Y
20260722-0051,2026-07-22,S005,P1045,,NP5045,FieldRunner Basecamp Tent 244,1,296.15,15,296.15,in_store,Y
20260722-0052,2026-07-22,S005,P1002,,NP5002,RidgeRover Mid Trail Shoes 201,4,203.43,0,813.72,ship_from_store,Y
20260722-0053,2026-07-22,S002,P1080,,NP5080,PeakNomad Trail Shoes Alt,1,143.0,0,143.0,in_store,Y
20260722-0054,2026-07-22,S008,P1008,,NP5008,CanyonNomad Waterproof Trail Shoes 207,2,149.17,15,298.34,in_store,Y
20260722-0055,2026-07-22,S002,P1025,,NP5025,PineRunner Lightweight Jacket 224,3,124.6,0,373.8,in_store,Y
20260722-0056,2026-07-22,S007,P1037,,NP5037,EmberRunner Packable Jacket 236,1,91.75,0,91.75,in_store,Y
20260722-0057,2026-07-22,S008,P1023,,NP5023,HearthRambler Expedition Flashlight 222,4,113.15,20,452.6,ship_from_store,Y
20260722-0058,2026-07-22,S004,P1048,,NP5048,PeakNomad Travel Tumbler 247,1,70.28,0,70.28,in_store,N
20260722-0059,2026-07-22,S002,P1010,,NP5010,VistaRover Deluxe Patio Heater 209,4,552.43,0,2209.72,ship_from_store,Y
20260722-0060,2026-07-22,S003,P1070,,NP5069,BoulderNomad Patio Heater,3,202.52,0,607.56,in_store,Y
20260722-0061,2026-07-22,S001,P1075,,P1075,BoulderRambler 2P Camp Chair 274,2,165.22,0,330.44,ship_from_store,Y
20260722-0062,2026-07-22,S001,P1010,,NP5010,VistaRover Deluxe Patio Heater 209,4,552.43,0,2209.72,in_store,Y
20260722-0063,2026-07-22,S004,P1075,,P1075,BoulderRambler 2P Camp Chair 274,2,140.44,15,280.88,in_store,Y
20260722-0064,2026-07-22,S006,P1036,,NP5036,Storm Nomad 32oz Tumbler 235,4,157.72,0,630.88,in_store,Y
20260722-0065,2026-07-22,S002,P1039,,NP5039,HearthRambler Ultralight Camp Chair 238,2,367.84,0,735.68,in_store,Y
20260722-0066,2026-07-22,S007,P1028,,NP5028,CloudNomad Compact Cooler 227,4,647.52,0,2590.08,pickup,Y
20260722-0067,2026-07-22,S003,P1028,,NP5028,CloudNomad Compact Cooler 227,4,550.39,15,2201.56,ship_from_store,N
20260722-0068,2026-07-22,S005,P1068,,NP5068,StormNomad-Approach-Trail-Shoes-267,3,80.92,0,242.76,in_store,Y
20260722-0069,2026-07-22,S002,P1004,,NP5004,Storm Nomad Compact Cooler 203,4,98.91,10,395.64,in_store,Y
20260722-0070,2026-07-22,S007,P1032,,NP5032,PeakNomad Waterproof Trail Shoes 231,2,184.38,5,368.76,in_store,Y
20260722-0071,2026-07-22,S008,P1073,,P1073,PineRunner Lightweight Jacket 272,2,125.32,0,250.64,in_store,Y
20260722-0072,2026-07-22,S008,P1014,,NP5014,SwitchbackRover Wide Trail Shoes 213,2,204.67,0,409.34,in_store,Y
20260722-0073,2026-07-22,S001,P1032,,NP5032,PeakNomad Waterproof Trail Shoes 231,1,194.08,0,194.08,in_store,Y
20260722-0074,2026-07-22,S007,P1002,,NP5002,RidgeRover Mid Trail Shoes 201,1,193.26,5,193.26,pickup,Y
20260722-0075,2026-07-22,S007,P1038,,NP5038,Trail Rover Wide Trail Shoes 237,1,196.88,0,196.88,ship_from_store,Y
20260722-0076,2026-07-22,S001,P1072,,NP5070,FieldPacer Insulated Tumbler,1,114.15,15,114.15,ship_from_store,Y
20260722-0077,2026-07-22,S008,P1034,,NP5034,RidgeRover Deluxe Patio Heater 233,2,143.53,15,287.06,in_store,Y
20260722-0078,2026-07-22,S007,P1048,,NP5048,PeakNomad Travel Tumbler 247,1,59.74,15,59.74,in_store,N
20260722-0079,2026-07-22,S006,P1060,,NP5060,CloudNomad-32oz-Tumbler-259,1,131.23,15,131.23,pickup,Y
20260722-0080,2026-07-22,S001,P1015,,NP5015,MoonRambler Ultralight Camp Chair 214,2,163.09,15,326.18,pickup,Y
20260722-0081,2026-07-22,S006,P1026,,NP5026,VistaRover Mid Trail Shoes 225,1,110.84,15,110.84,pickup,Y
20260722-0082,2026-07-22,S005,P1039,,NP5039,HearthRambler Ultralight Camp Chair 238,1,294.27,20,294.27,in_store,N
20260722-0083,2026-07-22,S005,P1005,,NP5005,EmberRunner Storm Kit Battery Pack 204,2,105.96,5,211.92,in_store,N
20260722-0084,2026-07-22,S007,P1037,,NP5037,EmberRunner Packable Jacket 236,1,91.75,0,91.75,pickup,Y
20260722-0085,2026-07-22,S005,P1041,,NP5041,PineRunner Mini Battery Pack 240,1,54.6,0,54.6,ship_from_store,Y
20260722-0086,2026-07-22,S003,P1061,,NP5061,FieldRunner Packable Jacket 260 Pro,1,133.06,10,133.06,ship_from_store,Y
20260722-0087,2026-07-22,S007,P1018,,NP5018,RidgeRover Trail Tumbler 217,2,153.36,0,306.72,in_store,N
20260722-0088,2026-07-22,S005,P1060,,NP5060,CloudNomad-32oz-Tumbler-259,2,123.51,20,247.02,ship_from_store,Y
20260722-0089,2026-07-22,S003,P1070,,NP5069,BoulderNomad Patio Heater,1,182.27,10,182.27,in_store,Y
20260722-0090,2026-07-22,S008,P1005,,NP5005,EmberRunner Storm Kit Battery Pack 204,4,89.23,20,356.92,in_store,N
20260722-0091,2026-07-22,S008,P1050,,NP5050,RidgeRover Mid Trail Shoes 249,1,67.78,10,67.78,in_store,Y
20260722-0092,2026-07-22,S003,P1016,,NP5016,PeakNomad XL Cooler 215,1,602.39,5,602.39,in_store,Y
20260722-0093,2026-07-22,S004,P1015,,NP5015,MoonRambler Ultralight Camp Chair 214,1,191.87,0,191.87,in_store,Y
20260722-0094,2026-07-22,S004,P1045,,NP5045,FieldRunner Basecamp Tent 244,2,296.15,15,592.3,pickup,Y
20260722-0095,2026-07-22,S008,P1036,,NP5036,Storm Nomad 32oz Tumbler 235,2,157.72,0,315.44,in_store,Y
20260722-0096,2026-07-22,S003,P1073,,P1073,PineRunner Lightweight Jacket 272,3,100.26,20,300.78,in_store,Y
20260722-0097,2026-07-22,S006,P1024,,NP5024,CanyonNomad Travel Tumbler 223,1,72.47,20,72.47,in_store,Y
20260722-0098,2026-07-22,S006,P1073,,P1073,PineRunner Lightweight Jacket 272,3,125.32,0,375.96,in_store,N
20260722-0099,2026-07-22,S007,P1056,,NP5056,CanyonNomad Waterproof Trail Shoes 255,1,115.21,20,115.21,pickup,Y
20260722-0100,2026-07-22,S007,P1003,,NP5003,CreekRambler 2P Camp Chair 202,2,448.98,0,897.96,pickup,Y
20260722-0101,2026-07-22,S001,P1019,,NP5019,CreekRambler Alpine Jacket 218,1,178.99,0,178.99,in_store,Y
20260722-0102,2026-07-22,S008,P1077,,NP5077,FieldRunner Battery Pack Alt,4,95.15,0,380.6,pickup,Y
20260722-0103,2026-07-22,S004,P1017,,NP5017,SummitRunner Mini Battery Pack 216,3,64.63,0,193.89,ship_from_store,Y
20260722-0104,2026-07-22,S005,P1039,,NP5039,HearthRambler Ultralight Camp Chair 238,2,367.84,0,735.68,pickup,Y
20260722-0105,2026-07-22,S007,P1020,,NP5020,Storm Nomad Approach Trail Shoes 219,1,169.18,20,169.18,in_store,Y
20260722-0106,2026-07-22,S006,P1022,,NP5022,Trail Rover Weekend Patio Heater 221,1,349.84,10,349.84,in_store,Y
20260722-0107,2026-07-22,S008,P1015,,NP5015,MoonRambler Ultralight Camp Chair 214,2,172.68,10,345.36,ship_from_store,Y
20260722-0108,2026-07-22,S006,P1063,,NP5063,MoonRambler Ultralight Camp Chair 262 Pro,2,75.92,5,151.84,in_store,Y
20260722-0109,2026-07-22,S004,P1013,,NP5013,FieldRunner Packable Jacket 212,1,97.39,0,97.39,pickup,N
20260722-0110,2026-07-22,S006,P1053,,NP5053,EmberRunner Storm Kit Battery Pack 252,2,108.53,0,217.06,in_store,Y
20260722-0111,2026-07-22,S004,P1066,,NP5066,RidgeRover-Trail-Tumbler-265,2,94.39,10,188.78,in_store,Y
20260722-0112,2026-07-22,S003,P1019,,NP5019,CreekRambler Alpine Jacket 218,1,170.04,5,170.04,ship_from_store,Y
20260722-0113,2026-07-22,S005,P1018,,NP5018,RidgeRover Trail Tumbler 217,1,153.36,0,153.36,in_store,N
20260722-0114,2026-07-22,S005,P1074,,P1074,VistaRover Mid Trail Shoes 273,1,153.36,20,153.36,in_store,N
20260722-0115,2026-07-22,S008,P1050,,NP5050,RidgeRover Mid Trail Shoes 249,1,64.01,15,64.01,ship_from_store,Y
20260722-0116,2026-07-22,S005,P1020,,NP5020,Storm Nomad Approach Trail Shoes 219,1,190.33,10,190.33,pickup,Y
20260722-0117,2026-07-22,S007,P1060,,NP5060,CloudNomad-32oz-Tumbler-259,1,154.39,0,154.39,pickup,Y
20260722-0118,2026-07-22,S004,P1034,,NP5034,RidgeRover Deluxe Patio Heater 233,2,160.42,5,320.84,pickup,Y
20260722-0119,2026-07-22,S008,P1054,,NP5054,Trail Rover 20oz Tumbler 253,2,60.08,15,120.16,in_store,N
20260722-0120,2026-07-22,S003,P1071,,P1071,HearthRambler Expedition Flashlight 270,3,128.97,10,386.91,in_store,N
20260722-0121,2026-07-22,S005,P1007,,NP5007,HearthRambler Storm proof Jacket 206,3,106.8,5,320.4,in_store,Y
20260722-0122,2026-07-22,S002,P1056,,NP5056,CanyonNomad Waterproof Trail Shoes 255,4,144.01,0,576.04,pickup,Y
20260722-0123,2026-07-22,S001,P1025,,NP5025,PineRunner Lightweight Jacket 224,1,99.68,20,99.68,in_store,N
20260722-0124,2026-07-22,S004,P1042,,NP5042,VistaRover Trail Tumbler 241,3,115.25,0,345.75,ship_from_store,N
20260722-0125,2026-07-22,S004,P1047,,NP5047,MoonRambler Expedition Flashlight 246,1,56.9,0,56.9,in_store,Y
20260722-0126,2026-07-22,S008,P1030,,NP5030,SwitchbackRover 20oz Tumbler 229,2,119.95,5,239.9,in_store,Y
20260722-0127,2026-07-22,S001,P1036,,NP5036,Storm Nomad 32oz Tumbler 235,2,149.83,5,299.66,in_store,Y
20260722-0128,2026-07-22,S008,P1002,,NP5002,RidgeRover Mid Trail Shoes 201,3,203.43,0,610.29,in_store,Y
20260722-0129,2026-07-22,S005,P1017,,NP5017,SummitRunner Mini Battery Pack 216,1,64.63,0,64.63,in_store,N
20260722-0130,2026-07-22,S008,P1038,,NP5038,Trail Rover Wide Trail Shoes 237,2,196.88,0,393.76,in_store,Y
20260722-0131,2026-07-22,S001,P1024,,NP5024,CanyonNomad Travel Tumbler 223,3,86.06,5,258.18,in_store,Y
20260722-0132,2026-07-22,S002,P1072,,NP5070,FieldPacer Insulated Tumbler,4,114.15,15,456.6,in_store,Y
20260722-0133,2026-07-22,S003,P1007,,NP5007,HearthRambler Storm proof Jacket 206,1,95.56,15,95.56,in_store,N
20260722-0134,2026-07-22,S002,P1002,,NP5002,RidgeRover Mid Trail Shoes 201,1,203.43,0,203.43,pickup,N
20260722-0135,2026-07-22,S007,P1033,,NP5033,SummitRunner 4P Tent 232,3,189.46,0,568.38,ship_from_store,Y
20260722-0136,2026-07-22,S001,P1057,,NP5057,PineRunner 4P Tent 256 Pro,3,328.14,20,984.42,pickup,Y
20260722-0137,2026-07-22,S006,P1062,,NP5062,SwitchbackRover-Wide-Trail-Shoes-261,2,145.09,15,290.18,in_store,Y
20260722-0138,2026-07-22,S002,P1055,,NP5055,HearthRambler Storm proof Jacket 254,2,249.81,10,499.62,in_store,Y
20260722-0139,2026-07-22,S001,P1049,,NP5049,SummitRunner Lightweight Jacket 248,2,222.01,0,444.02,in_store,Y
20260722-0140,2026-07-22,S002,P1013,,NP5013,FieldRunner Packable Jacket 212,2,92.52,5,185.04,ship_from_store,Y
20260722-0141,2026-07-22,S006,P1022,,NP5022,Trail Rover Weekend Patio Heater 221,2,310.97,20,621.94,in_store,Y
20260722-0142,2026-07-22,S005,P1075,,P1075,BoulderRambler 2P Camp Chair 274,2,165.22,0,330.44,in_store,Y
20260722-0143,2026-07-22,S006,P1014,,NP5014,SwitchbackRover Wide Trail Shoes 213,2,194.44,5,388.88,ship_from_store,Y
20260722-0144,2026-07-22,S003,P1046,,NP5046,SwitchbackRover Weekend Patio Heater 245,2,221.75,5,443.5,ship_from_store,Y
20260722-0145,2026-07-22,S008,P1045,,NP5045,FieldRunner Basecamp Tent 244,1,348.41,0,348.41,in_store,Y
20260722-0146,2026-07-22,S007,P1079,,NP5079,MoonRambler Rain Shell Alt,1,230.59,10,230.59,in_store,Y
20260722-0147,2026-07-22,S008,P1001,,NP5001,SummitRunner Lightweight Jacket 200,1,130.82,0,130.82,ship_from_store,N
20260722-0148,2026-07-22,S005,P1055,,NP5055,HearthRambler Storm proof Jacket 254,2,277.57,0,555.14,in_store,Y
20260722-0149,2026-07-22,S003,P1078,,NP5078,SwitchbackRover Insulated Tumbler Alt,3,146.35,0,439.05,pickup,Y
20260722-0150,2026-07-22,S006,P1037,,NP5037,EmberRunner Packable Jacket 236,3,73.4,20,220.2,in_store,Y
20260722-0151,2026-07-22,S005,P1012,,NP5012,CloudNomad 32oz Tumbler 211,1,111.29,10,111.29,in_store,N
20260722-0152,2026-07-22,S008,P1074,,P1074,VistaRover Mid Trail Shoes 273,3,191.7,0,575.1,in_store,Y
20260722-0153,2026-07-22,S007,P1024,,NP5024,CanyonNomad Travel Tumbler 223,1,90.59,0,90.59,in_store,Y
20260722-0154,2026-07-22,S002,P1017,,NP5017,SummitRunner Mini Battery Pack 216,3,51.7,20,155.1,pickup,Y
20260722-0155,2026-07-22,S002,P1067,,NP5067,CreekRambler Alpine Jacket 266 Pro,1,266.98,0,266.98,in_store,N
20260722-0156,2026-07-22,S004,P1030,,NP5030,SwitchbackRover 20oz Tumbler 229,1,119.95,5,119.95,in_store,Y
20260722-0157,2026-07-22,S001,P1075,,P1075,BoulderRambler 2P Camp Chair 274,1,165.22,0,165.22,in_store,Y
20260722-0158,2026-07-22,S001,P1032,,NP5032,PeakNomad Waterproof Trail Shoes 231,3,184.38,5,553.14,pickup,Y
20260722-0159,2026-07-22,S008,P1003,,NP5003,CreekRambler 2P Camp Chair 202,1,448.98,0,448.98,pickup,N
20260722-0160,2026-07-22,S003,P1070,,NP5069,BoulderNomad Patio Heater,1,202.52,0,202.52,in_store,Y
20260722-0161,2026-07-22,S002,P1038,,NP5038,Trail Rover Wide Trail Shoes 237,2,177.19,10,354.38,in_store,Y
20260722-0162,2026-07-22,S006,P1021,,NP5021,EmberRunner Basecamp Tent 220,1,62.68,15,62.68,in_store,Y
20260723-0001,2026-07-23,S001,P1017,,NP5017,SummitRunner Mini Battery Pack 216,1,51.7,20,51.7,in_store,N
20260723-0002,2026-07-23,S001,P1040,,NP5040,CanyonNomad XL Cooler 239,2,87.05,20,174.1,ship_from_store,Y
20260723-0003,2026-07-23,S001,P1031,,NP5031,MoonRambler Storm proof Jacket 230,4,156.18,10,624.72,in_store,Y
20260723-0004,2026-07-23,S002,P1046,,NP5046,SwitchbackRover Weekend Patio Heater 245,1,233.42,0,233.42,ship_from_store,Y
20260723-0005,2026-07-23,S008,P1056,,NP5056,CanyonNomad Waterproof Trail Shoes 255,2,136.81,5,273.62,in_store,Y
20260723-0006,2026-07-23,S006,P1033,,NP5033,SummitRunner 4P Tent 232,3,151.57,20,454.71,in_store,Y
20260723-0007,2026-07-23,S004,P1008,,NP5008,CanyonNomad Waterproof Trail Shoes 207,2,157.95,10,315.9,ship_from_store,Y
20260723-0008,2026-07-23,S001,P1012,,NP5012,CloudNomad 32oz Tumbler 211,1,123.66,0,123.66,ship_from_store,Y
20260723-0009,2026-07-23,S006,P1047,,NP5047,MoonRambler Expedition Flashlight 246,2,48.36,15,96.72,pickup,Y
20260723-0010,2026-07-23,S008,P1062,,NP5062,SwitchbackRover-Wide-Trail-Shoes-261,2,153.62,10,307.24,in_store,Y
20260723-0011,2026-07-23,S006,P1033,,NP5033,SummitRunner 4P Tent 232,2,179.99,5,359.98,in_store,N
20260723-0012,2026-07-23,S003,P1045,,NP5045,FieldRunner Basecamp Tent 244,2,348.41,0,696.82,in_store,Y
20260723-0013,2026-07-23,S003,P1073,,P1073,PineRunner Lightweight Jacket 272,1,106.52,15,106.52,in_store,N
20260723-0014,2026-07-23,S003,P1014,,NP5014,SwitchbackRover Wide Trail Shoes 213,1,173.97,15,173.97,pickup,Y
20260723-0015,2026-07-23,S002,P1020,,NP5020,Storm Nomad Approach Trail Shoes 219,2,200.91,5,401.82,pickup,Y
20260723-0016,2026-07-23,S008,P1064,,NP5064,PeakNomad-XL-Cooler-263,1,553.01,10,553.01,in_store,Y
20260723-0017,2026-07-23,S007,P1036,,NP5036,Storm Nomad 32oz Tumbler 235,4,126.18,20,504.72,pickup,N
20260723-0018,2026-07-23,S004,P1006,,NP5006,Trail Rover 20oz Tumbler 205,1,53.11,5,53.11,pickup,Y
20260723-0019,2026-07-23,S003,P1029,,NP5029,FieldRunner Storm Kit Battery Pack 228,1,100.74,20,100.74,pickup,N
20260723-0020,2026-07-23,S006,P1021,,NP5021,EmberRunner Basecamp Tent 220,4,62.68,15,250.72,in_store,Y
20260723-0021,2026-07-23,S003,P1060,,NP5060,CloudNomad-32oz-Tumbler-259,1,154.39,0,154.39,pickup,Y
20260723-0022,2026-07-23,S003,P1072,,NP5070,FieldPacer Insulated Tumbler,4,114.15,15,456.6,pickup,Y
20260723-0023,2026-07-23,S005,P1075,,P1075,BoulderRambler 2P Camp Chair 274,4,156.96,5,627.84,in_store,N
20260723-0024,2026-07-23,S002,P1050,,NP5050,RidgeRover Mid Trail Shoes 249,2,75.31,0,150.62,in_store,N
20260723-0025,2026-07-23,S002,P1036,,NP5036,Storm Nomad 32oz Tumbler 235,2,157.72,0,315.44,pickup,N
20260723-0026,2026-07-23,S007,P1061,,NP5061,FieldRunner Packable Jacket 260 Pro,1,125.66,15,125.66,in_store,Y
20260723-0027,2026-07-23,S001,P1040,,NP5040,CanyonNomad XL Cooler 239,1,97.93,10,97.93,in_store,Y
20260723-0028,2026-07-23,S003,P1044,,NP5044,CloudNomad Approach Trail Shoes 243,1,151.4,20,151.4,in_store,Y
20260723-0029,2026-07-23,S005,P1038,,NP5038,Trail Rover Wide Trail Shoes 237,1,196.88,0,196.88,in_store,Y
20260723-0030,2026-07-23,S007,P1057,,NP5057,PineRunner 4P Tent 256 Pro,1,410.17,0,410.17,ship_from_store,Y
20260723-0031,2026-07-23,S005,P1008,,NP5008,CanyonNomad Waterproof Trail Shoes 207,1,157.95,10,157.95,in_store,Y
20260723-0032,2026-07-23,S002,P1038,,NP5038,Trail Rover Wide Trail Shoes 237,2,157.5,20,315.0,pickup,Y
20260723-0033,2026-07-23,S001,P1071,,P1071,HearthRambler Expedition Flashlight 270,3,121.81,15,365.43,in_store,Y
20260723-0034,2026-07-23,S006,P1054,,NP5054,Trail Rover 20oz Tumbler 253,1,70.68,0,70.68,pickup,Y
20260723-0035,2026-07-23,S008,P1038,,NP5038,Trail Rover Wide Trail Shoes 237,1,196.88,0,196.88,pickup,Y
20260723-0036,2026-07-23,S006,P1001,,NP5001,SummitRunner Lightweight Jacket 200,1,124.28,5,124.28,ship_from_store,Y
20260723-0037,2026-07-23,S007,P1026,,NP5026,VistaRover Mid Trail Shoes 225,4,130.4,0,521.6,ship_from_store,Y
20260723-0038,2026-07-23,S003,P1029,,NP5029,FieldRunner Storm Kit Battery Pack 228,2,100.74,20,201.48,in_store,Y
20260723-0039,2026-07-23,S005,P1029,,NP5029,FieldRunner Storm Kit Battery Pack 228,2,107.04,15,214.08,in_store,Y
20260723-0040,2026-07-23,S005,P1074,,P1074,VistaRover Mid Trail Shoes 273,2,191.7,0,383.4,ship_from_store,Y
20260723-0041,2026-07-23,S007,P1054,,NP5054,Trail Rover 20oz Tumbler 253,3,60.08,15,180.24,ship_from_store,Y
20260723-0042,2026-07-23,S004,P1073,,P1073,PineRunner Lightweight Jacket 272,1,112.79,10,112.79,pickup,Y
20260723-0043,2026-07-23,S006,P1058,,NP5058,VistaRover-Deluxe-Patio-Heater-257,3,224.05,15,672.15,in_store,Y
20260723-0044,2026-07-23,S004,P1030,,NP5030,SwitchbackRover 20oz Tumbler 229,1,126.26,0,126.26,pickup,Y
20260723-0045,2026-07-23,S002,P1006,,NP5006,Trail Rover 20oz Tumbler 205,4,55.91,0,223.64,pickup,Y
20260723-0046,2026-07-23,S006,P1075,,P1075,BoulderRambler 2P Camp Chair 274,4,156.96,5,627.84,pickup,Y
20260723-0047,2026-07-23,S002,P1016,,NP5016,PeakNomad XL Cooler 215,2,538.98,15,1077.96,in_store,Y
20260723-0048,2026-07-23,S003,P1017,,NP5017,SummitRunner Mini Battery Pack 216,3,58.17,10,174.51,in_store,N
20260723-0049,2026-07-23,S002,P1079,,NP5079,MoonRambler Rain Shell Alt,2,217.78,15,435.56,ship_from_store,Y
20260723-0050,2026-07-23,S007,P1009,,NP5009,PineRunner 4P Tent 208,1,97.97,15,97.97,ship_from_store,N
20260723-0051,2026-07-23,S004,P1017,,NP5017,SummitRunner Mini Battery Pack 216,1,51.7,20,51.7,ship_from_store,Y
20260723-0052,2026-07-23,S003,P1042,,NP5042,VistaRover Trail Tumbler 241,1,103.73,10,103.73,ship_from_store,N
20260723-0053,2026-07-23,S004,P1056,,NP5056,CanyonNomad Waterproof Trail Shoes 255,1,144.01,0,144.01,in_store,N
20260723-0054,2026-07-23,S007,P1016,,NP5016,PeakNomad XL Cooler 215,2,602.39,5,1204.78,in_store,Y
20260723-0055,2026-07-23,S003,P1041,,NP5041,PineRunner Mini Battery Pack 240,2,46.41,15,92.82,in_store,N
20260723-0056,2026-07-23,S003,P1004,,NP5004,Storm Nomad Compact Cooler 203,2,109.9,0,219.8,pickup,Y
20260723-0057,2026-07-23,S001,P1020,,NP5020,Storm Nomad Approach Trail Shoes 219,1,169.18,20,169.18,in_store,Y
20260723-0058,2026-07-23,S005,P1033,,NP5033,SummitRunner 4P Tent 232,1,161.04,15,161.04,in_store,Y
20260723-0059,2026-07-23,S003,P1040,,NP5040,CanyonNomad XL Cooler 239,2,108.81,0,217.62,in_store,Y
20260723-0060,2026-07-23,S004,P1080,,NP5080,PeakNomad Trail Shoes Alt,1,128.7,10,128.7,pickup,Y
20260723-0061,2026-07-23,S001,P1050,,NP5050,RidgeRover Mid Trail Shoes 249,1,75.31,0,75.31,ship_from_store,Y
20260723-0062,2026-07-23,S003,P1035,,NP5035,CreekRambler Rechargeable Flashlight 234,4,140.34,5,561.36,ship_from_store,Y
20260723-0063,2026-07-23,S003,P1045,,NP5045,FieldRunner Basecamp Tent 244,2,313.57,10,627.14,ship_from_store,Y
20260723-0064,2026-07-23,S001,P1076,,NP5072,SummitRover Cooler,1,617.47,10,617.47,in_store,N
20260723-0065,2026-07-23,S005,P1038,,NP5038,Trail Rover Wide Trail Shoes 237,2,196.88,0,393.76,ship_from_store,Y
20260723-0066,2026-07-23,S004,P1032,,NP5032,PeakNomad Waterproof Trail Shoes 231,2,174.67,10,349.34,in_store,Y
20260723-0067,2026-07-23,S005,P1061,,NP5061,FieldRunner Packable Jacket 260 Pro,1,125.66,15,125.66,ship_from_store,Y
20260723-0068,2026-07-23,S003,P1040,,NP5040,CanyonNomad XL Cooler 239,4,97.93,10,391.72,ship_from_store,Y
20260723-0069,2026-07-23,S002,P1070,,NP5069,BoulderNomad Patio Heater,1,202.52,0,202.52,in_store,Y
20260723-0070,2026-07-23,S006,P1006,,NP5006,Trail Rover 20oz Tumbler 205,2,53.11,5,106.22,in_store,N
20260723-0071,2026-07-23,S003,P1006,,NP5006,Trail Rover 20oz Tumbler 205,1,50.32,10,50.32,in_store,Y
20260723-0072,2026-07-23,S004,P1033,,NP5033,SummitRunner 4P Tent 232,1,161.04,15,161.04,ship_from_store,Y
20260723-0073,2026-07-23,S008,P1072,,NP5070,FieldPacer Insulated Tumbler,1,114.15,15,114.15,ship_from_store,Y
20260723-0074,2026-07-23,S004,P1028,,NP5028,CloudNomad Compact Cooler 227,1,615.14,5,615.14,ship_from_store,Y
20260723-0075,2026-07-23,S004,P1060,,NP5060,CloudNomad-32oz-Tumbler-259,1,146.67,5,146.67,ship_from_store,Y
20260723-0076,2026-07-23,S008,P1012,,NP5012,CloudNomad 32oz Tumbler 211,2,123.66,0,247.32,in_store,Y
20260723-0077,2026-07-23,S006,P1008,,NP5008,CanyonNomad Waterproof Trail Shoes 207,2,175.5,0,351.0,in_store,Y
20260723-0078,2026-07-23,S001,P1026,,NP5026,VistaRover Mid Trail Shoes 225,2,130.4,0,260.8,in_store,Y
20260723-0079,2026-07-23,S005,P1021,,NP5021,EmberRunner Basecamp Tent 220,4,58.99,20,235.96,in_store,N
20260723-0080,2026-07-23,S002,P1007,,NP5007,HearthRambler Storm proof Jacket 206,1,101.18,10,101.18,in_store,Y
20260723-0081,2026-07-23,S008,P1031,,NP5031,MoonRambler Storm proof Jacket 230,1,156.18,10,156.18,in_store,Y
20260723-0082,2026-07-23,S007,P1039,,NP5039,HearthRambler Ultralight Camp Chair 238,1,367.84,0,367.84,in_store,N
20260723-0083,2026-07-23,S004,P1002,,NP5002,RidgeRover Mid Trail Shoes 201,1,203.43,0,203.43,ship_from_store,N
20260723-0084,2026-07-23,S004,P1031,,NP5031,MoonRambler Storm proof Jacket 230,1,138.82,20,138.82,in_store,Y
20260723-0085,2026-07-23,S005,P1005,,NP5005,EmberRunner Storm Kit Battery Pack 204,1,111.54,0,111.54,in_store,N
20260723-0086,2026-07-23,S004,P1017,,NP5017,SummitRunner Mini Battery Pack 216,2,51.7,20,103.4,in_store,Y
20260723-0087,2026-07-23,S008,P1045,,NP5045,FieldRunner Basecamp Tent 244,2,278.73,20,557.46,ship_from_store,Y
20260723-0088,2026-07-23,S004,P1065,,NP5065,SummitRunner Mini Battery Pack 264 Pro,1,107.22,5,107.22,pickup,Y
20260723-0089,2026-07-23,S005,P1021,,NP5021,EmberRunner Basecamp Tent 220,2,70.05,5,140.1,in_store,Y
20260723-0090,2026-07-23,S008,P1047,,NP5047,MoonRambler Expedition Flashlight 246,1,54.05,5,54.05,ship_from_store,Y
20260723-0091,2026-07-23,S006,P1009,,NP5009,PineRunner 4P Tent 208,2,97.97,15,195.94,in_store,Y
20260723-0092,2026-07-23,S002,P1003,,NP5003,CreekRambler 2P Camp Chair 202,2,426.53,5,853.06,pickup,Y
20260723-0093,2026-07-23,S001,P1015,,NP5015,MoonRambler Ultralight Camp Chair 214,4,191.87,0,767.48,ship_from_store,Y
20260723-0094,2026-07-23,S002,P1010,,NP5010,VistaRover Deluxe Patio Heater 209,4,441.94,20,1767.76,in_store,Y
20260723-0095,2026-07-23,S008,P1048,,NP5048,PeakNomad Travel Tumbler 247,1,63.25,10,63.25,in_store,Y
20260723-0096,2026-07-23,S005,P1003,,NP5003,CreekRambler 2P Camp Chair 202,2,404.08,10,808.16,in_store,Y
20260723-0097,2026-07-23,S006,P1052,,NP5052,Storm Nomad Compact Cooler 251,4,369.46,5,1477.84,pickup,Y
20260723-0098,2026-07-23,S002,P1048,,NP5048,PeakNomad Travel Tumbler 247,2,56.22,20,112.44,in_store,Y
20260723-0099,2026-07-23,S008,P1027,,NP5027,BoulderRambler 2P Camp Chair 226,3,92.03,0,276.09,ship_from_store,Y
20260723-0100,2026-07-23,S004,P1046,,NP5046,SwitchbackRover Weekend Patio Heater 245,4,233.42,0,933.68,in_store,Y
20260723-0101,2026-07-23,S003,P1078,,NP5078,SwitchbackRover Insulated Tumbler Alt,4,117.08,20,468.32,in_store,Y
20260723-0102,2026-07-23,S007,P1016,,NP5016,PeakNomad XL Cooler 215,3,634.09,0,1902.27,ship_from_store,N
20260723-0103,2026-07-23,S006,P1016,,NP5016,PeakNomad XL Cooler 215,1,634.09,0,634.09,ship_from_store,N
20260723-0104,2026-07-23,S007,P1017,,NP5017,SummitRunner Mini Battery Pack 216,4,51.7,20,206.8,pickup,Y
20260723-0105,2026-07-23,S005,P1002,,NP5002,RidgeRover Mid Trail Shoes 201,1,162.74,20,162.74,in_store,N
20260723-0106,2026-07-23,S001,P1036,,NP5036,Storm Nomad 32oz Tumbler 235,1,126.18,20,126.18,in_store,Y
20260723-0107,2026-07-23,S001,P1067,,NP5067,CreekRambler Alpine Jacket 266 Pro,3,226.93,15,680.79,ship_from_store,Y
20260723-0108,2026-07-23,S004,P1065,,NP5065,SummitRunner Mini Battery Pack 264 Pro,1,107.22,5,107.22,in_store,Y
20260723-0109,2026-07-23,S006,P1080,,NP5080,PeakNomad Trail Shoes Alt,1,135.85,5,135.85,in_store,N
20260723-0110,2026-07-23,S004,P1010,,NP5010,VistaRover Deluxe Patio Heater 209,1,552.43,0,552.43,in_store,Y
20260723-0111,2026-07-23,S006,P1010,,NP5010,VistaRover Deluxe Patio Heater 209,1,524.81,5,524.81,in_store,Y
20260723-0112,2026-07-23,S007,P1032,,NP5032,PeakNomad Waterproof Trail Shoes 231,1,194.08,0,194.08,in_store,Y
20260723-0113,2026-07-23,S003,P1056,,NP5056,CanyonNomad Waterproof Trail Shoes 255,1,144.01,0,144.01,pickup,Y
20260723-0114,2026-07-23,S004,P1013,,NP5013,FieldRunner Packable Jacket 212,2,97.39,0,194.78,pickup,Y
20260723-0115,2026-07-23,S008,P1073,,P1073,PineRunner Lightweight Jacket 272,4,125.32,0,501.28,in_store,Y
20260723-0116,2026-07-23,S006,P1038,,NP5038,Trail Rover Wide Trail Shoes 237,1,187.04,5,187.04,pickup,Y
20260723-0117,2026-07-23,S002,P1060,,NP5060,CloudNomad-32oz-Tumbler-259,3,154.39,0,463.17,in_store,Y
20260723-0118,2026-07-23,S001,P1080,,NP5080,PeakNomad Trail Shoes Alt,2,128.7,10,257.4,pickup,N
20260723-0119,2026-07-23,S008,P1061,,NP5061,FieldRunner Packable Jacket 260 Pro,1,147.84,0,147.84,in_store,N
20260723-0120,2026-07-23,S007,P1078,,NP5078,SwitchbackRover Insulated Tumbler Alt,2,117.08,20,234.16,in_store,Y
20260723-0121,2026-07-23,S003,P1050,,NP5050,RidgeRover Mid Trail Shoes 249,1,75.31,0,75.31,ship_from_store,Y
20260723-0122,2026-07-23,S003,P1052,,NP5052,Storm Nomad Compact Cooler 251,4,330.57,15,1322.28,ship_from_store,N
20260723-0123,2026-07-23,S004,P1021,,NP5021,EmberRunner Basecamp Tent 220,1,73.74,0,73.74,in_store,Y
20260723-0124,2026-07-23,S005,P1019,,NP5019,CreekRambler Alpine Jacket 218,1,178.99,0,178.99,pickup,N
20260723-0125,2026-07-23,S006,P1014,,NP5014,SwitchbackRover Wide Trail Shoes 213,2,163.74,20,327.48,in_store,Y
20260723-0126,2026-07-23,S008,P1067,,NP5067,CreekRambler Alpine Jacket 266 Pro,1,266.98,0,266.98,in_store,N
20260723-0127,2026-07-23,S004,P1023,,NP5023,HearthRambler Expedition Flashlight 222,1,127.3,10,127.3,in_store,Y
20260723-0128,2026-07-23,S006,P1046,,NP5046,SwitchbackRover Weekend Patio Heater 245,2,210.08,10,420.16,in_store,Y
20260723-0129,2026-07-23,S005,P1011,,NP5011,BoulderRambler Rechargeable Flashlight 210,2,119.76,10,239.52,in_store,Y
20260723-0130,2026-07-23,S002,P1046,,NP5046,SwitchbackRover Weekend Patio Heater 245,1,233.42,0,233.42,in_store,Y
20260723-0131,2026-07-23,S005,P1015,,NP5015,MoonRambler Ultralight Camp Chair 214,3,191.87,0,575.61,pickup,N
20260723-0132,2026-07-23,S004,P1025,,NP5025,PineRunner Lightweight Jacket 224,4,112.14,10,448.56,in_store,N
20260723-0133,2026-07-23,S001,P1063,,NP5063,MoonRambler Ultralight Camp Chair 262 Pro,4,79.92,0,319.68,in_store,Y
20260723-0134,2026-07-23,S004,P1080,,NP5080,PeakNomad Trail Shoes Alt,1,135.85,5,135.85,in_store,Y
20260723-0135,2026-07-23,S007,P1008,,NP5008,CanyonNomad Waterproof Trail Shoes 207,1,175.5,0,175.5,in_store,Y
20260723-0136,2026-07-23,S008,P1008,,NP5008,CanyonNomad Waterproof Trail Shoes 207,1,140.4,20,140.4,in_store,Y
20260723-0137,2026-07-23,S002,P1046,,NP5046,SwitchbackRover Weekend Patio Heater 245,4,210.08,10,840.32,in_store,N
20260723-0138,2026-07-23,S001,P1074,,P1074,VistaRover Mid Trail Shoes 273,3,172.53,10,517.59,pickup,Y
20260723-0139,2026-07-23,S006,P1048,,NP5048,PeakNomad Travel Tumbler 247,2,70.28,0,140.56,in_store,N
20260723-0140,2026-07-23,S008,P1057,,NP5057,PineRunner 4P Tent 256 Pro,1,328.14,20,328.14,ship_from_store,N
20260726-0001,2026-07-26,S002,P1022,,NP5022,Trail Rover Weekend Patio Heater 221,1,310.97,20,310.97,in_store,Y
20260726-0002,2026-07-26,S007,P1012,,NP5012,CloudNomad 32oz Tumbler 211,1,98.93,20,98.93,in_store,Y
20260726-0003,2026-07-26,S008,P1036,,NP5036,Storm Nomad 32oz Tumbler 235,1,126.18,20,126.18,ship_from_store,Y
20260726-0004,2026-07-26,S006,P1031,,NP5031,MoonRambler Storm proof Jacket 230,1,173.53,0,173.53,in_store,N
20260726-0005,2026-07-26,S006,P1048,,NP5048,PeakNomad Travel Tumbler 247,2,56.22,20,112.44,pickup,Y
20260726-0006,2026-07-26,S007,P1073,,P1073,PineRunner Lightweight Jacket 272,1,106.52,15,106.52,in_store,Y
20260726-0007,2026-07-26,S008,P1062,,NP5062,SwitchbackRover-Wide-Trail-Shoes-261,3,170.69,0,512.07,in_store,N
20260726-0008,2026-07-26,S001,P1039,,NP5039,HearthRambler Ultralight Camp Chair 238,1,294.27,20,294.27,ship_from_store,N
20260726-0009,2026-07-26,S008,P1047,,NP5047,MoonRambler Expedition Flashlight 246,1,56.9,0,56.9,in_store,Y
20260726-0010,2026-07-26,S001,P1068,,NP5068,StormNomad-Approach-Trail-Shoes-267,2,80.92,0,161.84,ship_from_store,Y
20260726-0011,2026-07-26,S008,P1078,,NP5078,SwitchbackRover Insulated Tumbler Alt,1,146.35,0,146.35,ship_from_store,Y
20260726-0012,2026-07-26,S004,P1013,,NP5013,FieldRunner Packable Jacket 212,1,87.65,10,87.65,in_store,Y
20260726-0013,2026-07-26,S004,P1009,,NP5009,PineRunner 4P Tent 208,1,109.5,5,109.5,pickup,N
20260726-0014,2026-07-26,S004,P1067,,NP5067,CreekRambler Alpine Jacket 266 Pro,1,240.28,10,240.28,ship_from_store,Y
20260726-0015,2026-07-26,S001,P1039,,NP5039,HearthRambler Ultralight Camp Chair 238,4,367.84,0,1471.36,ship_from_store,N
20260726-0016,2026-07-26,S007,P1007,,NP5007,HearthRambler Storm proof Jacket 206,4,112.42,0,449.68,pickup,Y
20260726-0017,2026-07-26,S008,P1050,,NP5050,RidgeRover Mid Trail Shoes 249,3,64.01,15,192.03,in_store,Y
20260726-0018,2026-07-26,S007,P1072,,NP5070,FieldPacer Insulated Tumbler,1,134.29,0,134.29,pickup,N
20260726-0019,2026-07-26,S001,P1050,,NP5050,RidgeRover Mid Trail Shoes 249,1,75.31,0,75.31,in_store,Y
20260726-0020,2026-07-26,S003,P1009,,NP5009,PineRunner 4P Tent 208,4,103.73,10,414.92,ship_from_store,Y
20260726-0021,2026-07-26,S008,P1036,,NP5036,Storm Nomad 32oz Tumbler 235,1,157.72,0,157.72,ship_from_store,N
20260726-0022,2026-07-26,S005,P1026,,NP5026,VistaRover Mid Trail Shoes 225,2,117.36,10,234.72,ship_from_store,Y
20260726-0023,2026-07-26,S004,P1006,,NP5006,Trail Rover 20oz Tumbler 205,2,50.32,10,100.64,ship_from_store,Y
20260726-0024,2026-07-26,S001,P1049,,NP5049,SummitRunner Lightweight Jacket 248,3,210.91,5,632.73,ship_from_store,Y
20260726-0025,2026-07-26,S004,P1027,,NP5027,BoulderRambler 2P Camp Chair 226,1,92.03,0,92.03,pickup,Y
20260726-0026,2026-07-26,S007,P1058,,NP5058,VistaRover-Deluxe-Patio-Heater-257,1,263.59,0,263.59,in_store,Y
20260726-0027,2026-07-26,S004,P1034,,NP5034,RidgeRover Deluxe Patio Heater 233,2,168.86,0,337.72,in_store,Y
20260726-0028,2026-07-26,S001,P1058,,NP5058,VistaRover-Deluxe-Patio-Heater-257,2,237.23,10,474.46,pickup,Y
20260726-0029,2026-07-26,S005,P1063,,NP5063,MoonRambler Ultralight Camp Chair 262 Pro,4,79.92,0,319.68,in_store,Y
20260726-0030,2026-07-26,S002,P1067,,NP5067,CreekRambler Alpine Jacket 266 Pro,2,253.63,5,507.26,pickup,N
20260726-0031,2026-07-26,S006,P1020,,NP5020,Storm Nomad Approach Trail Shoes 219,2,211.48,0,422.96,pickup,Y
20260726-0032,2026-07-26,S002,P1004,,NP5004,Storm Nomad Compact Cooler 203,2,98.91,10,197.82,ship_from_store,Y
20260726-0033,2026-07-26,S003,P1001,,NP5001,SummitRunner Lightweight Jacket 200,2,124.28,5,248.56,in_store,N
20260726-0034,2026-07-26,S002,P1056,,NP5056,CanyonNomad Waterproof Trail Shoes 255,1,115.21,20,115.21,in_store,Y
20260726-0035,2026-07-26,S005,P1078,,NP5078,SwitchbackRover Insulated Tumbler Alt,2,139.03,5,278.06,pickup,Y
20260726-0036,2026-07-26,S001,P1012,,NP5012,CloudNomad 32oz Tumbler 211,1,117.48,5,117.48,in_store,N
20260726-0037,2026-07-26,S005,P1073,,P1073,PineRunner Lightweight Jacket 272,1,100.26,20,100.26,in_store,Y
20260726-0038,2026-07-26,S001,P1009,,NP5009,PineRunner 4P Tent 208,2,92.21,20,184.42,in_store,Y
20260726-0039,2026-07-26,S004,P1063,,NP5063,MoonRambler Ultralight Camp Chair 262 Pro,2,79.92,0,159.84,in_store,N
20260726-0040,2026-07-26,S006,P1026,,NP5026,VistaRover Mid Trail Shoes 225,1,117.36,10,117.36,in_store,N
20260726-0041,2026-07-26,S001,P1064,,NP5064,PeakNomad-XL-Cooler-263,1,614.45,0,614.45,in_store,N
20260726-0042,2026-07-26,S006,P1013,,NP5013,FieldRunner Packable Jacket 212,1,97.39,0,97.39,in_store,Y
20260726-0043,2026-07-26,S003,P1003,,NP5003,CreekRambler 2P Camp Chair 202,3,359.18,20,1077.54,in_store,Y
20260726-0044,2026-07-26,S001,P1068,,NP5068,StormNomad-Approach-Trail-Shoes-267,1,80.92,0,80.92,in_store,N
20260726-0045,2026-07-26,S004,P1036,,NP5036,Storm Nomad 32oz Tumbler 235,3,149.83,5,449.49,pickup,Y
20260726-0046,2026-07-26,S006,P1008,,NP5008,CanyonNomad Waterproof Trail Shoes 207,3,157.95,10,473.85,pickup,N
20260726-0047,2026-07-26,S007,P1005,,NP5005,EmberRunner Storm Kit Battery Pack 204,2,105.96,5,211.92,in_store,N
20260726-0048,2026-07-26,S007,P1028,,NP5028,CloudNomad Compact Cooler 227,1,615.14,5,615.14,in_store,N
20260726-0049,2026-07-26,S007,P1019,,NP5019,CreekRambler Alpine Jacket 218,3,152.14,15,456.42,pickup,Y
20260726-0050,2026-07-26,S003,P1043,,NP5043,BoulderRambler Alpine Jacket 242,1,216.9,10,216.9,in_store,N
20260726-0051,2026-07-26,S001,P1033,,NP5033,SummitRunner 4P Tent 232,2,170.51,10,341.02,in_store,Y
20260726-0052,2026-07-26,S007,P1060,,NP5060,CloudNomad-32oz-Tumbler-259,1,138.95,10,138.95,in_store,Y
20260726-0053,2026-07-26,S006,P1078,,NP5078,SwitchbackRover Insulated Tumbler Alt,2,117.08,20,234.16,in_store,Y
20260726-0054,2026-07-26,S006,P1080,,NP5080,PeakNomad Trail Shoes Alt,2,135.85,5,271.7,pickup,Y
20260726-0055,2026-07-26,S001,P1044,,NP5044,CloudNomad Approach Trail Shoes 243,2,151.4,20,302.8,in_store,Y
20260726-0056,2026-07-26,S007,P1007,,NP5007,HearthRambler Storm proof Jacket 206,4,95.56,15,382.24,pickup,Y
20260726-0057,2026-07-26,S003,P1002,,NP5002,RidgeRover Mid Trail Shoes 201,4,203.43,0,813.72,pickup,N
20260726-0058,2026-07-26,S003,P1025,,NP5025,PineRunner Lightweight Jacket 224,4,105.91,15,423.64,in_store,Y
20260726-0059,2026-07-26,S004,P1050,,NP5050,RidgeRover Mid Trail Shoes 249,2,67.78,10,135.56,pickup,Y
20260726-0060,2026-07-26,S005,P1033,,NP5033,SummitRunner 4P Tent 232,4,161.04,15,644.16,in_store,Y
20260726-0061,2026-07-26,S004,P1009,,NP5009,PineRunner 4P Tent 208,3,115.26,0,345.78,in_store,Y
20260726-0062,2026-07-26,S006,P1006,,NP5006,Trail Rover 20oz Tumbler 205,2,53.11,5,106.22,in_store,Y
20260726-0063,2026-07-26,S003,P1033,,NP5033,SummitRunner 4P Tent 232,1,170.51,10,170.51,in_store,Y
20260726-0064,2026-07-26,S008,P1021,,NP5021,EmberRunner Basecamp Tent 220,3,73.74,0,221.22,pickup,Y
20260726-0065,2026-07-26,S003,P1013,,NP5013,FieldRunner Packable Jacket 212,1,77.91,20,77.91,in_store,Y
20260726-0066,2026-07-26,S003,P1003,,NP5003,CreekRambler 2P Camp Chair 202,1,448.98,0,448.98,pickup,Y
20260726-0067,2026-07-26,S002,P1053,,NP5053,EmberRunner Storm Kit Battery Pack 252,2,108.53,0,217.06,in_store,Y
20260726-0068,2026-07-26,S001,P1006,,NP5006,Trail Rover 20oz Tumbler 205,2,47.52,15,95.04,in_store,Y
20260726-0069,2026-07-26,S003,P1018,,NP5018,RidgeRover Trail Tumbler 217,1,130.36,15,130.36,in_store,Y
20260726-0070,2026-07-26,S006,P1053,,NP5053,EmberRunner Storm Kit Battery Pack 252,2,92.25,15,184.5,in_store,Y
20260726-0071,2026-07-26,S001,P1002,,NP5002,RidgeRover Mid Trail Shoes 201,4,203.43,0,813.72,in_store,Y
20260726-0072,2026-07-26,S002,P1007,,NP5007,HearthRambler Storm proof Jacket 206,3,106.8,5,320.4,in_store,Y
20260726-0073,2026-07-26,S001,P1026,,NP5026,VistaRover Mid Trail Shoes 225,1,130.4,0,130.4,ship_from_store,Y
20260726-0074,2026-07-26,S006,P1026,,NP5026,VistaRover Mid Trail Shoes 225,1,130.4,0,130.4,in_store,N
20260726-0075,2026-07-26,S003,P1063,,NP5063,MoonRambler Ultralight Camp Chair 262 Pro,2,79.92,0,159.84,in_store,N
20260726-0076,2026-07-26,S005,P1042,,NP5042,VistaRover Trail Tumbler 241,1,115.25,0,115.25,pickup,Y
20260726-0077,2026-07-26,S007,P1062,,NP5062,SwitchbackRover-Wide-Trail-Shoes-261,4,170.69,0,682.76,ship_from_store,N
20260726-0078,2026-07-26,S002,P1076,,NP5072,SummitRover Cooler,1,686.08,0,686.08,ship_from_store,Y
20260726-0079,2026-07-26,S004,P1052,,NP5052,Storm Nomad Compact Cooler 251,4,330.57,15,1322.28,in_store,Y
20260726-0080,2026-07-26,S001,P1043,,NP5043,BoulderRambler Alpine Jacket 242,1,216.9,10,216.9,ship_from_store,Y
20260726-0081,2026-07-26,S002,P1012,,NP5012,CloudNomad 32oz Tumbler 211,1,98.93,20,98.93,in_store,Y
20260726-0082,2026-07-26,S007,P1064,,NP5064,PeakNomad-XL-Cooler-263,2,522.28,15,1044.56,in_store,Y
20260726-0083,2026-07-26,S001,P1057,,NP5057,PineRunner 4P Tent 256 Pro,1,328.14,20,328.14,in_store,N
20260726-0084,2026-07-26,S004,P1048,,NP5048,PeakNomad Travel Tumbler 247,4,70.28,0,281.12,ship_from_store,Y
20260726-0085,2026-07-26,S007,P1002,,NP5002,RidgeRover Mid Trail Shoes 201,1,203.43,0,203.43,pickup,Y
20260726-0086,2026-07-26,S003,P1036,,NP5036,Storm Nomad 32oz Tumbler 235,1,149.83,5,149.83,ship_from_store,Y
20260726-0087,2026-07-26,S001,P1003,,NP5003,CreekRambler 2P Camp Chair 202,3,359.18,20,1077.54,pickup,Y
20260726-0088,2026-07-26,S005,P1031,,NP5031,MoonRambler Storm proof Jacket 230,1,164.85,5,164.85,ship_from_store,Y
20260726-0089,2026-07-26,S002,P1019,,NP5019,CreekRambler Alpine Jacket 218,1,178.99,0,178.99,in_store,Y
20260726-0090,2026-07-26,S001,P1042,,NP5042,VistaRover Trail Tumbler 241,1,115.25,0,115.25,in_store,Y
20260726-0091,2026-07-26,S008,P1080,,NP5080,PeakNomad Trail Shoes Alt,2,143.0,0,286.0,in_store,Y
20260726-0092,2026-07-26,S006,P1068,,NP5068,StormNomad-Approach-Trail-Shoes-267,3,72.83,10,218.49,in_store,Y
20260726-0093,2026-07-26,S004,P1073,,P1073,PineRunner Lightweight Jacket 272,4,106.52,15,426.08,in_store,Y
20260726-0094,2026-07-26,S005,P1015,,NP5015,MoonRambler Ultralight Camp Chair 214,1,153.5,20,153.5,pickup,N
20260726-0095,2026-07-26,S008,P1001,,NP5001,SummitRunner Lightweight Jacket 200,1,130.82,0,130.82,pickup,Y
20260726-0096,2026-07-26,S001,P1067,,NP5067,CreekRambler Alpine Jacket 266 Pro,1,213.58,20,213.58,ship_from_store,Y
20260726-0097,2026-07-26,S008,P1077,,NP5077,FieldRunner Battery Pack Alt,1,85.64,10,85.64,pickup,Y
20260726-0098,2026-07-26,S005,P1013,,NP5013,FieldRunner Packable Jacket 212,2,92.52,5,185.04,in_store,Y
20260726-0099,2026-07-26,S007,P1072,,NP5070,FieldPacer Insulated Tumbler,1,107.43,20,107.43,ship_from_store,Y
20260726-0100,2026-07-26,S008,P1005,,NP5005,EmberRunner Storm Kit Battery Pack 204,1,100.39,10,100.39,in_store,N
20260726-0101,2026-07-26,S001,P1019,,NP5019,CreekRambler Alpine Jacket 218,1,152.14,15,152.14,in_store,Y
20260727-0001,2026-07-27,S001,P1036,,NP5036,Storm Nomad 32oz Tumbler 235,3,126.18,20,378.54,in_store,Y
20260727-0002,2026-07-27,S007,P1027,,NP5027,BoulderRambler 2P Camp Chair 226,2,82.83,10,165.66,in_store,Y
20260727-0003,2026-07-27,S004,P1028,,NP5028,CloudNomad Compact Cooler 227,2,518.02,20,1036.04,in_store,N
20260727-0004,2026-07-27,S002,P1074,,P1074,VistaRover Mid Trail Shoes 273,1,153.36,20,153.36,in_store,Y
20260727-0005,2026-07-27,S003,P1016,,NP5016,PeakNomad XL Cooler 215,1,570.68,10,570.68,in_store,Y
20260727-0006,2026-07-27,S002,P1005,,NP5005,EmberRunner Storm Kit Battery Pack 204,2,111.54,0,223.08,in_store,N
20260727-0007,2026-07-27,S004,P1045,,NP5045,FieldRunner Basecamp Tent 244,2,278.73,20,557.46,pickup,Y
20260727-0008,2026-07-27,S003,P1046,,NP5046,SwitchbackRover Weekend Patio Heater 245,1,186.74,20,186.74,in_store,N
20260727-0009,2026-07-27,S004,P1001,,NP5001,SummitRunner Lightweight Jacket 200,1,117.74,10,117.74,ship_from_store,Y
20260727-0010,2026-07-27,S002,P1071,,P1071,HearthRambler Expedition Flashlight 270,2,121.81,15,243.62,in_store,Y
20260727-0011,2026-07-27,S003,P1065,,NP5065,SummitRunner Mini Battery Pack 264 Pro,3,95.93,15,287.79,pickup,Y
20260727-0012,2026-07-27,S007,P1072,,NP5070,FieldPacer Insulated Tumbler,1,107.43,20,107.43,ship_from_store,Y
20260727-0013,2026-07-27,S001,P1036,,NP5036,Storm Nomad 32oz Tumbler 235,1,157.72,0,157.72,in_store,Y
20260727-0014,2026-07-27,S003,P1023,,NP5023,HearthRambler Expedition Flashlight 222,1,141.44,0,141.44,pickup,Y
20260727-0015,2026-07-27,S001,P1040,,NP5040,CanyonNomad XL Cooler 239,1,103.37,5,103.37,in_store,Y
20260727-0016,2026-07-27,S008,P1045,,NP5045,FieldRunner Basecamp Tent 244,2,330.99,5,661.98,in_store,N
20260727-0017,2026-07-27,S006,P1061,,NP5061,FieldRunner Packable Jacket 260 Pro,4,147.84,0,591.36,ship_from_store,Y
20260727-0018,2026-07-27,S006,P1077,,NP5077,FieldRunner Battery Pack Alt,2,95.15,0,190.3,in_store,Y
20260727-0019,2026-07-27,S008,P1015,,NP5015,MoonRambler Ultralight Camp Chair 214,1,191.87,0,191.87,in_store,N
20260727-0020,2026-07-27,S005,P1069,,P1069,EmberRunner Basecamp Tent 268,2,256.36,0,512.72,pickup,Y
20260727-0021,2026-07-27,S004,P1058,,NP5058,VistaRover-Deluxe-Patio-Heater-257,1,263.59,0,263.59,in_store,Y
20260727-0022,2026-07-27,S004,P1055,,NP5055,HearthRambler Storm proof Jacket 254,1,235.93,15,235.93,pickup,Y
20260727-0023,2026-07-27,S007,P1015,,NP5015,MoonRambler Ultralight Camp Chair 214,4,172.68,10,690.72,ship_from_store,Y
20260727-0024,2026-07-27,S004,P1043,,NP5043,BoulderRambler Alpine Jacket 242,4,192.8,20,771.2,in_store,Y
20260727-0025,2026-07-27,S001,P1031,,NP5031,MoonRambler Storm proof Jacket 230,2,156.18,10,312.36,in_store,Y
20260727-0026,2026-07-27,S006,P1062,,NP5062,SwitchbackRover-Wide-Trail-Shoes-261,1,153.62,10,153.62,ship_from_store,Y
20260727-0027,2026-07-27,S002,P1031,,NP5031,MoonRambler Storm proof Jacket 230,1,147.5,15,147.5,ship_from_store,Y
20260727-0028,2026-07-27,S004,P1075,,P1075,BoulderRambler 2P Camp Chair 274,4,132.18,20,528.72,in_store,N
20260727-0029,2026-07-27,S007,P1075,,P1075,BoulderRambler 2P Camp Chair 274,2,165.22,0,330.44,in_store,Y
20260727-0030,2026-07-27,S004,P1009,,NP5009,PineRunner 4P Tent 208,1,97.97,15,97.97,ship_from_store,N
20260727-0031,2026-07-27,S003,P1042,,NP5042,VistaRover Trail Tumbler 241,1,115.25,0,115.25,ship_from_store,Y
20260727-0032,2026-07-27,S005,P1013,,NP5013,FieldRunner Packable Jacket 212,1,97.39,0,97.39,in_store,N
20260727-0033,2026-07-27,S006,P1036,,NP5036,Storm Nomad 32oz Tumbler 235,1,157.72,0,157.72,in_store,Y
20260727-0034,2026-07-27,S006,P1055,,NP5055,HearthRambler Storm proof Jacket 254,3,249.81,10,749.43,in_store,Y
20260727-0035,2026-07-27,S004,P1063,,NP5063,MoonRambler Ultralight Camp Chair 262 Pro,4,79.92,0,319.68,in_store,Y
20260727-0036,2026-07-27,S002,P1003,,NP5003,CreekRambler 2P Camp Chair 202,1,448.98,0,448.98,in_store,Y
20260727-0037,2026-07-27,S003,P1078,,NP5078,SwitchbackRover Insulated Tumbler Alt,1,146.35,0,146.35,pickup,Y
20260727-0038,2026-07-27,S004,P1043,,NP5043,BoulderRambler Alpine Jacket 242,1,241.0,0,241.0,in_store,N
20260727-0039,2026-07-27,S003,P1045,,NP5045,FieldRunner Basecamp Tent 244,3,348.41,0,1045.23,in_store,Y
20260727-0040,2026-07-27,S003,P1065,,NP5065,SummitRunner Mini Battery Pack 264 Pro,1,90.29,20,90.29,in_store,Y
20260727-0041,2026-07-27,S002,P1049,,NP5049,SummitRunner Lightweight Jacket 248,1,177.61,20,177.61,ship_from_store,Y
20260727-0042,2026-07-27,S006,P1021,,NP5021,EmberRunner Basecamp Tent 220,1,73.74,0,73.74,pickup,Y
20260727-0043,2026-07-27,S008,P1049,,NP5049,SummitRunner Lightweight Jacket 248,1,222.01,0,222.01,in_store,Y
20260727-0044,2026-07-27,S004,P1026,,NP5026,VistaRover Mid Trail Shoes 225,2,123.88,5,247.76,pickup,N
20260727-0045,2026-07-27,S008,P1077,,NP5077,FieldRunner Battery Pack Alt,2,95.15,0,190.3,ship_from_store,Y
20260727-0046,2026-07-27,S003,P1027,,NP5027,BoulderRambler 2P Camp Chair 226,4,87.43,5,349.72,pickup,Y
20260727-0047,2026-07-27,S008,P1063,,NP5063,MoonRambler Ultralight Camp Chair 262 Pro,1,75.92,5,75.92,in_store,Y
20260727-0048,2026-07-27,S003,P1075,,P1075,BoulderRambler 2P Camp Chair 274,2,165.22,0,330.44,in_store,Y
20260727-0049,2026-07-27,S007,P1046,,NP5046,SwitchbackRover Weekend Patio Heater 245,2,198.41,15,396.82,in_store,Y
20260727-0050,2026-07-27,S004,P1006,,NP5006,Trail Rover 20oz Tumbler 205,1,55.91,0,55.91,ship_from_store,Y
20260727-0051,2026-07-27,S003,P1050,,NP5050,RidgeRover Mid Trail Shoes 249,1,75.31,0,75.31,in_store,Y
20260727-0052,2026-07-27,S001,P1060,,NP5060,CloudNomad-32oz-Tumbler-259,1,154.39,0,154.39,ship_from_store,Y
20260727-0053,2026-07-27,S002,P1043,,NP5043,BoulderRambler Alpine Jacket 242,1,241.0,0,241.0,in_store,Y
20260727-0054,2026-07-27,S007,P1052,,NP5052,Storm Nomad Compact Cooler 251,4,369.46,5,1477.84,in_store,Y
20260727-0055,2026-07-27,S005,P1009,,NP5009,PineRunner 4P Tent 208,2,92.21,20,184.42,in_store,Y
20260727-0056,2026-07-27,S003,P1051,,NP5051,CreekRambler 2P Camp Chair 250,2,339.32,20,678.64,ship_from_store,Y
20260727-0057,2026-07-27,S005,P1049,,NP5049,SummitRunner Lightweight Jacket 248,2,210.91,5,421.82,ship_from_store,Y
20260727-0058,2026-07-27,S004,P1030,,NP5030,SwitchbackRover 20oz Tumbler 229,2,113.63,10,227.26,ship_from_store,N
20260727-0059,2026-07-27,S001,P1016,,NP5016,PeakNomad XL Cooler 215,1,634.09,0,634.09,in_store,Y
20260727-0060,2026-07-27,S006,P1058,,NP5058,VistaRover-Deluxe-Patio-Heater-257,1,224.05,15,224.05,pickup,Y
20260727-0061,2026-07-27,S002,P1026,,NP5026,VistaRover Mid Trail Shoes 225,1,130.4,0,130.4,in_store,N
20260727-0062,2026-07-27,S008,P1067,,NP5067,CreekRambler Alpine Jacket 266 Pro,3,253.63,5,760.89,in_store,Y
20260727-0063,2026-07-27,S006,P1080,,NP5080,PeakNomad Trail Shoes Alt,1,128.7,10,128.7,in_store,Y
20260727-0064,2026-07-27,S006,P1035,,NP5035,CreekRambler Rechargeable Flashlight 234,3,125.57,15,376.71,pickup,N
20260727-0065,2026-07-27,S005,P1012,,NP5012,CloudNomad 32oz Tumbler 211,1,123.66,0,123.66,ship_from_store,Y
20260727-0066,2026-07-27,S008,P1011,,NP5011,BoulderRambler Rechargeable Flashlight 210,2,133.07,0,266.14,pickup,Y
20260727-0067,2026-07-27,S007,P1064,,NP5064,PeakNomad-XL-Cooler-263,1,614.45,0,614.45,pickup,N
20260727-0068,2026-07-27,S004,P1018,,NP5018,RidgeRover Trail Tumbler 217,1,153.36,0,153.36,in_store,Y
20260727-0069,2026-07-27,S006,P1006,,NP5006,Trail Rover 20oz Tumbler 205,3,53.11,5,159.33,ship_from_store,Y
20260727-0070,2026-07-27,S002,P1064,,NP5064,PeakNomad-XL-Cooler-263,4,491.56,20,1966.24,in_store,Y
20260727-0071,2026-07-27,S004,P1009,,NP5009,PineRunner 4P Tent 208,1,92.21,20,92.21,in_store,N
20260727-0072,2026-07-27,S005,P1060,,NP5060,CloudNomad-32oz-Tumbler-259,3,154.39,0,463.17,in_store,Y
20260727-0073,2026-07-27,S001,P1037,,NP5037,EmberRunner Packable Jacket 236,2,91.75,0,183.5,in_store,N
20260727-0074,2026-07-27,S001,P1045,,NP5045,FieldRunner Basecamp Tent 244,1,278.73,20,278.73,pickup,Y
20260727-0075,2026-07-27,S006,P1033,,NP5033,SummitRunner 4P Tent 232,1,189.46,0,189.46,in_store,Y
20260727-0076,2026-07-27,S001,P1070,,NP5069,BoulderNomad Patio Heater,1,162.02,20,162.02,in_store,Y
20260727-0077,2026-07-27,S001,P1061,,NP5061,FieldRunner Packable Jacket 260 Pro,4,133.06,10,532.24,in_store,Y
20260727-0078,2026-07-27,S002,P1019,,NP5019,CreekRambler Alpine Jacket 218,1,143.19,20,143.19,ship_from_store,Y
20260727-0079,2026-07-27,S004,P1007,,NP5007,HearthRambler Storm proof Jacket 206,2,112.42,0,224.84,ship_from_store,Y
20260727-0080,2026-07-27,S004,P1013,,NP5013,FieldRunner Packable Jacket 212,1,97.39,0,97.39,in_store,N
20260727-0081,2026-07-27,S005,P1038,,NP5038,Trail Rover Wide Trail Shoes 237,1,196.88,0,196.88,in_store,Y
20260727-0082,2026-07-27,S002,P1058,,NP5058,VistaRover-Deluxe-Patio-Heater-257,1,263.59,0,263.59,pickup,N
20260727-0083,2026-07-27,S006,P1032,,NP5032,PeakNomad Waterproof Trail Shoes 231,1,174.67,10,174.67,in_store,N
20260727-0084,2026-07-27,S004,P1060,,NP5060,CloudNomad-32oz-Tumbler-259,2,138.95,10,277.9,in_store,Y
20260727-0085,2026-07-27,S001,P1012,,NP5012,CloudNomad 32oz Tumbler 211,1,105.11,15,105.11,in_store,Y
20260727-0086,2026-07-27,S008,P1003,,NP5003,CreekRambler 2P Camp Chair 202,3,448.98,0,1346.94,ship_from_store,Y
20260727-0087,2026-07-27,S003,P1038,,NP5038,Trail Rover Wide Trail Shoes 237,3,157.5,20,472.5,pickup,Y
20260727-0088,2026-07-27,S004,P1062,,NP5062,SwitchbackRover-Wide-Trail-Shoes-261,2,162.16,5,324.32,in_store,Y
20260727-0089,2026-07-27,S008,P1067,,NP5067,CreekRambler Alpine Jacket 266 Pro,2,266.98,0,533.96,in_store,Y
20260727-0090,2026-07-27,S001,P1045,,NP5045,FieldRunner Basecamp Tent 244,4,296.15,15,1184.6,in_store,N
20260727-0091,2026-07-27,S004,P1061,,NP5061,FieldRunner Packable Jacket 260 Pro,3,147.84,0,443.52,in_store,N
20260727-0092,2026-07-27,S008,P1058,,NP5058,VistaRover-Deluxe-Patio-Heater-257,2,263.59,0,527.18,ship_from_store,Y
20260727-0093,2026-07-27,S007,P1067,,NP5067,CreekRambler Alpine Jacket 266 Pro,1,253.63,5,253.63,in_store,Y
20260727-0094,2026-07-27,S004,P1021,,NP5021,EmberRunner Basecamp Tent 220,2,70.05,5,140.1,in_store,N
20260727-0095,2026-07-27,S003,P1023,,NP5023,HearthRambler Expedition Flashlight 222,1,127.3,10,127.3,ship_from_store,Y
20260727-0096,2026-07-27,S004,P1052,,NP5052,Storm Nomad Compact Cooler 251,1,350.02,10,350.02,in_store,N
20260727-0097,2026-07-27,S002,P1028,,NP5028,CloudNomad Compact Cooler 227,2,615.14,5,1230.28,ship_from_store,Y
20260727-0098,2026-07-27,S004,P1031,,NP5031,MoonRambler Storm proof Jacket 230,2,173.53,0,347.06,pickup,Y
20260728-0001,2026-07-28,S008,,NP5044,NP5044,CloudNomad Approach Trail Shoes 243,2,155.01,20,310.02,ship_from_store,Y
20260728-0002,2026-07-28,S003,,NP5072,NP5072,SummitRover Cooler,1,755.47,5,755.47,ship_from_store,Y
20260728-0003,2026-07-28,S008,,NP5044,NP5044,CloudNomad Approach Trail Shoes 243,3,193.76,0,581.28,ship_from_store,N
20260728-0004,2026-07-28,S001,,NP5067,NP5067,CreekRambler Alpine Jacket 266 Pro,2,247.56,0,495.12,in_store,Y
20260728-0005,2026-07-28,S007,,NP5008,NP5008,CanyonNomad Waterproof Trail Shoes 207,3,148.91,15,446.73,pickup,Y
20260728-0006,2026-07-28,S003,,NP5003,NP5003,CreekRambler 2P Camp Chair 202,1,375.39,15,375.39,in_store,Y
20260728-0007,2026-07-28,S006,,NP5069,NP5069,BoulderNomad Patio Heater,2,210.19,5,420.38,in_store,Y
20260728-0008,2026-07-28,S002,,NP5013,NP5013,FieldRunner Packable Jacket 212,1,99.43,0,99.43,in_store,Y
20260728-0009,2026-07-28,S003,,NP5032,NP5032,PeakNomad Waterproof Trail Shoes 231,2,160.34,20,320.68,in_store,Y
20260728-0010,2026-07-28,S008,,NP5020,NP5020,Storm Nomad Approach Trail Shoes 219,1,207.39,0,207.39,in_store,Y
20260728-0011,2026-07-28,S004,,NP5007,NP5007,HearthRambler Storm proof Jacket 206,1,109.09,0,109.09,in_store,Y
20260728-0012,2026-07-28,S007,,NP5038,NP5038,Trail Rover Wide Trail Shoes 237,1,198.18,0,198.18,in_store,Y
20260728-0013,2026-07-28,S001,,NP5031,NP5031,MoonRambler Storm proof Jacket 230,1,145.81,15,145.81,in_store,Y
20260728-0014,2026-07-28,S001,,NP5012,NP5012,CloudNomad 32oz Tumbler 211,3,120.05,0,360.15,in_store,Y
20260728-0015,2026-07-28,S008,,NP5016,NP5016,PeakNomad XL Cooler 215,3,648.67,0,1946.01,pickup,Y
20260728-0016,2026-07-28,S005,,NP5059,NP5059,BoulderRambler Rechargeable Flashlight 258 Pro,1,108.91,0,108.91,pickup,N
20260728-0017,2026-07-28,S003,,NP5016,NP5016,PeakNomad XL Cooler 215,1,648.67,0,648.67,pickup,Y
20260728-0018,2026-07-28,S003,,NP5014,NP5014,SwitchbackRover Wide Trail Shoes 213,2,180.27,15,360.54,pickup,Y
20260728-0019,2026-07-28,S001,,NP5073,NP5073,FieldRunner Battery Pack,4,91.38,0,365.52,pickup,Y
20260728-0020,2026-07-28,S007,,NP5036,NP5036,Storm Nomad 32oz Tumbler 235,2,148.63,5,297.26,pickup,N
20260728-0021,2026-07-28,S006,,NP5044,NP5044,CloudNomad Approach Trail Shoes 243,1,184.07,5,184.07,in_store,Y
20260728-0022,2026-07-28,S007,,NP5017,NP5017,SummitRunner Mini Battery Pack 216,2,63.28,0,126.56,in_store,Y
20260728-0023,2026-07-28,S006,,NP5032,NP5032,PeakNomad Waterproof Trail Shoes 231,1,200.43,0,200.43,in_store,Y
20260728-0024,2026-07-28,S003,,NP5050,NP5050,RidgeRover Mid Trail Shoes 249,4,74.44,0,297.76,pickup,Y
20260728-0025,2026-07-28,S004,,NP5042,NP5042,VistaRover Trail Tumbler 241,1,95.51,15,95.51,ship_from_store,Y
20260728-0026,2026-07-28,S003,,NP5072,NP5072,SummitRover Cooler,2,715.71,10,1431.42,in_store,Y
20260728-0027,2026-07-28,S007,,NP5076,NP5076,PeakNomad Trail Shoes,4,149.26,5,597.04,ship_from_store,Y
20260728-0028,2026-07-28,S005,,NP5008,NP5008,CanyonNomad Waterproof Trail Shoes 207,2,166.43,5,332.86,in_store,Y
20260728-0029,2026-07-28,S005,,NP5057,NP5057,PineRunner 4P Tent 256 Pro,4,339.67,15,1358.68,in_store,Y
20260728-0030,2026-07-28,S002,,NP5002,NP5002,RidgeRover Mid Trail Shoes 201,1,205.57,0,205.57,in_store,N
20260728-0031,2026-07-28,S007,,NP5051,NP5051,CreekRambler 2P Camp Chair 250,2,364.67,15,729.34,in_store,Y
20260728-0032,2026-07-28,S002,,NP5076,NP5076,PeakNomad Trail Shoes,2,125.7,20,251.4,in_store,Y
20260728-0033,2026-07-28,S006,,NP5025,NP5025,PineRunner Lightweight Jacket 224,1,115.3,5,115.3,pickup,Y
20260728-0034,2026-07-28,S005,,NP5042,NP5042,VistaRover Trail Tumbler 241,4,95.51,15,382.04,in_store,Y
20260728-0035,2026-07-28,S006,,NP5023,NP5023,HearthRambler Expedition Flashlight 222,2,144.84,0,289.68,in_store,Y
20260728-0036,2026-07-28,S006,,NP5052,NP5052,Storm Nomad Compact Cooler 251,2,359.25,5,718.5,in_store,Y
20260728-0037,2026-07-28,S006,,NP5008,NP5008,CanyonNomad Waterproof Trail Shoes 207,1,148.91,15,148.91,ship_from_store,Y
20260728-0038,2026-07-28,S005,,NP5040,NP5040,CanyonNomad XL Cooler 239,1,107.52,0,107.52,pickup,Y
20260728-0039,2026-07-28,S005,,NP5069,NP5069,BoulderNomad Patio Heater,2,188.06,15,376.12,in_store,Y
20260728-0040,2026-07-28,S004,,NP5009,NP5009,PineRunner 4P Tent 208,1,118.72,0,118.72,pickup,Y
20260728-0041,2026-07-28,S004,,NP5015,NP5015,MoonRambler Ultralight Camp Chair 214,1,190.74,0,190.74,ship_from_store,Y
20260728-0042,2026-07-28,S002,,NP5064,NP5064,PeakNomad-XL-Cooler-263,1,524.54,20,524.54,ship_from_store,Y
20260728-0043,2026-07-28,S006,,NP5034,NP5034,RidgeRover Deluxe Patio Heater 233,1,168.67,0,168.67,in_store,Y
20260728-0044,2026-07-28,S001,,NP5020,NP5020,Storm Nomad Approach Trail Shoes 219,2,207.39,0,414.78,ship_from_store,Y
20260728-0045,2026-07-28,S008,,NP5029,NP5029,FieldRunner Storm Kit Battery Pack 228,2,110.19,10,220.38,in_store,Y
20260728-0046,2026-07-28,S005,,NP5063,NP5063,MoonRambler Ultralight Camp Chair 262 Pro,1,77.22,0,77.22,in_store,Y
20260728-0047,2026-07-28,S004,,NP5013,NP5013,FieldRunner Packable Jacket 212,1,89.49,10,89.49,ship_from_store,Y
20260728-0048,2026-07-28,S008,,NP5026,NP5026,VistaRover Mid Trail Shoes 225,2,122.26,5,244.52,in_store,Y
20260728-0049,2026-07-28,S005,,NP5003,NP5003,CreekRambler 2P Camp Chair 202,1,441.63,0,441.63,ship_from_store,Y
20260728-0050,2026-07-28,S006,,NP5065,NP5065,SummitRunner Mini Battery Pack 264 Pro,1,86.14,20,86.14,in_store,Y
20260728-0051,2026-07-28,S008,,NP5030,NP5030,SwitchbackRover 20oz Tumbler 229,3,102.85,20,308.55,in_store,N
20260728-0052,2026-07-28,S003,,NP5060,NP5060,CloudNomad-32oz-Tumbler-259,2,133.32,20,266.64,pickup,N
20260728-0053,2026-07-28,S004,,NP5025,NP5025,PineRunner Lightweight Jacket 224,1,97.1,20,97.1,in_store,Y
20260728-0054,2026-07-28,S004,,NP5026,NP5026,VistaRover Mid Trail Shoes 225,4,128.7,0,514.8,pickup,Y
20260728-0055,2026-07-28,S003,,NP5067,NP5067,CreekRambler Alpine Jacket 266 Pro,2,247.56,0,495.12,ship_from_store,Y
20260728-0056,2026-07-28,S006,,NP5044,NP5044,CloudNomad Approach Trail Shoes 243,1,164.7,15,164.7,in_store,Y
20260728-0057,2026-07-28,S007,,NP5066,NP5066,RidgeRover-Trail-Tumbler-265,1,100.98,0,100.98,ship_from_store,N
20260728-0058,2026-07-28,S006,,NP5059,NP5059,BoulderRambler Rechargeable Flashlight 258 Pro,1,108.91,0,108.91,in_store,Y
20260728-0059,2026-07-28,S002,,NP5057,NP5057,PineRunner 4P Tent 256 Pro,4,359.65,10,1438.6,in_store,N
20260728-0060,2026-07-28,S005,,NP5072,NP5072,SummitRover Cooler,4,795.23,0,3180.92,pickup,Y
20260728-0061,2026-07-28,S006,,NP5060,NP5060,CloudNomad-32oz-Tumbler-259,2,166.65,0,333.3,ship_from_store,Y
20260728-0062,2026-07-28,S001,,NP5007,NP5007,HearthRambler Storm proof Jacket 206,2,103.64,5,207.28,pickup,Y
20260728-0063,2026-07-28,S004,,NP5062,NP5062,SwitchbackRover-Wide-Trail-Shoes-261,3,163.29,0,489.87,in_store,Y
20260728-0064,2026-07-28,S004,,NP5006,NP5006,Trail Rover 20oz Tumbler 205,2,44.3,20,88.6,in_store,Y
20260728-0065,2026-07-28,S001,,NP5062,NP5062,SwitchbackRover-Wide-Trail-Shoes-261,1,163.29,0,163.29,in_store,Y
20260728-0066,2026-07-28,S004,,NP5060,NP5060,CloudNomad-32oz-Tumbler-259,4,158.32,5,633.28,in_store,Y
20260728-0067,2026-07-28,S002,,NP5004,NP5004,Storm Nomad Compact Cooler 203,1,87.17,20,87.17,in_store,Y
20260728-0068,2026-07-28,S004,,NP5008,NP5008,CanyonNomad Waterproof Trail Shoes 207,1,157.67,10,157.67,in_store,Y
20260728-0069,2026-07-28,S002,,NP5007,NP5007,HearthRambler Storm proof Jacket 206,4,103.64,5,414.56,pickup,N
20260728-0070,2026-07-28,S006,,NP5004,NP5004,Storm Nomad Compact Cooler 203,3,108.96,0,326.88,in_store,Y
20260728-0071,2026-07-28,S006,,NP5073,NP5073,FieldRunner Battery Pack,2,91.38,0,182.76,in_store,Y
20260728-0072,2026-07-28,S003,,NP5076,NP5076,PeakNomad Trail Shoes,2,141.41,10,282.82,in_store,Y
20260728-0073,2026-07-28,S003,,NP5006,NP5006,Trail Rover 20oz Tumbler 205,1,44.3,20,44.3,in_store,Y
20260728-0074,2026-07-28,S001,,NP5060,NP5060,CloudNomad-32oz-Tumbler-259,2,141.65,15,283.3,in_store,Y
20260728-0075,2026-07-28,S008,,NP5066,NP5066,RidgeRover-Trail-Tumbler-265,1,95.93,5,95.93,in_store,Y
20260728-0076,2026-07-28,S003,,NP5018,NP5018,RidgeRover Trail Tumbler 217,1,150.17,0,150.17,in_store,Y
20260728-0077,2026-07-28,S006,,NP5021,NP5021,EmberRunner Basecamp Tent 220,1,73.7,0,73.7,in_store,N
20260728-0078,2026-07-28,S004,,NP5022,NP5022,Trail Rover Weekend Patio Heater 221,4,348.76,10,1395.04,in_store,Y
20260728-0079,2026-07-28,S007,,NP5031,NP5031,MoonRambler Storm proof Jacket 230,2,137.23,20,274.46,pickup,Y
20260728-0080,2026-07-28,S006,,NP5066,NP5066,RidgeRover-Trail-Tumbler-265,2,80.78,20,161.56,in_store,N
20260728-0081,2026-07-28,S008,,NP5072,NP5072,SummitRover Cooler,1,675.95,15,675.95,in_store,Y
20260728-0082,2026-07-28,S004,,NP5048,NP5048,PeakNomad Travel Tumbler 247,3,58.16,20,174.48,in_store,Y
20260728-0083,2026-07-28,S008,,NP5064,NP5064,PeakNomad-XL-Cooler-263,1,524.54,20,524.54,in_store,Y
20260728-0084,2026-07-28,S005,,NP5040,NP5040,CanyonNomad XL Cooler 239,3,107.52,0,322.56,in_store,Y
20260728-0085,2026-07-28,S002,,NP5075,NP5075,MoonRambler Rain Shell,1,219.82,20,219.82,pickup,N
20260728-0086,2026-07-28,S007,,NP5006,NP5006,Trail Rover 20oz Tumbler 205,2,49.84,10,99.68,ship_from_store,Y
20260728-0087,2026-07-28,S003,,NP5067,NP5067,CreekRambler Alpine Jacket 266 Pro,2,247.56,0,495.12,in_store,Y
20260728-0088,2026-07-28,S004,,NP5059,NP5059,BoulderRambler Rechargeable Flashlight 258 Pro,1,103.46,5,103.46,pickup,Y
20260728-0089,2026-07-28,S008,,NP5004,NP5004,Storm Nomad Compact Cooler 203,3,108.96,0,326.88,ship_from_store,Y
20260728-0090,2026-07-28,S001,,NP5055,NP5055,HearthRambler Storm proof Jacket 254,2,279.48,0,558.96,in_store,Y
20260728-0091,2026-07-28,S008,,NP5045,NP5045,FieldRunner Basecamp Tent 244,1,326.37,5,326.37,ship_from_store,Y
20260728-0092,2026-07-28,S005,,NP5055,NP5055,HearthRambler Storm proof Jacket 254,2,251.53,10,503.06,pickup,N
20260728-0093,2026-07-28,S001,,NP5043,NP5043,BoulderRambler Alpine Jacket 242,1,237.41,0,237.41,in_store,Y
20260728-0094,2026-07-28,S001,,NP5048,NP5048,PeakNomad Travel Tumbler 247,1,58.16,20,58.16,in_store,N
20260728-0095,2026-07-28,S001,,NP5049,NP5049,SummitRunner Lightweight Jacket 248,1,223.44,0,223.44,in_store,Y
20260728-0096,2026-07-28,S003,,NP5054,NP5054,Trail Rover 20oz Tumbler 253,1,72.66,0,72.66,in_store,Y
20260728-0097,2026-07-28,S004,,NP5076,NP5076,PeakNomad Trail Shoes,2,133.55,15,267.1,in_store,Y
20260728-0098,2026-07-28,S002,,NP5003,NP5003,CreekRambler 2P Camp Chair 202,4,375.39,15,1501.56,in_store,Y
20260728-0099,2026-07-28,S008,,NP5015,NP5015,MoonRambler Ultralight Camp Chair 214,1,190.74,0,190.74,pickup,Y
20260728-0100,2026-07-28,S002,,NP5048,NP5048,PeakNomad Travel Tumbler 247,3,72.7,0,218.1,in_store,N
20260728-0101,2026-07-28,S006,,NP5016,NP5016,PeakNomad XL Cooler 215,1,648.67,0,648.67,pickup,N
20260729-0001,2026-07-29,S005,,NP5047,NP5047,MoonRambler Expedition Flashlight 246,1,58.07,0,58.07,ship_from_store,N
20260729-0002,2026-07-29,S004,,NP5075,NP5075,MoonRambler Rain Shell,2,274.77,0,549.54,in_store,N
20260729-0003,2026-07-29,S004,,NP5011,NP5011,BoulderRambler Rechargeable Flashlight 210,2,132.66,0,265.32,pickup,N
20260729-0004,2026-07-29,S006,,NP5055,NP5055,HearthRambler Storm proof Jacket 254,3,223.58,20,670.74,in_store,Y
20260729-0005,2026-07-29,S001,,NP5067,NP5067,CreekRambler Alpine Jacket 266 Pro,1,247.56,0,247.56,in_store,Y
20260729-0006,2026-07-29,S003,,NP5027,NP5027,BoulderRambler 2P Camp Chair 226,1,93.13,0,93.13,pickup,Y
20260729-0007,2026-07-29,S006,,NP5011,NP5011,BoulderRambler Rechargeable Flashlight 210,1,126.03,5,126.03,pickup,N
20260729-0008,2026-07-29,S001,,NP5012,NP5012,CloudNomad 32oz Tumbler 211,2,120.05,0,240.1,pickup,N
20260729-0009,2026-07-29,S004,,NP5063,NP5063,MoonRambler Ultralight Camp Chair 262 Pro,2,65.64,15,131.28,in_store,Y
20260729-0010,2026-07-29,S005,,NP5068,NP5068,StormNomad-Approach-Trail-Shoes-267,1,77.68,10,77.68,in_store,Y
20260729-0011,2026-07-29,S007,,NP5029,NP5029,FieldRunner Storm Kit Battery Pack 228,1,110.19,10,110.19,pickup,N
20260729-0012,2026-07-29,S003,,NP5020,NP5020,Storm Nomad Approach Trail Shoes 219,2,207.39,0,414.78,pickup,Y
20260729-0013,2026-07-29,S002,,NP5053,NP5053,EmberRunner Storm Kit Battery Pack 252,1,111.73,0,111.73,in_store,Y
20260729-0014,2026-07-29,S004,,NP5029,NP5029,FieldRunner Storm Kit Battery Pack 228,2,122.43,0,244.86,in_store,N
20260729-0015,2026-07-29,S007,,NP5055,NP5055,HearthRambler Storm proof Jacket 254,1,279.48,0,279.48,pickup,Y
20260729-0016,2026-07-29,S004,,NP5067,NP5067,CreekRambler Alpine Jacket 266 Pro,2,210.43,15,420.86,in_store,N
20260729-0017,2026-07-29,S002,,NP5023,NP5023,HearthRambler Expedition Flashlight 222,3,123.11,15,369.33,pickup,Y
20260729-0018,2026-07-29,S001,,NP5029,NP5029,FieldRunner Storm Kit Battery Pack 228,2,122.43,0,244.86,in_store,Y
20260729-0019,2026-07-29,S003,,NP5065,NP5065,SummitRunner Mini Battery Pack 264 Pro,2,96.9,10,193.8,ship_from_store,Y
20260729-0020,2026-07-29,S001,,NP5048,NP5048,PeakNomad Travel Tumbler 247,1,72.7,0,72.7,pickup,Y
20260729-0021,2026-07-29,S002,,NP5026,NP5026,VistaRover Mid Trail Shoes 225,3,128.7,0,386.1,in_store,Y
20260729-0022,2026-07-29,S004,,NP5010,NP5010,VistaRover Deluxe Patio Heater 209,1,527.8,5,527.8,in_store,N
20260729-0023,2026-07-29,S007,,NP5023,NP5023,HearthRambler Expedition Flashlight 222,2,115.87,20,231.74,in_store,Y
20260729-0024,2026-07-29,S003,,NP5003,NP5003,CreekRambler 2P Camp Chair 202,3,441.63,0,1324.89,ship_from_store,Y
20260729-0025,2026-07-29,S003,,NP5012,NP5012,CloudNomad 32oz Tumbler 211,2,108.05,10,216.1,in_store,Y
20260729-0026,2026-07-29,S006,,NP5024,NP5024,CanyonNomad Travel Tumbler 223,2,88.37,0,176.74,in_store,Y
20260729-0027,2026-07-29,S007,,NP5071,NP5071,MoonScout Trail Shoes,1,176.04,20,176.04,pickup,N
20260729-0028,2026-07-29,S002,,NP5011,NP5011,BoulderRambler Rechargeable Flashlight 210,1,132.66,0,132.66,in_store,Y
20260729-0029,2026-07-29,S001,,NP5059,NP5059,BoulderRambler Rechargeable Flashlight 258 Pro,3,108.91,0,326.73,pickup,Y
20260729-0030,2026-07-29,S003,,NP5048,NP5048,PeakNomad Travel Tumbler 247,3,65.43,10,196.29,ship_from_store,Y
20260729-0031,2026-07-29,S003,,NP5030,NP5030,SwitchbackRover 20oz Tumbler 229,1,128.56,0,128.56,in_store,Y
20260729-0032,2026-07-29,S005,,NP5008,NP5008,CanyonNomad Waterproof Trail Shoes 207,1,148.91,15,148.91,in_store,Y
20260729-0033,2026-07-29,S006,,NP5016,NP5016,PeakNomad XL Cooler 215,2,616.24,5,1232.48,pickup,N
20260729-0034,2026-07-29,S002,,NP5062,NP5062,SwitchbackRover-Wide-Trail-Shoes-261,1,163.29,0,163.29,in_store,N
20260729-0035,2026-07-29,S005,,NP5071,NP5071,MoonScout Trail Shoes,1,209.05,5,209.05,in_store,N
20260729-0036,2026-07-29,S003,,NP5057,NP5057,PineRunner 4P Tent 256 Pro,1,379.63,5,379.63,in_store,Y
20260729-0037,2026-07-29,S003,,NP5070,NP5070,FieldPacer Insulated Tumbler,2,143.21,0,286.42,in_store,Y
20260729-0038,2026-07-29,S005,,NP5014,NP5014,SwitchbackRover Wide Trail Shoes 213,1,201.48,5,201.48,in_store,Y
20260729-0039,2026-07-29,S003,,NP5031,NP5031,MoonRambler Storm proof Jacket 230,2,137.23,20,274.46,in_store,Y
20260729-0040,2026-07-29,S004,,NP5025,NP5025,PineRunner Lightweight Jacket 224,1,121.37,0,121.37,ship_from_store,Y
20260729-0041,2026-07-29,S004,,NP5060,NP5060,CloudNomad-32oz-Tumbler-259,2,141.65,15,283.3,pickup,Y
20260729-0042,2026-07-29,S003,,NP5024,NP5024,CanyonNomad Travel Tumbler 223,1,88.37,0,88.37,in_store,Y
20260729-0043,2026-07-29,S007,,NP5065,NP5065,SummitRunner Mini Battery Pack 264 Pro,3,96.9,10,290.7,in_store,N
20260729-0044,2026-07-29,S002,,NP5036,NP5036,Storm Nomad 32oz Tumbler 235,1,156.45,0,156.45,ship_from_store,N
20260729-0045,2026-07-29,S002,,NP5022,NP5022,Trail Rover Weekend Patio Heater 221,1,329.38,15,329.38,pickup,Y
20260729-0046,2026-07-29,S004,,NP5068,NP5068,StormNomad-Approach-Trail-Shoes-267,2,73.36,15,146.72,ship_from_store,Y
20260729-0047,2026-07-29,S002,,NP5055,NP5055,HearthRambler Storm proof Jacket 254,2,279.48,0,558.96,in_store,Y
20260729-0048,2026-07-29,S007,,NP5033,NP5033,SummitRunner 4P Tent 232,2,178.22,5,356.44,in_store,Y
20260729-0049,2026-07-29,S007,,NP5004,NP5004,Storm Nomad Compact Cooler 203,4,87.17,20,348.68,in_store,Y
20260729-0050,2026-07-29,S001,,NP5023,NP5023,HearthRambler Expedition Flashlight 222,2,130.36,10,260.72,in_store,Y
20260729-0051,2026-07-29,S007,,NP5011,NP5011,BoulderRambler Rechargeable Flashlight 210,4,106.13,20,424.52,ship_from_store,Y
20260729-0052,2026-07-29,S006,,NP5057,NP5057,PineRunner 4P Tent 256 Pro,1,379.63,5,379.63,in_store,N
20260729-0053,2026-07-29,S004,,NP5032,NP5032,PeakNomad Waterproof Trail Shoes 231,2,190.41,5,380.82,in_store,Y
20260729-0054,2026-07-29,S002,,NP5038,NP5038,Trail Rover Wide Trail Shoes 237,4,198.18,0,792.72,pickup,Y
20260729-0055,2026-07-29,S007,,NP5004,NP5004,Storm Nomad Compact Cooler 203,2,92.62,15,185.24,in_store,Y
20260729-0056,2026-07-29,S002,,NP5048,NP5048,PeakNomad Travel Tumbler 247,1,72.7,0,72.7,in_store,N
20260729-0057,2026-07-29,S008,,NP5028,NP5028,CloudNomad Compact Cooler 227,3,629.06,0,1887.18,in_store,Y
20260729-0058,2026-07-29,S001,,NP5063,NP5063,MoonRambler Ultralight Camp Chair 262 Pro,1,73.36,5,73.36,ship_from_store,Y
20260729-0059,2026-07-29,S004,,NP5021,NP5021,EmberRunner Basecamp Tent 220,3,73.7,0,221.1,in_store,Y
20260729-0060,2026-07-29,S004,,NP5057,NP5057,PineRunner 4P Tent 256 Pro,2,359.65,10,719.3,in_store,Y
20260729-0061,2026-07-29,S003,,NP5030,NP5030,SwitchbackRover 20oz Tumbler 229,1,128.56,0,128.56,in_store,Y
20260729-0062,2026-07-29,S001,,NP5003,NP5003,CreekRambler 2P Camp Chair 202,1,375.39,15,375.39,in_store,Y
20260729-0063,2026-07-29,S004,,NP5025,NP5025,PineRunner Lightweight Jacket 224,2,121.37,0,242.74,ship_from_store,Y
20260729-0064,2026-07-29,S004,,NP5071,NP5071,MoonScout Trail Shoes,2,198.05,10,396.1,pickup,Y
20260729-0065,2026-07-29,S002,,NP5074,NP5074,SwitchbackRover Insulated Tumbler,1,163.7,0,163.7,in_store,Y
20260729-0066,2026-07-29,S006,,NP5019,NP5019,CreekRambler Alpine Jacket 218,2,152.94,15,305.88,in_store,Y
20260729-0067,2026-07-29,S008,,NP5047,NP5047,MoonRambler Expedition Flashlight 246,4,58.07,0,232.28,in_store,Y
20260729-0068,2026-07-29,S006,,NP5021,NP5021,EmberRunner Basecamp Tent 220,3,70.02,5,210.06,in_store,N
20260729-0069,2026-07-29,S006,,NP5012,NP5012,CloudNomad 32oz Tumbler 211,4,114.05,5,456.2,pickup,Y
20260729-0070,2026-07-29,S001,,NP5030,NP5030,SwitchbackRover 20oz Tumbler 229,2,109.28,15,218.56,pickup,Y
20260729-0071,2026-07-29,S003,,NP5032,NP5032,PeakNomad Waterproof Trail Shoes 231,1,200.43,0,200.43,ship_from_store,Y
20260729-0072,2026-07-29,S003,,NP5012,NP5012,CloudNomad 32oz Tumbler 211,1,120.05,0,120.05,pickup,Y
20260729-0073,2026-07-29,S004,,NP5032,NP5032,PeakNomad Waterproof Trail Shoes 231,2,200.43,0,400.86,pickup,Y
20260729-0074,2026-07-29,S003,,NP5055,NP5055,HearthRambler Storm proof Jacket 254,1,237.56,15,237.56,ship_from_store,N
20260729-0075,2026-07-29,S005,,NP5041,NP5041,PineRunner Mini Battery Pack 240,2,50.86,5,101.72,pickup,Y
20260729-0076,2026-07-29,S008,,NP5051,NP5051,CreekRambler 2P Camp Chair 250,1,343.22,20,343.22,in_store,N
20260729-0077,2026-07-29,S001,,NP5028,NP5028,CloudNomad Compact Cooler 227,2,534.7,15,1069.4,in_store,Y
20260729-0078,2026-07-29,S008,,NP5021,NP5021,EmberRunner Basecamp Tent 220,3,70.02,5,210.06,in_store,Y
20260729-0079,2026-07-29,S003,,NP5056,NP5056,CanyonNomad Waterproof Trail Shoes 255,1,148.79,0,148.79,in_store,N
20260729-0080,2026-07-29,S003,,NP5066,NP5066,RidgeRover-Trail-Tumbler-265,1,80.78,20,80.78,ship_from_store,Y
20260729-0081,2026-07-29,S006,,NP5053,NP5053,EmberRunner Storm Kit Battery Pack 252,1,111.73,0,111.73,in_store,Y
20260729-0082,2026-07-29,S005,,NP5009,NP5009,PineRunner 4P Tent 208,1,112.78,5,112.78,pickup,Y
20260729-0083,2026-07-29,S008,,NP5069,NP5069,BoulderNomad Patio Heater,2,221.25,0,442.5,ship_from_store,N
20260729-0084,2026-07-29,S004,,NP5037,NP5037,EmberRunner Packable Jacket 236,1,84.91,5,84.91,ship_from_store,Y
20260729-0085,2026-07-29,S007,,NP5014,NP5014,SwitchbackRover Wide Trail Shoes 213,4,212.08,0,848.32,pickup,Y
20260729-0086,2026-07-29,S006,,NP5044,NP5044,CloudNomad Approach Trail Shoes 243,1,155.01,20,155.01,pickup,N
20260729-0087,2026-07-29,S006,,NP5011,NP5011,BoulderRambler Rechargeable Flashlight 210,3,106.13,20,318.39,in_store,Y
20260729-0088,2026-07-29,S001,,NP5030,NP5030,SwitchbackRover 20oz Tumbler 229,3,122.13,5,366.39,in_store,N
20260729-0089,2026-07-29,S007,,NP5018,NP5018,RidgeRover Trail Tumbler 217,2,142.66,5,285.32,pickup,Y
20260729-0090,2026-07-29,S007,,NP5060,NP5060,CloudNomad-32oz-Tumbler-259,1,166.65,0,166.65,pickup,N
20260729-0091,2026-07-29,S008,,NP5053,NP5053,EmberRunner Storm Kit Battery Pack 252,1,94.97,15,94.97,pickup,N
20260729-0092,2026-07-29,S004,,NP5003,NP5003,CreekRambler 2P Camp Chair 202,1,419.55,5,419.55,in_store,Y
20260729-0093,2026-07-29,S004,,NP5034,NP5034,RidgeRover Deluxe Patio Heater 233,1,168.67,0,168.67,pickup,N
20260729-0094,2026-07-29,S007,,NP5045,NP5045,FieldRunner Basecamp Tent 244,1,343.55,0,343.55,in_store,N
20260729-0095,2026-07-29,S001,,NP5062,NP5062,SwitchbackRover-Wide-Trail-Shoes-261,4,146.96,10,587.84,in_store,Y
20260729-0096,2026-07-29,S004,,NP5002,NP5002,RidgeRover Mid Trail Shoes 201,1,174.73,15,174.73,ship_from_store,N
20260729-0097,2026-07-29,S005,,NP5027,NP5027,BoulderRambler 2P Camp Chair 226,2,93.13,0,186.26,in_store,Y
20260729-0098,2026-07-29,S008,,NP5017,NP5017,SummitRunner Mini Battery Pack 216,3,60.12,5,180.36,pickup,Y
20260729-0099,2026-07-29,S001,,NP5006,NP5006,Trail Rover 20oz Tumbler 205,3,49.84,10,149.52,ship_from_store,Y
20260729-0100,2026-07-29,S004,,NP5029,NP5029,FieldRunner Storm Kit Battery Pack 228,4,122.43,0,489.72,in_store,Y
20260729-0101,2026-07-29,S004,,NP5071,NP5071,MoonScout Trail Shoes,1,198.05,10,198.05,ship_from_store,Y
20260729-0102,2026-07-29,S004,,NP5026,NP5026,VistaRover Mid Trail Shoes 225,2,109.39,15,218.78,ship_from_store,Y
20260729-0103,2026-07-29,S003,,NP5009,NP5009,PineRunner 4P Tent 208,1,106.85,10,106.85,pickup,Y
20260729-0104,2026-07-29,S001,,NP5069,NP5069,BoulderNomad Patio Heater,1,177.0,20,177.0,in_store,Y
20260729-0105,2026-07-29,S004,,NP5035,NP5035,CreekRambler Rechargeable Flashlight 234,1,122.62,15,122.62,pickup,N
20260729-0106,2026-07-29,S006,,NP5058,NP5058,VistaRover-Deluxe-Patio-Heater-257,1,287.12,0,287.12,ship_from_store,N
20260729-0107,2026-07-29,S004,,NP5016,NP5016,PeakNomad XL Cooler 215,4,648.67,0,2594.68,in_store,N
20260729-0108,2026-07-29,S004,,NP5069,NP5069,BoulderNomad Patio Heater,1,210.19,5,210.19,pickup,Y
20260729-0109,2026-07-29,S005,,NP5029,NP5029,FieldRunner Storm Kit Battery Pack 228,1,122.43,0,122.43,ship_from_store,N
20260729-0110,2026-07-29,S001,,NP5024,NP5024,CanyonNomad Travel Tumbler 223,2,79.53,10,159.06,in_store,Y
20260729-0111,2026-07-29,S003,,NP5030,NP5030,SwitchbackRover 20oz Tumbler 229,1,122.13,5,122.13,pickup,N
20260729-0112,2026-07-29,S004,,NP5028,NP5028,CloudNomad Compact Cooler 227,1,503.25,20,503.25,in_store,N
20260729-0113,2026-07-29,S002,,NP5067,NP5067,CreekRambler Alpine Jacket 266 Pro,1,210.43,15,210.43,in_store,Y
20260729-0114,2026-07-29,S008,,NP5003,NP5003,CreekRambler 2P Camp Chair 202,4,397.47,10,1589.88,ship_from_store,Y
20260729-0115,2026-07-29,S003,,NP5020,NP5020,Storm Nomad Approach Trail Shoes 219,1,197.02,5,197.02,in_store,Y
20260729-0116,2026-07-29,S003,,NP5035,NP5035,CreekRambler Rechargeable Flashlight 234,1,144.26,0,144.26,ship_from_store,N
20260729-0117,2026-07-29,S001,,NP5024,NP5024,CanyonNomad Travel Tumbler 223,2,79.53,10,159.06,in_store,Y
20260729-0118,2026-07-29,S004,,NP5032,NP5032,PeakNomad Waterproof Trail Shoes 231,1,190.41,5,190.41,ship_from_store,Y
20260729-0119,2026-07-29,S001,,NP5024,NP5024,CanyonNomad Travel Tumbler 223,2,88.37,0,176.74,ship_from_store,Y
20260729-0120,2026-07-29,S002,,NP5049,NP5049,SummitRunner Lightweight Jacket 248,1,189.92,15,189.92,pickup,Y
20260729-0121,2026-07-29,S001,,NP5072,NP5072,SummitRover Cooler,3,795.23,0,2385.69,in_store,Y
20260729-0122,2026-07-29,S003,,NP5008,NP5008,CanyonNomad Waterproof Trail Shoes 207,3,157.67,10,473.01,in_store,N
20260729-0123,2026-07-29,S007,,NP5027,NP5027,BoulderRambler 2P Camp Chair 226,1,93.13,0,93.13,pickup,N
20260729-0124,2026-07-29,S008,,NP5015,NP5015,MoonRambler Ultralight Camp Chair 214,2,152.59,20,305.18,pickup,N
20260729-0125,2026-07-29,S001,,NP5071,NP5071,MoonScout Trail Shoes,1,187.04,15,187.04,in_store,Y
20260729-0126,2026-07-29,S006,,NP5026,NP5026,VistaRover Mid Trail Shoes 225,2,102.96,20,205.92,pickup,Y
20260729-0127,2026-07-29,S004,,NP5008,NP5008,CanyonNomad Waterproof Trail Shoes 207,1,140.15,20,140.15,in_store,Y
20260729-0128,2026-07-29,S002,,NP5042,NP5042,VistaRover Trail Tumbler 241,4,112.36,0,449.44,in_store,N
20260729-0129,2026-07-29,S006,,NP5034,NP5034,RidgeRover Deluxe Patio Heater 233,2,168.67,0,337.34,ship_from_store,Y
20260729-0130,2026-07-29,S004,,NP5051,NP5051,CreekRambler 2P Camp Chair 250,3,386.12,10,1158.36,ship_from_store,N
20260729-0131,2026-07-29,S008,,NP5051,NP5051,CreekRambler 2P Camp Chair 250,2,429.02,0,858.04,in_store,Y
20260729-0132,2026-07-29,S005,,NP5004,NP5004,Storm Nomad Compact Cooler 203,3,92.62,15,277.86,in_store,Y
20260729-0133,2026-07-29,S007,,NP5009,NP5009,PineRunner 4P Tent 208,3,112.78,5,338.34,in_store,Y
20260730-0001,2026-07-30,S007,,NP5066,NP5066,RidgeRover-Trail-Tumbler-265,1,85.83,15,85.83,in_store,Y
20260730-0002,2026-07-30,S002,,NP5037,NP5037,EmberRunner Packable Jacket 236,3,89.38,0,268.14,in_store,Y
20260730-0003,2026-07-30,S002,,NP5010,NP5010,VistaRover Deluxe Patio Heater 209,2,500.02,10,1000.04,in_store,N
20260730-0004,2026-07-30,S001,,NP5015,NP5015,MoonRambler Ultralight Camp Chair 214,2,162.13,15,324.26,in_store,Y
20260730-0005,2026-07-30,S008,,NP5021,NP5021,EmberRunner Basecamp Tent 220,2,70.02,5,140.04,in_store,Y
20260730-0006,2026-07-30,S002,,NP5045,NP5045,FieldRunner Basecamp Tent 244,1,343.55,0,343.55,in_store,N
20260730-0007,2026-07-30,S005,,NP5037,NP5037,EmberRunner Packable Jacket 236,2,71.5,20,143.0,pickup,Y
20260730-0008,2026-07-30,S007,,NP5020,NP5020,Storm Nomad Approach Trail Shoes 219,1,176.28,15,176.28,in_store,Y
20260730-0009,2026-07-30,S007,,NP5003,NP5003,CreekRambler 2P Camp Chair 202,4,353.3,20,1413.2,in_store,Y
20260730-0010,2026-07-30,S005,,NP5020,NP5020,Storm Nomad Approach Trail Shoes 219,1,176.28,15,176.28,ship_from_store,N
20260730-0011,2026-07-30,S003,,NP5066,NP5066,RidgeRover-Trail-Tumbler-265,1,100.98,0,100.98,pickup,Y
20260730-0012,2026-07-30,S002,,NP5070,NP5070,FieldPacer Insulated Tumbler,3,128.89,10,386.67,ship_from_store,Y
20260730-0013,2026-07-30,S002,,NP5016,NP5016,PeakNomad XL Cooler 215,2,583.8,10,1167.6,pickup,Y
20260730-0014,2026-07-30,S002,,NP5026,NP5026,VistaRover Mid Trail Shoes 225,4,115.83,10,463.32,in_store,Y
20260730-0015,2026-07-30,S002,,NP5058,NP5058,VistaRover-Deluxe-Patio-Heater-257,1,244.05,15,244.05,ship_from_store,Y
20260730-0016,2026-07-30,S003,,NP5007,NP5007,HearthRambler Storm proof Jacket 206,1,103.64,5,103.64,in_store,Y
20260730-0017,2026-07-30,S006,,NP5006,NP5006,Trail Rover 20oz Tumbler 205,1,49.84,10,49.84,in_store,N
20260730-0018,2026-07-30,S002,,NP5071,NP5071,MoonScout Trail Shoes,1,209.05,5,209.05,ship_from_store,Y
20260730-0019,2026-07-30,S008,,NP5058,NP5058,VistaRover-Deluxe-Patio-Heater-257,4,244.05,15,976.2,in_store,N
20260730-0020,2026-07-30,S008,,NP5072,NP5072,SummitRover Cooler,4,795.23,0,3180.92,in_store,Y
20260730-0021,2026-07-30,S002,,NP5075,NP5075,MoonRambler Rain Shell,2,219.82,20,439.64,in_store,N
20260730-0022,2026-07-30,S004,,NP5009,NP5009,PineRunner 4P Tent 208,3,112.78,5,338.34,in_store,Y
20260730-0023,2026-07-30,S001,,NP5027,NP5027,BoulderRambler 2P Camp Chair 226,1,93.13,0,93.13,in_store,Y
20260730-0024,2026-07-30,S007,,NP5021,NP5021,EmberRunner Basecamp Tent 220,3,62.65,15,187.95,in_store,Y
20260730-0025,2026-07-30,S007,,NP5014,NP5014,SwitchbackRover Wide Trail Shoes 213,4,190.87,10,763.48,in_store,N
20260730-0026,2026-07-30,S001,,NP5047,NP5047,MoonRambler Expedition Flashlight 246,1,58.07,0,58.07,in_store,Y
20260730-0027,2026-07-30,S001,,NP5024,NP5024,CanyonNomad Travel Tumbler 223,4,70.7,20,282.8,in_store,N
20260730-0028,2026-07-30,S006,,NP5031,NP5031,MoonRambler Storm proof Jacket 230,3,162.96,5,488.88,in_store,Y
20260730-0029,2026-07-30,S008,,NP5041,NP5041,PineRunner Mini Battery Pack 240,1,53.54,0,53.54,in_store,N
20260730-0030,2026-07-30,S007,,NP5063,NP5063,MoonRambler Ultralight Camp Chair 262 Pro,1,77.22,0,77.22,ship_from_store,Y
20260730-0031,2026-07-30,S004,,NP5002,NP5002,RidgeRover Mid Trail Shoes 201,1,174.73,15,174.73,pickup,N
20260730-0032,2026-07-30,S001,,NP5014,NP5014,SwitchbackRover Wide Trail Shoes 213,3,212.08,0,636.24,in_store,Y
20260730-0033,2026-07-30,S007,,NP5006,NP5006,Trail Rover 20oz Tumbler 205,1,52.61,5,52.61,in_store,N
20260730-0034,2026-07-30,S002,,NP5055,NP5055,HearthRambler Storm proof Jacket 254,3,279.48,0,838.44,in_store,Y
20260730-0035,2026-07-30,S008,,NP9999,NP9999,Unknown Product (NP9999),1,133.91,10,133.91,ship_from_store,Y
20260730-0036,2026-07-30,S002,,NP5043,NP5043,BoulderRambler Alpine Jacket 242,1,237.41,0,237.41,pickup,Y
20260730-0037,2026-07-30,S004,,NP5050,NP5050,RidgeRover Mid Trail Shoes 249,1,67.0,10,67.0,pickup,Y
20260730-0038,2026-07-30,S003,,NP5067,NP5067,CreekRambler Alpine Jacket 266 Pro,1,222.8,10,222.8,ship_from_store,N
20260730-0039,2026-07-30,S005,,NP5038,NP5038,Trail Rover Wide Trail Shoes 237,2,188.27,5,376.54,in_store,Y
20260730-0040,2026-07-30,S004,,NP5031,NP5031,MoonRambler Storm proof Jacket 230,4,171.54,0,686.16,ship_from_store,Y
20260730-0041,2026-07-30,S003,,NP5036,NP5036,Storm Nomad 32oz Tumbler 235,2,156.45,0,312.9,in_store,Y
20260730-0042,2026-07-30,S004,,NP5003,NP5003,CreekRambler 2P Camp Chair 202,1,441.63,0,441.63,in_store,Y
20260730-0043,2026-07-30,S005,,NP5019,NP5019,CreekRambler Alpine Jacket 218,4,143.94,20,575.76,in_store,Y
20260730-0044,2026-07-30,S002,,NP5019,NP5019,CreekRambler Alpine Jacket 218,2,143.94,20,287.88,in_store,N
20260730-0045,2026-07-30,S005,,NP5055,NP5055,HearthRambler Storm proof Jacket 254,2,251.53,10,503.06,ship_from_store,Y
20260730-0046,2026-07-30,S008,,NP9999,NP9999,Unknown Product (NP9999),1,399.61,0,399.61,in_store,Y
20260730-0047,2026-07-30,S004,,NP5062,NP5062,SwitchbackRover-Wide-Trail-Shoes-261,2,130.63,20,261.26,ship_from_store,N
20260730-0048,2026-07-30,S002,,NP5039,NP5039,HearthRambler Ultralight Camp Chair 238,2,340.47,5,680.94,ship_from_store,N
20260730-0049,2026-07-30,S001,,NP5046,NP5046,SwitchbackRover Weekend Patio Heater 245,1,228.91,0,228.91,ship_from_store,Y
20260730-0050,2026-07-30,S007,,NP5018,NP5018,RidgeRover Trail Tumbler 217,4,150.17,0,600.68,ship_from_store,Y
20260730-0051,2026-07-30,S002,,NP5025,NP5025,PineRunner Lightweight Jacket 224,4,121.37,0,485.48,in_store,Y
20260730-0052,2026-07-30,S004,,NP5034,NP5034,RidgeRover Deluxe Patio Heater 233,1,168.67,0,168.67,in_store,Y
20260730-0053,2026-07-30,S007,,NP5033,NP5033,SummitRunner 4P Tent 232,4,159.46,15,637.84,in_store,Y
20260730-0054,2026-07-30,S007,,NP5060,NP5060,CloudNomad-32oz-Tumbler-259,1,149.99,10,149.99,in_store,N
20260730-0055,2026-07-30,S005,,NP5045,NP5045,FieldRunner Basecamp Tent 244,2,326.37,5,652.74,in_store,Y
20260730-0056,2026-07-30,S007,,NP5039,NP5039,HearthRambler Ultralight Camp Chair 238,1,340.47,5,340.47,in_store,Y
20260730-0057,2026-07-30,S007,,NP5018,NP5018,RidgeRover Trail Tumbler 217,1,127.64,15,127.64,ship_from_store,Y
20260730-0058,2026-07-30,S007,,NP5019,NP5019,CreekRambler Alpine Jacket 218,1,179.93,0,179.93,in_store,N
20260730-0059,2026-07-30,S002,,NP5013,NP5013,FieldRunner Packable Jacket 212,1,99.43,0,99.43,in_store,Y
20260730-0060,2026-07-30,S002,,NP5004,NP5004,Storm Nomad Compact Cooler 203,2,92.62,15,185.24,in_store,Y
20260730-0061,2026-07-30,S007,,NP5058,NP5058,VistaRover-Deluxe-Patio-Heater-257,2,272.76,5,545.52,in_store,N
20260730-0062,2026-07-30,S001,,NP5051,NP5051,CreekRambler 2P Camp Chair 250,2,364.67,15,729.34,in_store,Y
20260730-0063,2026-07-30,S004,,NP5039,NP5039,HearthRambler Ultralight Camp Chair 238,1,358.39,0,358.39,pickup,Y
20260730-0064,2026-07-30,S003,,NP5045,NP5045,FieldRunner Basecamp Tent 244,3,309.19,10,927.57,in_store,N
20260730-0065,2026-07-30,S004,,NP5016,NP5016,PeakNomad XL Cooler 215,1,648.67,0,648.67,in_store,Y
20260730-0066,2026-07-30,S001,,NP5016,NP5016,PeakNomad XL Cooler 215,4,583.8,10,2335.2,in_store,Y
20260730-0067,2026-07-30,S006,,NP5018,NP5018,RidgeRover Trail Tumbler 217,1,150.17,0,150.17,in_store,N
20260730-0068,2026-07-30,S001,,NP5069,NP5069,BoulderNomad Patio Heater,2,188.06,15,376.12,ship_from_store,Y
20260730-0069,2026-07-30,S006,,NP5054,NP5054,Trail Rover 20oz Tumbler 253,3,65.39,10,196.17,pickup,Y
20260730-0070,2026-07-30,S002,,NP5014,NP5014,SwitchbackRover Wide Trail Shoes 213,2,201.48,5,402.96,in_store,Y
20260730-0071,2026-07-30,S001,,NP5012,NP5012,CloudNomad 32oz Tumbler 211,2,120.05,0,240.1,in_store,Y
20260730-0072,2026-07-30,S006,,NP5025,NP5025,PineRunner Lightweight Jacket 224,2,121.37,0,242.74,in_store,Y
20260730-0073,2026-07-30,S001,,NP5022,NP5022,Trail Rover Weekend Patio Heater 221,2,387.51,0,775.02,pickup,Y
20260730-0074,2026-07-30,S005,,NP5029,NP5029,FieldRunner Storm Kit Battery Pack 228,2,122.43,0,244.86,in_store,Y
20260730-0075,2026-07-30,S004,,NP5041,NP5041,PineRunner Mini Battery Pack 240,4,42.83,20,171.32,in_store,N
20260730-0076,2026-07-30,S003,,NP5016,NP5016,PeakNomad XL Cooler 215,1,648.67,0,648.67,in_store,Y
20260730-0077,2026-07-30,S007,,NP5001,NP5001,SummitRunner Lightweight Jacket 200,2,129.77,0,259.54,ship_from_store,Y
20260730-0078,2026-07-30,S004,,NP5048,NP5048,PeakNomad Travel Tumbler 247,2,65.43,10,130.86,in_store,N
20260730-0079,2026-07-30,S007,,NP5044,NP5044,CloudNomad Approach Trail Shoes 243,2,174.38,10,348.76,in_store,N
20260730-0080,2026-07-30,S007,,NP5069,NP5069,BoulderNomad Patio Heater,1,221.25,0,221.25,ship_from_store,Y
20260730-0081,2026-07-30,S003,,NP5004,NP5004,Storm Nomad Compact Cooler 203,2,92.62,15,185.24,in_store,N
20260730-0082,2026-07-30,S005,,NP5006,NP5006,Trail Rover 20oz Tumbler 205,2,55.38,0,110.76,in_store,Y
20260730-0083,2026-07-30,S007,,NP5016,NP5016,PeakNomad XL Cooler 215,1,583.8,10,583.8,in_store,Y
20260730-0084,2026-07-30,S003,,NP5042,NP5042,VistaRover Trail Tumbler 241,1,89.89,20,89.89,pickup,Y
20260730-0085,2026-07-30,S007,,NP5074,NP5074,SwitchbackRover Insulated Tumbler,3,147.33,10,441.99,pickup,Y
20260730-0086,2026-07-30,S003,,NP5052,NP5052,Storm Nomad Compact Cooler 251,3,378.16,0,1134.48,pickup,Y
20260730-0087,2026-07-30,S004,,NP5046,NP5046,SwitchbackRover Weekend Patio Heater 245,4,183.13,20,732.52,in_store,N
20260730-0088,2026-07-30,S004,,NP5032,NP5032,PeakNomad Waterproof Trail Shoes 231,1,200.43,0,200.43,ship_from_store,Y
20260730-0089,2026-07-30,S004,,NP5050,NP5050,RidgeRover Mid Trail Shoes 249,2,70.72,5,141.44,pickup,Y
20260730-0090,2026-07-30,S005,,NP9999,NP9999,Unknown Product (NP9999),1,178.75,20,178.75,in_store,Y
20260730-0091,2026-07-30,S006,,NP5045,NP5045,FieldRunner Basecamp Tent 244,3,326.37,5,979.11,in_store,Y
20260730-0092,2026-07-30,S001,,NP5055,NP5055,HearthRambler Storm proof Jacket 254,3,279.48,0,838.44,ship_from_store,N
20260730-0093,2026-07-30,S005,,NP5065,NP5065,SummitRunner Mini Battery Pack 264 Pro,4,102.29,5,409.16,in_store,Y
20260730-0094,2026-07-30,S007,,NP5075,NP5075,MoonRambler Rain Shell,1,274.77,0,274.77,pickup,Y
20260730-0095,2026-07-30,S001,,NP5034,NP5034,RidgeRover Deluxe Patio Heater 233,1,168.67,0,168.67,ship_from_store,Y
20260730-0096,2026-07-30,S006,,NP5029,NP5029,FieldRunner Storm Kit Battery Pack 228,3,122.43,0,367.29,in_store,Y
20260730-0097,2026-07-30,S007,,NP5004,NP5004,Storm Nomad Compact Cooler 203,3,103.51,5,310.53,in_store,Y
20260730-0098,2026-07-30,S007,,NP5031,NP5031,MoonRambler Storm proof Jacket 230,1,171.54,0,171.54,ship_from_store,Y
20260730-0099,2026-07-30,S003,,NP5057,NP5057,PineRunner 4P Tent 256 Pro,2,339.67,15,679.34,ship_from_store,Y
20260730-0100,2026-07-30,S004,,NP5056,NP5056,CanyonNomad Waterproof Trail Shoes 255,3,119.03,20,357.09,in_store,Y
20260730-0101,2026-07-30,S002,,NP5073,NP5073,FieldRunner Battery Pack,3,86.81,5,260.43,in_store,Y
20260730-0102,2026-07-30,S001,,NP5044,NP5044,CloudNomad Approach Trail Shoes 243,1,174.38,10,174.38,in_store,Y
20260730-0103,2026-07-30,S004,,NP5022,NP5022,Trail Rover Weekend Patio Heater 221,2,368.13,5,736.26,ship_from_store,Y
20260730-0104,2026-07-30,S006,,NP5076,NP5076,PeakNomad Trail Shoes,3,157.12,0,471.36,in_store,Y
20260730-0105,2026-07-30,S002,,NP5043,NP5043,BoulderRambler Alpine Jacket 242,1,237.41,0,237.41,in_store,Y
20260730-0106,2026-07-30,S007,,NP5074,NP5074,SwitchbackRover Insulated Tumbler,1,163.7,0,163.7,pickup,N
20260730-0107,2026-07-30,S005,,NP5017,NP5017,SummitRunner Mini Battery Pack 216,1,63.28,0,63.28,in_store,N
20260730-0108,2026-07-30,S005,,NP5054,NP5054,Trail Rover 20oz Tumbler 253,2,65.39,10,130.78,in_store,Y
20260730-0109,2026-07-30,S008,,NP5050,NP5050,RidgeRover Mid Trail Shoes 249,3,74.44,0,223.32,in_store,Y
20260730-0110,2026-07-30,S005,,NP5031,NP5031,MoonRambler Storm proof Jacket 230,1,171.54,0,171.54,ship_from_store,Y
20260730-0111,2026-07-30,S008,,NP5012,NP5012,CloudNomad 32oz Tumbler 211,3,120.05,0,360.15,in_store,Y
20260730-0112,2026-07-30,S002,,NP5002,NP5002,RidgeRover Mid Trail Shoes 201,3,185.01,10,555.03,in_store,Y
20260730-0113,2026-07-30,S006,,NP5068,NP5068,StormNomad-Approach-Trail-Shoes-267,2,86.31,0,172.62,in_store,N
20260730-0114,2026-07-30,S001,,NP5011,NP5011,BoulderRambler Rechargeable Flashlight 210,2,132.66,0,265.32,ship_from_store,Y
20260730-0115,2026-07-30,S007,,NP5058,NP5058,VistaRover-Deluxe-Patio-Heater-257,2,287.12,0,574.24,in_store,Y
20260730-0116,2026-07-30,S004,,NP5050,NP5050,RidgeRover Mid Trail Shoes 249,4,63.27,15,253.08,in_store,Y
20260730-0117,2026-07-30,S004,,NP5044,NP5044,CloudNomad Approach Trail Shoes 243,1,164.7,15,164.7,in_store,Y
20260730-0118,2026-07-30,S005,,NP5027,NP5027,BoulderRambler 2P Camp Chair 226,1,93.13,0,93.13,ship_from_store,N
20260730-0119,2026-07-30,S002,,NP5045,NP5045,FieldRunner Basecamp Tent 244,1,343.55,0,343.55,pickup,Y
20260730-0120,2026-07-30,S003,,NP5029,NP5029,FieldRunner Storm Kit Battery Pack 228,4,122.43,0,489.72,in_store,N
20260730-0121,2026-07-30,S005,,NP5045,NP5045,FieldRunner Basecamp Tent 244,1,309.19,10,309.19,in_store,Y
20260730-0122,2026-07-30,S006,,NP5068,NP5068,StormNomad-Approach-Trail-Shoes-267,2,86.31,0,172.62,pickup,Y
20260730-0123,2026-07-30,S005,,NP5063,NP5063,MoonRambler Ultralight Camp Chair 262 Pro,2,77.22,0,154.44,in_store,Y
20260730-0124,2026-07-30,S001,,NP5037,NP5037,EmberRunner Packable Jacket 236,2,89.38,0,178.76,in_store,N
20260730-0125,2026-07-30,S004,,NP9999,NP9999,Unknown Product (NP9999),2,109.09,0,218.18,in_store,Y
20260730-0126,2026-07-30,S003,,NP5027,NP5027,BoulderRambler 2P Camp Chair 226,4,93.13,0,372.52,pickup,N
20260730-0127,2026-07-30,S005,,NP5062,NP5062,SwitchbackRover-Wide-Trail-Shoes-261,3,163.29,0,489.87,ship_from_store,N
20260730-0128,2026-07-30,S005,,NP5023,NP5023,HearthRambler Expedition Flashlight 222,2,137.6,5,275.2,in_store,Y
20260730-0129,2026-07-30,S002,,NP5003,NP5003,CreekRambler 2P Camp Chair 202,4,397.47,10,1589.88,in_store,Y
20260730-0130,2026-07-30,S006,,NP5038,NP5038,Trail Rover Wide Trail Shoes 237,1,178.36,10,178.36,ship_from_store,N
20260730-0131,2026-07-30,S002,,NP5039,NP5039,HearthRambler Ultralight Camp Chair 238,2,358.39,0,716.78,ship_from_store,Y
20260730-0132,2026-07-30,S007,,NP5003,NP5003,CreekRambler 2P Camp Chair 202,4,441.63,0,1766.52,in_store,N
20260730-0133,2026-07-30,S004,,NP5009,NP5009,PineRunner 4P Tent 208,4,112.78,5,451.12,in_store,N
20260730-0134,2026-07-30,S005,,NP5013,NP5013,FieldRunner Packable Jacket 212,1,99.43,0,99.43,ship_from_store,N
20260730-0135,2026-07-30,S001,,NP5025,NP5025,PineRunner Lightweight Jacket 224,1,121.37,0,121.37,in_store,Y
20260730-0136,2026-07-30,S002,,NP5071,NP5071,MoonScout Trail Shoes,4,220.05,0,880.2,ship_from_store,Y
20260730-0137,2026-07-30,S002,,NP5066,NP5066,RidgeRover-Trail-Tumbler-265,3,90.88,10,272.64,in_store,Y
20260731-0001,2026-07-31,S003,,NP5050,NP5050,RidgeRover Mid Trail Shoes 249,1,74.44,0,74.44,in_store,Y
20260731-0002,2026-07-31,S007,,NP5035,NP5035,CreekRambler Rechargeable Flashlight 234,2,144.26,0,288.52,in_store,N
20260731-0003,2026-07-31,S002,,NP5046,NP5046,SwitchbackRover Weekend Patio Heater 245,3,183.13,20,549.39,ship_from_store,Y
20260731-0004,2026-07-31,S008,,NP5044,NP5044,CloudNomad Approach Trail Shoes 243,1,155.01,20,155.01,ship_from_store,N
20260731-0005,2026-07-31,S008,,NP5006,NP5006,Trail Rover 20oz Tumbler 205,3,49.84,10,149.52,in_store,N
20260731-0006,2026-07-31,S003,,NP5020,NP5020,Storm Nomad Approach Trail Shoes 219,1,186.65,10,186.65,in_store,N
20260731-0007,2026-07-31,S007,,NP5016,NP5016,PeakNomad XL Cooler 215,2,616.24,5,1232.48,pickup,N
20260731-0008,2026-07-31,S004,,NP5050,NP5050,RidgeRover Mid Trail Shoes 249,2,67.0,10,134.0,in_store,N
20260731-0009,2026-07-31,S008,,NP5025,NP5025,PineRunner Lightweight Jacket 224,1,121.37,0,121.37,ship_from_store,Y
20260731-0010,2026-07-31,S007,,NP5060,NP5060,CloudNomad-32oz-Tumbler-259,1,166.65,0,166.65,in_store,Y
20260731-0011,2026-07-31,S002,,NP5024,NP5024,CanyonNomad Travel Tumbler 223,4,88.37,0,353.48,pickup,Y
20260731-0012,2026-07-31,S003,,NP5054,NP5054,Trail Rover 20oz Tumbler 253,2,61.76,15,123.52,in_store,N
20260731-0013,2026-07-31,S003,,NP5029,NP5029,FieldRunner Storm Kit Battery Pack 228,1,104.07,15,104.07,in_store,Y
20260731-0014,2026-07-31,S001,,NP5072,NP5072,SummitRover Cooler,2,715.71,10,1431.42,in_store,N
20260731-0015,2026-07-31,S004,,NP5056,NP5056,CanyonNomad Waterproof Trail Shoes 255,2,148.79,0,297.58,in_store,Y
20260731-0016,2026-07-31,S002,,NP5051,NP5051,CreekRambler 2P Camp Chair 250,2,429.02,0,858.04,in_store,N
20260731-0017,2026-07-31,S005,,NP5074,NP5074,SwitchbackRover Insulated Tumbler,3,130.96,20,392.88,ship_from_store,Y
20260731-0018,2026-07-31,S006,,NP5039,NP5039,HearthRambler Ultralight Camp Chair 238,3,358.39,0,1075.17,ship_from_store,N
20260731-0019,2026-07-31,S003,,NP5071,NP5071,MoonScout Trail Shoes,1,220.05,0,220.05,in_store,Y
20260731-0020,2026-07-31,S006,,NP5016,NP5016,PeakNomad XL Cooler 215,2,648.67,0,1297.34,in_store,N
20260731-0021,2026-07-31,S001,,NP5008,NP5008,CanyonNomad Waterproof Trail Shoes 207,1,166.43,5,166.43,ship_from_store,Y
20260731-0022,2026-07-31,S001,,NP5030,NP5030,SwitchbackRover 20oz Tumbler 229,3,109.28,15,327.84,in_store,Y
20260731-0023,2026-07-31,S002,,NP5033,NP5033,SummitRunner 4P Tent 232,2,159.46,15,318.92,in_store,Y
20260731-0024,2026-07-31,S001,,NP5002,NP5002,RidgeRover Mid Trail Shoes 201,4,205.57,0,822.28,pickup,N
20260731-0025,2026-07-31,S006,,NP5015,NP5015,MoonRambler Ultralight Camp Chair 214,1,171.67,10,171.67,in_store,N
20260731-0026,2026-07-31,S003,,NP5049,NP5049,SummitRunner Lightweight Jacket 248,3,212.27,5,636.81,pickup,Y
20260731-0027,2026-07-31,S002,,NP5050,NP5050,RidgeRover Mid Trail Shoes 249,3,74.44,0,223.32,pickup,Y
20260731-0028,2026-07-31,S005,,NP5008,NP5008,CanyonNomad Waterproof Trail Shoes 207,4,175.19,0,700.76,in_store,Y
20260731-0029,2026-07-31,S001,,NP5073,NP5073,FieldRunner Battery Pack,1,77.67,15,77.67,ship_from_store,Y
20260731-0030,2026-07-31,S002,,NP5075,NP5075,MoonRambler Rain Shell,4,233.55,15,934.2,in_store,Y
20260731-0031,2026-07-31,S003,,NP5046,NP5046,SwitchbackRover Weekend Patio Heater 245,1,217.46,5,217.46,in_store,N
20260731-0032,2026-07-31,S008,,NP5066,NP5066,RidgeRover-Trail-Tumbler-265,3,100.98,0,302.94,pickup,Y
20260731-0033,2026-07-31,S008,,NP5018,NP5018,RidgeRover Trail Tumbler 217,4,120.14,20,480.56,ship_from_store,N
20260731-0034,2026-07-31,S008,,NP5002,NP5002,RidgeRover Mid Trail Shoes 201,4,205.57,0,822.28,ship_from_store,Y
20260731-0035,2026-07-31,S006,,NP5018,NP5018,RidgeRover Trail Tumbler 217,4,135.15,10,540.6,in_store,Y
20260731-0036,2026-07-31,S005,,NP5010,NP5010,VistaRover Deluxe Patio Heater 209,3,500.02,10,1500.06,ship_from_store,Y
20260731-0037,2026-07-31,S004,,NP5028,NP5028,CloudNomad Compact Cooler 227,4,534.7,15,2138.8,in_store,Y
20260731-0038,2026-07-31,S002,,NP5027,NP5027,BoulderRambler 2P Camp Chair 226,1,83.82,10,83.82,in_store,Y
20260731-0039,2026-07-31,S001,,NP5073,NP5073,FieldRunner Battery Pack,2,73.1,20,146.2,in_store,Y
20260731-0040,2026-07-31,S003,,NP5063,NP5063,MoonRambler Ultralight Camp Chair 262 Pro,3,77.22,0,231.66,ship_from_store,Y
20260731-0041,2026-07-31,S005,,NP5016,NP5016,PeakNomad XL Cooler 215,2,616.24,5,1232.48,in_store,N
20260731-0042,2026-07-31,S001,,NP5007,NP5007,HearthRambler Storm proof Jacket 206,1,109.09,0,109.09,in_store,N
20260731-0043,2026-07-31,S002,,NP5015,NP5015,MoonRambler Ultralight Camp Chair 214,1,171.67,10,171.67,pickup,Y
20260731-0044,2026-07-31,S008,,NP5063,NP5063,MoonRambler Ultralight Camp Chair 262 Pro,1,61.78,20,61.78,ship_from_store,Y
20260731-0045,2026-07-31,S004,,NP5043,NP5043,BoulderRambler Alpine Jacket 242,1,237.41,0,237.41,in_store,Y
20260731-0046,2026-07-31,S008,,NP5020,NP5020,Storm Nomad Approach Trail Shoes 219,1,176.28,15,176.28,in_store,Y
20260731-0047,2026-07-31,S007,,NP5045,NP5045,FieldRunner Basecamp Tent 244,1,292.02,15,292.02,pickup,N
20260731-0048,2026-07-31,S006,,NP5038,NP5038,Trail Rover Wide Trail Shoes 237,1,198.18,0,198.18,pickup,Y
20260731-0049,2026-07-31,S007,,NP5063,NP5063,MoonRambler Ultralight Camp Chair 262 Pro,1,65.64,15,65.64,pickup,Y
20260731-0050,2026-07-31,S003,,NP5032,NP5032,PeakNomad Waterproof Trail Shoes 231,1,200.43,0,200.43,in_store,Y
20260731-0051,2026-07-31,S005,,NP5070,NP5070,FieldPacer Insulated Tumbler,3,143.21,0,429.63,in_store,Y
20260731-0052,2026-07-31,S005,,NP5005,NP5005,EmberRunner Storm Kit Battery Pack 204,2,112.37,0,224.74,in_store,N
20260731-0053,2026-07-31,S006,,NP5027,NP5027,BoulderRambler 2P Camp Chair 226,2,93.13,0,186.26,ship_from_store,Y
20260731-0054,2026-07-31,S006,,NP5039,NP5039,HearthRambler Ultralight Camp Chair 238,3,304.63,15,913.89,in_store,Y
20260731-0055,2026-07-31,S004,,NP5001,NP5001,SummitRunner Lightweight Jacket 200,3,103.82,20,311.46,in_store,Y
20260731-0056,2026-07-31,S008,,NP5052,NP5052,Storm Nomad Compact Cooler 251,1,378.16,0,378.16,in_store,Y
20260731-0057,2026-07-31,S007,,NP5001,NP5001,SummitRunner Lightweight Jacket 200,2,110.3,15,220.6,in_store,Y
20260731-0058,2026-07-31,S004,,NP5001,NP5001,SummitRunner Lightweight Jacket 200,2,116.79,10,233.58,in_store,Y
20260731-0059,2026-07-31,S001,,NP5038,NP5038,Trail Rover Wide Trail Shoes 237,3,178.36,10,535.08,in_store,Y
20260731-0060,2026-07-31,S001,,NP5072,NP5072,SummitRover Cooler,1,795.23,0,795.23,in_store,N
20260731-0061,2026-07-31,S008,,NP5054,NP5054,Trail Rover 20oz Tumbler 253,2,72.66,0,145.32,in_store,Y
20260731-0062,2026-07-31,S005,,NP5053,NP5053,EmberRunner Storm Kit Battery Pack 252,4,106.14,5,424.56,in_store,Y
20260731-0063,2026-07-31,S003,,NP5057,NP5057,PineRunner 4P Tent 256 Pro,3,399.61,0,1198.83,pickup,Y
20260731-0064,2026-07-31,S008,,NP5034,NP5034,RidgeRover Deluxe Patio Heater 233,4,143.37,15,573.48,in_store,Y
20260731-0065,2026-07-31,S005,,NP5069,NP5069,BoulderNomad Patio Heater,1,188.06,15,188.06,pickup,N
20260731-0066,2026-07-31,S007,,NP5003,NP5003,CreekRambler 2P Camp Chair 202,2,419.55,5,839.1,pickup,Y
20260731-0067,2026-07-31,S003,,NP5054,NP5054,Trail Rover 20oz Tumbler 253,1,58.13,20,58.13,pickup,N
20260731-0068,2026-07-31,S008,,NP5003,NP5003,CreekRambler 2P Camp Chair 202,2,353.3,20,706.6,pickup,Y
20260731-0069,2026-07-31,S004,,NP5069,NP5069,BoulderNomad Patio Heater,1,210.19,5,210.19,in_store,N
20260731-0070,2026-07-31,S008,,NP5072,NP5072,SummitRover Cooler,2,675.95,15,1351.9,ship_from_store,Y
20260731-0071,2026-07-31,S002,,NP5024,NP5024,CanyonNomad Travel Tumbler 223,2,88.37,0,176.74,pickup,N
20260731-0072,2026-07-31,S003,,NP5054,NP5054,Trail Rover 20oz Tumbler 253,3,72.66,0,217.98,pickup,N
20260731-0073,2026-07-31,S005,,NP5063,NP5063,MoonRambler Ultralight Camp Chair 262 Pro,2,77.22,0,154.44,ship_from_store,Y
20260731-0074,2026-07-31,S005,,NP5015,NP5015,MoonRambler Ultralight Camp Chair 214,1,190.74,0,190.74,in_store,Y
20260731-0075,2026-07-31,S008,,NP5007,NP5007,HearthRambler Storm proof Jacket 206,2,109.09,0,218.18,ship_from_store,Y
20260731-0076,2026-07-31,S008,,NP5048,NP5048,PeakNomad Travel Tumbler 247,1,69.06,5,69.06,in_store,Y
20260731-0077,2026-07-31,S004,,NP5022,NP5022,Trail Rover Weekend Patio Heater 221,4,368.13,5,1472.52,pickup,Y
20260731-0078,2026-07-31,S002,,NP5051,NP5051,CreekRambler 2P Camp Chair 250,1,364.67,15,364.67,in_store,N
20260731-0079,2026-07-31,S007,,NP5066,NP5066,RidgeRover-Trail-Tumbler-265,1,90.88,10,90.88,ship_from_store,Y
20260731-0080,2026-07-31,S006,,NP5010,NP5010,VistaRover Deluxe Patio Heater 209,4,500.02,10,2000.08,in_store,Y
20260731-0081,2026-07-31,S001,,NP5038,NP5038,Trail Rover Wide Trail Shoes 237,2,158.54,20,317.08,in_store,Y
20260731-0082,2026-07-31,S005,,NP5068,NP5068,StormNomad-Approach-Trail-Shoes-267,1,86.31,0,86.31,in_store,Y
20260731-0083,2026-07-31,S002,,NP5017,NP5017,SummitRunner Mini Battery Pack 216,1,63.28,0,63.28,ship_from_store,Y
20260731-0084,2026-07-31,S008,,NP5004,NP5004,Storm Nomad Compact Cooler 203,2,103.51,5,207.02,pickup,Y
20260731-0085,2026-07-31,S006,,NP5061,NP5061,FieldRunner Packable Jacket 260 Pro,3,123.35,20,370.05,in_store,Y
20260731-0086,2026-07-31,S002,,NP5030,NP5030,SwitchbackRover 20oz Tumbler 229,1,128.56,0,128.56,pickup,Y
20260731-0087,2026-07-31,S007,,NP5018,NP5018,RidgeRover Trail Tumbler 217,2,120.14,20,240.28,in_store,Y
20260731-0088,2026-07-31,S007,,NP5005,NP5005,EmberRunner Storm Kit Battery Pack 204,1,112.37,0,112.37,in_store,Y
20260731-0089,2026-07-31,S003,,NP5052,NP5052,Storm Nomad Compact Cooler 251,1,378.16,0,378.16,in_store,N
20260731-0090,2026-07-31,S005,,NP5003,NP5003,CreekRambler 2P Camp Chair 202,1,397.47,10,397.47,ship_from_store,Y
20260731-0091,2026-07-31,S001,,NP5071,NP5071,MoonScout Trail Shoes,2,220.05,0,440.1,in_store,Y
20260731-0092,2026-07-31,S002,,NP5075,NP5075,MoonRambler Rain Shell,4,274.77,0,1099.08,in_store,Y
20260731-0093,2026-07-31,S003,,NP5072,NP5072,SummitRover Cooler,1,755.47,5,755.47,in_store,N
20260731-0094,2026-07-31,S008,,NP5054,NP5054,Trail Rover 20oz Tumbler 253,1,61.76,15,61.76,in_store,Y
20260731-0095,2026-07-31,S001,,NP5007,NP5007,HearthRambler Storm proof Jacket 206,3,109.09,0,327.27,in_store,Y
20260731-0096,2026-07-31,S001,,NP5001,NP5001,SummitRunner Lightweight Jacket 200,4,129.77,0,519.08,in_store,Y
20260731-0097,2026-07-31,S004,,NP5064,NP5064,PeakNomad-XL-Cooler-263,2,655.68,0,1311.36,in_store,N
20260731-0098,2026-07-31,S001,,NP5031,NP5031,MoonRambler Storm proof Jacket 230,2,162.96,5,325.92,in_store,Y
20260731-0099,2026-07-31,S003,,NP5055,NP5055,HearthRambler Storm proof Jacket 254,1,279.48,0,279.48,ship_from_store,Y
20260731-0100,2026-07-31,S001,,NP5025,NP5025,PineRunner Lightweight Jacket 224,3,121.37,0,364.11,in_store,Y
20260731-0101,2026-07-31,S002,,NP5045,NP5045,FieldRunner Basecamp Tent 244,4,326.37,5,1305.48,in_store,N
20260731-0102,2026-07-31,S002,,NP5067,NP5067,CreekRambler Alpine Jacket 266 Pro,2,198.05,20,396.1,in_store,Y
20260731-0103,2026-07-31,S003,,NP5065,NP5065,SummitRunner Mini Battery Pack 264 Pro,3,91.52,15,274.56,in_store,Y
20260731-0104,2026-07-31,S007,,NP5013,NP5013,FieldRunner Packable Jacket 212,4,84.52,15,338.08,in_store,Y
20260731-0105,2026-07-31,S008,,NP5054,NP5054,Trail Rover 20oz Tumbler 253,4,72.66,0,290.64,pickup,Y
20260731-0106,2026-07-31,S003,,NP5069,NP5069,BoulderNomad Patio Heater,1,221.25,0,221.25,in_store,Y
20260731-0107,2026-07-31,S003,,NP5063,NP5063,MoonRambler Ultralight Camp Chair 262 Pro,4,77.22,0,308.88,in_store,N
20260731-0108,2026-07-31,S001,,NP5046,NP5046,SwitchbackRover Weekend Patio Heater 245,1,217.46,5,217.46,pickup,N
20260731-0109,2026-07-31,S002,,NP5007,NP5007,HearthRambler Storm proof Jacket 206,1,109.09,0,109.09,ship_from_store,Y
20260731-0110,2026-07-31,S003,,NP5055,NP5055,HearthRambler Storm proof Jacket 254,3,223.58,20,670.74,pickup,Y
20260731-0111,2026-07-31,S008,,NP5028,NP5028,CloudNomad Compact Cooler 227,1,534.7,15,534.7,ship_from_store,Y
20260731-0112,2026-07-31,S008,,NP5075,NP5075,MoonRambler Rain Shell,2,274.77,0,549.54,in_store,Y
20260731-0113,2026-07-31,S007,,NP5017,NP5017,SummitRunner Mini Battery Pack 216,2,50.62,20,101.24,pickup,N
20260731-0114,2026-07-31,S003,,NP5023,NP5023,HearthRambler Expedition Flashlight 222,2,144.84,0,289.68,in_store,N
20260731-0115,2026-07-31,S003,,NP5045,NP5045,FieldRunner Basecamp Tent 244,2,309.19,10,618.38,in_store,N
20260731-0116,2026-07-31,S007,,NP5016,NP5016,PeakNomad XL Cooler 215,1,616.24,5,616.24,pickup,N
20260731-0117,2026-07-31,S005,,NP5036,NP5036,Storm Nomad 32oz Tumbler 235,3,156.45,0,469.35,ship_from_store,Y
20260731-0118,2026-07-31,S002,,NP5018,NP5018,RidgeRover Trail Tumbler 217,2,150.17,0,300.34,in_store,Y
20260801-0001,2026-08-01,S002,,NP5008,NP5008,CanyonNomad Waterproof Trail Shoes 207,2,166.43,5,332.86,pickup,Y
20260801-0002,2026-08-01,S006,,NP5070,NP5070,FieldPacer Insulated Tumbler,4,121.73,15,486.92,pickup,Y
20260801-0003,2026-08-01,S001,,NP5013,NP5013,FieldRunner Packable Jacket 212,1,99.43,0,99.43,in_store,N
20260801-0004,2026-08-01,S008,,NP5016,NP5016,PeakNomad XL Cooler 215,3,648.67,0,1946.01,in_store,Y
20260801-0005,2026-08-01,S004,,NP5048,NP5048,PeakNomad Travel Tumbler 247,2,69.06,5,138.12,in_store,Y
20260801-0006,2026-08-01,S004,,NP5056,NP5056,CanyonNomad Waterproof Trail Shoes 255,1,148.79,0,148.79,in_store,Y
20260801-0007,2026-08-01,S004,,NP5001,NP5001,SummitRunner Lightweight Jacket 200,4,129.77,0,519.08,pickup,Y
20260801-0008,2026-08-01,S006,,NP5066,NP5066,RidgeRover-Trail-Tumbler-265,2,85.83,15,171.66,in_store,Y
20260801-0009,2026-08-01,S003,,NP5067,NP5067,CreekRambler Alpine Jacket 266 Pro,2,222.8,10,445.6,ship_from_store,N
20260801-0010,2026-08-01,S006,,NP5040,NP5040,CanyonNomad XL Cooler 239,2,107.52,0,215.04,ship_from_store,Y
20260801-0011,2026-08-01,S001,,NP5057,NP5057,PineRunner 4P Tent 256 Pro,2,399.61,0,799.22,in_store,Y
20260801-0012,2026-08-01,S006,,NP5027,NP5027,BoulderRambler 2P Camp Chair 226,1,93.13,0,93.13,ship_from_store,Y
20260801-0013,2026-08-01,S007,,NP5042,NP5042,VistaRover Trail Tumbler 241,3,89.89,20,269.67,pickup,N
20260801-0014,2026-08-01,S004,,NP5021,NP5021,EmberRunner Basecamp Tent 220,1,70.02,5,70.02,in_store,N
20260801-0015,2026-08-01,S003,,NP5068,NP5068,StormNomad-Approach-Trail-Shoes-267,1,86.31,0,86.31,pickup,Y
20260801-0016,2026-08-01,S005,,NP5005,NP5005,EmberRunner Storm Kit Battery Pack 204,2,95.51,15,191.02,pickup,Y
20260801-0017,2026-08-01,S003,,NP5034,NP5034,RidgeRover Deluxe Patio Heater 233,1,143.37,15,143.37,in_store,Y
20260801-0018,2026-08-01,S001,,NP5069,NP5069,BoulderNomad Patio Heater,1,210.19,5,210.19,ship_from_store,Y
20260801-0019,2026-08-01,S004,,NP5058,NP5058,VistaRover-Deluxe-Patio-Heater-257,2,272.76,5,545.52,in_store,Y
20260801-0020,2026-08-01,S001,,NP5008,NP5008,CanyonNomad Waterproof Trail Shoes 207,2,148.91,15,297.82,ship_from_store,N
20260801-0021,2026-08-01,S003,,NP5050,NP5050,RidgeRover Mid Trail Shoes 249,2,74.44,0,148.88,ship_from_store,Y
20260801-0022,2026-08-01,S002,,NP5047,NP5047,MoonRambler Expedition Flashlight 246,2,52.26,10,104.52,in_store,Y
20260801-0023,2026-08-01,S004,,NP5069,NP5069,BoulderNomad Patio Heater,1,188.06,15,188.06,in_store,N
20260801-0024,2026-08-01,S008,,NP5026,NP5026,VistaRover Mid Trail Shoes 225,1,128.7,0,128.7,in_store,Y
20260801-0025,2026-08-01,S001,,NP5069,NP5069,BoulderNomad Patio Heater,1,210.19,5,210.19,in_store,N
20260801-0026,2026-08-01,S006,,NP5061,NP5061,FieldRunner Packable Jacket 260 Pro,2,131.06,15,262.12,in_store,Y
20260801-0027,2026-08-01,S003,,NP5003,NP5003,CreekRambler 2P Camp Chair 202,1,441.63,0,441.63,ship_from_store,Y
20260801-0028,2026-08-01,S006,,NP5060,NP5060,CloudNomad-32oz-Tumbler-259,3,166.65,0,499.95,pickup,N
20260801-0029,2026-08-01,S004,,NP5067,NP5067,CreekRambler Alpine Jacket 266 Pro,1,247.56,0,247.56,pickup,Y
20260801-0030,2026-08-01,S007,,NP5023,NP5023,HearthRambler Expedition Flashlight 222,1,144.84,0,144.84,in_store,Y
20260801-0031,2026-08-01,S007,,NP5030,NP5030,SwitchbackRover 20oz Tumbler 229,2,115.7,10,231.4,in_store,Y
20260801-0032,2026-08-01,S006,,NP5015,NP5015,MoonRambler Ultralight Camp Chair 214,1,190.74,0,190.74,in_store,Y
20260801-0033,2026-08-01,S002,,NP5008,NP5008,CanyonNomad Waterproof Trail Shoes 207,2,157.67,10,315.34,in_store,Y
20260801-0034,2026-08-01,S008,,NP5042,NP5042,VistaRover Trail Tumbler 241,4,95.51,15,382.04,ship_from_store,N
20260801-0035,2026-08-01,S001,,NP5033,NP5033,SummitRunner 4P Tent 232,3,187.6,0,562.8,in_store,Y
20260801-0036,2026-08-01,S004,,NP5043,NP5043,BoulderRambler Alpine Jacket 242,1,237.41,0,237.41,in_store,Y
20260801-0037,2026-08-01,S002,,NP5044,NP5044,CloudNomad Approach Trail Shoes 243,3,193.76,0,581.28,in_store,Y
20260801-0038,2026-08-01,S006,,NP5032,NP5032,PeakNomad Waterproof Trail Shoes 231,1,200.43,0,200.43,in_store,Y
20260801-0039,2026-08-01,S005,,NP5031,NP5031,MoonRambler Storm proof Jacket 230,1,137.23,20,137.23,ship_from_store,Y
20260801-0040,2026-08-01,S003,,NP5027,NP5027,BoulderRambler 2P Camp Chair 226,4,88.47,5,353.88,ship_from_store,Y
20260801-0041,2026-08-01,S001,,NP5016,NP5016,PeakNomad XL Cooler 215,2,551.37,15,1102.74,in_store,Y
20260801-0042,2026-08-01,S002,,NP5057,NP5057,PineRunner 4P Tent 256 Pro,2,319.69,20,639.38,ship_from_store,Y
20260801-0043,2026-08-01,S007,,NP5032,NP5032,PeakNomad Waterproof Trail Shoes 231,2,200.43,0,400.86,in_store,Y
20260801-0044,2026-08-01,S007,,NP5040,NP5040,CanyonNomad XL Cooler 239,3,107.52,0,322.56,in_store,Y
20260801-0045,2026-08-01,S001,,NP5048,NP5048,PeakNomad Travel Tumbler 247,1,69.06,5,69.06,ship_from_store,Y
20260801-0046,2026-08-01,S004,,NP5061,NP5061,FieldRunner Packable Jacket 260 Pro,1,138.77,10,138.77,in_store,Y
20260801-0047,2026-08-01,S001,,NP5011,NP5011,BoulderRambler Rechargeable Flashlight 210,2,132.66,0,265.32,ship_from_store,N
20260801-0048,2026-08-01,S003,,NP5035,NP5035,CreekRambler Rechargeable Flashlight 234,2,122.62,15,245.24,in_store,Y
20260801-0049,2026-08-01,S001,,NP5055,NP5055,HearthRambler Storm proof Jacket 254,1,223.58,20,223.58,pickup,Y
20260801-0050,2026-08-01,S003,,NP5037,NP5037,EmberRunner Packable Jacket 236,2,84.91,5,169.82,in_store,N
20260801-0051,2026-08-01,S004,,NP5039,NP5039,HearthRambler Ultralight Camp Chair 238,1,340.47,5,340.47,ship_from_store,N
20260801-0052,2026-08-01,S007,,NP5071,NP5071,MoonScout Trail Shoes,1,220.05,0,220.05,in_store,Y
20260801-0053,2026-08-01,S001,,NP5034,NP5034,RidgeRover Deluxe Patio Heater 233,3,134.94,20,404.82,in_store,Y
20260801-0054,2026-08-01,S006,,NP5043,NP5043,BoulderRambler Alpine Jacket 242,1,225.54,5,225.54,in_store,N
20260801-0055,2026-08-01,S004,,NP5006,NP5006,Trail Rover 20oz Tumbler 205,1,47.07,15,47.07,in_store,N
20260801-0056,2026-08-01,S001,,NP5022,NP5022,Trail Rover Weekend Patio Heater 221,3,368.13,5,1104.39,in_store,Y
20260801-0057,2026-08-01,S007,,NP5019,NP5019,CreekRambler Alpine Jacket 218,1,161.94,10,161.94,in_store,Y
20260801-0058,2026-08-01,S003,,NP5010,NP5010,VistaRover Deluxe Patio Heater 209,4,444.46,20,1777.84,ship_from_store,Y
20260801-0059,2026-08-01,S006,,NP5037,NP5037,EmberRunner Packable Jacket 236,1,89.38,0,89.38,in_store,Y
20260801-0060,2026-08-01,S001,,NP5030,NP5030,SwitchbackRover 20oz Tumbler 229,4,109.28,15,437.12,in_store,Y
20260801-0061,2026-08-01,S001,,NP5019,NP5019,CreekRambler Alpine Jacket 218,1,143.94,20,143.94,in_store,Y
20260801-0062,2026-08-01,S006,,NP5041,NP5041,PineRunner Mini Battery Pack 240,1,48.19,10,48.19,in_store,Y
20260801-0063,2026-08-01,S001,,NP5047,NP5047,MoonRambler Expedition Flashlight 246,1,46.46,20,46.46,in_store,Y
20260801-0064,2026-08-01,S008,,NP5056,NP5056,CanyonNomad Waterproof Trail Shoes 255,4,126.47,15,505.88,in_store,Y
20260801-0065,2026-08-01,S007,,NP5036,NP5036,Storm Nomad 32oz Tumbler 235,1,156.45,0,156.45,pickup,Y
20260801-0066,2026-08-01,S006,,NP5009,NP5009,PineRunner 4P Tent 208,1,100.91,15,100.91,in_store,Y
20260801-0067,2026-08-01,S001,,NP5036,NP5036,Storm Nomad 32oz Tumbler 235,1,148.63,5,148.63,ship_from_store,N
20260801-0068,2026-08-01,S002,,NP5036,NP5036,Storm Nomad 32oz Tumbler 235,1,125.16,20,125.16,in_store,Y
20260801-0069,2026-08-01,S005,,NP5058,NP5058,VistaRover-Deluxe-Patio-Heater-257,1,287.12,0,287.12,in_store,Y
20260801-0070,2026-08-01,S007,,NP5024,NP5024,CanyonNomad Travel Tumbler 223,1,70.7,20,70.7,pickup,N
20260801-0071,2026-08-01,S001,,NP5059,NP5059,BoulderRambler Rechargeable Flashlight 258 Pro,3,92.57,15,277.71,pickup,Y
20260801-0072,2026-08-01,S001,,NP5015,NP5015,MoonRambler Ultralight Camp Chair 214,3,181.2,5,543.6,ship_from_store,Y
20260801-0073,2026-08-01,S006,,NP5046,NP5046,SwitchbackRover Weekend Patio Heater 245,4,228.91,0,915.64,in_store,N
20260801-0074,2026-08-01,S003,,NP5046,NP5046,SwitchbackRover Weekend Patio Heater 245,3,217.46,5,652.38,pickup,Y
20260801-0075,2026-08-01,S005,,NP5038,NP5038,Trail Rover Wide Trail Shoes 237,2,158.54,20,317.08,pickup,Y
20260801-0076,2026-08-01,S004,,NP5021,NP5021,EmberRunner Basecamp Tent 220,2,73.7,0,147.4,ship_from_store,Y
20260801-0077,2026-08-01,S006,,NP5004,NP5004,Storm Nomad Compact Cooler 203,3,108.96,0,326.88,in_store,Y
20260801-0078,2026-08-01,S002,,NP5004,NP5004,Storm Nomad Compact Cooler 203,1,108.96,0,108.96,in_store,Y
20260801-0079,2026-08-01,S003,,NP5074,NP5074,SwitchbackRover Insulated Tumbler,1,130.96,20,130.96,in_store,N
20260801-0080,2026-08-01,S003,,NP5043,NP5043,BoulderRambler Alpine Jacket 242,1,237.41,0,237.41,in_store,Y
20260801-0081,2026-08-01,S005,,NP5002,NP5002,RidgeRover Mid Trail Shoes 201,4,174.73,15,698.92,in_store,Y
20260801-0082,2026-08-01,S002,,NP5066,NP5066,RidgeRover-Trail-Tumbler-265,2,90.88,10,181.76,in_store,N
20260801-0083,2026-08-01,S002,,NP5016,NP5016,PeakNomad XL Cooler 215,3,648.67,0,1946.01,in_store,Y
20260801-0084,2026-08-01,S008,,NP5051,NP5051,CreekRambler 2P Camp Chair 250,1,386.12,10,386.12,ship_from_store,Y
20260801-0085,2026-08-01,S007,,NP5058,NP5058,VistaRover-Deluxe-Patio-Heater-257,1,258.41,10,258.41,in_store,Y
20260801-0086,2026-08-01,S002,,NP5032,NP5032,PeakNomad Waterproof Trail Shoes 231,2,200.43,0,400.86,in_store,Y
20260801-0087,2026-08-01,S003,,NP5076,NP5076,PeakNomad Trail Shoes,3,157.12,0,471.36,ship_from_store,Y
20260801-0088,2026-08-01,S006,,NP5040,NP5040,CanyonNomad XL Cooler 239,3,96.77,10,290.31,in_store,Y
20260801-0089,2026-08-01,S007,,NP5025,NP5025,PineRunner Lightweight Jacket 224,2,121.37,0,242.74,in_store,Y
20260801-0090,2026-08-01,S003,,NP5024,NP5024,CanyonNomad Travel Tumbler 223,4,88.37,0,353.48,ship_from_store,N
20260801-0091,2026-08-01,S007,,NP5006,NP5006,Trail Rover 20oz Tumbler 205,4,55.38,0,221.52,in_store,Y
20260801-0092,2026-08-01,S007,,NP5028,NP5028,CloudNomad Compact Cooler 227,1,597.61,5,597.61,pickup,Y
20260801-0093,2026-08-01,S001,,NP5003,NP5003,CreekRambler 2P Camp Chair 202,1,375.39,15,375.39,ship_from_store,Y
20260801-0094,2026-08-01,S006,,NP5054,NP5054,Trail Rover 20oz Tumbler 253,1,58.13,20,58.13,pickup,Y
20260801-0095,2026-08-01,S001,,NP5022,NP5022,Trail Rover Weekend Patio Heater 221,3,387.51,0,1162.53,in_store,Y
20260801-0096,2026-08-01,S003,,NP5061,NP5061,FieldRunner Packable Jacket 260 Pro,4,154.19,0,616.76,pickup,Y
20260801-0097,2026-08-01,S001,,NP5034,NP5034,RidgeRover Deluxe Patio Heater 233,2,151.8,10,303.6,pickup,N
20260801-0098,2026-08-01,S007,,NP5038,NP5038,Trail Rover Wide Trail Shoes 237,1,198.18,0,198.18,in_store,N
20260801-0099,2026-08-01,S002,,NP5006,NP5006,Trail Rover 20oz Tumbler 205,3,55.38,0,166.14,in_store,Y
20260801-0100,2026-08-01,S004,,NP5031,NP5031,MoonRambler Storm proof Jacket 230,4,154.39,10,617.56,in_store,Y
20260801-0101,2026-08-01,S002,,NP5068,NP5068,StormNomad-Approach-Trail-Shoes-267,1,86.31,0,86.31,in_store,N
20260801-0102,2026-08-01,S003,,NP5003,NP5003,CreekRambler 2P Camp Chair 202,1,441.63,0,441.63,in_store,Y
20260801-0103,2026-08-01,S006,,NP5052,NP5052,Storm Nomad Compact Cooler 251,3,359.25,5,1077.75,in_store,Y
20260801-0104,2026-08-01,S003,,NP5009,NP5009,PineRunner 4P Tent 208,2,118.72,0,237.44,in_store,Y
20260801-0105,2026-08-01,S008,,NP5069,NP5069,BoulderNomad Patio Heater,2,221.25,0,442.5,in_store,Y
20260801-0106,2026-08-01,S005,,NP5008,NP5008,CanyonNomad Waterproof Trail Shoes 207,1,166.43,5,166.43,in_store,Y
20260801-0107,2026-08-01,S001,,NP5016,NP5016,PeakNomad XL Cooler 215,2,648.67,0,1297.34,pickup,N
20260801-0108,2026-08-01,S008,,NP5055,NP5055,HearthRambler Storm proof Jacket 254,3,223.58,20,670.74,in_store,N
20260801-0109,2026-08-01,S002,,NP5057,NP5057,PineRunner 4P Tent 256 Pro,1,359.65,10,359.65,ship_from_store,Y
20260801-0110,2026-08-01,S008,,NP5036,NP5036,Storm Nomad 32oz Tumbler 235,4,156.45,0,625.8,in_store,Y
20260801-0111,2026-08-01,S006,,NP5027,NP5027,BoulderRambler 2P Camp Chair 226,2,74.5,20,149.0,ship_from_store,Y
20260801-0112,2026-08-01,S008,,NP5055,NP5055,HearthRambler Storm proof Jacket 254,2,279.48,0,558.96,ship_from_store,Y
20260802-0001,2026-08-02,S001,,NP5052,NP5052,Storm Nomad Compact Cooler 251,2,359.25,5,718.5,in_store,Y
20260802-0002,2026-08-02,S002,,NP5026,NP5026,VistaRover Mid Trail Shoes 225,1,115.83,10,115.83,ship_from_store,N
20260802-0003,2026-08-02,S003,,NP5071,NP5071,MoonScout Trail Shoes,1,209.05,5,209.05,pickup,Y
20260802-0004,2026-08-02,S008,,NP5022,NP5022,Trail Rover Weekend Patio Heater 221,2,329.38,15,658.76,ship_from_store,Y
20260802-0005,2026-08-02,S006,,NP5055,NP5055,HearthRambler Storm proof Jacket 254,2,279.48,0,558.96,in_store,Y
20260802-0006,2026-08-02,S002,,NP5003,NP5003,CreekRambler 2P Camp Chair 202,4,441.63,0,1766.52,in_store,N
20260802-0007,2026-08-02,S006,,NP5010,NP5010,VistaRover Deluxe Patio Heater 209,4,500.02,10,2000.08,in_store,Y
20260802-0008,2026-08-02,S002,,NP5034,NP5034,RidgeRover Deluxe Patio Heater 233,3,168.67,0,506.01,ship_from_store,Y
20260802-0009,2026-08-02,S006,,NP5071,NP5071,MoonScout Trail Shoes,1,220.05,0,220.05,in_store,N
20260802-0010,2026-08-02,S005,,NP5057,NP5057,PineRunner 4P Tent 256 Pro,2,399.61,0,799.22,in_store,Y
20260802-0011,2026-08-02,S001,,NP5041,NP5041,PineRunner Mini Battery Pack 240,2,53.54,0,107.08,in_store,Y
20260802-0012,2026-08-02,S001,,NP5075,NP5075,MoonRambler Rain Shell,1,274.77,0,274.77,pickup,Y
20260802-0013,2026-08-02,S004,,NP5062,NP5062,SwitchbackRover-Wide-Trail-Shoes-261,4,163.29,0,653.16,ship_from_store,Y
20260802-0014,2026-08-02,S002,,NP5002,NP5002,RidgeRover Mid Trail Shoes 201,3,205.57,0,616.71,in_store,Y
20260802-0015,2026-08-02,S004,,NP5036,NP5036,Storm Nomad 32oz Tumbler 235,4,156.45,0,625.8,in_store,Y
20260802-0016,2026-08-02,S004,,NP5040,NP5040,CanyonNomad XL Cooler 239,2,107.52,0,215.04,in_store,N
20260802-0017,2026-08-02,S002,,NP5062,NP5062,SwitchbackRover-Wide-Trail-Shoes-261,1,138.8,15,138.8,in_store,Y
20260802-0018,2026-08-02,S006,,NP5064,NP5064,PeakNomad-XL-Cooler-263,1,622.9,5,622.9,pickup,Y
20260802-0019,2026-08-02,S003,,NP5031,NP5031,MoonRambler Storm proof Jacket 230,3,171.54,0,514.62,in_store,Y
20260802-0020,2026-08-02,S005,,NP5045,NP5045,FieldRunner Basecamp Tent 244,1,343.55,0,343.55,ship_from_store,Y
20260802-0021,2026-08-02,S002,,NP5067,NP5067,CreekRambler Alpine Jacket 266 Pro,1,247.56,0,247.56,in_store,Y
20260802-0022,2026-08-02,S003,,NP5065,NP5065,SummitRunner Mini Battery Pack 264 Pro,1,102.29,5,102.29,in_store,Y
20260802-0023,2026-08-02,S001,,NP5060,NP5060,CloudNomad-32oz-Tumbler-259,3,141.65,15,424.95,ship_from_store,Y
20260802-0024,2026-08-02,S006,,NP5018,NP5018,RidgeRover Trail Tumbler 217,1,142.66,5,142.66,pickup,Y
20260802-0025,2026-08-02,S008,,NP5073,NP5073,FieldRunner Battery Pack,4,86.81,5,347.24,in_store,N
20260802-0026,2026-08-02,S008,,NP5022,NP5022,Trail Rover Weekend Patio Heater 221,1,368.13,5,368.13,in_store,N
20260802-0027,2026-08-02,S007,,NP5046,NP5046,SwitchbackRover Weekend Patio Heater 245,4,228.91,0,915.64,ship_from_store,Y
20260802-0028,2026-08-02,S002,,NP5012,NP5012,CloudNomad 32oz Tumbler 211,2,120.05,0,240.1,in_store,N
20260802-0029,2026-08-02,S004,,NP5053,NP5053,EmberRunner Storm Kit Battery Pack 252,3,106.14,5,318.42,in_store,Y
20260802-0030,2026-08-02,S008,,NP5037,NP5037,EmberRunner Packable Jacket 236,1,89.38,0,89.38,in_store,N
20260802-0031,2026-08-02,S006,,NP5067,NP5067,CreekRambler Alpine Jacket 266 Pro,2,235.18,5,470.36,in_store,Y
20260802-0032,2026-08-02,S006,,NP5004,NP5004,Storm Nomad Compact Cooler 203,1,108.96,0,108.96,in_store,Y
20260802-0033,2026-08-02,S004,,NP5021,NP5021,EmberRunner Basecamp Tent 220,3,66.33,10,198.99,in_store,Y
20260802-0034,2026-08-02,S001,,NP5066,NP5066,RidgeRover-Trail-Tumbler-265,2,95.93,5,191.86,ship_from_store,Y
20260802-0035,2026-08-02,S007,,NP5042,NP5042,VistaRover Trail Tumbler 241,2,95.51,15,191.02,in_store,N
20260802-0036,2026-08-02,S003,,NP5010,NP5010,VistaRover Deluxe Patio Heater 209,3,555.58,0,1666.74,in_store,Y
20260802-0037,2026-08-02,S005,,NP5054,NP5054,Trail Rover 20oz Tumbler 253,1,58.13,20,58.13,ship_from_store,Y
20260802-0038,2026-08-02,S008,,NP5042,NP5042,VistaRover Trail Tumbler 241,1,95.51,15,95.51,pickup,Y
20260802-0039,2026-08-02,S004,,NP5067,NP5067,CreekRambler Alpine Jacket 266 Pro,1,210.43,15,210.43,in_store,Y
20260802-0040,2026-08-02,S001,,NP5021,NP5021,EmberRunner Basecamp Tent 220,2,73.7,0,147.4,in_store,N
20260802-0041,2026-08-02,S006,,NP5029,NP5029,FieldRunner Storm Kit Battery Pack 228,4,110.19,10,440.76,in_store,Y
20260802-0042,2026-08-02,S004,,NP5060,NP5060,CloudNomad-32oz-Tumbler-259,3,141.65,15,424.95,in_store,Y
20260802-0043,2026-08-02,S006,,NP5012,NP5012,CloudNomad 32oz Tumbler 211,4,102.04,15,408.16,in_store,N
20260802-0044,2026-08-02,S006,,NP5002,NP5002,RidgeRover Mid Trail Shoes 201,3,185.01,10,555.03,ship_from_store,Y
20260802-0045,2026-08-02,S008,,NP5052,NP5052,Storm Nomad Compact Cooler 251,3,378.16,0,1134.48,ship_from_store,Y
20260802-0046,2026-08-02,S003,,NP5019,NP5019,CreekRambler Alpine Jacket 218,2,179.93,0,359.86,in_store,Y
20260802-0047,2026-08-02,S006,,NP5050,NP5050,RidgeRover Mid Trail Shoes 249,3,59.55,20,178.65,in_store,Y
20260802-0048,2026-08-02,S007,,NP5076,NP5076,PeakNomad Trail Shoes,2,149.26,5,298.52,pickup,Y
20260802-0049,2026-08-02,S005,,NP5018,NP5018,RidgeRover Trail Tumbler 217,2,150.17,0,300.34,in_store,Y
20260802-0050,2026-08-02,S005,,NP5074,NP5074,SwitchbackRover Insulated Tumbler,3,139.14,15,417.42,in_store,N
20260802-0051,2026-08-02,S008,,NP5052,NP5052,Storm Nomad Compact Cooler 251,3,378.16,0,1134.48,in_store,N
20260802-0052,2026-08-02,S003,,NP5023,NP5023,HearthRambler Expedition Flashlight 222,1,130.36,10,130.36,in_store,Y
20260802-0053,2026-08-02,S006,,NP5004,NP5004,Storm Nomad Compact Cooler 203,4,92.62,15,370.48,in_store,Y
20260802-0054,2026-08-02,S008,,NP5008,NP5008,CanyonNomad Waterproof Trail Shoes 207,2,148.91,15,297.82,in_store,N
20260802-0055,2026-08-02,S002,,NP5075,NP5075,MoonRambler Rain Shell,2,261.03,5,522.06,in_store,Y
20260802-0056,2026-08-02,S004,,NP5069,NP5069,BoulderNomad Patio Heater,3,199.12,10,597.36,in_store,N
20260802-0057,2026-08-02,S007,,NP5005,NP5005,EmberRunner Storm Kit Battery Pack 204,4,112.37,0,449.48,pickup,Y
20260802-0058,2026-08-02,S001,,NP5042,NP5042,VistaRover Trail Tumbler 241,1,112.36,0,112.36,in_store,Y
20260802-0059,2026-08-02,S002,,NP5075,NP5075,MoonRambler Rain Shell,1,233.55,15,233.55,in_store,N
20260802-0060,2026-08-02,S002,,NP5049,NP5049,SummitRunner Lightweight Jacket 248,4,212.27,5,849.08,in_store,Y
20260802-0061,2026-08-02,S006,,NP5066,NP5066,RidgeRover-Trail-Tumbler-265,3,100.98,0,302.94,in_store,Y
20260802-0062,2026-08-02,S004,,NP5062,NP5062,SwitchbackRover-Wide-Trail-Shoes-261,3,146.96,10,440.88,ship_from_store,N
20260802-0063,2026-08-02,S008,,NP5034,NP5034,RidgeRover Deluxe Patio Heater 233,1,160.24,5,160.24,pickup,Y
20260802-0064,2026-08-02,S001,,NP5031,NP5031,MoonRambler Storm proof Jacket 230,2,145.81,15,291.62,ship_from_store,Y
20260802-0065,2026-08-02,S007,,NP5013,NP5013,FieldRunner Packable Jacket 212,1,99.43,0,99.43,ship_from_store,N
20260802-0066,2026-08-02,S003,,NP5067,NP5067,CreekRambler Alpine Jacket 266 Pro,2,222.8,10,445.6,in_store,Y
20260802-0067,2026-08-02,S005,,NP5067,NP5067,CreekRambler Alpine Jacket 266 Pro,2,198.05,20,396.1,in_store,N
20260802-0068,2026-08-02,S002,,NP5034,NP5034,RidgeRover Deluxe Patio Heater 233,1,160.24,5,160.24,pickup,Y
20260802-0069,2026-08-02,S003,,NP5021,NP5021,EmberRunner Basecamp Tent 220,3,73.7,0,221.1,pickup,Y
20260802-0070,2026-08-02,S003,,NP5045,NP5045,FieldRunner Basecamp Tent 244,1,274.84,20,274.84,in_store,N
20260802-0071,2026-08-02,S006,,NP5051,NP5051,CreekRambler 2P Camp Chair 250,2,386.12,10,772.24,in_store,N
20260802-0072,2026-08-02,S005,,NP5069,NP5069,BoulderNomad Patio Heater,1,221.25,0,221.25,pickup,N
20260802-0073,2026-08-02,S008,,NP5060,NP5060,CloudNomad-32oz-Tumbler-259,2,166.65,0,333.3,in_store,N
20260802-0074,2026-08-02,S004,,NP5057,NP5057,PineRunner 4P Tent 256 Pro,1,319.69,20,319.69,pickup,N
20260802-0075,2026-08-02,S001,,NP5043,NP5043,BoulderRambler Alpine Jacket 242,4,225.54,5,902.16,ship_from_store,Y
20260802-0076,2026-08-02,S002,,NP5037,NP5037,EmberRunner Packable Jacket 236,2,89.38,0,178.76,in_store,Y
20260802-0077,2026-08-02,S001,,NP5035,NP5035,CreekRambler Rechargeable Flashlight 234,1,144.26,0,144.26,pickup,Y
20260802-0078,2026-08-02,S005,,NP5044,NP5044,CloudNomad Approach Trail Shoes 243,2,164.7,15,329.4,in_store,Y
20260802-0079,2026-08-02,S007,,NP5054,NP5054,Trail Rover 20oz Tumbler 253,2,58.13,20,116.26,in_store,Y
20260802-0080,2026-08-02,S001,,NP5048,NP5048,PeakNomad Travel Tumbler 247,4,72.7,0,290.8,in_store,Y
20260802-0081,2026-08-02,S003,,NP5020,NP5020,Storm Nomad Approach Trail Shoes 219,1,207.39,0,207.39,in_store,Y
20260802-0082,2026-08-02,S002,,NP5038,NP5038,Trail Rover Wide Trail Shoes 237,1,168.45,15,168.45,pickup,Y
20260802-0083,2026-08-02,S002,,NP5063,NP5063,MoonRambler Ultralight Camp Chair 262 Pro,2,73.36,5,146.72,pickup,Y
20260802-0084,2026-08-02,S006,,NP5075,NP5075,MoonRambler Rain Shell,4,261.03,5,1044.12,in_store,Y
20260802-0085,2026-08-02,S002,,NP5033,NP5033,SummitRunner 4P Tent 232,4,187.6,0,750.4,in_store,Y
20260802-0086,2026-08-02,S001,,NP5067,NP5067,CreekRambler Alpine Jacket 266 Pro,4,235.18,5,940.72,in_store,N
20260802-0087,2026-08-02,S002,,NP5057,NP5057,PineRunner 4P Tent 256 Pro,4,359.65,10,1438.6,in_store,Y
20260802-0088,2026-08-02,S004,,NP5063,NP5063,MoonRambler Ultralight Camp Chair 262 Pro,2,61.78,20,123.56,in_store,Y
20260802-0089,2026-08-02,S001,,NP5021,NP5021,EmberRunner Basecamp Tent 220,4,62.65,15,250.6,pickup,Y
20260802-0090,2026-08-02,S001,,NP5047,NP5047,MoonRambler Expedition Flashlight 246,2,58.07,0,116.14,pickup,Y
20260802-0091,2026-08-02,S008,,NP5039,NP5039,HearthRambler Ultralight Camp Chair 238,4,304.63,15,1218.52,in_store,Y
20260802-0092,2026-08-02,S003,,NP5073,NP5073,FieldRunner Battery Pack,1,91.38,0,91.38,ship_from_store,Y
20260802-0093,2026-08-02,S001,,NP5016,NP5016,PeakNomad XL Cooler 215,1,518.94,20,518.94,ship_from_store,Y
20260802-0094,2026-08-02,S007,,NP5019,NP5019,CreekRambler Alpine Jacket 218,1,170.93,5,170.93,in_store,Y
20260802-0095,2026-08-02,S007,,NP5030,NP5030,SwitchbackRover 20oz Tumbler 229,1,128.56,0,128.56,in_store,Y
20260802-0096,2026-08-02,S001,,NP5046,NP5046,SwitchbackRover Weekend Patio Heater 245,4,228.91,0,915.64,pickup,N
20260802-0097,2026-08-02,S005,,NP5054,NP5054,Trail Rover 20oz Tumbler 253,1,72.66,0,72.66,in_store,N
20260802-0098,2026-08-02,S008,,NP5052,NP5052,Storm Nomad Compact Cooler 251,4,302.53,20,1210.12,in_store,Y
20260802-0099,2026-08-02,S005,,NP5047,NP5047,MoonRambler Expedition Flashlight 246,1,58.07,0,58.07,ship_from_store,N
20260802-0100,2026-08-02,S003,,NP5044,NP5044,CloudNomad Approach Trail Shoes 243,4,184.07,5,736.28,ship_from_store,N
20260802-0101,2026-08-02,S002,,NP5040,NP5040,CanyonNomad XL Cooler 239,4,96.77,10,387.08,in_store,N
20260802-0102,2026-08-02,S006,,NP5072,NP5072,SummitRover Cooler,2,675.95,15,1351.9,in_store,Y
20260802-0103,2026-08-02,S005,,NP5040,NP5040,CanyonNomad XL Cooler 239,1,96.77,10,96.77,ship_from_store,N
20260802-0104,2026-08-02,S008,,NP5040,NP5040,CanyonNomad XL Cooler 239,1,86.02,20,86.02,in_store,N
20260802-0105,2026-08-02,S008,,NP5038,NP5038,Trail Rover Wide Trail Shoes 237,1,198.18,0,198.18,in_store,Y
20260802-0106,2026-08-02,S007,,NP5034,NP5034,RidgeRover Deluxe Patio Heater 233,2,134.94,20,269.88,in_store,Y
20260802-0107,2026-08-02,S005,,NP5023,NP5023,HearthRambler Expedition Flashlight 222,2,144.84,0,289.68,ship_from_store,Y
20260802-0108,2026-08-02,S008,,NP5050,NP5050,RidgeRover Mid Trail Shoes 249,2,74.44,0,148.88,ship_from_store,Y
20260802-0109,2026-08-02,S001,,NP5070,NP5070,FieldPacer Insulated Tumbler,2,128.89,10,257.78,in_store,Y
20260802-0110,2026-08-02,S005,,NP5067,NP5067,CreekRambler Alpine Jacket 266 Pro,2,210.43,15,420.86,ship_from_store,Y
20260802-0111,2026-08-02,S002,,NP5031,NP5031,MoonRambler Storm proof Jacket 230,1,145.81,15,145.81,in_store,Y
20260802-0112,2026-08-02,S005,,NP5030,NP5030,SwitchbackRover 20oz Tumbler 229,3,122.13,5,366.39,in_store,N
20260802-0113,2026-08-02,S001,,NP5018,NP5018,RidgeRover Trail Tumbler 217,1,150.17,0,150.17,ship_from_store,Y
20260802-0114,2026-08-02,S001,,NP5022,NP5022,Trail Rover Weekend Patio Heater 221,1,310.01,20,310.01,in_store,Y
20260802-0115,2026-08-02,S001,,NP5008,NP5008,CanyonNomad Waterproof Trail Shoes 207,2,148.91,15,297.82,pickup,N
20260802-0116,2026-08-02,S001,,NP5050,NP5050,RidgeRover Mid Trail Shoes 249,2,74.44,0,148.88,in_store,N
20260802-0117,2026-08-02,S003,,NP5064,NP5064,PeakNomad-XL-Cooler-263,2,655.68,0,1311.36,pickup,Y
20260804-0001,2026-08-04,S006,,NP5026,NP5026,VistaRover Mid Trail Shoes 225,3,128.7,0,386.1,in_store,Y
20260804-0002,2026-08-04,S002,,NP5008,NP5008,CanyonNomad Waterproof Trail Shoes 207,2,148.91,15,297.82,in_store,Y
20260804-0003,2026-08-04,S001,,NP5018,NP5018,RidgeRover Trail Tumbler 217,1,135.15,10,135.15,in_store,Y
20260804-0004,2026-08-04,S004,,NP5068,NP5068,StormNomad-Approach-Trail-Shoes-267,2,86.31,0,172.62,in_store,Y
20260804-0005,2026-08-04,S008,,NP5051,NP5051,CreekRambler 2P Camp Chair 250,1,364.67,15,364.67,in_store,N
20260804-0006,2026-08-04,S008,,NP5007,NP5007,HearthRambler Storm proof Jacket 206,2,87.27,20,174.54,in_store,N
20260804-0007,2026-08-04,S007,,NP5044,NP5044,CloudNomad Approach Trail Shoes 243,2,155.01,20,310.02,in_store,N
20260804-0008,2026-08-04,S001,,NP5064,NP5064,PeakNomad-XL-Cooler-263,1,590.11,10,590.11,in_store,Y
20260804-0009,2026-08-04,S004,,NP5041,NP5041,PineRunner Mini Battery Pack 240,1,53.54,0,53.54,pickup,Y
20260804-0010,2026-08-04,S001,,NP5050,NP5050,RidgeRover Mid Trail Shoes 249,1,63.27,15,63.27,in_store,N
20260804-0011,2026-08-04,S006,,NP5047,NP5047,MoonRambler Expedition Flashlight 246,1,58.07,0,58.07,pickup,Y
20260804-0012,2026-08-04,S001,,NP5025,NP5025,PineRunner Lightweight Jacket 224,4,115.3,5,461.2,in_store,Y
20260804-0013,2026-08-04,S005,,NP5064,NP5064,PeakNomad-XL-Cooler-263,2,655.68,0,1311.36,in_store,Y
20260804-0014,2026-08-04,S003,,NP5042,NP5042,VistaRover Trail Tumbler 241,1,101.12,10,101.12,in_store,Y
20260804-0015,2026-08-04,S002,,NP5063,NP5063,MoonRambler Ultralight Camp Chair 262 Pro,1,61.78,20,61.78,in_store,Y
20260804-0016,2026-08-04,S003,,NP5025,NP5025,PineRunner Lightweight Jacket 224,1,121.37,0,121.37,pickup,Y
20260804-0017,2026-08-04,S008,,NP5048,NP5048,PeakNomad Travel Tumbler 247,2,72.7,0,145.4,in_store,N
20260804-0018,2026-08-04,S001,,NP5072,NP5072,SummitRover Cooler,1,795.23,0,795.23,in_store,Y
20260804-0019,2026-08-04,S004,,NP5037,NP5037,EmberRunner Packable Jacket 236,2,89.38,0,178.76,in_store,Y
20260804-0020,2026-08-04,S005,,NP5061,NP5061,FieldRunner Packable Jacket 260 Pro,4,154.19,0,616.76,in_store,Y
20260804-0021,2026-08-04,S002,,NP5027,NP5027,BoulderRambler 2P Camp Chair 226,1,83.82,10,83.82,ship_from_store,Y
20260804-0022,2026-08-04,S007,,NP5044,NP5044,CloudNomad Approach Trail Shoes 243,2,155.01,20,310.02,ship_from_store,N
20260804-0023,2026-08-04,S003,,NP5028,NP5028,CloudNomad Compact Cooler 227,1,503.25,20,503.25,ship_from_store,N
20260804-0024,2026-08-04,S008,,NP5031,NP5031,MoonRambler Storm proof Jacket 230,1,171.54,0,171.54,in_store,N
20260804-0025,2026-08-04,S005,,NP5005,NP5005,EmberRunner Storm Kit Battery Pack 204,1,95.51,15,95.51,ship_from_store,Y
20260804-0026,2026-08-04,S004,,NP5014,NP5014,SwitchbackRover Wide Trail Shoes 213,1,201.48,5,201.48,in_store,N
20260804-0027,2026-08-04,S005,,NP5008,NP5008,CanyonNomad Waterproof Trail Shoes 207,1,175.19,0,175.19,in_store,Y
20260804-0028,2026-08-04,S002,,NP5026,NP5026,VistaRover Mid Trail Shoes 225,4,128.7,0,514.8,ship_from_store,Y
20260804-0029,2026-08-04,S003,,NP5048,NP5048,PeakNomad Travel Tumbler 247,2,69.06,5,138.12,in_store,Y
20260804-0030,2026-08-04,S004,,NP5032,NP5032,PeakNomad Waterproof Trail Shoes 231,1,200.43,0,200.43,ship_from_store,N
20260804-0031,2026-08-04,S005,,NP5002,NP5002,RidgeRover Mid Trail Shoes 201,4,195.29,5,781.16,in_store,Y
20260804-0032,2026-08-04,S007,,NP5050,NP5050,RidgeRover Mid Trail Shoes 249,1,70.72,5,70.72,pickup,Y
20260804-0033,2026-08-04,S006,,NP5068,NP5068,StormNomad-Approach-Trail-Shoes-267,3,81.99,5,245.97,pickup,Y
20260804-0034,2026-08-04,S003,,NP5009,NP5009,PineRunner 4P Tent 208,2,118.72,0,237.44,in_store,Y
20260804-0035,2026-08-04,S002,,NP5052,NP5052,Storm Nomad Compact Cooler 251,1,378.16,0,378.16,in_store,Y
20260804-0036,2026-08-04,S005,,NP5027,NP5027,BoulderRambler 2P Camp Chair 226,1,93.13,0,93.13,pickup,Y
20260804-0037,2026-08-04,S005,,NP5053,NP5053,EmberRunner Storm Kit Battery Pack 252,2,111.73,0,223.46,ship_from_store,N
20260804-0038,2026-08-04,S003,,NP5031,NP5031,MoonRambler Storm proof Jacket 230,4,162.96,5,651.84,ship_from_store,Y
20260804-0039,2026-08-04,S002,,NP5018,NP5018,RidgeRover Trail Tumbler 217,2,150.17,0,300.34,ship_from_store,Y
20260804-0040,2026-08-04,S004,,NP5004,NP5004,Storm Nomad Compact Cooler 203,3,103.51,5,310.53,pickup,Y
20260804-0041,2026-08-04,S008,,NP5066,NP5066,RidgeRover-Trail-Tumbler-265,1,100.98,0,100.98,ship_from_store,Y
20260804-0042,2026-08-04,S002,,NP5025,NP5025,PineRunner Lightweight Jacket 224,1,121.37,0,121.37,in_store,N
20260804-0043,2026-08-04,S008,,NP5023,NP5023,HearthRambler Expedition Flashlight 222,1,144.84,0,144.84,in_store,Y
20260804-0044,2026-08-04,S004,,NP5042,NP5042,VistaRover Trail Tumbler 241,2,112.36,0,224.72,in_store,Y
20260804-0045,2026-08-04,S003,,NP5028,NP5028,CloudNomad Compact Cooler 227,4,629.06,0,2516.24,in_store,N
20260804-0046,2026-08-04,S001,,NP5010,NP5010,VistaRover Deluxe Patio Heater 209,1,555.58,0,555.58,in_store,N
20260804-0047,2026-08-04,S004,,NP5070,NP5070,FieldPacer Insulated Tumbler,1,121.73,15,121.73,ship_from_store,Y
20260804-0048,2026-08-04,S001,,NP5042,NP5042,VistaRover Trail Tumbler 241,1,112.36,0,112.36,in_store,N
20260804-0049,2026-08-04,S003,,NP5040,NP5040,CanyonNomad XL Cooler 239,1,102.14,5,102.14,in_store,Y
20260804-0050,2026-08-04,S006,,NP5045,NP5045,FieldRunner Basecamp Tent 244,2,343.55,0,687.1,pickup,N
20260804-0051,2026-08-04,S003,,NP5070,NP5070,FieldPacer Insulated Tumbler,2,136.05,5,272.1,pickup,Y
20260804-0052,2026-08-04,S005,,NP5010,NP5010,VistaRover Deluxe Patio Heater 209,1,500.02,10,500.02,ship_from_store,Y
20260804-0053,2026-08-04,S005,,NP5057,NP5057,PineRunner 4P Tent 256 Pro,1,399.61,0,399.61,in_store,Y
20260804-0054,2026-08-04,S003,,NP5055,NP5055,HearthRambler Storm proof Jacket 254,2,265.51,5,531.02,in_store,N
20260804-0055,2026-08-04,S002,,NP5042,NP5042,VistaRover Trail Tumbler 241,4,112.36,0,449.44,in_store,Y
20260804-0056,2026-08-04,S003,,NP5044,NP5044,CloudNomad Approach Trail Shoes 243,1,184.07,5,184.07,ship_from_store,Y
20260804-0057,2026-08-04,S004,,NP5036,NP5036,Storm Nomad 32oz Tumbler 235,3,148.63,5,445.89,in_store,Y
20260804-0058,2026-08-04,S006,,NP5066,NP5066,RidgeRover-Trail-Tumbler-265,1,85.83,15,85.83,in_store,N
20260804-0059,2026-08-04,S002,,NP5001,NP5001,SummitRunner Lightweight Jacket 200,2,116.79,10,233.58,pickup,Y
20260804-0060,2026-08-04,S003,,NP5032,NP5032,PeakNomad Waterproof Trail Shoes 231,1,200.43,0,200.43,in_store,Y
20260804-0061,2026-08-04,S001,,NP5052,NP5052,Storm Nomad Compact Cooler 251,2,359.25,5,718.5,pickup,Y
20260804-0062,2026-08-04,S008,,NP5015,NP5015,MoonRambler Ultralight Camp Chair 214,4,181.2,5,724.8,in_store,Y
20260804-0063,2026-08-04,S004,,NP5075,NP5075,MoonRambler Rain Shell,4,274.77,0,1099.08,pickup,Y
20260804-0064,2026-08-04,S006,,NP5017,NP5017,SummitRunner Mini Battery Pack 216,2,60.12,5,120.24,ship_from_store,Y
20260804-0065,2026-08-04,S007,,NP5034,NP5034,RidgeRover Deluxe Patio Heater 233,3,168.67,0,506.01,pickup,Y
20260804-0066,2026-08-04,S002,,NP5040,NP5040,CanyonNomad XL Cooler 239,2,107.52,0,215.04,in_store,Y
20260804-0067,2026-08-04,S005,,NP5050,NP5050,RidgeRover Mid Trail Shoes 249,3,63.27,15,189.81,in_store,N
20260804-0068,2026-08-04,S004,,NP5046,NP5046,SwitchbackRover Weekend Patio Heater 245,2,217.46,5,434.92,pickup,Y
20260804-0069,2026-08-04,S005,,NP5012,NP5012,CloudNomad 32oz Tumbler 211,2,120.05,0,240.1,ship_from_store,Y
20260804-0070,2026-08-04,S002,,NP5024,NP5024,CanyonNomad Travel Tumbler 223,1,79.53,10,79.53,in_store,Y
20260804-0071,2026-08-04,S003,,NP5020,NP5020,Storm Nomad Approach Trail Shoes 219,2,186.65,10,373.3,ship_from_store,Y
20260804-0072,2026-08-04,S006,,NP5045,NP5045,FieldRunner Basecamp Tent 244,2,274.84,20,549.68,in_store,Y
20260804-0073,2026-08-04,S001,,NP5052,NP5052,Storm Nomad Compact Cooler 251,4,378.16,0,1512.64,in_store,Y
20260804-0074,2026-08-04,S006,,NP5020,NP5020,Storm Nomad Approach Trail Shoes 219,3,176.28,15,528.84,in_store,Y
20260804-0075,2026-08-04,S006,,NP5028,NP5028,CloudNomad Compact Cooler 227,1,629.06,0,629.06,in_store,Y
20260804-0076,2026-08-04,S004,,NP5072,NP5072,SummitRover Cooler,2,795.23,0,1590.46,pickup,Y
20260804-0077,2026-08-04,S005,,NP5064,NP5064,PeakNomad-XL-Cooler-263,3,655.68,0,1967.04,in_store,Y
20260804-0078,2026-08-04,S003,,NP5053,NP5053,EmberRunner Storm Kit Battery Pack 252,2,89.38,20,178.76,in_store,Y
20260804-0079,2026-08-04,S007,,NP5008,NP5008,CanyonNomad Waterproof Trail Shoes 207,2,157.67,10,315.34,in_store,Y
20260804-0080,2026-08-04,S004,,NP5056,NP5056,CanyonNomad Waterproof Trail Shoes 255,2,119.03,20,238.06,in_store,Y
20260804-0081,2026-08-04,S003,,NP5020,NP5020,Storm Nomad Approach Trail Shoes 219,1,207.39,0,207.39,ship_from_store,Y
20260804-0082,2026-08-04,S008,,NP5059,NP5059,BoulderRambler Rechargeable Flashlight 258 Pro,1,92.57,15,92.57,in_store,Y
20260804-0083,2026-08-04,S005,,NP5066,NP5066,RidgeRover-Trail-Tumbler-265,4,80.78,20,323.12,in_store,Y
20260804-0084,2026-08-04,S002,,NP5044,NP5044,CloudNomad Approach Trail Shoes 243,4,164.7,15,658.8,in_store,Y
20260804-0085,2026-08-04,S005,,NP5013,NP5013,FieldRunner Packable Jacket 212,1,79.54,20,79.54,in_store,N
20260804-0086,2026-08-04,S006,,NP5069,NP5069,BoulderNomad Patio Heater,1,221.25,0,221.25,in_store,Y
20260804-0087,2026-08-04,S005,,NP5012,NP5012,CloudNomad 32oz Tumbler 211,2,108.05,10,216.1,in_store,Y
20260804-0088,2026-08-04,S001,,NP5021,NP5021,EmberRunner Basecamp Tent 220,2,73.7,0,147.4,ship_from_store,Y
20260804-0089,2026-08-04,S004,,NP5069,NP5069,BoulderNomad Patio Heater,4,188.06,15,752.24,in_store,N
20260804-0090,2026-08-04,S007,,NP5054,NP5054,Trail Rover 20oz Tumbler 253,3,58.13,20,174.39,ship_from_store,N
20260804-0091,2026-08-04,S007,,NP5025,NP5025,PineRunner Lightweight Jacket 224,3,109.23,10,327.69,in_store,Y
20260804-0092,2026-08-04,S001,,NP5054,NP5054,Trail Rover 20oz Tumbler 253,2,58.13,20,116.26,in_store,Y
20260804-0093,2026-08-04,S001,,NP5014,NP5014,SwitchbackRover Wide Trail Shoes 213,4,212.08,0,848.32,ship_from_store,Y
20260804-0094,2026-08-04,S004,,NP5016,NP5016,PeakNomad XL Cooler 215,3,551.37,15,1654.11,ship_from_store,Y
20260804-0095,2026-08-04,S002,,NP5062,NP5062,SwitchbackRover-Wide-Trail-Shoes-261,3,163.29,0,489.87,in_store,Y
20260804-0096,2026-08-04,S008,,NP5071,NP5071,MoonScout Trail Shoes,2,220.05,0,440.1,in_store,Y
20260804-0097,2026-08-04,S008,,NP5027,NP5027,BoulderRambler 2P Camp Chair 226,3,93.13,0,279.39,in_store,Y
20260804-0098,2026-08-04,S003,,NP5014,NP5014,SwitchbackRover Wide Trail Shoes 213,1,212.08,0,212.08,pickup,Y
20260805-0001,2026-08-05,S008,,NP5048,NP5048,PeakNomad Travel Tumbler 247,2,72.7,0,145.4,ship_from_store,N
20260805-0002,2026-08-05,S008,,NP5055,NP5055,HearthRambler Storm proof Jacket 254,1,251.53,10,251.53,ship_from_store,Y
20260805-0003,2026-08-05,S005,,NP5067,NP5067,CreekRambler Alpine Jacket 266 Pro,1,247.56,0,247.56,in_store,N
20260805-0004,2026-08-05,S005,,NP5021,NP5021,EmberRunner Basecamp Tent 220,3,70.02,5,210.06,in_store,Y
20260805-0005,2026-08-05,S002,,NP5022,NP5022,Trail Rover Weekend Patio Heater 221,1,329.38,15,329.38,in_store,N
20260805-0006,2026-08-05,S001,,NP5072,NP5072,SummitRover Cooler,4,715.71,10,2862.84,in_store,Y
20260805-0007,2026-08-05,S008,,NP5014,NP5014,SwitchbackRover Wide Trail Shoes 213,1,180.27,15,180.27,ship_from_store,N
20260805-0008,2026-08-05,S006,,NP5076,NP5076,PeakNomad Trail Shoes,1,157.12,0,157.12,in_store,Y
20260805-0009,2026-08-05,S004,,NP5054,NP5054,Trail Rover 20oz Tumbler 253,3,69.03,5,207.09,pickup,Y
20260805-0010,2026-08-05,S003,,NP5020,NP5020,Storm Nomad Approach Trail Shoes 219,1,176.28,15,176.28,ship_from_store,Y
20260805-0011,2026-08-05,S003,,NP5038,NP5038,Trail Rover Wide Trail Shoes 237,2,178.36,10,356.72,ship_from_store,N
20260805-0012,2026-08-05,S002,,NP5004,NP5004,Storm Nomad Compact Cooler 203,2,108.96,0,217.92,pickup,Y
20260805-0013,2026-08-05,S008,,NP5019,NP5019,CreekRambler Alpine Jacket 218,3,179.93,0,539.79,in_store,Y
20260805-0014,2026-08-05,S008,,NP5011,NP5011,BoulderRambler Rechargeable Flashlight 210,2,126.03,5,252.06,pickup,N
20260805-0015,2026-08-05,S007,,NP5049,NP5049,SummitRunner Lightweight Jacket 248,2,223.44,0,446.88,in_store,Y
20260805-0016,2026-08-05,S008,,NP5047,NP5047,MoonRambler Expedition Flashlight 246,1,58.07,0,58.07,in_store,Y
20260805-0017,2026-08-05,S003,,NP5072,NP5072,SummitRover Cooler,1,636.18,20,636.18,in_store,Y
20260805-0018,2026-08-05,S004,,NP5072,NP5072,SummitRover Cooler,3,795.23,0,2385.69,ship_from_store,Y
20260805-0019,2026-08-05,S008,,NP5051,NP5051,CreekRambler 2P Camp Chair 250,2,429.02,0,858.04,in_store,Y
20260805-0020,2026-08-05,S003,,NP5075,NP5075,MoonRambler Rain Shell,2,233.55,15,467.1,ship_from_store,N
20260805-0021,2026-08-05,S007,,NP5037,NP5037,EmberRunner Packable Jacket 236,1,75.97,15,75.97,ship_from_store,Y
20260805-0022,2026-08-05,S001,,NP5008,NP5008,CanyonNomad Waterproof Trail Shoes 207,4,175.19,0,700.76,ship_from_store,Y
20260805-0023,2026-08-05,S006,,NP5042,NP5042,VistaRover Trail Tumbler 241,1,106.74,5,106.74,pickup,Y
20260805-0024,2026-08-05,S005,,NP5038,NP5038,Trail Rover Wide Trail Shoes 237,1,198.18,0,198.18,ship_from_store,Y
20260805-0025,2026-08-05,S005,,NP5054,NP5054,Trail Rover 20oz Tumbler 253,1,72.66,0,72.66,in_store,Y
20260805-0026,2026-08-05,S004,,NP5031,NP5031,MoonRambler Storm proof Jacket 230,2,154.39,10,308.78,in_store,Y
20260805-0027,2026-08-05,S008,,NP5004,NP5004,Storm Nomad Compact Cooler 203,2,98.06,10,196.12,in_store,Y
20260805-0028,2026-08-05,S005,,NP5031,NP5031,MoonRambler Storm proof Jacket 230,1,171.54,0,171.54,in_store,Y
20260805-0029,2026-08-05,S008,,NP5055,NP5055,HearthRambler Storm proof Jacket 254,2,251.53,10,503.06,in_store,Y
20260805-0030,2026-08-05,S006,,NP5009,NP5009,PineRunner 4P Tent 208,1,100.91,15,100.91,in_store,Y
20260805-0031,2026-08-05,S003,,NP5049,NP5049,SummitRunner Lightweight Jacket 248,4,178.75,20,715.0,ship_from_store,Y
20260805-0032,2026-08-05,S007,,NP5014,NP5014,SwitchbackRover Wide Trail Shoes 213,1,212.08,0,212.08,in_store,Y
20260805-0033,2026-08-05,S006,,NP5060,NP5060,CloudNomad-32oz-Tumbler-259,4,166.65,0,666.6,in_store,N
20260805-0034,2026-08-05,S008,,NP5012,NP5012,CloudNomad 32oz Tumbler 211,1,120.05,0,120.05,in_store,Y
20260805-0035,2026-08-05,S008,,NP5029,NP5029,FieldRunner Storm Kit Battery Pack 228,2,122.43,0,244.86,ship_from_store,Y
20260805-0036,2026-08-05,S003,,NP5032,NP5032,PeakNomad Waterproof Trail Shoes 231,1,200.43,0,200.43,ship_from_store,N
20260805-0037,2026-08-05,S007,,NP5045,NP5045,FieldRunner Basecamp Tent 244,2,292.02,15,584.04,in_store,Y
20260805-0038,2026-08-05,S006,,NP5064,NP5064,PeakNomad-XL-Cooler-263,2,557.33,15,1114.66,in_store,Y
20260805-0039,2026-08-05,S005,,NP5025,NP5025,PineRunner Lightweight Jacket 224,1,103.16,15,103.16,pickup,Y
20260805-0040,2026-08-05,S001,,NP5020,NP5020,Storm Nomad Approach Trail Shoes 219,2,207.39,0,414.78,in_store,N
20260805-0041,2026-08-05,S006,,NP5023,NP5023,HearthRambler Expedition Flashlight 222,1,144.84,0,144.84,ship_from_store,Y
20260805-0042,2026-08-05,S001,,NP5051,NP5051,CreekRambler 2P Camp Chair 250,2,429.02,0,858.04,in_store,Y
20260805-0043,2026-08-05,S001,,NP5003,NP5003,CreekRambler 2P Camp Chair 202,4,441.63,0,1766.52,ship_from_store,Y
20260805-0044,2026-08-05,S003,,NP5048,NP5048,PeakNomad Travel Tumbler 247,1,72.7,0,72.7,in_store,Y
20260805-0045,2026-08-05,S003,,NP5001,NP5001,SummitRunner Lightweight Jacket 200,2,129.77,0,259.54,in_store,Y
20260805-0046,2026-08-05,S005,,NP5050,NP5050,RidgeRover Mid Trail Shoes 249,1,74.44,0,74.44,in_store,Y
20260805-0047,2026-08-05,S006,,NP5054,NP5054,Trail Rover 20oz Tumbler 253,1,65.39,10,65.39,pickup,Y
20260805-0048,2026-08-05,S007,,NP5001,NP5001,SummitRunner Lightweight Jacket 200,2,123.28,5,246.56,ship_from_store,Y
20260805-0049,2026-08-05,S001,,NP5057,NP5057,PineRunner 4P Tent 256 Pro,2,359.65,10,719.3,in_store,Y
20260805-0050,2026-08-05,S002,,NP5059,NP5059,BoulderRambler Rechargeable Flashlight 258 Pro,1,103.46,5,103.46,ship_from_store,Y
20260805-0051,2026-08-05,S007,,NP5071,NP5071,MoonScout Trail Shoes,1,220.05,0,220.05,in_store,Y
20260805-0052,2026-08-05,S004,,NP5040,NP5040,CanyonNomad XL Cooler 239,1,102.14,5,102.14,pickup,N
20260805-0053,2026-08-05,S001,,NP5012,NP5012,CloudNomad 32oz Tumbler 211,1,120.05,0,120.05,in_store,N
20260805-0054,2026-08-05,S004,,NP5048,NP5048,PeakNomad Travel Tumbler 247,3,61.8,15,185.4,in_store,Y
20260805-0055,2026-08-05,S008,,NP5026,NP5026,VistaRover Mid Trail Shoes 225,1,128.7,0,128.7,pickup,Y
20260805-0056,2026-08-05,S008,,NP5040,NP5040,CanyonNomad XL Cooler 239,1,96.77,10,96.77,in_store,N
20260805-0057,2026-08-05,S006,,NP5047,NP5047,MoonRambler Expedition Flashlight 246,1,55.17,5,55.17,ship_from_store,Y
20260805-0058,2026-08-05,S008,,NP5069,NP5069,BoulderNomad Patio Heater,1,221.25,0,221.25,pickup,N
20260805-0059,2026-08-05,S008,,NP5006,NP5006,Trail Rover 20oz Tumbler 205,3,47.07,15,141.21,in_store,Y
20260805-0060,2026-08-05,S004,,NP5058,NP5058,VistaRover-Deluxe-Patio-Heater-257,1,229.7,20,229.7,ship_from_store,Y
20260805-0061,2026-08-05,S007,,NP5015,NP5015,MoonRambler Ultralight Camp Chair 214,4,190.74,0,762.96,in_store,Y
20260805-0062,2026-08-05,S002,,NP5029,NP5029,FieldRunner Storm Kit Battery Pack 228,3,97.94,20,293.82,in_store,Y
20260805-0063,2026-08-05,S001,,NP5015,NP5015,MoonRambler Ultralight Camp Chair 214,4,162.13,15,648.52,pickup,Y
20260805-0064,2026-08-05,S005,,NP5024,NP5024,CanyonNomad Travel Tumbler 223,1,79.53,10,79.53,in_store,Y
20260805-0065,2026-08-05,S006,,NP5030,NP5030,SwitchbackRover 20oz Tumbler 229,1,128.56,0,128.56,in_store,Y
20260805-0066,2026-08-05,S001,,NP5014,NP5014,SwitchbackRover Wide Trail Shoes 213,1,212.08,0,212.08,pickup,Y
20260805-0067,2026-08-05,S007,,NP5004,NP5004,Storm Nomad Compact Cooler 203,1,103.51,5,103.51,in_store,N
20260805-0068,2026-08-05,S005,,NP5057,NP5057,PineRunner 4P Tent 256 Pro,2,319.69,20,639.38,pickup,N
20260805-0069,2026-08-05,S001,,NP5017,NP5017,SummitRunner Mini Battery Pack 216,1,53.79,15,53.79,in_store,Y
20260805-0070,2026-08-05,S003,,NP5065,NP5065,SummitRunner Mini Battery Pack 264 Pro,3,107.67,0,323.01,in_store,Y
20260805-0071,2026-08-05,S008,,NP5054,NP5054,Trail Rover 20oz Tumbler 253,1,65.39,10,65.39,ship_from_store,Y
20260805-0072,2026-08-05,S003,,NP5042,NP5042,VistaRover Trail Tumbler 241,1,112.36,0,112.36,in_store,Y
20260805-0073,2026-08-05,S007,,NP5021,NP5021,EmberRunner Basecamp Tent 220,1,73.7,0,73.7,in_store,Y
20260805-0074,2026-08-05,S007,,NP5021,NP5021,EmberRunner Basecamp Tent 220,1,70.02,5,70.02,pickup,N
20260805-0075,2026-08-05,S003,,NP5002,NP5002,RidgeRover Mid Trail Shoes 201,1,174.73,15,174.73,in_store,N
20260805-0076,2026-08-05,S002,,NP5026,NP5026,VistaRover Mid Trail Shoes 225,1,115.83,10,115.83,pickup,Y
20260805-0077,2026-08-05,S002,,NP5066,NP5066,RidgeRover-Trail-Tumbler-265,1,95.93,5,95.93,ship_from_store,Y
20260805-0078,2026-08-05,S003,,NP5058,NP5058,VistaRover-Deluxe-Patio-Heater-257,1,287.12,0,287.12,ship_from_store,N
20260805-0079,2026-08-05,S002,,NP5060,NP5060,CloudNomad-32oz-Tumbler-259,1,158.32,5,158.32,in_store,Y
20260805-0080,2026-08-05,S001,,NP5070,NP5070,FieldPacer Insulated Tumbler,2,143.21,0,286.42,in_store,Y
20260805-0081,2026-08-05,S006,,NP5017,NP5017,SummitRunner Mini Battery Pack 216,2,56.95,10,113.9,in_store,Y
20260805-0082,2026-08-05,S008,,NP5061,NP5061,FieldRunner Packable Jacket 260 Pro,3,146.48,5,439.44,ship_from_store,N
20260805-0083,2026-08-05,S002,,NP5076,NP5076,PeakNomad Trail Shoes,1,125.7,20,125.7,pickup,Y
20260805-0084,2026-08-05,S001,,NP5055,NP5055,HearthRambler Storm proof Jacket 254,1,265.51,5,265.51,pickup,Y
20260805-0085,2026-08-05,S002,,NP5012,NP5012,CloudNomad 32oz Tumbler 211,2,120.05,0,240.1,in_store,Y
20260805-0086,2026-08-05,S001,,NP5061,NP5061,FieldRunner Packable Jacket 260 Pro,2,154.19,0,308.38,in_store,N
20260805-0087,2026-08-05,S002,,NP5057,NP5057,PineRunner 4P Tent 256 Pro,4,399.61,0,1598.44,in_store,Y
20260805-0088,2026-08-05,S004,,NP5058,NP5058,VistaRover-Deluxe-Patio-Heater-257,4,244.05,15,976.2,ship_from_store,Y
20260805-0089,2026-08-05,S007,,NP5075,NP5075,MoonRambler Rain Shell,2,219.82,20,439.64,in_store,Y
20260805-0090,2026-08-05,S001,,NP5070,NP5070,FieldPacer Insulated Tumbler,2,121.73,15,243.46,in_store,Y
20260805-0091,2026-08-05,S008,,NP5058,NP5058,VistaRover-Deluxe-Patio-Heater-257,1,244.05,15,244.05,in_store,Y
20260805-0092,2026-08-05,S007,,NP5022,NP5022,Trail Rover Weekend Patio Heater 221,4,387.51,0,1550.04,pickup,Y
20260805-0093,2026-08-05,S003,,NP5007,NP5007,HearthRambler Storm proof Jacket 206,4,103.64,5,414.56,in_store,N
20260805-0094,2026-08-05,S004,,NP5069,NP5069,BoulderNomad Patio Heater,3,210.19,5,630.57,in_store,Y
20260805-0095,2026-08-05,S007,,NP5036,NP5036,Storm Nomad 32oz Tumbler 235,1,132.98,15,132.98,in_store,N
20260805-0096,2026-08-05,S002,,NP5002,NP5002,RidgeRover Mid Trail Shoes 201,2,205.57,0,411.14,in_store,N
20260805-0097,2026-08-05,S003,,NP5032,NP5032,PeakNomad Waterproof Trail Shoes 231,2,200.43,0,400.86,pickup,N
20260805-0098,2026-08-05,S006,,NP5039,NP5039,HearthRambler Ultralight Camp Chair 238,1,286.71,20,286.71,in_store,Y
20260805-0099,2026-08-05,S005,,NP5062,NP5062,SwitchbackRover-Wide-Trail-Shoes-261,2,130.63,20,261.26,ship_from_store,Y
20260805-0100,2026-08-05,S004,,NP5015,NP5015,MoonRambler Ultralight Camp Chair 214,3,181.2,5,543.6,in_store,Y
20260805-0101,2026-08-05,S002,,NP5036,NP5036,Storm Nomad 32oz Tumbler 235,1,156.45,0,156.45,in_store,Y
20260805-0102,2026-08-05,S004,,NP5020,NP5020,Storm Nomad Approach Trail Shoes 219,4,176.28,15,705.12,pickup,N
20260805-0103,2026-08-05,S006,,NP5062,NP5062,SwitchbackRover-Wide-Trail-Shoes-261,3,130.63,20,391.89,in_store,N
20260805-0104,2026-08-05,S004,,NP5044,NP5044,CloudNomad Approach Trail Shoes 243,1,155.01,20,155.01,in_store,Y
20260805-0105,2026-08-05,S001,,NP5053,NP5053,EmberRunner Storm Kit Battery Pack 252,4,106.14,5,424.56,ship_from_store,Y
20260805-0106,2026-08-05,S003,,NP5035,NP5035,CreekRambler Rechargeable Flashlight 234,1,144.26,0,144.26,in_store,Y
20260805-0107,2026-08-05,S007,,NP5029,NP5029,FieldRunner Storm Kit Battery Pack 228,1,122.43,0,122.43,in_store,Y
20260805-0108,2026-08-05,S002,,NP5012,NP5012,CloudNomad 32oz Tumbler 211,1,96.04,20,96.04,in_store,Y
20260805-0109,2026-08-05,S003,,NP5026,NP5026,VistaRover Mid Trail Shoes 225,4,128.7,0,514.8,in_store,Y
20260805-0110,2026-08-05,S006,,NP5071,NP5071,MoonScout Trail Shoes,3,220.05,0,660.15,in_store,N
20260805-0111,2026-08-05,S005,,NP5015,NP5015,MoonRambler Ultralight Camp Chair 214,4,190.74,0,762.96,in_store,N
20260805-0112,2026-08-05,S005,,NP5037,NP5037,EmberRunner Packable Jacket 236,1,71.5,20,71.5,in_store,Y
20260805-0113,2026-08-05,S006,,NP5036,NP5036,Storm Nomad 32oz Tumbler 235,2,148.63,5,297.26,in_store,Y
20260805-0114,2026-08-05,S007,,NP5033,NP5033,SummitRunner 4P Tent 232,2,178.22,5,356.44,in_store,N
20260805-0115,2026-08-05,S005,,NP5055,NP5055,HearthRambler Storm proof Jacket 254,1,237.56,15,237.56,pickup,Y
20260805-0116,2026-08-05,S001,,NP5036,NP5036,Storm Nomad 32oz Tumbler 235,4,156.45,0,625.8,in_store,Y
20260805-0117,2026-08-05,S001,,NP5016,NP5016,PeakNomad XL Cooler 215,1,518.94,20,518.94,in_store,Y
20260805-0118,2026-08-05,S002,,NP5019,NP5019,CreekRambler Alpine Jacket 218,1,179.93,0,179.93,in_store,Y
20260805-0119,2026-08-05,S002,,NP5037,NP5037,EmberRunner Packable Jacket 236,1,84.91,5,84.91,in_store,Y
20260805-0120,2026-08-05,S004,,NP5013,NP5013,FieldRunner Packable Jacket 212,1,99.43,0,99.43,in_store,Y
20260805-0121,2026-08-05,S002,,NP5019,NP5019,CreekRambler Alpine Jacket 218,1,179.93,0,179.93,in_store,Y
20260805-0122,2026-08-05,S001,,NP5036,NP5036,Storm Nomad 32oz Tumbler 235,1,156.45,0,156.45,ship_from_store,Y
20260805-0123,2026-08-05,S007,,NP5064,NP5064,PeakNomad-XL-Cooler-263,1,655.68,0,655.68,in_store,Y
20260805-0124,2026-08-05,S002,,NP5076,NP5076,PeakNomad Trail Shoes,1,157.12,0,157.12,in_store,Y
20260805-0125,2026-08-05,S002,,NP5014,NP5014,SwitchbackRover Wide Trail Shoes 213,1,180.27,15,180.27,in_store,Y
20260805-0126,2026-08-05,S001,,NP5035,NP5035,CreekRambler Rechargeable Flashlight 234,2,144.26,0,288.52,pickup,Y
20260805-0127,2026-08-05,S001,,NP5056,NP5056,CanyonNomad Waterproof Trail Shoes 255,2,133.91,10,267.82,pickup,Y
20260805-0128,2026-08-05,S008,,NP5037,NP5037,EmberRunner Packable Jacket 236,1,89.38,0,89.38,in_store,N
20260805-0129,2026-08-05,S005,,NP5064,NP5064,PeakNomad-XL-Cooler-263,2,655.68,0,1311.36,in_store,N
20260805-0130,2026-08-05,S001,,NP5003,NP5003,CreekRambler 2P Camp Chair 202,2,441.63,0,883.26,ship_from_store,Y
20260805-0131,2026-08-05,S003,,NP5074,NP5074,SwitchbackRover Insulated Tumbler,4,139.14,15,556.56,in_store,Y
20260805-0132,2026-08-05,S007,,NP5033,NP5033,SummitRunner 4P Tent 232,2,150.08,20,300.16,pickup,Y
20260805-0133,2026-08-05,S007,,NP5076,NP5076,PeakNomad Trail Shoes,2,157.12,0,314.24,ship_from_store,Y
20260805-0134,2026-08-05,S005,,NP5060,NP5060,CloudNomad-32oz-Tumbler-259,1,133.32,20,133.32,pickup,Y
20260805-0135,2026-08-05,S001,,NP5018,NP5018,RidgeRover Trail Tumbler 217,2,127.64,15,255.28,in_store,Y
20260805-0136,2026-08-05,S006,,NP5034,NP5034,RidgeRover Deluxe Patio Heater 233,1,143.37,15,143.37,in_store,Y
20260805-0137,2026-08-05,S007,,NP5041,NP5041,PineRunner Mini Battery Pack 240,2,53.54,0,107.08,in_store,Y
20260805-0138,2026-08-05,S006,,NP5028,NP5028,CloudNomad Compact Cooler 227,3,503.25,20,1509.75,in_store,Y
20260805-0139,2026-08-05,S002,,NP5060,NP5060,CloudNomad-32oz-Tumbler-259,2,149.99,10,299.98,pickup,N
20260805-0140,2026-08-05,S002,,NP5014,NP5014,SwitchbackRover Wide Trail Shoes 213,3,180.27,15,540.81,in_store,Y
20260805-0141,2026-08-05,S002,,NP5049,NP5049,SummitRunner Lightweight Jacket 248,2,223.44,0,446.88,in_store,N
20260805-0142,2026-08-05,S003,,NP5050,NP5050,RidgeRover Mid Trail Shoes 249,2,63.27,15,126.54,in_store,Y
20260805-0143,2026-08-05,S003,,NP5040,NP5040,CanyonNomad XL Cooler 239,3,96.77,10,290.31,in_store,Y
20260805-0144,2026-08-05,S008,,NP5051,NP5051,CreekRambler 2P Camp Chair 250,2,364.67,15,729.34,ship_from_store,N
20260805-0145,2026-08-05,S007,,NP5044,NP5044,CloudNomad Approach Trail Shoes 243,2,164.7,15,329.4,in_store,Y
20260805-0146,2026-08-05,S003,,NP5068,NP5068,StormNomad-Approach-Trail-Shoes-267,2,81.99,5,163.98,pickup,Y
20260805-0147,2026-08-05,S006,,NP5022,NP5022,Trail Rover Weekend Patio Heater 221,1,387.51,0,387.51,pickup,Y
20260805-0148,2026-08-05,S002,,NP5060,NP5060,CloudNomad-32oz-Tumbler-259,1,166.65,0,166.65,ship_from_store,Y
20260805-0149,2026-08-05,S004,,NP5032,NP5032,PeakNomad Waterproof Trail Shoes 231,1,200.43,0,200.43,in_store,Y
20260805-0150,2026-08-05,S008,,NP5013,NP5013,FieldRunner Packable Jacket 212,1,84.52,15,84.52,in_store,Y
20260805-0151,2026-08-05,S003,,NP5032,NP5032,PeakNomad Waterproof Trail Shoes 231,1,160.34,20,160.34,in_store,Y
20260805-0152,2026-08-05,S006,,NP5033,NP5033,SummitRunner 4P Tent 232,1,187.6,0,187.6,in_store,Y
20260805-0153,2026-08-05,S005,,NP5037,NP5037,EmberRunner Packable Jacket 236,4,89.38,0,357.52,in_store,N
20260805-0154,2026-08-05,S008,,NP5074,NP5074,SwitchbackRover Insulated Tumbler,1,163.7,0,163.7,in_store,Y
20260805-0155,2026-08-05,S002,,NP5034,NP5034,RidgeRover Deluxe Patio Heater 233,2,160.24,5,320.48,pickup,Y
20260807-0001,2026-08-07,S003,,NP5046,NP5046,SwitchbackRover Weekend Patio Heater 245,1,228.91,0,228.91,in_store,Y
20260807-0002,2026-08-07,S004,,NP5075,NP5075,MoonRambler Rain Shell,4,261.03,5,1044.12,in_store,Y
20260807-0003,2026-08-07,S004,,NP5023,NP5023,HearthRambler Expedition Flashlight 222,1,130.36,10,130.36,in_store,Y
20260807-0004,2026-08-07,S001,,NP5036,NP5036,Storm Nomad 32oz Tumbler 235,1,132.98,15,132.98,in_store,Y
20260807-0005,2026-08-07,S001,,NP5008,NP5008,CanyonNomad Waterproof Trail Shoes 207,1,157.67,10,157.67,pickup,Y
20260807-0006,2026-08-07,S008,,NP5068,NP5068,StormNomad-Approach-Trail-Shoes-267,4,86.31,0,345.24,in_store,Y
20260807-0007,2026-08-07,S008,,NP5061,NP5061,FieldRunner Packable Jacket 260 Pro,3,154.19,0,462.57,ship_from_store,N
20260807-0008,2026-08-07,S006,,NP5053,NP5053,EmberRunner Storm Kit Battery Pack 252,2,106.14,5,212.28,in_store,Y
20260807-0009,2026-08-07,S003,,NP5041,NP5041,PineRunner Mini Battery Pack 240,1,45.51,15,45.51,pickup,Y
20260807-0010,2026-08-07,S002,,NP5028,NP5028,CloudNomad Compact Cooler 227,1,534.7,15,534.7,in_store,Y
20260807-0011,2026-08-07,S003,,NP5050,NP5050,RidgeRover Mid Trail Shoes 249,2,74.44,0,148.88,in_store,Y
20260807-0012,2026-08-07,S002,,NP5033,NP5033,SummitRunner 4P Tent 232,3,159.46,15,478.38,in_store,Y
20260807-0013,2026-08-07,S003,,NP5012,NP5012,CloudNomad 32oz Tumbler 211,1,102.04,15,102.04,ship_from_store,Y
20260807-0014,2026-08-07,S006,,NP5016,NP5016,PeakNomad XL Cooler 215,4,648.67,0,2594.68,in_store,Y
20260807-0015,2026-08-07,S006,,NP5028,NP5028,CloudNomad Compact Cooler 227,3,629.06,0,1887.18,pickup,Y
20260807-0016,2026-08-07,S007,,NP5051,NP5051,CreekRambler 2P Camp Chair 250,2,407.57,5,815.14,in_store,Y
20260807-0017,2026-08-07,S008,,NP5053,NP5053,EmberRunner Storm Kit Battery Pack 252,1,100.56,10,100.56,ship_from_store,Y
20260807-0018,2026-08-07,S007,,NP5033,NP5033,SummitRunner 4P Tent 232,2,187.6,0,375.2,in_store,Y
20260807-0019,2026-08-07,S008,,NP5043,NP5043,BoulderRambler Alpine Jacket 242,2,237.41,0,474.82,in_store,Y
20260807-0020,2026-08-07,S008,,NP5030,NP5030,SwitchbackRover 20oz Tumbler 229,4,122.13,5,488.52,ship_from_store,N
20260807-0021,2026-08-07,S007,,NP5005,NP5005,EmberRunner Storm Kit Battery Pack 204,2,112.37,0,224.74,pickup,N
20260807-0022,2026-08-07,S003,,NP5065,NP5065,SummitRunner Mini Battery Pack 264 Pro,1,107.67,0,107.67,ship_from_store,Y
20260807-0023,2026-08-07,S002,,NP5047,NP5047,MoonRambler Expedition Flashlight 246,1,58.07,0,58.07,pickup,N
20260807-0024,2026-08-07,S005,,NP5052,NP5052,Storm Nomad Compact Cooler 251,1,378.16,0,378.16,in_store,N
20260807-0025,2026-08-07,S001,,NP5068,NP5068,StormNomad-Approach-Trail-Shoes-267,2,69.05,20,138.1,in_store,Y
20260807-0026,2026-08-07,S005,,NP5007,NP5007,HearthRambler Storm proof Jacket 206,2,103.64,5,207.28,in_store,Y
20260807-0027,2026-08-07,S008,,NP5057,NP5057,PineRunner 4P Tent 256 Pro,3,319.69,20,959.07,ship_from_store,Y
20260807-0028,2026-08-07,S007,,NP5043,NP5043,BoulderRambler Alpine Jacket 242,1,189.93,20,189.93,in_store,Y
20260807-0029,2026-08-07,S003,,NP5007,NP5007,HearthRambler Storm proof Jacket 206,3,87.27,20,261.81,in_store,N
20260807-0030,2026-08-07,S003,,NP5034,NP5034,RidgeRover Deluxe Patio Heater 233,1,168.67,0,168.67,ship_from_store,Y
20260807-0031,2026-08-07,S003,,NP5023,NP5023,HearthRambler Expedition Flashlight 222,1,144.84,0,144.84,in_store,N
20260807-0032,2026-08-07,S005,,NP5034,NP5034,RidgeRover Deluxe Patio Heater 233,2,160.24,5,320.48,pickup,N
20260807-0033,2026-08-07,S004,,NP5062,NP5062,SwitchbackRover-Wide-Trail-Shoes-261,1,138.8,15,138.8,in_store,N
20260807-0034,2026-08-07,S002,,NP5072,NP5072,SummitRover Cooler,2,795.23,0,1590.46,in_store,Y
20260807-0035,2026-08-07,S003,,NP5062,NP5062,SwitchbackRover-Wide-Trail-Shoes-261,1,138.8,15,138.8,pickup,Y
20260807-0036,2026-08-07,S004,,NP5053,NP5053,EmberRunner Storm Kit Battery Pack 252,2,100.56,10,201.12,in_store,Y
20260807-0037,2026-08-07,S008,,NP5002,NP5002,RidgeRover Mid Trail Shoes 201,1,164.46,20,164.46,in_store,Y
20260807-0038,2026-08-07,S004,,NP5057,NP5057,PineRunner 4P Tent 256 Pro,1,399.61,0,399.61,in_store,Y
20260807-0039,2026-08-07,S008,,NP5065,NP5065,SummitRunner Mini Battery Pack 264 Pro,3,107.67,0,323.01,pickup,N
20260807-0040,2026-08-07,S007,,NP5026,NP5026,VistaRover Mid Trail Shoes 225,2,102.96,20,205.92,in_store,Y
20260807-0041,2026-08-07,S007,,NP5017,NP5017,SummitRunner Mini Battery Pack 216,1,63.28,0,63.28,in_store,Y
20260807-0042,2026-08-07,S006,,NP5044,NP5044,CloudNomad Approach Trail Shoes 243,2,193.76,0,387.52,in_store,Y
20260807-0043,2026-08-07,S001,,NP5003,NP5003,CreekRambler 2P Camp Chair 202,3,353.3,20,1059.9,in_store,Y
20260807-0044,2026-08-07,S007,,NP5045,NP5045,FieldRunner Basecamp Tent 244,2,343.55,0,687.1,ship_from_store,Y
20260807-0045,2026-08-07,S004,,NP5064,NP5064,PeakNomad-XL-Cooler-263,1,655.68,0,655.68,ship_from_store,Y
20260807-0046,2026-08-07,S008,,NP5072,NP5072,SummitRover Cooler,1,755.47,5,755.47,pickup,Y
20260807-0047,2026-08-07,S002,,NP5017,NP5017,SummitRunner Mini Battery Pack 216,1,63.28,0,63.28,in_store,Y
20260807-0048,2026-08-07,S008,,NP5076,NP5076,PeakNomad Trail Shoes,1,141.41,10,141.41,in_store,Y
20260807-0049,2026-08-07,S008,,NP5002,NP5002,RidgeRover Mid Trail Shoes 201,1,205.57,0,205.57,ship_from_store,Y
20260807-0050,2026-08-07,S007,,NP5069,NP5069,BoulderNomad Patio Heater,1,221.25,0,221.25,pickup,Y
20260807-0051,2026-08-07,S008,,NP5061,NP5061,FieldRunner Packable Jacket 260 Pro,2,131.06,15,262.12,in_store,Y
20260807-0052,2026-08-07,S008,,NP5011,NP5011,BoulderRambler Rechargeable Flashlight 210,4,106.13,20,424.52,in_store,N
20260807-0053,2026-08-07,S008,,NP5014,NP5014,SwitchbackRover Wide Trail Shoes 213,1,169.66,20,169.66,in_store,N
20260807-0054,2026-08-07,S001,,NP5049,NP5049,SummitRunner Lightweight Jacket 248,1,201.1,10,201.1,in_store,N
20260807-0055,2026-08-07,S006,,NP5009,NP5009,PineRunner 4P Tent 208,1,118.72,0,118.72,pickup,Y
20260807-0056,2026-08-07,S004,,NP5034,NP5034,RidgeRover Deluxe Patio Heater 233,4,160.24,5,640.96,in_store,Y
20260807-0057,2026-08-07,S005,,NP5020,NP5020,Storm Nomad Approach Trail Shoes 219,3,176.28,15,528.84,in_store,N
20260807-0058,2026-08-07,S008,,NP5033,NP5033,SummitRunner 4P Tent 232,1,187.6,0,187.6,in_store,Y
20260807-0059,2026-08-07,S003,,NP5052,NP5052,Storm Nomad Compact Cooler 251,1,302.53,20,302.53,ship_from_store,Y
20260807-0060,2026-08-07,S005,,NP5008,NP5008,CanyonNomad Waterproof Trail Shoes 207,4,175.19,0,700.76,ship_from_store,Y
20260807-0061,2026-08-07,S001,,NP5034,NP5034,RidgeRover Deluxe Patio Heater 233,3,168.67,0,506.01,pickup,Y
20260807-0062,2026-08-07,S004,,NP5070,NP5070,FieldPacer Insulated Tumbler,2,143.21,0,286.42,in_store,N
20260807-0063,2026-08-07,S004,,NP5032,NP5032,PeakNomad Waterproof Trail Shoes 231,3,200.43,0,601.29,pickup,Y
20260807-0064,2026-08-07,S002,,NP5007,NP5007,HearthRambler Storm proof Jacket 206,1,109.09,0,109.09,in_store,Y
20260807-0065,2026-08-07,S007,,NP5030,NP5030,SwitchbackRover 20oz Tumbler 229,4,128.56,0,514.24,in_store,Y
20260807-0066,2026-08-07,S008,,NP5075,NP5075,MoonRambler Rain Shell,2,274.77,0,549.54,ship_from_store,Y
20260807-0067,2026-08-07,S006,,NP5064,NP5064,PeakNomad-XL-Cooler-263,2,655.68,0,1311.36,pickup,Y
20260807-0068,2026-08-07,S002,,NP5013,NP5013,FieldRunner Packable Jacket 212,2,84.52,15,169.04,in_store,Y
20260807-0069,2026-08-07,S008,,NP5011,NP5011,BoulderRambler Rechargeable Flashlight 210,1,132.66,0,132.66,in_store,Y
20260807-0070,2026-08-07,S001,,NP5043,NP5043,BoulderRambler Alpine Jacket 242,4,237.41,0,949.64,ship_from_store,Y
20260807-0071,2026-08-07,S008,,NP5056,NP5056,CanyonNomad Waterproof Trail Shoes 255,1,119.03,20,119.03,in_store,N
20260807-0072,2026-08-07,S005,,NP5022,NP5022,Trail Rover Weekend Patio Heater 221,3,310.01,20,930.03,ship_from_store,Y
20260807-0073,2026-08-07,S004,,NP5061,NP5061,FieldRunner Packable Jacket 260 Pro,2,154.19,0,308.38,ship_from_store,Y
20260807-0074,2026-08-07,S006,,NP5037,NP5037,EmberRunner Packable Jacket 236,3,75.97,15,227.91,in_store,Y
20260807-0075,2026-08-07,S005,,NP5010,NP5010,VistaRover Deluxe Patio Heater 209,2,555.58,0,1111.16,in_store,N
20260807-0076,2026-08-07,S007,,NP5048,NP5048,PeakNomad Travel Tumbler 247,4,65.43,10,261.72,pickup,Y
20260807-0077,2026-08-07,S006,,NP5045,NP5045,FieldRunner Basecamp Tent 244,1,343.55,0,343.55,in_store,Y
20260807-0078,2026-08-07,S007,,NP5062,NP5062,SwitchbackRover-Wide-Trail-Shoes-261,2,163.29,0,326.58,in_store,Y
20260807-0079,2026-08-07,S002,,NP5069,NP5069,BoulderNomad Patio Heater,4,221.25,0,885.0,in_store,Y
20260807-0080,2026-08-07,S003,,NP5046,NP5046,SwitchbackRover Weekend Patio Heater 245,1,217.46,5,217.46,in_store,Y
20260807-0081,2026-08-07,S002,,NP5035,NP5035,CreekRambler Rechargeable Flashlight 234,2,129.83,10,259.66,in_store,Y
20260807-0082,2026-08-07,S001,,NP5065,NP5065,SummitRunner Mini Battery Pack 264 Pro,2,107.67,0,215.34,ship_from_store,Y
20260807-0083,2026-08-07,S004,,NP5057,NP5057,PineRunner 4P Tent 256 Pro,1,379.63,5,379.63,pickup,N
20260807-0084,2026-08-07,S003,,NP5075,NP5075,MoonRambler Rain Shell,1,274.77,0,274.77,pickup,Y
20260807-0085,2026-08-07,S003,,NP5056,NP5056,CanyonNomad Waterproof Trail Shoes 255,1,148.79,0,148.79,ship_from_store,Y
20260807-0086,2026-08-07,S007,,NP5009,NP5009,PineRunner 4P Tent 208,1,100.91,15,100.91,ship_from_store,Y
20260807-0087,2026-08-07,S001,,NP5010,NP5010,VistaRover Deluxe Patio Heater 209,3,555.58,0,1666.74,pickup,Y
20260807-0088,2026-08-07,S007,,NP5076,NP5076,PeakNomad Trail Shoes,4,133.55,15,534.2,pickup,Y
20260807-0089,2026-08-07,S004,,NP5060,NP5060,CloudNomad-32oz-Tumbler-259,1,166.65,0,166.65,in_store,Y
20260807-0090,2026-08-07,S005,,NP5047,NP5047,MoonRambler Expedition Flashlight 246,2,49.36,15,98.72,in_store,Y
20260807-0091,2026-08-07,S008,,NP5038,NP5038,Trail Rover Wide Trail Shoes 237,4,178.36,10,713.44,in_store,N
20260807-0092,2026-08-07,S008,,NP5059,NP5059,BoulderRambler Rechargeable Flashlight 258 Pro,1,108.91,0,108.91,in_store,Y
20260807-0093,2026-08-07,S002,,NP5055,NP5055,HearthRambler Storm proof Jacket 254,1,237.56,15,237.56,in_store,Y
20260807-0094,2026-08-07,S002,,NP5019,NP5019,CreekRambler Alpine Jacket 218,1,170.93,5,170.93,pickup,Y
20260807-0095,2026-08-07,S006,,NP5030,NP5030,SwitchbackRover 20oz Tumbler 229,1,128.56,0,128.56,in_store,N
20260807-0096,2026-08-07,S001,,NP5053,NP5053,EmberRunner Storm Kit Battery Pack 252,2,106.14,5,212.28,in_store,Y
20260807-0097,2026-08-07,S001,,NP5063,NP5063,MoonRambler Ultralight Camp Chair 262 Pro,1,69.5,10,69.5,ship_from_store,Y
20260807-0098,2026-08-07,S007,,NP5036,NP5036,Storm Nomad 32oz Tumbler 235,2,156.45,0,312.9,in_store,Y
20260807-0099,2026-08-07,S007,,NP5016,NP5016,PeakNomad XL Cooler 215,2,648.67,0,1297.34,in_store,N
20260807-0100,2026-08-07,S007,,NP5020,NP5020,Storm Nomad Approach Trail Shoes 219,2,207.39,0,414.78,in_store,N
20260807-0101,2026-08-07,S004,,NP5076,NP5076,PeakNomad Trail Shoes,4,149.26,5,597.04,in_store,N
20260807-0102,2026-08-07,S002,,NP5048,NP5048,PeakNomad Travel Tumbler 247,1,58.16,20,58.16,in_store,Y
20260807-0103,2026-08-07,S005,,NP5061,NP5061,FieldRunner Packable Jacket 260 Pro,1,131.06,15,131.06,pickup,N
20260807-0104,2026-08-07,S008,,NP5018,NP5018,RidgeRover Trail Tumbler 217,2,135.15,10,270.3,pickup,N
20260807-0105,2026-08-07,S003,,NP5048,NP5048,PeakNomad Travel Tumbler 247,4,61.8,15,247.2,pickup,N
20260807-0106,2026-08-07,S004,,NP5023,NP5023,HearthRambler Expedition Flashlight 222,3,144.84,0,434.52,in_store,Y
20260807-0107,2026-08-07,S008,,NP5002,NP5002,RidgeRover Mid Trail Shoes 201,1,205.57,0,205.57,in_store,Y
20260807-0108,2026-08-07,S008,,NP5036,NP5036,Storm Nomad 32oz Tumbler 235,3,125.16,20,375.48,ship_from_store,Y
20260807-0109,2026-08-07,S001,,NP5025,NP5025,PineRunner Lightweight Jacket 224,1,121.37,0,121.37,pickup,Y
20260807-0110,2026-08-07,S004,,NP5074,NP5074,SwitchbackRover Insulated Tumbler,1,163.7,0,163.7,ship_from_store,Y
20260807-0111,2026-08-07,S003,,NP5069,NP5069,BoulderNomad Patio Heater,3,221.25,0,663.75,in_store,N
20260807-0112,2026-08-07,S002,,NP5018,NP5018,RidgeRover Trail Tumbler 217,1,120.14,20,120.14,in_store,Y
20260807-0113,2026-08-07,S007,,NP5076,NP5076,PeakNomad Trail Shoes,2,157.12,0,314.24,in_store,Y
20260807-0114,2026-08-07,S007,,NP5056,NP5056,CanyonNomad Waterproof Trail Shoes 255,2,148.79,0,297.58,ship_from_store,Y
20260807-0115,2026-08-07,S008,,NP5035,NP5035,CreekRambler Rechargeable Flashlight 234,1,144.26,0,144.26,in_store,Y
20260807-0116,2026-08-07,S001,,NP5049,NP5049,SummitRunner Lightweight Jacket 248,2,223.44,0,446.88,ship_from_store,Y
20260807-0117,2026-08-07,S002,,NP5052,NP5052,Storm Nomad Compact Cooler 251,3,378.16,0,1134.48,in_store,Y
20260807-0118,2026-08-07,S001,,NP5061,NP5061,FieldRunner Packable Jacket 260 Pro,3,146.48,5,439.44,ship_from_store,Y
20260807-0119,2026-08-07,S007,,NP5059,NP5059,BoulderRambler Rechargeable Flashlight 258 Pro,2,108.91,0,217.82,in_store,Y
20260807-0120,2026-08-07,S002,,NP5074,NP5074,SwitchbackRover Insulated Tumbler,1,155.51,5,155.51,in_store,Y
20260807-0121,2026-08-07,S003,,NP5053,NP5053,EmberRunner Storm Kit Battery Pack 252,3,111.73,0,335.19,in_store,Y
20260807-0122,2026-08-07,S005,,NP5006,NP5006,Trail Rover 20oz Tumbler 205,1,52.61,5,52.61,pickup,Y
20260807-0123,2026-08-07,S002,,NP5054,NP5054,Trail Rover 20oz Tumbler 253,1,61.76,15,61.76,in_store,Y
20260807-0124,2026-08-07,S001,,NP5048,NP5048,PeakNomad Travel Tumbler 247,2,72.7,0,145.4,ship_from_store,Y
20260807-0125,2026-08-07,S002,,NP5014,NP5014,SwitchbackRover Wide Trail Shoes 213,2,201.48,5,402.96,in_store,Y
