order_date,store_id,canonical_product_id,canonical_product_name,store_name,city,state,region,store_type,latitude,longitude,order_count,units_sold,net_sales,temperature_2m_max_c,temperature_2m_min_c,precipitation_sum_mm,source
2026-07-12,S001,P1003,CreekRambler 2P Camp Chair 202,Rocky Top Outfitters - Knoxville,Knoxville,TN,Southeast,flagship,35.9606,-83.9207,1,3,1346.94,26.7,20.8,17.1,open-meteo
2026-07-12,S001,P1007,HearthRambler Stormproof Jacket 206,Rocky Top Outfitters - Knoxville,Knoxville,TN,Southeast,flagship,35.9606,-83.9207,1,2,202.36,26.7,20.8,17.1,open-meteo
2026-07-12,S001,P1013,FieldRunner Packable Jacket 212,Rocky Top Outfitters - Knoxville,Knoxville,TN,Southeast,flagship,35.9606,-83.9207,1,4,311.64,26.7,20.8,17.1,open-meteo
2026-07-12,S001,P1017,SummitRunner Mini Battery Pack 216,Rocky Top Outfitters - Knoxville,Knoxville,TN,Southeast,flagship,35.9606,-83.9207,1,3,174.51,26.7,20.8,17.1,open-meteo
2026-07-12,S001,P1018,RidgeRover Trail Tumbler 217,Rocky Top Outfitters - Knoxville,Knoxville,TN,Southeast,flagship,35.9606,-83.9207,2,3,391.08,26.7,20.8,17.1,open-meteo
2026-07-12,S001,P1024,CanyonNomad Travel Tumbler 223,Rocky Top Outfitters - Knoxville,Knoxville,TN,Southeast,flagship,35.9606,-83.9207,1,2,181.18,26.7,20.8,17.1,open-meteo
2026-07-12,S001,P1027,BoulderRambler 2P Camp Chair 226,Rocky Top Outfitters - Knoxville,Knoxville,TN,Southeast,flagship,35.9606,-83.9207,1,1,87.43,26.7,20.8,17.1,open-meteo
2026-07-12,S001,P1028,CloudNomad Compact Cooler 227,Rocky Top Outfitters - Knoxville,Knoxville,TN,Southeast,flagship,35.9606,-83.9207,1,3,1942.56,26.7,20.8,17.1,open-meteo
2026-07-12,S001,P1029,FieldRunner Storm Kit Battery Pack 228,Rocky Top Outfitters - Knoxville,Knoxville,TN,Southeast,flagship,35.9606,-83.9207,1,1,125.93,26.7,20.8,17.1,open-meteo
2026-07-12,S001,P1031,MoonRambler Stormproof Jacket 230,Rocky Top Outfitters - Knoxville,Knoxville,TN,Southeast,flagship,35.9606,-83.9207,1,4,659.4,26.7,20.8,17.1,open-meteo
2026-07-12,S001,P1037,EmberRunner Packable Jacket 236,Rocky Top Outfitters - Knoxville,Knoxville,TN,Southeast,flagship,35.9606,-83.9207,1,1,91.75,26.7,20.8,17.1,open-meteo
2026-07-12,S001,P1054,TrailRover 20oz Tumbler 253,Rocky Top Outfitters - Knoxville,Knoxville,TN,Southeast,flagship,35.9606,-83.9207,1,1,70.68,26.7,20.8,17.1,open-meteo
2026-07-12,S001,P1056,CanyonNomad Waterproof Trail Shoes 255,Rocky Top Outfitters - Knoxville,Knoxville,TN,Southeast,flagship,35.9606,-83.9207,1,1,115.21,26.7,20.8,17.1,open-meteo
2026-07-12,S001,P1060,CloudNomad 32oz Tumbler 259,Rocky Top Outfitters - Knoxville,Knoxville,TN,Southeast,flagship,35.9606,-83.9207,1,3,440.01,26.7,20.8,17.1,open-meteo
2026-07-12,S001,P1074,Unknown product (P1074),Rocky Top Outfitters - Knoxville,Knoxville,TN,Southeast,flagship,35.9606,-83.9207,1,1,153.36,26.7,20.8,17.1,open-meteo
2026-07-12,S001,P1075,Unknown product (P1075),Rocky Top Outfitters - Knoxville,Knoxville,TN,Southeast,flagship,35.9606,-83.9207,1,3,421.32,26.7,20.8,17.1,open-meteo
2026-07-12,S002,P1023,HearthRambler Expedition Flashlight 222,Rocky Top Outfitters - Miami,Miami,FL,Southeast,urban,25.7617,-80.1918,1,1,141.44,33.1,28.7,0.4,open-meteo
2026-07-12,S002,P1034,RidgeRover Deluxe Patio Heater 233,Rocky Top Outfitters - Miami,Miami,FL,Southeast,urban,25.7617,-80.1918,1,4,675.44,33.1,28.7,0.4,open-meteo
2026-07-12,S002,P1036,StormNomad 32oz Tumbler 235,Rocky Top Outfitters - Miami,Miami,FL,Southeast,urban,25.7617,-80.1918,1,1,149.83,33.1,28.7,0.4,open-meteo
2026-07-12,S002,P1039,HearthRambler Ultralight Camp Chair 238,Rocky Top Outfitters - Miami,Miami,FL,Southeast,urban,25.7617,-80.1918,1,4,1324.24,33.1,28.7,0.4,open-meteo
2026-07-12,S002,P1043,BoulderRambler Alpine Jacket 242,Rocky Top Outfitters - Miami,Miami,FL,Southeast,urban,25.7617,-80.1918,1,1,228.95,33.1,28.7,0.4,open-meteo
2026-07-12,S002,P1048,PeakNomad Travel Tumbler 247,Rocky Top Outfitters - Miami,Miami,FL,Southeast,urban,25.7617,-80.1918,1,1,63.25,33.1,28.7,0.4,open-meteo
2026-07-12,S002,P1049,SummitRunner Lightweight Jacket 248,Rocky Top Outfitters - Miami,Miami,FL,Southeast,urban,25.7617,-80.1918,1,2,399.62,33.1,28.7,0.4,open-meteo
2026-07-12,S003,P1003,CreekRambler 2P Camp Chair 202,Rocky Top Outfitters - Chicago,Chicago,IL,Midwest,urban,41.8781,-87.6298,1,2,763.26,27.6,21.2,0.0,open-meteo
2026-07-12,S003,P1006,TrailRover 20oz Tumbler 205,Rocky Top Outfitters - Chicago,Chicago,IL,Midwest,urban,41.8781,-87.6298,2,3,156.55,27.6,21.2,0.0,open-meteo
2026-07-12,S003,P1012,CloudNomad 32oz Tumbler 211,Rocky Top Outfitters - Chicago,Chicago,IL,Midwest,urban,41.8781,-87.6298,1,1,117.48,27.6,21.2,0.0,open-meteo
2026-07-12,S003,P1014,SwitchbackRover Wide Trail Shoes 213,Rocky Top Outfitters - Chicago,Chicago,IL,Midwest,urban,41.8781,-87.6298,1,3,614.01,27.6,21.2,0.0,open-meteo
2026-07-12,S003,P1016,PeakNomad XL Cooler 215,Rocky Top Outfitters - Chicago,Chicago,IL,Midwest,urban,41.8781,-87.6298,1,2,1077.96,27.6,21.2,0.0,open-meteo
2026-07-12,S003,P1018,RidgeRover Trail Tumbler 217,Rocky Top Outfitters - Chicago,Chicago,IL,Midwest,urban,41.8781,-87.6298,1,2,245.38,27.6,21.2,0.0,open-meteo
2026-07-12,S003,P1020,StormNomad Approach Trail Shoes 219,Rocky Top Outfitters - Chicago,Chicago,IL,Midwest,urban,41.8781,-87.6298,1,1,211.48,27.6,21.2,0.0,open-meteo
2026-07-12,S003,P1026,VistaRover Mid Trail Shoes 225,Rocky Top Outfitters - Chicago,Chicago,IL,Midwest,urban,41.8781,-87.6298,1,1,130.4,27.6,21.2,0.0,open-meteo
2026-07-12,S003,P1027,BoulderRambler 2P Camp Chair 226,Rocky Top Outfitters - Chicago,Chicago,IL,Midwest,urban,41.8781,-87.6298,1,3,276.09,27.6,21.2,0.0,open-meteo
2026-07-12,S003,P1029,FieldRunner Storm Kit Battery Pack 228,Rocky Top Outfitters - Chicago,Chicago,IL,Midwest,urban,41.8781,-87.6298,1,3,321.12,27.6,21.2,0.0,open-meteo
2026-07-12,S003,P1031,MoonRambler Stormproof Jacket 230,Rocky Top Outfitters - Chicago,Chicago,IL,Midwest,urban,41.8781,-87.6298,1,1,164.85,27.6,21.2,0.0,open-meteo
2026-07-12,S003,P1035,CreekRambler Rechargeable Flashlight 234,Rocky Top Outfitters - Chicago,Chicago,IL,Midwest,urban,41.8781,-87.6298,1,1,125.57,27.6,21.2,0.0,open-meteo
2026-07-12,S003,P1046,SwitchbackRover Weekend Patio Heater 245,Rocky Top Outfitters - Chicago,Chicago,IL,Midwest,urban,41.8781,-87.6298,1,3,560.22,27.6,21.2,0.0,open-meteo
2026-07-12,S003,P1067,CreekRambler Alpine Jacket 266,Rocky Top Outfitters - Chicago,Chicago,IL,Midwest,urban,41.8781,-87.6298,1,2,427.16,27.6,21.2,0.0,open-meteo
2026-07-12,S003,P1071,Unknown product (P1071),Rocky Top Outfitters - Chicago,Chicago,IL,Midwest,urban,41.8781,-87.6298,1,3,429.9,27.6,21.2,0.0,open-meteo
2026-07-12,S004,P1007,HearthRambler Stormproof Jacket 206,Rocky Top Outfitters - Denver,Denver,CO,Mountain,flagship,39.7392,-104.9903,1,3,286.68,37.0,18.1,0.0,open-meteo
2026-07-12,S004,P1011,BoulderRambler Rechargeable Flashlight 210,Rocky Top Outfitters - Denver,Denver,CO,Mountain,flagship,39.7392,-104.9903,1,2,212.92,37.0,18.1,0.0,open-meteo
2026-07-12,S004,P1012,CloudNomad 32oz Tumbler 211,Rocky Top Outfitters - Denver,Denver,CO,Mountain,flagship,39.7392,-104.9903,1,1,123.66,37.0,18.1,0.0,open-meteo
2026-07-12,S004,P1014,SwitchbackRover Wide Trail Shoes 213,Rocky Top Outfitters - Denver,Denver,CO,Mountain,flagship,39.7392,-104.9903,1,4,654.96,37.0,18.1,0.0,open-meteo
2026-07-12,S004,P1020,StormNomad Approach Trail Shoes 219,Rocky Top Outfitters - Denver,Denver,CO,Mountain,flagship,39.7392,-104.9903,1,2,380.66,37.0,18.1,0.0,open-meteo
2026-07-12,S004,P1021,EmberRunner Basecamp Tent 220,Rocky Top Outfitters - Denver,Denver,CO,Mountain,flagship,39.7392,-104.9903,1,1,73.74,37.0,18.1,0.0,open-meteo
2026-07-12,S004,P1032,PeakNomad Waterproof Trail Shoes 231,Rocky Top Outfitters - Denver,Denver,CO,Mountain,flagship,39.7392,-104.9903,1,1,155.26,37.0,18.1,0.0,open-meteo
2026-07-12,S004,P1042,VistaRover Trail Tumbler 241,Rocky Top Outfitters - Denver,Denver,CO,Mountain,flagship,39.7392,-104.9903,1,3,293.88,37.0,18.1,0.0,open-meteo
2026-07-12,S004,P1043,BoulderRambler Alpine Jacket 242,Rocky Top Outfitters - Denver,Denver,CO,Mountain,flagship,39.7392,-104.9903,1,3,686.85,37.0,18.1,0.0,open-meteo
2026-07-12,S004,P1050,RidgeRover Mid Trail Shoes 249,Rocky Top Outfitters - Denver,Denver,CO,Mountain,flagship,39.7392,-104.9903,1,1,75.31,37.0,18.1,0.0,open-meteo
2026-07-12,S004,P1057,PineRunner 4P Tent 256,Rocky Top Outfitters - Denver,Denver,CO,Mountain,flagship,39.7392,-104.9903,1,1,369.15,37.0,18.1,0.0,open-meteo
2026-07-12,S004,P1061,FieldRunner Packable Jacket 260,Rocky Top Outfitters - Denver,Denver,CO,Mountain,flagship,39.7392,-104.9903,1,2,295.68,37.0,18.1,0.0,open-meteo
2026-07-12,S005,P1003,CreekRambler 2P Camp Chair 202,Rocky Top Outfitters - Phoenix,Phoenix,AZ,Southwest,suburban,33.4484,-112.074,1,2,897.96,41.3,25.8,5.1,open-meteo
2026-07-12,S005,P1004,StormNomad Compact Cooler 203,Rocky Top Outfitters - Phoenix,Phoenix,AZ,Southwest,suburban,33.4484,-112.074,1,1,104.41,41.3,25.8,5.1,open-meteo
2026-07-12,S005,P1009,PineRunner 4P Tent 208,Rocky Top Outfitters - Phoenix,Phoenix,AZ,Southwest,suburban,33.4484,-112.074,1,3,328.5,41.3,25.8,5.1,open-meteo
2026-07-12,S005,P1010,VistaRover Deluxe Patio Heater 209,Rocky Top Outfitters - Phoenix,Phoenix,AZ,Southwest,suburban,33.4484,-112.074,1,3,1657.29,41.3,25.8,5.1,open-meteo
2026-07-12,S005,P1011,BoulderRambler Rechargeable Flashlight 210,Rocky Top Outfitters - Phoenix,Phoenix,AZ,Southwest,suburban,33.4484,-112.074,1,2,239.52,41.3,25.8,5.1,open-meteo
2026-07-12,S005,P1028,CloudNomad Compact Cooler 227,Rocky Top Outfitters - Phoenix,Phoenix,AZ,Southwest,suburban,33.4484,-112.074,1,1,518.02,41.3,25.8,5.1,open-meteo
2026-07-12,S005,P1033,SummitRunner 4P Tent 232,Rocky Top Outfitters - Phoenix,Phoenix,AZ,Southwest,suburban,33.4484,-112.074,1,1,189.46,41.3,25.8,5.1,open-meteo
2026-07-12,S005,P1034,RidgeRover Deluxe Patio Heater 233,Rocky Top Outfitters - Phoenix,Phoenix,AZ,Southwest,suburban,33.4484,-112.074,1,2,287.06,41.3,25.8,5.1,open-meteo
2026-07-12,S005,P1039,HearthRambler Ultralight Camp Chair 238,Rocky Top Outfitters - Phoenix,Phoenix,AZ,Southwest,suburban,33.4484,-112.074,1,1,312.66,41.3,25.8,5.1,open-meteo
2026-07-12,S005,P1042,VistaRover Trail Tumbler 241,Rocky Top Outfitters - Phoenix,Phoenix,AZ,Southwest,suburban,33.4484,-112.074,1,1,92.2,41.3,25.8,5.1,open-meteo
2026-07-12,S005,P1043,BoulderRambler Alpine Jacket 242,Rocky Top Outfitters - Phoenix,Phoenix,AZ,Southwest,suburban,33.4484,-112.074,1,4,964.0,41.3,25.8,5.1,open-meteo
2026-07-12,S005,P1045,FieldRunner Basecamp Tent 244,Rocky Top Outfitters - Phoenix,Phoenix,AZ,Southwest,suburban,33.4484,-112.074,1,2,627.14,41.3,25.8,5.1,open-meteo
2026-07-12,S005,P1048,PeakNomad Travel Tumbler 247,Rocky Top Outfitters - Phoenix,Phoenix,AZ,Southwest,suburban,33.4484,-112.074,1,4,238.96,41.3,25.8,5.1,open-meteo
2026-07-12,S005,P1051,CreekRambler 2P Camp Chair 250,Rocky Top Outfitters - Phoenix,Phoenix,AZ,Southwest,suburban,33.4484,-112.074,1,2,678.64,41.3,25.8,5.1,open-meteo
2026-07-12,S005,P1054,TrailRover 20oz Tumbler 253,Rocky Top Outfitters - Phoenix,Phoenix,AZ,Southwest,suburban,33.4484,-112.074,1,2,113.08,41.3,25.8,5.1,open-meteo
2026-07-12,S005,P1063,MoonRambler Ultralight Camp Chair 262,Rocky Top Outfitters - Phoenix,Phoenix,AZ,Southwest,suburban,33.4484,-112.074,1,1,79.92,41.3,25.8,5.1,open-meteo
2026-07-12,S005,P1065,SummitRunner Mini Battery Pack 264,Rocky Top Outfitters - Phoenix,Phoenix,AZ,Southwest,suburban,33.4484,-112.074,1,2,180.58,41.3,25.8,5.1,open-meteo
2026-07-12,S005,P1074,Unknown product (P1074),Rocky Top Outfitters - Phoenix,Phoenix,AZ,Southwest,suburban,33.4484,-112.074,1,1,172.53,41.3,25.8,5.1,open-meteo
2026-07-12,S005,P1078,SwitchbackRover 20oz Tumbler 277,Rocky Top Outfitters - Phoenix,Phoenix,AZ,Southwest,suburban,33.4484,-112.074,1,1,146.35,41.3,25.8,5.1,open-meteo
2026-07-12,S006,P1016,PeakNomad XL Cooler 215,Rocky Top Outfitters - Seattle,Seattle,WA,Pacific Northwest,urban,47.6062,-122.3321,1,1,634.09,21.2,13.8,0.6,open-meteo
2026-07-12,S006,P1031,MoonRambler Stormproof Jacket 230,Rocky Top Outfitters - Seattle,Seattle,WA,Pacific Northwest,urban,47.6062,-122.3321,1,2,312.36,21.2,13.8,0.6,open-meteo
2026-07-12,S006,P1037,EmberRunner Packable Jacket 236,Rocky Top Outfitters - Seattle,Seattle,WA,Pacific Northwest,urban,47.6062,-122.3321,1,1,91.75,21.2,13.8,0.6,open-meteo
2026-07-12,S006,P1038,TrailRover Wide Trail Shoes 237,Rocky Top Outfitters - Seattle,Seattle,WA,Pacific Northwest,urban,47.6062,-122.3321,1,1,167.35,21.2,13.8,0.6,open-meteo
2026-07-12,S006,P1041,PineRunner Mini Battery Pack 240,Rocky Top Outfitters - Seattle,Seattle,WA,Pacific Northwest,urban,47.6062,-122.3321,1,2,109.2,21.2,13.8,0.6,open-meteo
2026-07-12,S006,P1048,PeakNomad Travel Tumbler 247,Rocky Top Outfitters - Seattle,Seattle,WA,Pacific Northwest,urban,47.6062,-122.3321,1,3,179.22,21.2,13.8,0.6,open-meteo
2026-07-12,S006,P1050,RidgeRover Mid Trail Shoes 249,Rocky Top Outfitters - Seattle,Seattle,WA,Pacific Northwest,urban,47.6062,-122.3321,1,1,71.54,21.2,13.8,0.6,open-meteo
2026-07-12,S006,P1062,SwitchbackRover Wide Trail Shoes 261,Rocky Top Outfitters - Seattle,Seattle,WA,Pacific Northwest,urban,47.6062,-122.3321,1,2,273.1,21.2,13.8,0.6,open-meteo
2026-07-12,S006,P1065,SummitRunner Mini Battery Pack 264,Rocky Top Outfitters - Seattle,Seattle,WA,Pacific Northwest,urban,47.6062,-122.3321,1,1,112.86,21.2,13.8,0.6,open-meteo
2026-07-12,S006,P1075,Unknown product (P1075),Rocky Top Outfitters - Seattle,Seattle,WA,Pacific Northwest,urban,47.6062,-122.3321,1,3,495.66,21.2,13.8,0.6,open-meteo
2026-07-12,S007,P1006,TrailRover 20oz Tumbler 205,Rocky Top Outfitters - Boston,Boston,MA,Northeast,urban,42.3601,-71.0589,1,4,223.64,26.4,17.5,0.0,open-meteo
2026-07-12,S007,P1008,CanyonNomad Waterproof Trail Shoes 207,Rocky Top Outfitters - Boston,Boston,MA,Northeast,urban,42.3601,-71.0589,1,2,315.9,26.4,17.5,0.0,open-meteo
2026-07-12,S007,P1026,VistaRover Mid Trail Shoes 225,Rocky Top Outfitters - Boston,Boston,MA,Northeast,urban,42.3601,-71.0589,1,2,260.8,26.4,17.5,0.0,open-meteo
2026-07-12,S007,P1032,PeakNomad Waterproof Trail Shoes 231,Rocky Top Outfitters - Boston,Boston,MA,Northeast,urban,42.3601,-71.0589,2,4,679.29,26.4,17.5,0.0,open-meteo
2026-07-12,S007,P1036,StormNomad 32oz Tumbler 235,Rocky Top Outfitters - Boston,Boston,MA,Northeast,urban,42.3601,-71.0589,1,2,315.44,26.4,17.5,0.0,open-meteo
2026-07-12,S007,P1039,HearthRambler Ultralight Camp Chair 238,Rocky Top Outfitters - Boston,Boston,MA,Northeast,urban,42.3601,-71.0589,1,1,312.66,26.4,17.5,0.0,open-meteo
2026-07-12,S007,P1040,CanyonNomad XL Cooler 239,Rocky Top Outfitters - Boston,Boston,MA,Northeast,urban,42.3601,-71.0589,1,3,326.43,26.4,17.5,0.0,open-meteo
2026-07-12,S007,P1048,PeakNomad Travel Tumbler 247,Rocky Top Outfitters - Boston,Boston,MA,Northeast,urban,42.3601,-71.0589,1,1,59.74,26.4,17.5,0.0,open-meteo
2026-07-12,S007,P1069,Unknown product (P1069),Rocky Top Outfitters - Boston,Boston,MA,Northeast,urban,42.3601,-71.0589,1,1,256.36,26.4,17.5,0.0,open-meteo
2026-07-12,S007,P1072,CanyonNomad Travel Tumbler 271,Rocky Top Outfitters - Boston,Boston,MA,Northeast,urban,42.3601,-71.0589,1,1,114.15,26.4,17.5,0.0,open-meteo
2026-07-12,S007,P1080,PeakNomad Waterproof Trail Shoes 279,Rocky Top Outfitters - Boston,Boston,MA,Northeast,urban,42.3601,-71.0589,1,1,143.0,26.4,17.5,0.0,open-meteo
2026-07-12,S008,P1007,HearthRambler Stormproof Jacket 206,Rocky Top Outfitters - Minneapolis,Minneapolis,MN,Midwest,suburban,44.9778,-93.265,1,2,224.84,33.6,22.8,0.0,open-meteo
2026-07-12,S008,P1018,RidgeRover Trail Tumbler 217,Rocky Top Outfitters - Minneapolis,Minneapolis,MN,Midwest,suburban,44.9778,-93.265,1,2,260.72,33.6,22.8,0.0,open-meteo
2026-07-12,S008,P1033,SummitRunner 4P Tent 232,Rocky Top Outfitters - Minneapolis,Minneapolis,MN,Midwest,suburban,44.9778,-93.265,1,2,378.92,33.6,22.8,0.0,open-meteo
2026-07-12,S008,P1037,EmberRunner Packable Jacket 236,Rocky Top Outfitters - Minneapolis,Minneapolis,MN,Midwest,suburban,44.9778,-93.265,1,3,261.48,33.6,22.8,0.0,open-meteo
2026-07-12,S008,P1038,TrailRover Wide Trail Shoes 237,Rocky Top Outfitters - Minneapolis,Minneapolis,MN,Midwest,suburban,44.9778,-93.265,1,2,393.76,33.6,22.8,0.0,open-meteo
2026-07-12,S008,P1042,VistaRover Trail Tumbler 241,Rocky Top Outfitters - Minneapolis,Minneapolis,MN,Midwest,suburban,44.9778,-93.265,1,4,391.84,33.6,22.8,0.0,open-meteo
2026-07-12,S008,P1044,CloudNomad Approach Trail Shoes 243,Rocky Top Outfitters - Minneapolis,Minneapolis,MN,Midwest,suburban,44.9778,-93.265,1,2,321.72,33.6,22.8,0.0,open-meteo
2026-07-12,S008,P1060,CloudNomad 32oz Tumbler 259,Rocky Top Outfitters - Minneapolis,Minneapolis,MN,Midwest,suburban,44.9778,-93.265,1,3,393.69,33.6,22.8,0.0,open-meteo
2026-07-12,S008,P1063,MoonRambler Ultralight Camp Chair 262,Rocky Top Outfitters - Minneapolis,Minneapolis,MN,Midwest,suburban,44.9778,-93.265,1,1,75.92,33.6,22.8,0.0,open-meteo
2026-07-12,S008,P1068,StormNomad Approach Trail Shoes 267,Rocky Top Outfitters - Minneapolis,Minneapolis,MN,Midwest,suburban,44.9778,-93.265,1,4,291.32,33.6,22.8,0.0,open-meteo
2026-07-12,S008,P1071,Unknown product (P1071),Rocky Top Outfitters - Minneapolis,Minneapolis,MN,Midwest,suburban,44.9778,-93.265,1,2,286.6,33.6,22.8,0.0,open-meteo
2026-07-14,S001,P1003,CreekRambler 2P Camp Chair 202,Rocky Top Outfitters - Knoxville,Knoxville,TN,Southeast,flagship,35.9606,-83.9207,1,1,381.63,28.8,21.1,1.5,open-meteo
2026-07-14,S001,P1007,HearthRambler Stormproof Jacket 206,Rocky Top Outfitters - Knoxville,Knoxville,TN,Southeast,flagship,35.9606,-83.9207,1,1,106.8,28.8,21.1,1.5,open-meteo
2026-07-14,S001,P1012,CloudNomad 32oz Tumbler 211,Rocky Top Outfitters - Knoxville,Knoxville,TN,Southeast,flagship,35.9606,-83.9207,1,1,105.11,28.8,21.1,1.5,open-meteo
2026-07-14,S001,P1019,CreekRambler Alpine Jacket 218,Rocky Top Outfitters - Knoxville,Knoxville,TN,Southeast,flagship,35.9606,-83.9207,1,1,178.99,28.8,21.1,1.5,open-meteo
2026-07-14,S001,P1027,BoulderRambler 2P Camp Chair 226,Rocky Top Outfitters - Knoxville,Knoxville,TN,Southeast,flagship,35.9606,-83.9207,1,1,92.03,28.8,21.1,1.5,open-meteo
2026-07-14,S001,P1036,StormNomad 32oz Tumbler 235,Rocky Top Outfitters - Knoxville,Knoxville,TN,Southeast,flagship,35.9606,-83.9207,1,2,299.66,28.8,21.1,1.5,open-meteo
2026-07-14,S001,P1042,VistaRover Trail Tumbler 241,Rocky Top Outfitters - Knoxville,Knoxville,TN,Southeast,flagship,35.9606,-83.9207,1,4,414.92,28.8,21.1,1.5,open-meteo
2026-07-14,S001,P1044,CloudNomad Approach Trail Shoes 243,Rocky Top Outfitters - Knoxville,Knoxville,TN,Southeast,flagship,35.9606,-83.9207,2,3,539.37,28.8,21.1,1.5,open-meteo
2026-07-14,S001,P1048,PeakNomad Travel Tumbler 247,Rocky Top Outfitters - Knoxville,Knoxville,TN,Southeast,flagship,35.9606,-83.9207,1,3,179.22,28.8,21.1,1.5,open-meteo
2026-07-14,S001,P1051,CreekRambler 2P Camp Chair 250,Rocky Top Outfitters - Knoxville,Knoxville,TN,Southeast,flagship,35.9606,-83.9207,1,1,381.74,28.8,21.1,1.5,open-meteo
2026-07-14,S001,P1052,StormNomad Compact Cooler 251,Rocky Top Outfitters - Knoxville,Knoxville,TN,Southeast,flagship,35.9606,-83.9207,1,4,1400.08,28.8,21.1,1.5,open-meteo
2026-07-14,S001,P1056,CanyonNomad Waterproof Trail Shoes 255,Rocky Top Outfitters - Knoxville,Knoxville,TN,Southeast,flagship,35.9606,-83.9207,1,2,273.62,28.8,21.1,1.5,open-meteo
2026-07-14,S001,P1060,CloudNomad 32oz Tumbler 259,Rocky Top Outfitters - Knoxville,Knoxville,TN,Southeast,flagship,35.9606,-83.9207,1,4,617.56,28.8,21.1,1.5,open-meteo
2026-07-14,S001,P1066,RidgeRover Trail Tumbler 265,Rocky Top Outfitters - Knoxville,Knoxville,TN,Southeast,flagship,35.9606,-83.9207,1,2,178.3,28.8,21.1,1.5,open-meteo
2026-07-14,S001,P1074,Unknown product (P1074),Rocky Top Outfitters - Knoxville,Knoxville,TN,Southeast,flagship,35.9606,-83.9207,1,2,383.4,28.8,21.1,1.5,open-meteo
2026-07-14,S002,P1003,CreekRambler 2P Camp Chair 202,Rocky Top Outfitters - Miami,Miami,FL,Southeast,urban,25.7617,-80.1918,1,1,448.98,32.9,24.9,0.2,open-meteo
2026-07-14,S002,P1008,CanyonNomad Waterproof Trail Shoes 207,Rocky Top Outfitters - Miami,Miami,FL,Southeast,urban,25.7617,-80.1918,1,2,298.34,32.9,24.9,0.2,open-meteo
2026-07-14,S002,P1009,PineRunner 4P Tent 208,Rocky Top Outfitters - Miami,Miami,FL,Southeast,urban,25.7617,-80.1918,1,1,97.97,32.9,24.9,0.2,open-meteo
2026-07-14,S002,P1010,VistaRover Deluxe Patio Heater 209,Rocky Top Outfitters - Miami,Miami,FL,Southeast,urban,25.7617,-80.1918,1,1,552.43,32.9,24.9,0.2,open-meteo
2026-07-14,S002,P1013,FieldRunner Packable Jacket 212,Rocky Top Outfitters - Miami,Miami,FL,Southeast,urban,25.7617,-80.1918,1,1,97.39,32.9,24.9,0.2,open-meteo
2026-07-14,S002,P1020,StormNomad Approach Trail Shoes 219,Rocky Top Outfitters - Miami,Miami,FL,Southeast,urban,25.7617,-80.1918,1,1,169.18,32.9,24.9,0.2,open-meteo
2026-07-14,S002,P1022,TrailRover Weekend Patio Heater 221,Rocky Top Outfitters - Miami,Miami,FL,Southeast,urban,25.7617,-80.1918,1,2,621.94,32.9,24.9,0.2,open-meteo
2026-07-14,S002,P1029,FieldRunner Storm Kit Battery Pack 228,Rocky Top Outfitters - Miami,Miami,FL,Southeast,urban,25.7617,-80.1918,1,2,251.86,32.9,24.9,0.2,open-meteo
2026-07-14,S002,P1034,RidgeRover Deluxe Patio Heater 233,Rocky Top Outfitters - Miami,Miami,FL,Southeast,urban,25.7617,-80.1918,1,2,337.72,32.9,24.9,0.2,open-meteo
2026-07-14,S002,P1036,StormNomad 32oz Tumbler 235,Rocky Top Outfitters - Miami,Miami,FL,Southeast,urban,25.7617,-80.1918,1,4,630.88,32.9,24.9,0.2,open-meteo
2026-07-14,S002,P1039,HearthRambler Ultralight Camp Chair 238,Rocky Top Outfitters - Miami,Miami,FL,Southeast,urban,25.7617,-80.1918,1,4,1324.24,32.9,24.9,0.2,open-meteo
2026-07-14,S002,P1045,FieldRunner Basecamp Tent 244,Rocky Top Outfitters - Miami,Miami,FL,Southeast,urban,25.7617,-80.1918,1,1,296.15,32.9,24.9,0.2,open-meteo
2026-07-14,S002,P1047,MoonRambler Expedition Flashlight 246,Rocky Top Outfitters - Miami,Miami,FL,Southeast,urban,25.7617,-80.1918,2,3,162.16,32.9,24.9,0.2,open-meteo
2026-07-14,S002,P1049,SummitRunner Lightweight Jacket 248,Rocky Top Outfitters - Miami,Miami,FL,Southeast,urban,25.7617,-80.1918,1,1,177.61,32.9,24.9,0.2,open-meteo
2026-07-14,S002,P1053,EmberRunner Storm Kit Battery Pack 252,Rocky Top Outfitters - Miami,Miami,FL,Southeast,urban,25.7617,-80.1918,1,2,217.06,32.9,24.9,0.2,open-meteo
2026-07-14,S002,P1076,CloudNomad Compact Cooler 275,Rocky Top Outfitters - Miami,Miami,FL,Southeast,urban,25.7617,-80.1918,1,1,617.47,32.9,24.9,0.2,open-meteo
2026-07-14,S003,P1002,RidgeRover Mid Trail Shoes 201,Rocky Top Outfitters - Chicago,Chicago,IL,Midwest,urban,41.8781,-87.6298,1,1,203.43,33.0,22.9,0.0,open-meteo
2026-07-14,S003,P1026,VistaRover Mid Trail Shoes 225,Rocky Top Outfitters - Chicago,Chicago,IL,Midwest,urban,41.8781,-87.6298,2,3,391.2,33.0,22.9,0.0,open-meteo
2026-07-14,S003,P1031,MoonRambler Stormproof Jacket 230,Rocky Top Outfitters - Chicago,Chicago,IL,Midwest,urban,41.8781,-87.6298,1,1,164.85,33.0,22.9,0.0,open-meteo
2026-07-14,S003,P1038,TrailRover Wide Trail Shoes 237,Rocky Top Outfitters - Chicago,Chicago,IL,Midwest,urban,41.8781,-87.6298,1,3,531.57,33.0,22.9,0.0,open-meteo
2026-07-14,S003,P1042,VistaRover Trail Tumbler 241,Rocky Top Outfitters - Chicago,Chicago,IL,Midwest,urban,41.8781,-87.6298,1,2,230.5,33.0,22.9,0.0,open-meteo
2026-07-14,S003,P1045,FieldRunner Basecamp Tent 244,Rocky Top Outfitters - Chicago,Chicago,IL,Midwest,urban,41.8781,-87.6298,1,4,1393.64,33.0,22.9,0.0,open-meteo
2026-07-14,S003,P1052,StormNomad Compact Cooler 251,Rocky Top Outfitters - Chicago,Chicago,IL,Midwest,urban,41.8781,-87.6298,1,1,369.46,33.0,22.9,0.0,open-meteo
2026-07-14,S003,P1053,EmberRunner Storm Kit Battery Pack 252,Rocky Top Outfitters - Chicago,Chicago,IL,Midwest,urban,41.8781,-87.6298,1,2,217.06,33.0,22.9,0.0,open-meteo
2026-07-14,S003,P1060,CloudNomad 32oz Tumbler 259,Rocky Top Outfitters - Chicago,Chicago,IL,Midwest,urban,41.8781,-87.6298,1,1,138.95,33.0,22.9,0.0,open-meteo
2026-07-14,S003,P1063,MoonRambler Ultralight Camp Chair 262,Rocky Top Outfitters - Chicago,Chicago,IL,Midwest,urban,41.8781,-87.6298,1,3,239.76,33.0,22.9,0.0,open-meteo
2026-07-14,S003,P1064,PeakNomad XL Cooler 263,Rocky Top Outfitters - Chicago,Chicago,IL,Midwest,urban,41.8781,-87.6298,1,1,614.45,33.0,22.9,0.0,open-meteo
2026-07-14,S003,P1076,CloudNomad Compact Cooler 275,Rocky Top Outfitters - Chicago,Chicago,IL,Midwest,urban,41.8781,-87.6298,1,1,617.47,33.0,22.9,0.0,open-meteo
2026-07-14,S003,P1078,SwitchbackRover 20oz Tumbler 277,Rocky Top Outfitters - Chicago,Chicago,IL,Midwest,urban,41.8781,-87.6298,1,1,146.35,33.0,22.9,0.0,open-meteo
2026-07-14,S003,P1079,MoonRambler Stormproof Jacket 278,Rocky Top Outfitters - Chicago,Chicago,IL,Midwest,urban,41.8781,-87.6298,1,3,653.34,33.0,22.9,0.0,open-meteo
2026-07-14,S003,P1080,PeakNomad Waterproof Trail Shoes 279,Rocky Top Outfitters - Chicago,Chicago,IL,Midwest,urban,41.8781,-87.6298,1,1,121.55,33.0,22.9,0.0,open-meteo
2026-07-14,S004,P1013,FieldRunner Packable Jacket 212,Rocky Top Outfitters - Denver,Denver,CO,Mountain,flagship,39.7392,-104.9903,1,4,389.56,36.4,20.0,0.1,open-meteo
2026-07-14,S004,P1018,RidgeRover Trail Tumbler 217,Rocky Top Outfitters - Denver,Denver,CO,Mountain,flagship,39.7392,-104.9903,1,1,122.69,36.4,20.0,0.1,open-meteo
2026-07-14,S004,P1024,CanyonNomad Travel Tumbler 223,Rocky Top Outfitters - Denver,Denver,CO,Mountain,flagship,39.7392,-104.9903,1,4,362.36,36.4,20.0,0.1,open-meteo
2026-07-14,S004,P1027,BoulderRambler 2P Camp Chair 226,Rocky Top Outfitters - Denver,Denver,CO,Mountain,flagship,39.7392,-104.9903,2,2,165.65,36.4,20.0,0.1,open-meteo
2026-07-14,S004,P1029,FieldRunner Storm Kit Battery Pack 228,Rocky Top Outfitters - Denver,Denver,CO,Mountain,flagship,39.7392,-104.9903,1,2,251.86,36.4,20.0,0.1,open-meteo
2026-07-14,S004,P1030,SwitchbackRover 20oz Tumbler 229,Rocky Top Outfitters - Denver,Denver,CO,Mountain,flagship,39.7392,-104.9903,1,1,126.26,36.4,20.0,0.1,open-meteo
2026-07-14,S004,P1033,SummitRunner 4P Tent 232,Rocky Top Outfitters - Denver,Denver,CO,Mountain,flagship,39.7392,-104.9903,1,1,151.57,36.4,20.0,0.1,open-meteo
2026-07-14,S004,P1046,SwitchbackRover Weekend Patio Heater 245,Rocky Top Outfitters - Denver,Denver,CO,Mountain,flagship,39.7392,-104.9903,2,3,653.58,36.4,20.0,0.1,open-meteo
2026-07-14,S004,P1053,EmberRunner Storm Kit Battery Pack 252,Rocky Top Outfitters - Denver,Denver,CO,Mountain,flagship,39.7392,-104.9903,1,1,86.82,36.4,20.0,0.1,open-meteo
2026-07-14,S004,P1056,CanyonNomad Waterproof Trail Shoes 255,Rocky Top Outfitters - Denver,Denver,CO,Mountain,flagship,39.7392,-104.9903,1,4,460.84,36.4,20.0,0.1,open-meteo
2026-07-14,S004,P1057,PineRunner 4P Tent 256,Rocky Top Outfitters - Denver,Denver,CO,Mountain,flagship,39.7392,-104.9903,1,1,389.66,36.4,20.0,0.1,open-meteo
2026-07-14,S004,P1058,VistaRover Deluxe Patio Heater 257,Rocky Top Outfitters - Denver,Denver,CO,Mountain,flagship,39.7392,-104.9903,1,3,632.61,36.4,20.0,0.1,open-meteo
2026-07-14,S004,P1059,BoulderRambler Rechargeable Flashlight 258,Rocky Top Outfitters - Denver,Denver,CO,Mountain,flagship,39.7392,-104.9903,1,3,300.66,36.4,20.0,0.1,open-meteo
2026-07-14,S004,P1061,FieldRunner Packable Jacket 260,Rocky Top Outfitters - Denver,Denver,CO,Mountain,flagship,39.7392,-104.9903,2,4,517.44,36.4,20.0,0.1,open-meteo
2026-07-14,S004,P1066,RidgeRover Trail Tumbler 265,Rocky Top Outfitters - Denver,Denver,CO,Mountain,flagship,39.7392,-104.9903,1,1,104.88,36.4,20.0,0.1,open-meteo
2026-07-14,S004,P1067,CreekRambler Alpine Jacket 266,Rocky Top Outfitters - Denver,Denver,CO,Mountain,flagship,39.7392,-104.9903,1,1,266.98,36.4,20.0,0.1,open-meteo
2026-07-14,S004,P1070,TrailRover Weekend Patio Heater 269,Rocky Top Outfitters - Denver,Denver,CO,Mountain,flagship,39.7392,-104.9903,1,2,364.54,36.4,20.0,0.1,open-meteo
2026-07-14,S004,P1073,Unknown product (P1073),Rocky Top Outfitters - Denver,Denver,CO,Mountain,flagship,39.7392,-104.9903,1,3,338.37,36.4,20.0,0.1,open-meteo
2026-07-14,S004,P1076,CloudNomad Compact Cooler 275,Rocky Top Outfitters - Denver,Denver,CO,Mountain,flagship,39.7392,-104.9903,1,2,1372.16,36.4,20.0,0.1,open-meteo
2026-07-14,S004,P1078,SwitchbackRover 20oz Tumbler 277,Rocky Top Outfitters - Denver,Denver,CO,Mountain,flagship,39.7392,-104.9903,1,1,117.08,36.4,20.0,0.1,open-meteo
2026-07-14,S004,P1080,PeakNomad Waterproof Trail Shoes 279,Rocky Top Outfitters - Denver,Denver,CO,Mountain,flagship,39.7392,-104.9903,1,1,114.4,36.4,20.0,0.1,open-meteo
2026-07-14,S005,P1003,CreekRambler 2P Camp Chair 202,Rocky Top Outfitters - Phoenix,Phoenix,AZ,Southwest,suburban,33.4484,-112.074,2,3,1257.14,40.4,28.1,0.2,open-meteo
2026-07-14,S005,P1009,PineRunner 4P Tent 208,Rocky Top Outfitters - Phoenix,Phoenix,AZ,Southwest,suburban,33.4484,-112.074,1,4,414.92,40.4,28.1,0.2,open-meteo
2026-07-14,S005,P1015,MoonRambler Ultralight Camp Chair 214,Rocky Top Outfitters - Phoenix,Phoenix,AZ,Southwest,suburban,33.4484,-112.074,1,1,191.87,40.4,28.1,0.2,open-meteo
2026-07-14,S005,P1027,BoulderRambler 2P Camp Chair 226,Rocky Top Outfitters - Phoenix,Phoenix,AZ,Southwest,suburban,33.4484,-112.074,1,1,73.62,40.4,28.1,0.2,open-meteo
2026-07-14,S005,P1030,SwitchbackRover 20oz Tumbler 229,Rocky Top Outfitters - Phoenix,Phoenix,AZ,Southwest,suburban,33.4484,-112.074,1,3,321.96,40.4,28.1,0.2,open-meteo
2026-07-14,S005,P1041,PineRunner Mini Battery Pack 240,Rocky Top Outfitters - Phoenix,Phoenix,AZ,Southwest,suburban,33.4484,-112.074,1,2,103.74,40.4,28.1,0.2,open-meteo
2026-07-14,S005,P1045,FieldRunner Basecamp Tent 244,Rocky Top Outfitters - Phoenix,Phoenix,AZ,Southwest,suburban,33.4484,-112.074,1,2,627.14,40.4,28.1,0.2,open-meteo
2026-07-14,S005,P1049,SummitRunner Lightweight Jacket 248,Rocky Top Outfitters - Phoenix,Phoenix,AZ,Southwest,suburban,33.4484,-112.074,1,1,199.81,40.4,28.1,0.2,open-meteo
2026-07-14,S005,P1051,CreekRambler 2P Camp Chair 250,Rocky Top Outfitters - Phoenix,Phoenix,AZ,Southwest,suburban,33.4484,-112.074,1,1,402.94,40.4,28.1,0.2,open-meteo
2026-07-14,S005,P1055,HearthRambler Stormproof Jacket 254,Rocky Top Outfitters - Phoenix,Phoenix,AZ,Southwest,suburban,33.4484,-112.074,1,1,222.06,40.4,28.1,0.2,open-meteo
2026-07-14,S005,P1056,CanyonNomad Waterproof Trail Shoes 255,Rocky Top Outfitters - Phoenix,Phoenix,AZ,Southwest,suburban,33.4484,-112.074,1,2,273.62,40.4,28.1,0.2,open-meteo
2026-07-14,S005,P1061,FieldRunner Packable Jacket 260,Rocky Top Outfitters - Phoenix,Phoenix,AZ,Southwest,suburban,33.4484,-112.074,1,1,147.84,40.4,28.1,0.2,open-meteo
2026-07-14,S005,P1063,MoonRambler Ultralight Camp Chair 262,Rocky Top Outfitters - Phoenix,Phoenix,AZ,Southwest,suburban,33.4484,-112.074,1,1,63.94,40.4,28.1,0.2,open-meteo
2026-07-14,S005,P1072,CanyonNomad Travel Tumbler 271,Rocky Top Outfitters - Phoenix,Phoenix,AZ,Southwest,suburban,33.4484,-112.074,1,1,120.86,40.4,28.1,0.2,open-meteo
2026-07-14,S005,P1076,CloudNomad Compact Cooler 275,Rocky Top Outfitters - Phoenix,Phoenix,AZ,Southwest,suburban,33.4484,-112.074,2,2,1372.16,40.4,28.1,0.2,open-meteo
2026-07-14,S005,P1079,MoonRambler Stormproof Jacket 278,Rocky Top Outfitters - Phoenix,Phoenix,AZ,Southwest,suburban,33.4484,-112.074,1,1,217.78,40.4,28.1,0.2,open-meteo
2026-07-14,S005,P1080,PeakNomad Waterproof Trail Shoes 279,Rocky Top Outfitters - Phoenix,Phoenix,AZ,Southwest,suburban,33.4484,-112.074,1,3,429.0,40.4,28.1,0.2,open-meteo
2026-07-14,S006,P1003,CreekRambler 2P Camp Chair 202,Rocky Top Outfitters - Seattle,Seattle,WA,Pacific Northwest,urban,47.6062,-122.3321,1,1,448.98,27.6,14.4,0.0,open-meteo
2026-07-14,S006,P1004,StormNomad Compact Cooler 203,Rocky Top Outfitters - Seattle,Seattle,WA,Pacific Northwest,urban,47.6062,-122.3321,1,4,417.64,27.6,14.4,0.0,open-meteo
2026-07-14,S006,P1015,MoonRambler Ultralight Camp Chair 214,Rocky Top Outfitters - Seattle,Seattle,WA,Pacific Northwest,urban,47.6062,-122.3321,1,2,326.18,27.6,14.4,0.0,open-meteo
2026-07-14,S006,P1018,RidgeRover Trail Tumbler 217,Rocky Top Outfitters - Seattle,Seattle,WA,Pacific Northwest,urban,47.6062,-122.3321,1,3,437.07,27.6,14.4,0.0,open-meteo
2026-07-14,S006,P1027,BoulderRambler 2P Camp Chair 226,Rocky Top Outfitters - Seattle,Seattle,WA,Pacific Northwest,urban,47.6062,-122.3321,2,4,322.11,27.6,14.4,0.0,open-meteo
2026-07-14,S006,P1031,MoonRambler Stormproof Jacket 230,Rocky Top Outfitters - Seattle,Seattle,WA,Pacific Northwest,urban,47.6062,-122.3321,1,1,156.18,27.6,14.4,0.0,open-meteo
2026-07-14,S006,P1034,RidgeRover Deluxe Patio Heater 233,Rocky Top Outfitters - Seattle,Seattle,WA,Pacific Northwest,urban,47.6062,-122.3321,1,2,303.94,27.6,14.4,0.0,open-meteo
2026-07-14,S006,P1042,VistaRover Trail Tumbler 241,Rocky Top Outfitters - Seattle,Seattle,WA,Pacific Northwest,urban,47.6062,-122.3321,1,2,230.5,27.6,14.4,0.0,open-meteo
2026-07-14,S006,P1043,BoulderRambler Alpine Jacket 242,Rocky Top Outfitters - Seattle,Seattle,WA,Pacific Northwest,urban,47.6062,-122.3321,1,1,241.0,27.6,14.4,0.0,open-meteo
2026-07-14,S006,P1048,PeakNomad Travel Tumbler 247,Rocky Top Outfitters - Seattle,Seattle,WA,Pacific Northwest,urban,47.6062,-122.3321,1,1,59.74,27.6,14.4,0.0,open-meteo
2026-07-14,S006,P1054,TrailRover 20oz Tumbler 253,Rocky Top Outfitters - Seattle,Seattle,WA,Pacific Northwest,urban,47.6062,-122.3321,1,2,113.08,27.6,14.4,0.0,open-meteo
2026-07-14,S006,P1061,FieldRunner Packable Jacket 260,Rocky Top Outfitters - Seattle,Seattle,WA,Pacific Northwest,urban,47.6062,-122.3321,1,1,140.45,27.6,14.4,0.0,open-meteo
2026-07-14,S006,P1072,CanyonNomad Travel Tumbler 271,Rocky Top Outfitters - Seattle,Seattle,WA,Pacific Northwest,urban,47.6062,-122.3321,1,3,322.29,27.6,14.4,0.0,open-meteo
2026-07-14,S006,P1080,PeakNomad Waterproof Trail Shoes 279,Rocky Top Outfitters - Seattle,Seattle,WA,Pacific Northwest,urban,47.6062,-122.3321,1,4,572.0,27.6,14.4,0.0,open-meteo
2026-07-14,S007,P1006,TrailRover 20oz Tumbler 205,Rocky Top Outfitters - Boston,Boston,MA,Northeast,urban,42.3601,-71.0589,1,2,111.82,32.3,21.5,0.0,open-meteo
2026-07-14,S007,P1007,HearthRambler Stormproof Jacket 206,Rocky Top Outfitters - Boston,Boston,MA,Northeast,urban,42.3601,-71.0589,1,1,112.42,32.3,21.5,0.0,open-meteo
2026-07-14,S007,P1008,CanyonNomad Waterproof Trail Shoes 207,Rocky Top Outfitters - Boston,Boston,MA,Northeast,urban,42.3601,-71.0589,1,2,351.0,32.3,21.5,0.0,open-meteo
2026-07-14,S007,P1013,FieldRunner Packable Jacket 212,Rocky Top Outfitters - Boston,Boston,MA,Northeast,urban,42.3601,-71.0589,1,1,82.78,32.3,21.5,0.0,open-meteo
2026-07-14,S007,P1015,MoonRambler Ultralight Camp Chair 214,Rocky Top Outfitters - Boston,Boston,MA,Northeast,urban,42.3601,-71.0589,1,4,652.36,32.3,21.5,0.0,open-meteo
2026-07-14,S007,P1058,VistaRover Deluxe Patio Heater 257,Rocky Top Outfitters - Boston,Boston,MA,Northeast,urban,42.3601,-71.0589,2,3,790.77,32.3,21.5,0.0,open-meteo
2026-07-14,S007,P1061,FieldRunner Packable Jacket 260,Rocky Top Outfitters - Boston,Boston,MA,Northeast,urban,42.3601,-71.0589,1,2,266.12,32.3,21.5,0.0,open-meteo
2026-07-14,S007,P1064,PeakNomad XL Cooler 263,Rocky Top Outfitters - Boston,Boston,MA,Northeast,urban,42.3601,-71.0589,1,1,614.45,32.3,21.5,0.0,open-meteo
2026-07-14,S007,P1071,Unknown product (P1071),Rocky Top Outfitters - Boston,Boston,MA,Northeast,urban,42.3601,-71.0589,1,1,136.13,32.3,21.5,0.0,open-meteo
2026-07-14,S007,P1076,CloudNomad Compact Cooler 275,Rocky Top Outfitters - Boston,Boston,MA,Northeast,urban,42.3601,-71.0589,1,3,1749.51,32.3,21.5,0.0,open-meteo
2026-07-14,S008,P1006,TrailRover 20oz Tumbler 205,Rocky Top Outfitters - Minneapolis,Minneapolis,MN,Midwest,suburban,44.9778,-93.265,1,1,53.11,35.4,21.9,0.0,open-meteo
2026-07-14,S008,P1010,VistaRover Deluxe Patio Heater 209,Rocky Top Outfitters - Minneapolis,Minneapolis,MN,Midwest,suburban,44.9778,-93.265,1,1,497.19,35.4,21.9,0.0,open-meteo
2026-07-14,S008,P1028,CloudNomad Compact Cooler 227,Rocky Top Outfitters - Minneapolis,Minneapolis,MN,Midwest,suburban,44.9778,-93.265,1,3,1845.42,35.4,21.9,0.0,open-meteo
2026-07-14,S008,P1039,HearthRambler Ultralight Camp Chair 238,Rocky Top Outfitters - Minneapolis,Minneapolis,MN,Midwest,suburban,44.9778,-93.265,1,4,1397.8,35.4,21.9,0.0,open-meteo
2026-07-14,S008,P1042,VistaRover Trail Tumbler 241,Rocky Top Outfitters - Minneapolis,Minneapolis,MN,Midwest,suburban,44.9778,-93.265,1,1,103.73,35.4,21.9,0.0,open-meteo
2026-07-14,S008,P1054,TrailRover 20oz Tumbler 253,Rocky Top Outfitters - Minneapolis,Minneapolis,MN,Midwest,suburban,44.9778,-93.265,1,1,67.15,35.4,21.9,0.0,open-meteo
2026-07-14,S008,P1055,HearthRambler Stormproof Jacket 254,Rocky Top Outfitters - Minneapolis,Minneapolis,MN,Midwest,suburban,44.9778,-93.265,1,3,666.18,35.4,21.9,0.0,open-meteo
2026-07-14,S008,P1069,Unknown product (P1069),Rocky Top Outfitters - Minneapolis,Minneapolis,MN,Midwest,suburban,44.9778,-93.265,1,1,256.36,35.4,21.9,0.0,open-meteo
2026-07-14,S008,P1070,TrailRover Weekend Patio Heater 269,Rocky Top Outfitters - Minneapolis,Minneapolis,MN,Midwest,suburban,44.9778,-93.265,1,1,162.02,35.4,21.9,0.0,open-meteo
2026-07-14,S008,P1075,Unknown product (P1075),Rocky Top Outfitters - Minneapolis,Minneapolis,MN,Midwest,suburban,44.9778,-93.265,1,3,495.66,35.4,21.9,0.0,open-meteo
2026-07-15,S001,P1006,TrailRover 20oz Tumbler 205,Rocky Top Outfitters - Knoxville,Knoxville,TN,Southeast,flagship,35.9606,-83.9207,1,3,159.33,30.2,22.8,1.8,open-meteo
2026-07-15,S001,P1007,HearthRambler Stormproof Jacket 206,Rocky Top Outfitters - Knoxville,Knoxville,TN,Southeast,flagship,35.9606,-83.9207,1,1,89.94,30.2,22.8,1.8,open-meteo
2026-07-15,S001,P1013,FieldRunner Packable Jacket 212,Rocky Top Outfitters - Knoxville,Knoxville,TN,Southeast,flagship,35.9606,-83.9207,1,1,97.39,30.2,22.8,1.8,open-meteo
2026-07-15,S001,P1020,StormNomad Approach Trail Shoes 219,Rocky Top Outfitters - Knoxville,Knoxville,TN,Southeast,flagship,35.9606,-83.9207,1,1,211.48,30.2,22.8,1.8,open-meteo
2026-07-15,S001,P1024,CanyonNomad Travel Tumbler 223,Rocky Top Outfitters - Knoxville,Knoxville,TN,Southeast,flagship,35.9606,-83.9207,1,1,72.47,30.2,22.8,1.8,open-meteo
2026-07-15,S001,P1027,BoulderRambler 2P Camp Chair 226,Rocky Top Outfitters - Knoxville,Knoxville,TN,Southeast,flagship,35.9606,-83.9207,1,1,87.43,30.2,22.8,1.8,open-meteo
2026-07-15,S001,P1029,FieldRunner Storm Kit Battery Pack 228,Rocky Top Outfitters - Knoxville,Knoxville,TN,Southeast,flagship,35.9606,-83.9207,1,3,377.79,30.2,22.8,1.8,open-meteo
2026-07-15,S001,P1042,VistaRover Trail Tumbler 241,Rocky Top Outfitters - Knoxville,Knoxville,TN,Southeast,flagship,35.9606,-83.9207,1,1,115.25,30.2,22.8,1.8,open-meteo
2026-07-15,S001,P1045,FieldRunner Basecamp Tent 244,Rocky Top Outfitters - Knoxville,Knoxville,TN,Southeast,flagship,35.9606,-83.9207,1,1,296.15,30.2,22.8,1.8,open-meteo
2026-07-15,S001,P1056,CanyonNomad Waterproof Trail Shoes 255,Rocky Top Outfitters - Knoxville,Knoxville,TN,Southeast,flagship,35.9606,-83.9207,1,2,244.82,30.2,22.8,1.8,open-meteo
2026-07-15,S001,P1075,Unknown product (P1075),Rocky Top Outfitters - Knoxville,Knoxville,TN,Southeast,flagship,35.9606,-83.9207,1,4,594.8,30.2,22.8,1.8,open-meteo
2026-07-15,S001,P1076,CloudNomad Compact Cooler 275,Rocky Top Outfitters - Knoxville,Knoxville,TN,Southeast,flagship,35.9606,-83.9207,1,2,1097.72,30.2,22.8,1.8,open-meteo
2026-07-15,S001,P1077,FieldRunner Storm Kit Battery Pack 276,Rocky Top Outfitters - Knoxville,Knoxville,TN,Southeast,flagship,35.9606,-83.9207,1,1,95.15,30.2,22.8,1.8,open-meteo
2026-07-15,S001,P1078,SwitchbackRover 20oz Tumbler 277,Rocky Top Outfitters - Knoxville,Knoxville,TN,Southeast,flagship,35.9606,-83.9207,1,1,117.08,30.2,22.8,1.8,open-meteo
2026-07-15,S001,P1080,PeakNomad Waterproof Trail Shoes 279,Rocky Top Outfitters - Knoxville,Knoxville,TN,Southeast,flagship,35.9606,-83.9207,1,3,429.0,30.2,22.8,1.8,open-meteo
2026-07-15,S002,P1006,TrailRover 20oz Tumbler 205,Rocky Top Outfitters - Miami,Miami,FL,Southeast,urban,25.7617,-80.1918,1,1,55.91,33.6,25.9,0.7,open-meteo
2026-07-15,S002,P1009,PineRunner 4P Tent 208,Rocky Top Outfitters - Miami,Miami,FL,Southeast,urban,25.7617,-80.1918,1,4,461.04,33.6,25.9,0.7,open-meteo
2026-07-15,S002,P1011,BoulderRambler Rechargeable Flashlight 210,Rocky Top Outfitters - Miami,Miami,FL,Southeast,urban,25.7617,-80.1918,1,1,126.42,33.6,25.9,0.7,open-meteo
2026-07-15,S002,P1018,RidgeRover Trail Tumbler 217,Rocky Top Outfitters - Miami,Miami,FL,Southeast,urban,25.7617,-80.1918,2,4,590.44,33.6,25.9,0.7,open-meteo
2026-07-15,S002,P1020,StormNomad Approach Trail Shoes 219,Rocky Top Outfitters - Miami,Miami,FL,Southeast,urban,25.7617,-80.1918,1,2,422.96,33.6,25.9,0.7,open-meteo
2026-07-15,S002,P1024,CanyonNomad Travel Tumbler 223,Rocky Top Outfitters - Miami,Miami,FL,Southeast,urban,25.7617,-80.1918,1,2,172.12,33.6,25.9,0.7,open-meteo
2026-07-15,S002,P1026,VistaRover Mid Trail Shoes 225,Rocky Top Outfitters - Miami,Miami,FL,Southeast,urban,25.7617,-80.1918,1,3,312.96,33.6,25.9,0.7,open-meteo
2026-07-15,S002,P1027,BoulderRambler 2P Camp Chair 226,Rocky Top Outfitters - Miami,Miami,FL,Southeast,urban,25.7617,-80.1918,2,5,386.54,33.6,25.9,0.7,open-meteo
2026-07-15,S002,P1029,FieldRunner Storm Kit Battery Pack 228,Rocky Top Outfitters - Miami,Miami,FL,Southeast,urban,25.7617,-80.1918,1,1,125.93,33.6,25.9,0.7,open-meteo
2026-07-15,S002,P1030,SwitchbackRover 20oz Tumbler 229,Rocky Top Outfitters - Miami,Miami,FL,Southeast,urban,25.7617,-80.1918,1,4,454.52,33.6,25.9,0.7,open-meteo
2026-07-15,S002,P1035,CreekRambler Rechargeable Flashlight 234,Rocky Top Outfitters - Miami,Miami,FL,Southeast,urban,25.7617,-80.1918,1,2,236.36,33.6,25.9,0.7,open-meteo
2026-07-15,S002,P1036,StormNomad 32oz Tumbler 235,Rocky Top Outfitters - Miami,Miami,FL,Southeast,urban,25.7617,-80.1918,1,2,299.66,33.6,25.9,0.7,open-meteo
2026-07-15,S002,P1040,CanyonNomad XL Cooler 239,Rocky Top Outfitters - Miami,Miami,FL,Southeast,urban,25.7617,-80.1918,1,3,326.43,33.6,25.9,0.7,open-meteo
2026-07-15,S002,P1045,FieldRunner Basecamp Tent 244,Rocky Top Outfitters - Miami,Miami,FL,Southeast,urban,25.7617,-80.1918,1,2,661.98,33.6,25.9,0.7,open-meteo
2026-07-15,S002,P1051,CreekRambler 2P Camp Chair 250,Rocky Top Outfitters - Miami,Miami,FL,Southeast,urban,25.7617,-80.1918,1,4,1696.6,33.6,25.9,0.7,open-meteo
2026-07-15,S002,P1052,StormNomad Compact Cooler 251,Rocky Top Outfitters - Miami,Miami,FL,Southeast,urban,25.7617,-80.1918,2,6,2333.46,33.6,25.9,0.7,open-meteo
2026-07-15,S002,P1056,CanyonNomad Waterproof Trail Shoes 255,Rocky Top Outfitters - Miami,Miami,FL,Southeast,urban,25.7617,-80.1918,1,1,136.81,33.6,25.9,0.7,open-meteo
2026-07-15,S002,P1063,MoonRambler Ultralight Camp Chair 262,Rocky Top Outfitters - Miami,Miami,FL,Southeast,urban,25.7617,-80.1918,2,6,383.64,33.6,25.9,0.7,open-meteo
2026-07-15,S002,P1074,Unknown product (P1074),Rocky Top Outfitters - Miami,Miami,FL,Southeast,urban,25.7617,-80.1918,1,3,546.33,33.6,25.9,0.7,open-meteo
2026-07-15,S002,P1076,CloudNomad Compact Cooler 275,Rocky Top Outfitters - Miami,Miami,FL,Southeast,urban,25.7617,-80.1918,1,1,583.17,33.6,25.9,0.7,open-meteo
2026-07-15,S003,P1003,CreekRambler 2P Camp Chair 202,Rocky Top Outfitters - Chicago,Chicago,IL,Midwest,urban,41.8781,-87.6298,1,1,381.63,32.6,24.4,0.0,open-meteo
2026-07-15,S003,P1004,StormNomad Compact Cooler 203,Rocky Top Outfitters - Chicago,Chicago,IL,Midwest,urban,41.8781,-87.6298,1,1,109.9,32.6,24.4,0.0,open-meteo
2026-07-15,S003,P1015,MoonRambler Ultralight Camp Chair 214,Rocky Top Outfitters - Chicago,Chicago,IL,Midwest,urban,41.8781,-87.6298,1,1,153.5,32.6,24.4,0.0,open-meteo
2026-07-15,S003,P1034,RidgeRover Deluxe Patio Heater 233,Rocky Top Outfitters - Chicago,Chicago,IL,Midwest,urban,41.8781,-87.6298,1,2,337.72,32.6,24.4,0.0,open-meteo
2026-07-15,S003,P1041,PineRunner Mini Battery Pack 240,Rocky Top Outfitters - Chicago,Chicago,IL,Midwest,urban,41.8781,-87.6298,1,2,109.2,32.6,24.4,0.0,open-meteo
2026-07-15,S003,P1045,FieldRunner Basecamp Tent 244,Rocky Top Outfitters - Chicago,Chicago,IL,Midwest,urban,41.8781,-87.6298,1,2,696.82,32.6,24.4,0.0,open-meteo
2026-07-15,S003,P1047,MoonRambler Expedition Flashlight 246,Rocky Top Outfitters - Chicago,Chicago,IL,Midwest,urban,41.8781,-87.6298,1,2,113.8,32.6,24.4,0.0,open-meteo
2026-07-15,S003,P1049,SummitRunner Lightweight Jacket 248,Rocky Top Outfitters - Chicago,Chicago,IL,Midwest,urban,41.8781,-87.6298,1,2,444.02,32.6,24.4,0.0,open-meteo
2026-07-15,S003,P1052,StormNomad Compact Cooler 251,Rocky Top Outfitters - Chicago,Chicago,IL,Midwest,urban,41.8781,-87.6298,2,2,700.03,32.6,24.4,0.0,open-meteo
2026-07-15,S003,P1058,VistaRover Deluxe Patio Heater 257,Rocky Top Outfitters - Chicago,Chicago,IL,Midwest,urban,41.8781,-87.6298,2,2,474.46,32.6,24.4,0.0,open-meteo
2026-07-15,S003,P1063,MoonRambler Ultralight Camp Chair 262,Rocky Top Outfitters - Chicago,Chicago,IL,Midwest,urban,41.8781,-87.6298,1,1,79.92,32.6,24.4,0.0,open-meteo
2026-07-15,S004,P1011,BoulderRambler Rechargeable Flashlight 210,Rocky Top Outfitters - Denver,Denver,CO,Mountain,flagship,39.7392,-104.9903,1,1,133.07,35.7,19.8,0.2,open-meteo
2026-07-15,S004,P1014,SwitchbackRover Wide Trail Shoes 213,Rocky Top Outfitters - Denver,Denver,CO,Mountain,flagship,39.7392,-104.9903,1,2,368.4,35.7,19.8,0.2,open-meteo
2026-07-15,S004,P1015,MoonRambler Ultralight Camp Chair 214,Rocky Top Outfitters - Denver,Denver,CO,Mountain,flagship,39.7392,-104.9903,1,4,767.48,35.7,19.8,0.2,open-meteo
2026-07-15,S004,P1027,BoulderRambler 2P Camp Chair 226,Rocky Top Outfitters - Denver,Denver,CO,Mountain,flagship,39.7392,-104.9903,1,1,82.83,35.7,19.8,0.2,open-meteo
2026-07-15,S004,P1031,MoonRambler Stormproof Jacket 230,Rocky Top Outfitters - Denver,Denver,CO,Mountain,flagship,39.7392,-104.9903,1,4,694.12,35.7,19.8,0.2,open-meteo
2026-07-15,S004,P1033,SummitRunner 4P Tent 232,Rocky Top Outfitters - Denver,Denver,CO,Mountain,flagship,39.7392,-104.9903,1,1,170.51,35.7,19.8,0.2,open-meteo
2026-07-15,S004,P1035,CreekRambler Rechargeable Flashlight 234,Rocky Top Outfitters - Denver,Denver,CO,Mountain,flagship,39.7392,-104.9903,1,3,443.19,35.7,19.8,0.2,open-meteo
2026-07-15,S004,P1042,VistaRover Trail Tumbler 241,Rocky Top Outfitters - Denver,Denver,CO,Mountain,flagship,39.7392,-104.9903,1,4,414.92,35.7,19.8,0.2,open-meteo
2026-07-15,S004,P1049,SummitRunner Lightweight Jacket 248,Rocky Top Outfitters - Denver,Denver,CO,Mountain,flagship,39.7392,-104.9903,1,1,177.61,35.7,19.8,0.2,open-meteo
2026-07-15,S005,P1003,CreekRambler 2P Camp Chair 202,Rocky Top Outfitters - Phoenix,Phoenix,AZ,Southwest,suburban,33.4484,-112.074,1,1,381.63,41.4,30.4,5.7,open-meteo
2026-07-15,S005,P1005,EmberRunner Storm Kit Battery Pack 204,Rocky Top Outfitters - Phoenix,Phoenix,AZ,Southwest,suburban,33.4484,-112.074,1,1,111.54,41.4,30.4,5.7,open-meteo
2026-07-15,S005,P1006,TrailRover 20oz Tumbler 205,Rocky Top Outfitters - Phoenix,Phoenix,AZ,Southwest,suburban,33.4484,-112.074,1,1,50.32,41.4,30.4,5.7,open-meteo
2026-07-15,S005,P1010,VistaRover Deluxe Patio Heater 209,Rocky Top Outfitters - Phoenix,Phoenix,AZ,Southwest,suburban,33.4484,-112.074,1,3,1657.29,41.4,30.4,5.7,open-meteo
2026-07-15,S005,P1015,MoonRambler Ultralight Camp Chair 214,Rocky Top Outfitters - Phoenix,Phoenix,AZ,Southwest,suburban,33.4484,-112.074,1,2,307.0,41.4,30.4,5.7,open-meteo
2026-07-15,S005,P1020,StormNomad Approach Trail Shoes 219,Rocky Top Outfitters - Phoenix,Phoenix,AZ,Southwest,suburban,33.4484,-112.074,1,2,359.52,41.4,30.4,5.7,open-meteo
2026-07-15,S005,P1030,SwitchbackRover 20oz Tumbler 229,Rocky Top Outfitters - Phoenix,Phoenix,AZ,Southwest,suburban,33.4484,-112.074,2,6,643.92,41.4,30.4,5.7,open-meteo
2026-07-15,S005,P1037,EmberRunner Packable Jacket 236,Rocky Top Outfitters - Phoenix,Phoenix,AZ,Southwest,suburban,33.4484,-112.074,1,2,165.16,41.4,30.4,5.7,open-meteo
2026-07-15,S005,P1045,FieldRunner Basecamp Tent 244,Rocky Top Outfitters - Phoenix,Phoenix,AZ,Southwest,suburban,33.4484,-112.074,1,4,1114.92,41.4,30.4,5.7,open-meteo
2026-07-15,S005,P1049,SummitRunner Lightweight Jacket 248,Rocky Top Outfitters - Phoenix,Phoenix,AZ,Southwest,suburban,33.4484,-112.074,1,1,222.01,41.4,30.4,5.7,open-meteo
2026-07-15,S005,P1063,MoonRambler Ultralight Camp Chair 262,Rocky Top Outfitters - Phoenix,Phoenix,AZ,Southwest,suburban,33.4484,-112.074,1,2,143.86,41.4,30.4,5.7,open-meteo
2026-07-15,S005,P1065,SummitRunner Mini Battery Pack 264,Rocky Top Outfitters - Phoenix,Phoenix,AZ,Southwest,suburban,33.4484,-112.074,1,2,180.58,41.4,30.4,5.7,open-meteo
2026-07-15,S005,P1068,StormNomad Approach Trail Shoes 267,Rocky Top Outfitters - Phoenix,Phoenix,AZ,Southwest,suburban,33.4484,-112.074,1,4,258.96,41.4,30.4,5.7,open-meteo
2026-07-15,S005,P1070,TrailRover Weekend Patio Heater 269,Rocky Top Outfitters - Phoenix,Phoenix,AZ,Southwest,suburban,33.4484,-112.074,1,2,344.28,41.4,30.4,5.7,open-meteo
2026-07-15,S005,P1073,Unknown product (P1073),Rocky Top Outfitters - Phoenix,Phoenix,AZ,Southwest,suburban,33.4484,-112.074,1,4,426.08,41.4,30.4,5.7,open-meteo
2026-07-15,S005,P1074,Unknown product (P1074),Rocky Top Outfitters - Phoenix,Phoenix,AZ,Southwest,suburban,33.4484,-112.074,1,1,162.94,41.4,30.4,5.7,open-meteo
2026-07-15,S005,P1078,SwitchbackRover 20oz Tumbler 277,Rocky Top Outfitters - Phoenix,Phoenix,AZ,Southwest,suburban,33.4484,-112.074,1,1,139.03,41.4,30.4,5.7,open-meteo
2026-07-15,S006,P1004,StormNomad Compact Cooler 203,Rocky Top Outfitters - Seattle,Seattle,WA,Pacific Northwest,urban,47.6062,-122.3321,1,3,280.26,26.7,15.4,0.0,open-meteo
2026-07-15,S006,P1009,PineRunner 4P Tent 208,Rocky Top Outfitters - Seattle,Seattle,WA,Pacific Northwest,urban,47.6062,-122.3321,1,1,97.97,26.7,15.4,0.0,open-meteo
2026-07-15,S006,P1014,SwitchbackRover Wide Trail Shoes 213,Rocky Top Outfitters - Seattle,Seattle,WA,Pacific Northwest,urban,47.6062,-122.3321,1,1,163.74,26.7,15.4,0.0,open-meteo
2026-07-15,S006,P1024,CanyonNomad Travel Tumbler 223,Rocky Top Outfitters - Seattle,Seattle,WA,Pacific Northwest,urban,47.6062,-122.3321,1,1,90.59,26.7,15.4,0.0,open-meteo
2026-07-15,S006,P1030,SwitchbackRover 20oz Tumbler 229,Rocky Top Outfitters - Seattle,Seattle,WA,Pacific Northwest,urban,47.6062,-122.3321,1,1,126.26,26.7,15.4,0.0,open-meteo
2026-07-15,S006,P1033,SummitRunner 4P Tent 232,Rocky Top Outfitters - Seattle,Seattle,WA,Pacific Northwest,urban,47.6062,-122.3321,1,2,303.14,26.7,15.4,0.0,open-meteo
2026-07-15,S006,P1040,CanyonNomad XL Cooler 239,Rocky Top Outfitters - Seattle,Seattle,WA,Pacific Northwest,urban,47.6062,-122.3321,1,2,195.86,26.7,15.4,0.0,open-meteo
2026-07-15,S006,P1044,CloudNomad Approach Trail Shoes 243,Rocky Top Outfitters - Seattle,Seattle,WA,Pacific Northwest,urban,47.6062,-122.3321,1,1,151.4,26.7,15.4,0.0,open-meteo
2026-07-15,S006,P1045,FieldRunner Basecamp Tent 244,Rocky Top Outfitters - Seattle,Seattle,WA,Pacific Northwest,urban,47.6062,-122.3321,1,4,1184.6,26.7,15.4,0.0,open-meteo
2026-07-15,S006,P1046,SwitchbackRover Weekend Patio Heater 245,Rocky Top Outfitters - Seattle,Seattle,WA,Pacific Northwest,urban,47.6062,-122.3321,1,3,700.26,26.7,15.4,0.0,open-meteo
2026-07-15,S006,P1048,PeakNomad Travel Tumbler 247,Rocky Top Outfitters - Seattle,Seattle,WA,Pacific Northwest,urban,47.6062,-122.3321,1,3,210.84,26.7,15.4,0.0,open-meteo
2026-07-15,S006,P1049,SummitRunner Lightweight Jacket 248,Rocky Top Outfitters - Seattle,Seattle,WA,Pacific Northwest,urban,47.6062,-122.3321,1,1,210.91,26.7,15.4,0.0,open-meteo
2026-07-15,S006,P1050,RidgeRover Mid Trail Shoes 249,Rocky Top Outfitters - Seattle,Seattle,WA,Pacific Northwest,urban,47.6062,-122.3321,1,1,75.31,26.7,15.4,0.0,open-meteo
2026-07-15,S006,P1052,StormNomad Compact Cooler 251,Rocky Top Outfitters - Seattle,Seattle,WA,Pacific Northwest,urban,47.6062,-122.3321,1,2,661.14,26.7,15.4,0.0,open-meteo
2026-07-15,S006,P1055,HearthRambler Stormproof Jacket 254,Rocky Top Outfitters - Seattle,Seattle,WA,Pacific Northwest,urban,47.6062,-122.3321,1,2,499.62,26.7,15.4,0.0,open-meteo
2026-07-15,S006,P1058,VistaRover Deluxe Patio Heater 257,Rocky Top Outfitters - Seattle,Seattle,WA,Pacific Northwest,urban,47.6062,-122.3321,1,1,263.59,26.7,15.4,0.0,open-meteo
2026-07-15,S006,P1063,MoonRambler Ultralight Camp Chair 262,Rocky Top Outfitters - Seattle,Seattle,WA,Pacific Northwest,urban,47.6062,-122.3321,1,1,79.92,26.7,15.4,0.0,open-meteo
2026-07-15,S006,P1064,PeakNomad XL Cooler 263,Rocky Top Outfitters - Seattle,Seattle,WA,Pacific Northwest,urban,47.6062,-122.3321,1,4,2457.8,26.7,15.4,0.0,open-meteo
2026-07-15,S006,P1070,TrailRover Weekend Patio Heater 269,Rocky Top Outfitters - Seattle,Seattle,WA,Pacific Northwest,urban,47.6062,-122.3321,1,1,182.27,26.7,15.4,0.0,open-meteo
2026-07-15,S006,P1071,Unknown product (P1071),Rocky Top Outfitters - Seattle,Seattle,WA,Pacific Northwest,urban,47.6062,-122.3321,1,4,458.56,26.7,15.4,0.0,open-meteo
2026-07-15,S006,P1073,Unknown product (P1073),Rocky Top Outfitters - Seattle,Seattle,WA,Pacific Northwest,urban,47.6062,-122.3321,1,2,225.58,26.7,15.4,0.0,open-meteo
2026-07-15,S006,P1077,FieldRunner Storm Kit Battery Pack 276,Rocky Top Outfitters - Seattle,Seattle,WA,Pacific Northwest,urban,47.6062,-122.3321,1,3,271.17,26.7,15.4,0.0,open-meteo
2026-07-15,S007,P1001,SummitRunner Lightweight Jacket 200,Rocky Top Outfitters - Boston,Boston,MA,Northeast,urban,42.3601,-71.0589,1,1,104.66,31.8,22.6,0.0,open-meteo
2026-07-15,S007,P1007,HearthRambler Stormproof Jacket 206,Rocky Top Outfitters - Boston,Boston,MA,Northeast,urban,42.3601,-71.0589,1,2,191.12,31.8,22.6,0.0,open-meteo
2026-07-15,S007,P1008,CanyonNomad Waterproof Trail Shoes 207,Rocky Top Outfitters - Boston,Boston,MA,Northeast,urban,42.3601,-71.0589,1,1,157.95,31.8,22.6,0.0,open-meteo
2026-07-15,S007,P1011,BoulderRambler Rechargeable Flashlight 210,Rocky Top Outfitters - Boston,Boston,MA,Northeast,urban,42.3601,-71.0589,1,1,113.11,31.8,22.6,0.0,open-meteo
2026-07-15,S007,P1035,CreekRambler Rechargeable Flashlight 234,Rocky Top Outfitters - Boston,Boston,MA,Northeast,urban,42.3601,-71.0589,1,1,125.57,31.8,22.6,0.0,open-meteo
2026-07-15,S007,P1036,StormNomad 32oz Tumbler 235,Rocky Top Outfitters - Boston,Boston,MA,Northeast,urban,42.3601,-71.0589,2,5,662.44,31.8,22.6,0.0,open-meteo
2026-07-15,S007,P1040,CanyonNomad XL Cooler 239,Rocky Top Outfitters - Boston,Boston,MA,Northeast,urban,42.3601,-71.0589,1,1,92.49,31.8,22.6,0.0,open-meteo
2026-07-15,S007,P1041,PineRunner Mini Battery Pack 240,Rocky Top Outfitters - Boston,Boston,MA,Northeast,urban,42.3601,-71.0589,2,2,106.47,31.8,22.6,0.0,open-meteo
2026-07-15,S007,P1045,FieldRunner Basecamp Tent 244,Rocky Top Outfitters - Boston,Boston,MA,Northeast,urban,42.3601,-71.0589,1,1,330.99,31.8,22.6,0.0,open-meteo
2026-07-15,S007,P1050,RidgeRover Mid Trail Shoes 249,Rocky Top Outfitters - Boston,Boston,MA,Northeast,urban,42.3601,-71.0589,1,3,192.03,31.8,22.6,0.0,open-meteo
2026-07-15,S007,P1054,TrailRover 20oz Tumbler 253,Rocky Top Outfitters - Boston,Boston,MA,Northeast,urban,42.3601,-71.0589,1,2,127.22,31.8,22.6,0.0,open-meteo
2026-07-15,S007,P1067,CreekRambler Alpine Jacket 266,Rocky Top Outfitters - Boston,Boston,MA,Northeast,urban,42.3601,-71.0589,1,1,266.98,31.8,22.6,0.0,open-meteo
2026-07-15,S007,P1068,StormNomad Approach Trail Shoes 267,Rocky Top Outfitters - Boston,Boston,MA,Northeast,urban,42.3601,-71.0589,1,1,76.87,31.8,22.6,0.0,open-meteo
2026-07-15,S007,P1070,TrailRover Weekend Patio Heater 269,Rocky Top Outfitters - Boston,Boston,MA,Northeast,urban,42.3601,-71.0589,1,1,202.52,31.8,22.6,0.0,open-meteo
2026-07-15,S007,P1072,CanyonNomad Travel Tumbler 271,Rocky Top Outfitters - Boston,Boston,MA,Northeast,urban,42.3601,-71.0589,1,1,134.29,31.8,22.6,0.0,open-meteo
2026-07-15,S007,P1073,Unknown product (P1073),Rocky Top Outfitters - Boston,Boston,MA,Northeast,urban,42.3601,-71.0589,1,1,125.32,31.8,22.6,0.0,open-meteo
2026-07-15,S007,P1078,SwitchbackRover 20oz Tumbler 277,Rocky Top Outfitters - Boston,Boston,MA,Northeast,urban,42.3601,-71.0589,2,3,424.41,31.8,22.6,0.0,open-meteo
2026-07-15,S008,P1001,SummitRunner Lightweight Jacket 200,Rocky Top Outfitters - Minneapolis,Minneapolis,MN,Midwest,suburban,44.9778,-93.265,1,3,392.46,36.5,22.9,1.7,open-meteo
2026-07-15,S008,P1006,TrailRover 20oz Tumbler 205,Rocky Top Outfitters - Minneapolis,Minneapolis,MN,Midwest,suburban,44.9778,-93.265,1,1,55.91,36.5,22.9,1.7,open-meteo
2026-07-15,S008,P1011,BoulderRambler Rechargeable Flashlight 210,Rocky Top Outfitters - Minneapolis,Minneapolis,MN,Midwest,suburban,44.9778,-93.265,1,3,379.26,36.5,22.9,1.7,open-meteo
2026-07-15,S008,P1012,CloudNomad 32oz Tumbler 211,Rocky Top Outfitters - Minneapolis,Minneapolis,MN,Midwest,suburban,44.9778,-93.265,1,2,197.86,36.5,22.9,1.7,open-meteo
2026-07-15,S008,P1019,CreekRambler Alpine Jacket 218,Rocky Top Outfitters - Minneapolis,Minneapolis,MN,Midwest,suburban,44.9778,-93.265,2,3,536.97,36.5,22.9,1.7,open-meteo
2026-07-15,S008,P1021,EmberRunner Basecamp Tent 220,Rocky Top Outfitters - Minneapolis,Minneapolis,MN,Midwest,suburban,44.9778,-93.265,1,4,294.96,36.5,22.9,1.7,open-meteo
2026-07-15,S008,P1023,HearthRambler Expedition Flashlight 222,Rocky Top Outfitters - Minneapolis,Minneapolis,MN,Midwest,suburban,44.9778,-93.265,1,1,134.37,36.5,22.9,1.7,open-meteo
2026-07-15,S008,P1043,BoulderRambler Alpine Jacket 242,Rocky Top Outfitters - Minneapolis,Minneapolis,MN,Midwest,suburban,44.9778,-93.265,2,2,469.95,36.5,22.9,1.7,open-meteo
2026-07-15,S008,P1057,PineRunner 4P Tent 256,Rocky Top Outfitters - Minneapolis,Minneapolis,MN,Midwest,suburban,44.9778,-93.265,1,1,328.14,36.5,22.9,1.7,open-meteo
2026-07-15,S008,P1058,VistaRover Deluxe Patio Heater 257,Rocky Top Outfitters - Minneapolis,Minneapolis,MN,Midwest,suburban,44.9778,-93.265,1,1,263.59,36.5,22.9,1.7,open-meteo
2026-07-15,S008,P1061,FieldRunner Packable Jacket 260,Rocky Top Outfitters - Minneapolis,Minneapolis,MN,Midwest,suburban,44.9778,-93.265,1,1,118.27,36.5,22.9,1.7,open-meteo
2026-07-16,S001,P1007,HearthRambler Stormproof Jacket 206,Rocky Top Outfitters - Knoxville,Knoxville,TN,Southeast,flagship,35.9606,-83.9207,2,5,550.86,31.8,23.9,0.7,open-meteo
2026-07-16,S001,P1009,PineRunner 4P Tent 208,Rocky Top Outfitters - Knoxville,Knoxville,TN,Southeast,flagship,35.9606,-83.9207,1,2,219.0,31.8,23.9,0.7,open-meteo
2026-07-16,S001,P1017,SummitRunner Mini Battery Pack 216,Rocky Top Outfitters - Knoxville,Knoxville,TN,Southeast,flagship,35.9606,-83.9207,2,6,316.68,31.8,23.9,0.7,open-meteo
2026-07-16,S001,P1021,EmberRunner Basecamp Tent 220,Rocky Top Outfitters - Knoxville,Knoxville,TN,Southeast,flagship,35.9606,-83.9207,1,1,70.05,31.8,23.9,0.7,open-meteo
2026-07-16,S001,P1023,HearthRambler Expedition Flashlight 222,Rocky Top Outfitters - Knoxville,Knoxville,TN,Southeast,flagship,35.9606,-83.9207,1,4,537.48,31.8,23.9,0.7,open-meteo
2026-07-16,S001,P1026,VistaRover Mid Trail Shoes 225,Rocky Top Outfitters - Knoxville,Knoxville,TN,Southeast,flagship,35.9606,-83.9207,1,1,117.36,31.8,23.9,0.7,open-meteo
2026-07-16,S001,P1027,BoulderRambler 2P Camp Chair 226,Rocky Top Outfitters - Knoxville,Knoxville,TN,Southeast,flagship,35.9606,-83.9207,1,4,368.12,31.8,23.9,0.7,open-meteo
2026-07-16,S001,P1029,FieldRunner Storm Kit Battery Pack 228,Rocky Top Outfitters - Knoxville,Knoxville,TN,Southeast,flagship,35.9606,-83.9207,1,4,503.72,31.8,23.9,0.7,open-meteo
2026-07-16,S001,P1033,SummitRunner 4P Tent 232,Rocky Top Outfitters - Knoxville,Knoxville,TN,Southeast,flagship,35.9606,-83.9207,1,1,151.57,31.8,23.9,0.7,open-meteo
2026-07-16,S001,P1035,CreekRambler Rechargeable Flashlight 234,Rocky Top Outfitters - Knoxville,Knoxville,TN,Southeast,flagship,35.9606,-83.9207,1,2,280.68,31.8,23.9,0.7,open-meteo
2026-07-16,S001,P1038,TrailRover Wide Trail Shoes 237,Rocky Top Outfitters - Knoxville,Knoxville,TN,Southeast,flagship,35.9606,-83.9207,1,1,196.88,31.8,23.9,0.7,open-meteo
2026-07-16,S001,P1039,HearthRambler Ultralight Camp Chair 238,Rocky Top Outfitters - Knoxville,Knoxville,TN,Southeast,flagship,35.9606,-83.9207,1,4,1397.8,31.8,23.9,0.7,open-meteo
2026-07-16,S001,P1040,CanyonNomad XL Cooler 239,Rocky Top Outfitters - Knoxville,Knoxville,TN,Southeast,flagship,35.9606,-83.9207,1,1,92.49,31.8,23.9,0.7,open-meteo
2026-07-16,S001,P1042,VistaRover Trail Tumbler 241,Rocky Top Outfitters - Knoxville,Knoxville,TN,Southeast,flagship,35.9606,-83.9207,1,1,109.49,31.8,23.9,0.7,open-meteo
2026-07-16,S001,P1052,StormNomad Compact Cooler 251,Rocky Top Outfitters - Knoxville,Knoxville,TN,Southeast,flagship,35.9606,-83.9207,1,1,369.46,31.8,23.9,0.7,open-meteo
2026-07-16,S001,P1059,BoulderRambler Rechargeable Flashlight 258,Rocky Top Outfitters - Knoxville,Knoxville,TN,Southeast,flagship,35.9606,-83.9207,1,1,105.5,31.8,23.9,0.7,open-meteo
2026-07-16,S001,P1077,FieldRunner Storm Kit Battery Pack 276,Rocky Top Outfitters - Knoxville,Knoxville,TN,Southeast,flagship,35.9606,-83.9207,1,4,380.6,31.8,23.9,0.7,open-meteo
2026-07-16,S002,P1003,CreekRambler 2P Camp Chair 202,Rocky Top Outfitters - Miami,Miami,FL,Southeast,urban,25.7617,-80.1918,1,3,1346.94,34.3,26.5,1.1,open-meteo
2026-07-16,S002,P1006,TrailRover 20oz Tumbler 205,Rocky Top Outfitters - Miami,Miami,FL,Southeast,urban,25.7617,-80.1918,1,2,111.82,34.3,26.5,1.1,open-meteo
2026-07-16,S002,P1011,BoulderRambler Rechargeable Flashlight 210,Rocky Top Outfitters - Miami,Miami,FL,Southeast,urban,25.7617,-80.1918,1,1,126.42,34.3,26.5,1.1,open-meteo
2026-07-16,S002,P1015,MoonRambler Ultralight Camp Chair 214,Rocky Top Outfitters - Miami,Miami,FL,Southeast,urban,25.7617,-80.1918,1,1,191.87,34.3,26.5,1.1,open-meteo
2026-07-16,S002,P1021,EmberRunner Basecamp Tent 220,Rocky Top Outfitters - Miami,Miami,FL,Southeast,urban,25.7617,-80.1918,1,4,265.48,34.3,26.5,1.1,open-meteo
2026-07-16,S002,P1036,StormNomad 32oz Tumbler 235,Rocky Top Outfitters - Miami,Miami,FL,Southeast,urban,25.7617,-80.1918,1,1,149.83,34.3,26.5,1.1,open-meteo
2026-07-16,S002,P1050,RidgeRover Mid Trail Shoes 249,Rocky Top Outfitters - Miami,Miami,FL,Southeast,urban,25.7617,-80.1918,1,1,71.54,34.3,26.5,1.1,open-meteo
2026-07-16,S002,P1053,EmberRunner Storm Kit Battery Pack 252,Rocky Top Outfitters - Miami,Miami,FL,Southeast,urban,25.7617,-80.1918,1,1,97.68,34.3,26.5,1.1,open-meteo
2026-07-16,S002,P1054,TrailRover 20oz Tumbler 253,Rocky Top Outfitters - Miami,Miami,FL,Southeast,urban,25.7617,-80.1918,1,2,134.3,34.3,26.5,1.1,open-meteo
2026-07-16,S002,P1058,VistaRover Deluxe Patio Heater 257,Rocky Top Outfitters - Miami,Miami,FL,Southeast,urban,25.7617,-80.1918,1,2,527.18,34.3,26.5,1.1,open-meteo
2026-07-16,S002,P1065,SummitRunner Mini Battery Pack 264,Rocky Top Outfitters - Miami,Miami,FL,Southeast,urban,25.7617,-80.1918,1,2,203.14,34.3,26.5,1.1,open-meteo
2026-07-16,S002,P1067,CreekRambler Alpine Jacket 266,Rocky Top Outfitters - Miami,Miami,FL,Southeast,urban,25.7617,-80.1918,1,1,253.63,34.3,26.5,1.1,open-meteo
2026-07-16,S002,P1074,Unknown product (P1074),Rocky Top Outfitters - Miami,Miami,FL,Southeast,urban,25.7617,-80.1918,1,1,153.36,34.3,26.5,1.1,open-meteo
2026-07-16,S002,P1078,SwitchbackRover 20oz Tumbler 277,Rocky Top Outfitters - Miami,Miami,FL,Southeast,urban,25.7617,-80.1918,1,2,248.8,34.3,26.5,1.1,open-meteo
2026-07-16,S003,P1001,SummitRunner Lightweight Jacket 200,Rocky Top Outfitters - Chicago,Chicago,IL,Midwest,urban,41.8781,-87.6298,1,4,497.12,28.4,23.6,0.0,open-meteo
2026-07-16,S003,P1004,StormNomad Compact Cooler 203,Rocky Top Outfitters - Chicago,Chicago,IL,Midwest,urban,41.8781,-87.6298,1,4,417.64,28.4,23.6,0.0,open-meteo
2026-07-16,S003,P1010,VistaRover Deluxe Patio Heater 209,Rocky Top Outfitters - Chicago,Chicago,IL,Midwest,urban,41.8781,-87.6298,1,2,1049.62,28.4,23.6,0.0,open-meteo
2026-07-16,S003,P1018,RidgeRover Trail Tumbler 217,Rocky Top Outfitters - Chicago,Chicago,IL,Midwest,urban,41.8781,-87.6298,1,1,138.02,28.4,23.6,0.0,open-meteo
2026-07-16,S003,P1029,FieldRunner Storm Kit Battery Pack 228,Rocky Top Outfitters - Chicago,Chicago,IL,Midwest,urban,41.8781,-87.6298,1,1,125.93,28.4,23.6,0.0,open-meteo
2026-07-16,S003,P1034,RidgeRover Deluxe Patio Heater 233,Rocky Top Outfitters - Chicago,Chicago,IL,Midwest,urban,41.8781,-87.6298,1,2,337.72,28.4,23.6,0.0,open-meteo
2026-07-16,S003,P1041,PineRunner Mini Battery Pack 240,Rocky Top Outfitters - Chicago,Chicago,IL,Midwest,urban,41.8781,-87.6298,1,1,51.87,28.4,23.6,0.0,open-meteo
2026-07-16,S003,P1043,BoulderRambler Alpine Jacket 242,Rocky Top Outfitters - Chicago,Chicago,IL,Midwest,urban,41.8781,-87.6298,1,1,241.0,28.4,23.6,0.0,open-meteo
2026-07-16,S003,P1051,CreekRambler 2P Camp Chair 250,Rocky Top Outfitters - Chicago,Chicago,IL,Midwest,urban,41.8781,-87.6298,1,2,721.06,28.4,23.6,0.0,open-meteo
2026-07-16,S003,P1061,FieldRunner Packable Jacket 260,Rocky Top Outfitters - Chicago,Chicago,IL,Midwest,urban,41.8781,-87.6298,1,1,147.84,28.4,23.6,0.0,open-meteo
2026-07-16,S003,P1068,StormNomad Approach Trail Shoes 267,Rocky Top Outfitters - Chicago,Chicago,IL,Midwest,urban,41.8781,-87.6298,1,3,242.76,28.4,23.6,0.0,open-meteo
2026-07-16,S003,P1069,Unknown product (P1069),Rocky Top Outfitters - Chicago,Chicago,IL,Midwest,urban,41.8781,-87.6298,2,5,1256.16,28.4,23.6,0.0,open-meteo
2026-07-16,S003,P1074,Unknown product (P1074),Rocky Top Outfitters - Chicago,Chicago,IL,Midwest,urban,41.8781,-87.6298,1,3,575.1,28.4,23.6,0.0,open-meteo
2026-07-16,S004,P1002,RidgeRover Mid Trail Shoes 201,Rocky Top Outfitters - Denver,Denver,CO,Mountain,flagship,39.7392,-104.9903,1,1,203.43,35.3,20.6,0.0,open-meteo
2026-07-16,S004,P1007,HearthRambler Stormproof Jacket 206,Rocky Top Outfitters - Denver,Denver,CO,Mountain,flagship,39.7392,-104.9903,1,2,213.6,35.3,20.6,0.0,open-meteo
2026-07-16,S004,P1012,CloudNomad 32oz Tumbler 211,Rocky Top Outfitters - Denver,Denver,CO,Mountain,flagship,39.7392,-104.9903,1,1,123.66,35.3,20.6,0.0,open-meteo
2026-07-16,S004,P1015,MoonRambler Ultralight Camp Chair 214,Rocky Top Outfitters - Denver,Denver,CO,Mountain,flagship,39.7392,-104.9903,1,4,614.0,35.3,20.6,0.0,open-meteo
2026-07-16,S004,P1024,CanyonNomad Travel Tumbler 223,Rocky Top Outfitters - Denver,Denver,CO,Mountain,flagship,39.7392,-104.9903,1,3,231.0,35.3,20.6,0.0,open-meteo
2026-07-16,S004,P1026,VistaRover Mid Trail Shoes 225,Rocky Top Outfitters - Denver,Denver,CO,Mountain,flagship,39.7392,-104.9903,2,4,482.48,35.3,20.6,0.0,open-meteo
2026-07-16,S004,P1029,FieldRunner Storm Kit Battery Pack 228,Rocky Top Outfitters - Denver,Denver,CO,Mountain,flagship,39.7392,-104.9903,1,2,201.48,35.3,20.6,0.0,open-meteo
2026-07-16,S004,P1034,RidgeRover Deluxe Patio Heater 233,Rocky Top Outfitters - Denver,Denver,CO,Mountain,flagship,39.7392,-104.9903,1,1,160.42,35.3,20.6,0.0,open-meteo
2026-07-16,S004,P1041,PineRunner Mini Battery Pack 240,Rocky Top Outfitters - Denver,Denver,CO,Mountain,flagship,39.7392,-104.9903,2,4,202.02,35.3,20.6,0.0,open-meteo
2026-07-16,S004,P1045,FieldRunner Basecamp Tent 244,Rocky Top Outfitters - Denver,Denver,CO,Mountain,flagship,39.7392,-104.9903,1,2,592.3,35.3,20.6,0.0,open-meteo
2026-07-16,S005,P1003,CreekRambler 2P Camp Chair 202,Rocky Top Outfitters - Phoenix,Phoenix,AZ,Southwest,suburban,33.4484,-112.074,1,2,763.26,36.3,24.8,16.2,open-meteo
2026-07-16,S005,P1004,StormNomad Compact Cooler 203,Rocky Top Outfitters - Phoenix,Phoenix,AZ,Southwest,suburban,33.4484,-112.074,1,2,197.82,36.3,24.8,16.2,open-meteo
2026-07-16,S005,P1006,TrailRover 20oz Tumbler 205,Rocky Top Outfitters - Phoenix,Phoenix,AZ,Southwest,suburban,33.4484,-112.074,1,4,223.64,36.3,24.8,16.2,open-meteo
2026-07-16,S005,P1007,HearthRambler Stormproof Jacket 206,Rocky Top Outfitters - Phoenix,Phoenix,AZ,Southwest,suburban,33.4484,-112.074,1,3,320.4,36.3,24.8,16.2,open-meteo
2026-07-16,S005,P1010,VistaRover Deluxe Patio Heater 209,Rocky Top Outfitters - Phoenix,Phoenix,AZ,Southwest,suburban,33.4484,-112.074,1,2,939.14,36.3,24.8,16.2,open-meteo
2026-07-16,S005,P1024,CanyonNomad Travel Tumbler 223,Rocky Top Outfitters - Phoenix,Phoenix,AZ,Southwest,suburban,33.4484,-112.074,1,2,181.18,36.3,24.8,16.2,open-meteo
2026-07-16,S005,P1030,SwitchbackRover 20oz Tumbler 229,Rocky Top Outfitters - Phoenix,Phoenix,AZ,Southwest,suburban,33.4484,-112.074,1,1,126.26,36.3,24.8,16.2,open-meteo
2026-07-16,S005,P1031,MoonRambler Stormproof Jacket 230,Rocky Top Outfitters - Phoenix,Phoenix,AZ,Southwest,suburban,33.4484,-112.074,1,1,138.82,36.3,24.8,16.2,open-meteo
2026-07-16,S005,P1036,StormNomad 32oz Tumbler 235,Rocky Top Outfitters - Phoenix,Phoenix,AZ,Southwest,suburban,33.4484,-112.074,1,1,126.18,36.3,24.8,16.2,open-meteo
2026-07-16,S005,P1059,BoulderRambler Rechargeable Flashlight 258,Rocky Top Outfitters - Phoenix,Phoenix,AZ,Southwest,suburban,33.4484,-112.074,1,3,269.01,36.3,24.8,16.2,open-meteo
2026-07-16,S005,P1063,MoonRambler Ultralight Camp Chair 262,Rocky Top Outfitters - Phoenix,Phoenix,AZ,Southwest,suburban,33.4484,-112.074,1,4,319.68,36.3,24.8,16.2,open-meteo
2026-07-16,S005,P1070,TrailRover Weekend Patio Heater 269,Rocky Top Outfitters - Phoenix,Phoenix,AZ,Southwest,suburban,33.4484,-112.074,1,4,810.08,36.3,24.8,16.2,open-meteo
2026-07-16,S005,P1074,Unknown product (P1074),Rocky Top Outfitters - Phoenix,Phoenix,AZ,Southwest,suburban,33.4484,-112.074,1,2,383.4,36.3,24.8,16.2,open-meteo
2026-07-16,S006,P1010,VistaRover Deluxe Patio Heater 209,Rocky Top Outfitters - Seattle,Seattle,WA,Pacific Northwest,urban,47.6062,-122.3321,2,3,1546.81,19.5,15.5,4.9,open-meteo
2026-07-16,S006,P1044,CloudNomad Approach Trail Shoes 243,Rocky Top Outfitters - Seattle,Seattle,WA,Pacific Northwest,urban,47.6062,-122.3321,1,1,189.25,19.5,15.5,4.9,open-meteo
2026-07-16,S006,P1048,PeakNomad Travel Tumbler 247,Rocky Top Outfitters - Seattle,Seattle,WA,Pacific Northwest,urban,47.6062,-122.3321,1,4,267.08,19.5,15.5,4.9,open-meteo
2026-07-16,S006,P1052,StormNomad Compact Cooler 251,Rocky Top Outfitters - Seattle,Seattle,WA,Pacific Northwest,urban,47.6062,-122.3321,1,2,777.82,19.5,15.5,4.9,open-meteo
2026-07-16,S006,P1066,RidgeRover Trail Tumbler 265,Rocky Top Outfitters - Seattle,Seattle,WA,Pacific Northwest,urban,47.6062,-122.3321,1,2,209.76,19.5,15.5,4.9,open-meteo
2026-07-16,S006,P1074,Unknown product (P1074),Rocky Top Outfitters - Seattle,Seattle,WA,Pacific Northwest,urban,47.6062,-122.3321,1,1,191.7,19.5,15.5,4.9,open-meteo
2026-07-16,S007,P1001,SummitRunner Lightweight Jacket 200,Rocky Top Outfitters - Boston,Boston,MA,Northeast,urban,42.3601,-71.0589,1,1,130.82,30.7,19.5,0.8,open-meteo
2026-07-16,S007,P1009,PineRunner 4P Tent 208,Rocky Top Outfitters - Boston,Boston,MA,Northeast,urban,42.3601,-71.0589,1,4,461.04,30.7,19.5,0.8,open-meteo
2026-07-16,S007,P1010,VistaRover Deluxe Patio Heater 209,Rocky Top Outfitters - Boston,Boston,MA,Northeast,urban,42.3601,-71.0589,1,1,497.19,30.7,19.5,0.8,open-meteo
2026-07-16,S007,P1011,BoulderRambler Rechargeable Flashlight 210,Rocky Top Outfitters - Boston,Boston,MA,Northeast,urban,42.3601,-71.0589,1,2,239.52,30.7,19.5,0.8,open-meteo
2026-07-16,S007,P1013,FieldRunner Packable Jacket 212,Rocky Top Outfitters - Boston,Boston,MA,Northeast,urban,42.3601,-71.0589,1,1,97.39,30.7,19.5,0.8,open-meteo
2026-07-16,S007,P1014,SwitchbackRover Wide Trail Shoes 213,Rocky Top Outfitters - Boston,Boston,MA,Northeast,urban,42.3601,-71.0589,2,4,675.42,30.7,19.5,0.8,open-meteo
2026-07-16,S007,P1025,PineRunner Lightweight Jacket 224,Rocky Top Outfitters - Boston,Boston,MA,Northeast,urban,42.3601,-71.0589,1,2,249.2,30.7,19.5,0.8,open-meteo
2026-07-16,S007,P1035,CreekRambler Rechargeable Flashlight 234,Rocky Top Outfitters - Boston,Boston,MA,Northeast,urban,42.3601,-71.0589,1,1,147.73,30.7,19.5,0.8,open-meteo
2026-07-16,S007,P1056,CanyonNomad Waterproof Trail Shoes 255,Rocky Top Outfitters - Boston,Boston,MA,Northeast,urban,42.3601,-71.0589,1,3,432.03,30.7,19.5,0.8,open-meteo
2026-07-16,S007,P1057,PineRunner 4P Tent 256,Rocky Top Outfitters - Boston,Boston,MA,Northeast,urban,42.3601,-71.0589,1,1,410.17,30.7,19.5,0.8,open-meteo
2026-07-16,S007,P1062,SwitchbackRover Wide Trail Shoes 261,Rocky Top Outfitters - Boston,Boston,MA,Northeast,urban,42.3601,-71.0589,1,1,170.69,30.7,19.5,0.8,open-meteo
2026-07-16,S007,P1073,Unknown product (P1073),Rocky Top Outfitters - Boston,Boston,MA,Northeast,urban,42.3601,-71.0589,1,1,125.32,30.7,19.5,0.8,open-meteo
2026-07-16,S007,P1074,Unknown product (P1074),Rocky Top Outfitters - Boston,Boston,MA,Northeast,urban,42.3601,-71.0589,1,1,191.7,30.7,19.5,0.8,open-meteo
2026-07-16,S007,P1078,SwitchbackRover 20oz Tumbler 277,Rocky Top Outfitters - Boston,Boston,MA,Northeast,urban,42.3601,-71.0589,1,1,131.72,30.7,19.5,0.8,open-meteo
2026-07-16,S008,P1003,CreekRambler 2P Camp Chair 202,Rocky Top Outfitters - Minneapolis,Minneapolis,MN,Midwest,suburban,44.9778,-93.265,1,2,897.96,35.1,21.9,0.3,open-meteo
2026-07-16,S008,P1008,CanyonNomad Waterproof Trail Shoes 207,Rocky Top Outfitters - Minneapolis,Minneapolis,MN,Midwest,suburban,44.9778,-93.265,1,2,351.0,35.1,21.9,0.3,open-meteo
2026-07-16,S008,P1010,VistaRover Deluxe Patio Heater 209,Rocky Top Outfitters - Minneapolis,Minneapolis,MN,Midwest,suburban,44.9778,-93.265,1,2,883.88,35.1,21.9,0.3,open-meteo
2026-07-16,S008,P1013,FieldRunner Packable Jacket 212,Rocky Top Outfitters - Minneapolis,Minneapolis,MN,Midwest,suburban,44.9778,-93.265,1,2,185.04,35.1,21.9,0.3,open-meteo
2026-07-16,S008,P1014,SwitchbackRover Wide Trail Shoes 213,Rocky Top Outfitters - Minneapolis,Minneapolis,MN,Midwest,suburban,44.9778,-93.265,1,2,327.48,35.1,21.9,0.3,open-meteo
2026-07-16,S008,P1033,SummitRunner 4P Tent 232,Rocky Top Outfitters - Minneapolis,Minneapolis,MN,Midwest,suburban,44.9778,-93.265,1,1,151.57,35.1,21.9,0.3,open-meteo
2026-07-16,S008,P1046,SwitchbackRover Weekend Patio Heater 245,Rocky Top Outfitters - Minneapolis,Minneapolis,MN,Midwest,suburban,44.9778,-93.265,1,1,233.42,35.1,21.9,0.3,open-meteo
2026-07-16,S008,P1049,SummitRunner Lightweight Jacket 248,Rocky Top Outfitters - Minneapolis,Minneapolis,MN,Midwest,suburban,44.9778,-93.265,1,3,666.03,35.1,21.9,0.3,open-meteo
2026-07-16,S008,P1050,RidgeRover Mid Trail Shoes 249,Rocky Top Outfitters - Minneapolis,Minneapolis,MN,Midwest,suburban,44.9778,-93.265,1,4,301.24,35.1,21.9,0.3,open-meteo
2026-07-16,S008,P1058,VistaRover Deluxe Patio Heater 257,Rocky Top Outfitters - Minneapolis,Minneapolis,MN,Midwest,suburban,44.9778,-93.265,1,4,948.92,35.1,21.9,0.3,open-meteo
2026-07-16,S008,P1060,CloudNomad 32oz Tumbler 259,Rocky Top Outfitters - Minneapolis,Minneapolis,MN,Midwest,suburban,44.9778,-93.265,1,4,586.68,35.1,21.9,0.3,open-meteo
2026-07-16,S008,P1068,StormNomad Approach Trail Shoes 267,Rocky Top Outfitters - Minneapolis,Minneapolis,MN,Midwest,suburban,44.9778,-93.265,1,2,137.56,35.1,21.9,0.3,open-meteo
2026-07-16,S008,P1073,Unknown product (P1073),Rocky Top Outfitters - Minneapolis,Minneapolis,MN,Midwest,suburban,44.9778,-93.265,1,3,375.96,35.1,21.9,0.3,open-meteo
2026-07-16,S008,P1076,CloudNomad Compact Cooler 275,Rocky Top Outfitters - Minneapolis,Minneapolis,MN,Midwest,suburban,44.9778,-93.265,1,2,1372.16,35.1,21.9,0.3,open-meteo
2026-07-17,S001,P1008,CanyonNomad Waterproof Trail Shoes 207,Rocky Top Outfitters - Knoxville,Knoxville,TN,Southeast,flagship,35.9606,-83.9207,1,1,175.5,31.0,23.4,0.9,open-meteo
2026-07-17,S001,P1015,MoonRambler Ultralight Camp Chair 214,Rocky Top Outfitters - Knoxville,Knoxville,TN,Southeast,flagship,35.9606,-83.9207,2,3,479.68,31.0,23.4,0.9,open-meteo
2026-07-17,S001,P1026,VistaRover Mid Trail Shoes 225,Rocky Top Outfitters - Knoxville,Knoxville,TN,Southeast,flagship,35.9606,-83.9207,1,1,104.32,31.0,23.4,0.9,open-meteo
2026-07-17,S001,P1041,PineRunner Mini Battery Pack 240,Rocky Top Outfitters - Knoxville,Knoxville,TN,Southeast,flagship,35.9606,-83.9207,1,2,109.2,31.0,23.4,0.9,open-meteo
2026-07-17,S001,P1052,StormNomad Compact Cooler 251,Rocky Top Outfitters - Knoxville,Knoxville,TN,Southeast,flagship,35.9606,-83.9207,1,1,388.91,31.0,23.4,0.9,open-meteo
2026-07-17,S001,P1060,CloudNomad 32oz Tumbler 259,Rocky Top Outfitters - Knoxville,Knoxville,TN,Southeast,flagship,35.9606,-83.9207,1,1,154.39,31.0,23.4,0.9,open-meteo
2026-07-17,S001,P1064,PeakNomad XL Cooler 263,Rocky Top Outfitters - Knoxville,Knoxville,TN,Southeast,flagship,35.9606,-83.9207,1,1,522.28,31.0,23.4,0.9,open-meteo
2026-07-17,S001,P1067,CreekRambler Alpine Jacket 266,Rocky Top Outfitters - Knoxville,Knoxville,TN,Southeast,flagship,35.9606,-83.9207,1,1,266.98,31.0,23.4,0.9,open-meteo
2026-07-17,S001,P1068,StormNomad Approach Trail Shoes 267,Rocky Top Outfitters - Knoxville,Knoxville,TN,Southeast,flagship,35.9606,-83.9207,1,2,161.84,31.0,23.4,0.9,open-meteo
2026-07-17,S001,P1070,TrailRover Weekend Patio Heater 269,Rocky Top Outfitters - Knoxville,Knoxville,TN,Southeast,flagship,35.9606,-83.9207,1,2,384.78,31.0,23.4,0.9,open-meteo
2026-07-17,S001,P1080,PeakNomad Waterproof Trail Shoes 279,Rocky Top Outfitters - Knoxville,Knoxville,TN,Southeast,flagship,35.9606,-83.9207,1,4,572.0,31.0,23.4,0.9,open-meteo
2026-07-17,S002,P1001,SummitRunner Lightweight Jacket 200,Rocky Top Outfitters - Miami,Miami,FL,Southeast,urban,25.7617,-80.1918,1,2,261.64,33.4,23.9,10.4,open-meteo
2026-07-17,S002,P1003,CreekRambler 2P Camp Chair 202,Rocky Top Outfitters - Miami,Miami,FL,Southeast,urban,25.7617,-80.1918,1,1,448.98,33.4,23.9,10.4,open-meteo
2026-07-17,S002,P1007,HearthRambler Stormproof Jacket 206,Rocky Top Outfitters - Miami,Miami,FL,Southeast,urban,25.7617,-80.1918,1,1,112.42,33.4,23.9,10.4,open-meteo
2026-07-17,S002,P1008,CanyonNomad Waterproof Trail Shoes 207,Rocky Top Outfitters - Miami,Miami,FL,Southeast,urban,25.7617,-80.1918,1,1,166.72,33.4,23.9,10.4,open-meteo
2026-07-17,S002,P1009,PineRunner 4P Tent 208,Rocky Top Outfitters - Miami,Miami,FL,Southeast,urban,25.7617,-80.1918,1,2,184.42,33.4,23.9,10.4,open-meteo
2026-07-17,S002,P1012,CloudNomad 32oz Tumbler 211,Rocky Top Outfitters - Miami,Miami,FL,Southeast,urban,25.7617,-80.1918,1,4,494.64,33.4,23.9,10.4,open-meteo
2026-07-17,S002,P1015,MoonRambler Ultralight Camp Chair 214,Rocky Top Outfitters - Miami,Miami,FL,Southeast,urban,25.7617,-80.1918,1,1,191.87,33.4,23.9,10.4,open-meteo
2026-07-17,S002,P1022,TrailRover Weekend Patio Heater 221,Rocky Top Outfitters - Miami,Miami,FL,Southeast,urban,25.7617,-80.1918,1,2,738.54,33.4,23.9,10.4,open-meteo
2026-07-17,S002,P1026,VistaRover Mid Trail Shoes 225,Rocky Top Outfitters - Miami,Miami,FL,Southeast,urban,25.7617,-80.1918,1,1,130.4,33.4,23.9,10.4,open-meteo
2026-07-17,S002,P1029,FieldRunner Storm Kit Battery Pack 228,Rocky Top Outfitters - Miami,Miami,FL,Southeast,urban,25.7617,-80.1918,1,2,239.26,33.4,23.9,10.4,open-meteo
2026-07-17,S002,P1035,CreekRambler Rechargeable Flashlight 234,Rocky Top Outfitters - Miami,Miami,FL,Southeast,urban,25.7617,-80.1918,1,1,147.73,33.4,23.9,10.4,open-meteo
2026-07-17,S002,P1057,PineRunner 4P Tent 256,Rocky Top Outfitters - Miami,Miami,FL,Southeast,urban,25.7617,-80.1918,2,5,1907.28,33.4,23.9,10.4,open-meteo
2026-07-17,S002,P1066,RidgeRover Trail Tumbler 265,Rocky Top Outfitters - Miami,Miami,FL,Southeast,urban,25.7617,-80.1918,1,1,94.39,33.4,23.9,10.4,open-meteo
2026-07-17,S002,P1069,Unknown product (P1069),Rocky Top Outfitters - Miami,Miami,FL,Southeast,urban,25.7617,-80.1918,1,2,461.44,33.4,23.9,10.4,open-meteo
2026-07-17,S003,P1001,SummitRunner Lightweight Jacket 200,Rocky Top Outfitters - Chicago,Chicago,IL,Midwest,urban,41.8781,-87.6298,1,1,111.2,31.5,22.7,19.1,open-meteo
2026-07-17,S003,P1008,CanyonNomad Waterproof Trail Shoes 207,Rocky Top Outfitters - Chicago,Chicago,IL,Midwest,urban,41.8781,-87.6298,1,1,175.5,31.5,22.7,19.1,open-meteo
2026-07-17,S003,P1022,TrailRover Weekend Patio Heater 221,Rocky Top Outfitters - Chicago,Chicago,IL,Midwest,urban,41.8781,-87.6298,1,4,1399.36,31.5,22.7,19.1,open-meteo
2026-07-17,S003,P1031,MoonRambler Stormproof Jacket 230,Rocky Top Outfitters - Chicago,Chicago,IL,Midwest,urban,41.8781,-87.6298,2,5,867.65,31.5,22.7,19.1,open-meteo
2026-07-17,S003,P1032,PeakNomad Waterproof Trail Shoes 231,Rocky Top Outfitters - Chicago,Chicago,IL,Midwest,urban,41.8781,-87.6298,1,1,194.08,31.5,22.7,19.1,open-meteo
2026-07-17,S003,P1034,RidgeRover Deluxe Patio Heater 233,Rocky Top Outfitters - Chicago,Chicago,IL,Midwest,urban,41.8781,-87.6298,1,1,135.09,31.5,22.7,19.1,open-meteo
2026-07-17,S003,P1040,CanyonNomad XL Cooler 239,Rocky Top Outfitters - Chicago,Chicago,IL,Midwest,urban,41.8781,-87.6298,1,2,195.86,31.5,22.7,19.1,open-meteo
2026-07-17,S003,P1043,BoulderRambler Alpine Jacket 242,Rocky Top Outfitters - Chicago,Chicago,IL,Midwest,urban,41.8781,-87.6298,1,4,964.0,31.5,22.7,19.1,open-meteo
2026-07-17,S003,P1049,SummitRunner Lightweight Jacket 248,Rocky Top Outfitters - Chicago,Chicago,IL,Midwest,urban,41.8781,-87.6298,2,5,1010.15,31.5,22.7,19.1,open-meteo
2026-07-17,S003,P1050,RidgeRover Mid Trail Shoes 249,Rocky Top Outfitters - Chicago,Chicago,IL,Midwest,urban,41.8781,-87.6298,1,2,150.62,31.5,22.7,19.1,open-meteo
2026-07-17,S003,P1069,Unknown product (P1069),Rocky Top Outfitters - Chicago,Chicago,IL,Midwest,urban,41.8781,-87.6298,1,2,487.08,31.5,22.7,19.1,open-meteo
2026-07-17,S003,P1072,CanyonNomad Travel Tumbler 271,Rocky Top Outfitters - Chicago,Chicago,IL,Midwest,urban,41.8781,-87.6298,1,2,255.16,31.5,22.7,19.1,open-meteo
2026-07-17,S003,P1075,Unknown product (P1075),Rocky Top Outfitters - Chicago,Chicago,IL,Midwest,urban,41.8781,-87.6298,1,2,313.92,31.5,22.7,19.1,open-meteo
2026-07-17,S004,P1001,SummitRunner Lightweight Jacket 200,Rocky Top Outfitters - Denver,Denver,CO,Mountain,flagship,39.7392,-104.9903,1,2,209.32,34.4,19.8,0.0,open-meteo
2026-07-17,S004,P1019,CreekRambler Alpine Jacket 218,Rocky Top Outfitters - Denver,Denver,CO,Mountain,flagship,39.7392,-104.9903,1,4,572.76,34.4,19.8,0.0,open-meteo
2026-07-17,S004,P1020,StormNomad Approach Trail Shoes 219,Rocky Top Outfitters - Denver,Denver,CO,Mountain,flagship,39.7392,-104.9903,1,3,602.73,34.4,19.8,0.0,open-meteo
2026-07-17,S004,P1031,MoonRambler Stormproof Jacket 230,Rocky Top Outfitters - Denver,Denver,CO,Mountain,flagship,39.7392,-104.9903,1,2,277.64,34.4,19.8,0.0,open-meteo
2026-07-17,S004,P1038,TrailRover Wide Trail Shoes 237,Rocky Top Outfitters - Denver,Denver,CO,Mountain,flagship,39.7392,-104.9903,1,3,531.57,34.4,19.8,0.0,open-meteo
2026-07-17,S004,P1048,PeakNomad Travel Tumbler 247,Rocky Top Outfitters - Denver,Denver,CO,Mountain,flagship,39.7392,-104.9903,2,3,193.28,34.4,19.8,0.0,open-meteo
2026-07-17,S004,P1057,PineRunner 4P Tent 256,Rocky Top Outfitters - Denver,Denver,CO,Mountain,flagship,39.7392,-104.9903,1,2,697.28,34.4,19.8,0.0,open-meteo
2026-07-17,S004,P1059,BoulderRambler Rechargeable Flashlight 258,Rocky Top Outfitters - Denver,Denver,CO,Mountain,flagship,39.7392,-104.9903,1,1,105.5,34.4,19.8,0.0,open-meteo
2026-07-17,S004,P1063,MoonRambler Ultralight Camp Chair 262,Rocky Top Outfitters - Denver,Denver,CO,Mountain,flagship,39.7392,-104.9903,1,4,271.72,34.4,19.8,0.0,open-meteo
2026-07-17,S004,P1064,PeakNomad XL Cooler 263,Rocky Top Outfitters - Denver,Denver,CO,Mountain,flagship,39.7392,-104.9903,1,1,491.56,34.4,19.8,0.0,open-meteo
2026-07-17,S004,P1068,StormNomad Approach Trail Shoes 267,Rocky Top Outfitters - Denver,Denver,CO,Mountain,flagship,39.7392,-104.9903,1,2,153.74,34.4,19.8,0.0,open-meteo
2026-07-17,S004,P1074,Unknown product (P1074),Rocky Top Outfitters - Denver,Denver,CO,Mountain,flagship,39.7392,-104.9903,1,2,383.4,34.4,19.8,0.0,open-meteo
2026-07-17,S005,P1003,CreekRambler 2P Camp Chair 202,Rocky Top Outfitters - Phoenix,Phoenix,AZ,Southwest,suburban,33.4484,-112.074,1,1,359.18,32.1,24.4,19.6,open-meteo
2026-07-17,S005,P1013,FieldRunner Packable Jacket 212,Rocky Top Outfitters - Phoenix,Phoenix,AZ,Southwest,suburban,33.4484,-112.074,1,4,389.56,32.1,24.4,19.6,open-meteo
2026-07-17,S005,P1017,SummitRunner Mini Battery Pack 216,Rocky Top Outfitters - Phoenix,Phoenix,AZ,Southwest,suburban,33.4484,-112.074,1,1,64.63,32.1,24.4,19.6,open-meteo
2026-07-17,S005,P1018,RidgeRover Trail Tumbler 217,Rocky Top Outfitters - Phoenix,Phoenix,AZ,Southwest,suburban,33.4484,-112.074,1,1,138.02,32.1,24.4,19.6,open-meteo
2026-07-17,S005,P1031,MoonRambler Stormproof Jacket 230,Rocky Top Outfitters - Phoenix,Phoenix,AZ,Southwest,suburban,33.4484,-112.074,1,3,520.59,32.1,24.4,19.6,open-meteo
2026-07-17,S005,P1035,CreekRambler Rechargeable Flashlight 234,Rocky Top Outfitters - Phoenix,Phoenix,AZ,Southwest,suburban,33.4484,-112.074,1,4,502.28,32.1,24.4,19.6,open-meteo
2026-07-17,S005,P1042,VistaRover Trail Tumbler 241,Rocky Top Outfitters - Phoenix,Phoenix,AZ,Southwest,suburban,33.4484,-112.074,1,1,115.25,32.1,24.4,19.6,open-meteo
2026-07-17,S005,P1048,PeakNomad Travel Tumbler 247,Rocky Top Outfitters - Phoenix,Phoenix,AZ,Southwest,suburban,33.4484,-112.074,1,2,140.56,32.1,24.4,19.6,open-meteo
2026-07-17,S005,P1051,CreekRambler 2P Camp Chair 250,Rocky Top Outfitters - Phoenix,Phoenix,AZ,Southwest,suburban,33.4484,-112.074,1,1,424.15,32.1,24.4,19.6,open-meteo
2026-07-17,S005,P1052,StormNomad Compact Cooler 251,Rocky Top Outfitters - Phoenix,Phoenix,AZ,Southwest,suburban,33.4484,-112.074,1,1,311.13,32.1,24.4,19.6,open-meteo
2026-07-17,S005,P1062,SwitchbackRover Wide Trail Shoes 261,Rocky Top Outfitters - Phoenix,Phoenix,AZ,Southwest,suburban,33.4484,-112.074,1,4,682.76,32.1,24.4,19.6,open-meteo
2026-07-17,S005,P1063,MoonRambler Ultralight Camp Chair 262,Rocky Top Outfitters - Phoenix,Phoenix,AZ,Southwest,suburban,33.4484,-112.074,3,4,303.7,32.1,24.4,19.6,open-meteo
2026-07-17,S005,P1070,TrailRover Weekend Patio Heater 269,Rocky Top Outfitters - Phoenix,Phoenix,AZ,Southwest,suburban,33.4484,-112.074,1,3,607.56,32.1,24.4,19.6,open-meteo
2026-07-17,S005,P1071,Unknown product (P1071),Rocky Top Outfitters - Phoenix,Phoenix,AZ,Southwest,suburban,33.4484,-112.074,1,4,573.2,32.1,24.4,19.6,open-meteo
2026-07-17,S006,P1003,CreekRambler 2P Camp Chair 202,Rocky Top Outfitters - Seattle,Seattle,WA,Pacific Northwest,urban,47.6062,-122.3321,1,4,1706.12,22.5,14.8,0.3,open-meteo
2026-07-17,S006,P1006,TrailRover 20oz Tumbler 205,Rocky Top Outfitters - Seattle,Seattle,WA,Pacific Northwest,urban,47.6062,-122.3321,1,2,100.64,22.5,14.8,0.3,open-meteo
2026-07-17,S006,P1016,PeakNomad XL Cooler 215,Rocky Top Outfitters - Seattle,Seattle,WA,Pacific Northwest,urban,47.6062,-122.3321,1,1,602.39,22.5,14.8,0.3,open-meteo
2026-07-17,S006,P1018,RidgeRover Trail Tumbler 217,Rocky Top Outfitters - Seattle,Seattle,WA,Pacific Northwest,urban,47.6062,-122.3321,1,1,145.69,22.5,14.8,0.3,open-meteo
2026-07-17,S006,P1019,CreekRambler Alpine Jacket 218,Rocky Top Outfitters - Seattle,Seattle,WA,Pacific Northwest,urban,47.6062,-122.3321,1,3,429.57,22.5,14.8,0.3,open-meteo
2026-07-17,S006,P1024,CanyonNomad Travel Tumbler 223,Rocky Top Outfitters - Seattle,Seattle,WA,Pacific Northwest,urban,47.6062,-122.3321,1,2,181.18,22.5,14.8,0.3,open-meteo
2026-07-17,S006,P1026,VistaRover Mid Trail Shoes 225,Rocky Top Outfitters - Seattle,Seattle,WA,Pacific Northwest,urban,47.6062,-122.3321,1,4,417.28,22.5,14.8,0.3,open-meteo
2026-07-17,S006,P1030,SwitchbackRover 20oz Tumbler 229,Rocky Top Outfitters - Seattle,Seattle,WA,Pacific Northwest,urban,47.6062,-122.3321,1,1,126.26,22.5,14.8,0.3,open-meteo
2026-07-17,S006,P1042,VistaRover Trail Tumbler 241,Rocky Top Outfitters - Seattle,Seattle,WA,Pacific Northwest,urban,47.6062,-122.3321,1,3,276.6,22.5,14.8,0.3,open-meteo
2026-07-17,S006,P1048,PeakNomad Travel Tumbler 247,Rocky Top Outfitters - Seattle,Seattle,WA,Pacific Northwest,urban,47.6062,-122.3321,1,3,200.31,22.5,14.8,0.3,open-meteo
2026-07-17,S006,P1056,CanyonNomad Waterproof Trail Shoes 255,Rocky Top Outfitters - Seattle,Seattle,WA,Pacific Northwest,urban,47.6062,-122.3321,1,1,122.41,22.5,14.8,0.3,open-meteo
2026-07-17,S006,P1066,RidgeRover Trail Tumbler 265,Rocky Top Outfitters - Seattle,Seattle,WA,Pacific Northwest,urban,47.6062,-122.3321,1,4,377.56,22.5,14.8,0.3,open-meteo
2026-07-17,S006,P1069,Unknown product (P1069),Rocky Top Outfitters - Seattle,Seattle,WA,Pacific Northwest,urban,47.6062,-122.3321,2,8,1948.32,22.5,14.8,0.3,open-meteo
2026-07-17,S006,P1070,TrailRover Weekend Patio Heater 269,Rocky Top Outfitters - Seattle,Seattle,WA,Pacific Northwest,urban,47.6062,-122.3321,1,2,405.04,22.5,14.8,0.3,open-meteo
2026-07-17,S006,P1073,Unknown product (P1073),Rocky Top Outfitters - Seattle,Seattle,WA,Pacific Northwest,urban,47.6062,-122.3321,1,2,238.1,22.5,14.8,0.3,open-meteo
2026-07-17,S006,P1075,Unknown product (P1075),Rocky Top Outfitters - Seattle,Seattle,WA,Pacific Northwest,urban,47.6062,-122.3321,1,1,165.22,22.5,14.8,0.3,open-meteo
2026-07-17,S007,P1001,SummitRunner Lightweight Jacket 200,Rocky Top Outfitters - Boston,Boston,MA,Northeast,urban,42.3601,-71.0589,1,1,117.74,28.9,17.5,0.0,open-meteo
2026-07-17,S007,P1005,EmberRunner Storm Kit Battery Pack 204,Rocky Top Outfitters - Boston,Boston,MA,Northeast,urban,42.3601,-71.0589,1,2,189.62,28.9,17.5,0.0,open-meteo
2026-07-17,S007,P1010,VistaRover Deluxe Patio Heater 209,Rocky Top Outfitters - Boston,Boston,MA,Northeast,urban,42.3601,-71.0589,1,1,524.81,28.9,17.5,0.0,open-meteo
2026-07-17,S007,P1014,SwitchbackRover Wide Trail Shoes 213,Rocky Top Outfitters - Boston,Boston,MA,Northeast,urban,42.3601,-71.0589,1,1,204.67,28.9,17.5,0.0,open-meteo
2026-07-17,S007,P1023,HearthRambler Expedition Flashlight 222,Rocky Top Outfitters - Boston,Boston,MA,Northeast,urban,42.3601,-71.0589,1,2,240.44,28.9,17.5,0.0,open-meteo
2026-07-17,S007,P1028,CloudNomad Compact Cooler 227,Rocky Top Outfitters - Boston,Boston,MA,Northeast,urban,42.3601,-71.0589,1,1,647.52,28.9,17.5,0.0,open-meteo
2026-07-17,S007,P1040,CanyonNomad XL Cooler 239,Rocky Top Outfitters - Boston,Boston,MA,Northeast,urban,42.3601,-71.0589,1,2,184.98,28.9,17.5,0.0,open-meteo
2026-07-17,S007,P1048,PeakNomad Travel Tumbler 247,Rocky Top Outfitters - Boston,Boston,MA,Northeast,urban,42.3601,-71.0589,1,1,59.74,28.9,17.5,0.0,open-meteo
2026-07-17,S007,P1054,TrailRover 20oz Tumbler 253,Rocky Top Outfitters - Boston,Boston,MA,Northeast,urban,42.3601,-71.0589,1,1,70.68,28.9,17.5,0.0,open-meteo
2026-07-17,S007,P1068,StormNomad Approach Trail Shoes 267,Rocky Top Outfitters - Boston,Boston,MA,Northeast,urban,42.3601,-71.0589,1,3,218.49,28.9,17.5,0.0,open-meteo
2026-07-17,S008,P1018,RidgeRover Trail Tumbler 217,Rocky Top Outfitters - Minneapolis,Minneapolis,MN,Midwest,suburban,44.9778,-93.265,1,1,138.02,35.2,24.0,0.0,open-meteo
2026-07-17,S008,P1040,CanyonNomad XL Cooler 239,Rocky Top Outfitters - Minneapolis,Minneapolis,MN,Midwest,suburban,44.9778,-93.265,1,1,87.05,35.2,24.0,0.0,open-meteo
2026-07-17,S008,P1041,PineRunner Mini Battery Pack 240,Rocky Top Outfitters - Minneapolis,Minneapolis,MN,Midwest,suburban,44.9778,-93.265,1,2,98.28,35.2,24.0,0.0,open-meteo
2026-07-17,S008,P1046,SwitchbackRover Weekend Patio Heater 245,Rocky Top Outfitters - Minneapolis,Minneapolis,MN,Midwest,suburban,44.9778,-93.265,1,2,373.48,35.2,24.0,0.0,open-meteo
2026-07-17,S008,P1053,EmberRunner Storm Kit Battery Pack 252,Rocky Top Outfitters - Minneapolis,Minneapolis,MN,Midwest,suburban,44.9778,-93.265,1,1,108.53,35.2,24.0,0.0,open-meteo
2026-07-17,S008,P1062,SwitchbackRover Wide Trail Shoes 261,Rocky Top Outfitters - Minneapolis,Minneapolis,MN,Midwest,suburban,44.9778,-93.265,1,3,409.65,35.2,24.0,0.0,open-meteo
2026-07-17,S008,P1080,PeakNomad Waterproof Trail Shoes 279,Rocky Top Outfitters - Minneapolis,Minneapolis,MN,Midwest,suburban,44.9778,-93.265,1,3,386.1,35.2,24.0,0.0,open-meteo
2026-07-18,S001,P1014,SwitchbackRover Wide Trail Shoes 213,Rocky Top Outfitters - Knoxville,Knoxville,TN,Southeast,flagship,35.9606,-83.9207,1,1,204.67,30.4,23.2,6.6,open-meteo
2026-07-18,S001,P1019,CreekRambler Alpine Jacket 218,Rocky Top Outfitters - Knoxville,Knoxville,TN,Southeast,flagship,35.9606,-83.9207,1,1,143.19,30.4,23.2,6.6,open-meteo
2026-07-18,S001,P1046,SwitchbackRover Weekend Patio Heater 245,Rocky Top Outfitters - Knoxville,Knoxville,TN,Southeast,flagship,35.9606,-83.9207,1,4,840.32,30.4,23.2,6.6,open-meteo
2026-07-18,S001,P1056,CanyonNomad Waterproof Trail Shoes 255,Rocky Top Outfitters - Knoxville,Knoxville,TN,Southeast,flagship,35.9606,-83.9207,1,2,288.02,30.4,23.2,6.6,open-meteo
2026-07-18,S001,P1060,CloudNomad 32oz Tumbler 259,Rocky Top Outfitters - Knoxville,Knoxville,TN,Southeast,flagship,35.9606,-83.9207,1,1,154.39,30.4,23.2,6.6,open-meteo
2026-07-18,S001,P1065,SummitRunner Mini Battery Pack 264,Rocky Top Outfitters - Knoxville,Knoxville,TN,Southeast,flagship,35.9606,-83.9207,1,1,107.22,30.4,23.2,6.6,open-meteo
2026-07-18,S001,P1067,CreekRambler Alpine Jacket 266,Rocky Top Outfitters - Knoxville,Knoxville,TN,Southeast,flagship,35.9606,-83.9207,1,1,253.63,30.4,23.2,6.6,open-meteo
2026-07-18,S001,P1070,TrailRover Weekend Patio Heater 269,Rocky Top Outfitters - Knoxville,Knoxville,TN,Southeast,flagship,35.9606,-83.9207,1,3,516.42,30.4,23.2,6.6,open-meteo
2026-07-18,S002,P1002,RidgeRover Mid Trail Shoes 201,Rocky Top Outfitters - Miami,Miami,FL,Southeast,urban,25.7617,-80.1918,2,3,508.57,31.5,25.2,2.5,open-meteo
2026-07-18,S002,P1006,TrailRover 20oz Tumbler 205,Rocky Top Outfitters - Miami,Miami,FL,Southeast,urban,25.7617,-80.1918,1,1,55.91,31.5,25.2,2.5,open-meteo
2026-07-18,S002,P1014,SwitchbackRover Wide Trail Shoes 213,Rocky Top Outfitters - Miami,Miami,FL,Southeast,urban,25.7617,-80.1918,1,1,204.67,31.5,25.2,2.5,open-meteo
2026-07-18,S002,P1021,EmberRunner Basecamp Tent 220,Rocky Top Outfitters - Miami,Miami,FL,Southeast,urban,25.7617,-80.1918,1,1,73.74,31.5,25.2,2.5,open-meteo
2026-07-18,S002,P1028,CloudNomad Compact Cooler 227,Rocky Top Outfitters - Miami,Miami,FL,Southeast,urban,25.7617,-80.1918,1,1,647.52,31.5,25.2,2.5,open-meteo
2026-07-18,S002,P1033,SummitRunner 4P Tent 232,Rocky Top Outfitters - Miami,Miami,FL,Southeast,urban,25.7617,-80.1918,1,1,170.51,31.5,25.2,2.5,open-meteo
2026-07-18,S002,P1044,CloudNomad Approach Trail Shoes 243,Rocky Top Outfitters - Miami,Miami,FL,Southeast,urban,25.7617,-80.1918,1,2,378.5,31.5,25.2,2.5,open-meteo
2026-07-18,S002,P1055,HearthRambler Stormproof Jacket 254,Rocky Top Outfitters - Miami,Miami,FL,Southeast,urban,25.7617,-80.1918,1,2,444.12,31.5,25.2,2.5,open-meteo
2026-07-18,S002,P1056,CanyonNomad Waterproof Trail Shoes 255,Rocky Top Outfitters - Miami,Miami,FL,Southeast,urban,25.7617,-80.1918,2,3,360.03,31.5,25.2,2.5,open-meteo
2026-07-18,S002,P1057,PineRunner 4P Tent 256,Rocky Top Outfitters - Miami,Miami,FL,Southeast,urban,25.7617,-80.1918,1,3,1230.51,31.5,25.2,2.5,open-meteo
2026-07-18,S002,P1069,Unknown product (P1069),Rocky Top Outfitters - Miami,Miami,FL,Southeast,urban,25.7617,-80.1918,2,3,717.8,31.5,25.2,2.5,open-meteo
2026-07-18,S002,P1072,CanyonNomad Travel Tumbler 271,Rocky Top Outfitters - Miami,Miami,FL,Southeast,urban,25.7617,-80.1918,1,1,134.29,31.5,25.2,2.5,open-meteo
2026-07-18,S003,P1006,TrailRover 20oz Tumbler 205,Rocky Top Outfitters - Chicago,Chicago,IL,Midwest,urban,41.8781,-87.6298,1,1,55.91,30.9,22.2,8.3,open-meteo
2026-07-18,S003,P1015,MoonRambler Ultralight Camp Chair 214,Rocky Top Outfitters - Chicago,Chicago,IL,Midwest,urban,41.8781,-87.6298,1,2,326.18,30.9,22.2,8.3,open-meteo
2026-07-18,S003,P1024,CanyonNomad Travel Tumbler 223,Rocky Top Outfitters - Chicago,Chicago,IL,Midwest,urban,41.8781,-87.6298,1,2,181.18,30.9,22.2,8.3,open-meteo
2026-07-18,S003,P1028,CloudNomad Compact Cooler 227,Rocky Top Outfitters - Chicago,Chicago,IL,Midwest,urban,41.8781,-87.6298,1,4,2590.08,30.9,22.2,8.3,open-meteo
2026-07-18,S003,P1037,EmberRunner Packable Jacket 236,Rocky Top Outfitters - Chicago,Chicago,IL,Midwest,urban,41.8781,-87.6298,1,3,233.97,30.9,22.2,8.3,open-meteo
2026-07-18,S003,P1045,FieldRunner Basecamp Tent 244,Rocky Top Outfitters - Chicago,Chicago,IL,Midwest,urban,41.8781,-87.6298,1,1,348.41,30.9,22.2,8.3,open-meteo
2026-07-18,S003,P1049,SummitRunner Lightweight Jacket 248,Rocky Top Outfitters - Chicago,Chicago,IL,Midwest,urban,41.8781,-87.6298,1,2,444.02,30.9,22.2,8.3,open-meteo
2026-07-18,S003,P1055,HearthRambler Stormproof Jacket 254,Rocky Top Outfitters - Chicago,Chicago,IL,Midwest,urban,41.8781,-87.6298,1,2,527.38,30.9,22.2,8.3,open-meteo
2026-07-18,S003,P1056,CanyonNomad Waterproof Trail Shoes 255,Rocky Top Outfitters - Chicago,Chicago,IL,Midwest,urban,41.8781,-87.6298,1,1,136.81,30.9,22.2,8.3,open-meteo
2026-07-18,S003,P1059,BoulderRambler Rechargeable Flashlight 258,Rocky Top Outfitters - Chicago,Chicago,IL,Midwest,urban,41.8781,-87.6298,1,1,100.22,30.9,22.2,8.3,open-meteo
2026-07-18,S003,P1067,CreekRambler Alpine Jacket 266,Rocky Top Outfitters - Chicago,Chicago,IL,Midwest,urban,41.8781,-87.6298,1,2,480.56,30.9,22.2,8.3,open-meteo
2026-07-18,S003,P1071,Unknown product (P1071),Rocky Top Outfitters - Chicago,Chicago,IL,Midwest,urban,41.8781,-87.6298,2,5,623.37,30.9,22.2,8.3,open-meteo
2026-07-18,S003,P1080,PeakNomad Waterproof Trail Shoes 279,Rocky Top Outfitters - Chicago,Chicago,IL,Midwest,urban,41.8781,-87.6298,2,3,371.8,30.9,22.2,8.3,open-meteo
2026-07-18,S004,P1003,CreekRambler 2P Camp Chair 202,Rocky Top Outfitters - Denver,Denver,CO,Mountain,flagship,39.7392,-104.9903,2,6,2424.48,35.3,20.8,0.0,open-meteo
2026-07-18,S004,P1018,RidgeRover Trail Tumbler 217,Rocky Top Outfitters - Denver,Denver,CO,Mountain,flagship,39.7392,-104.9903,1,3,414.06,35.3,20.8,0.0,open-meteo
2026-07-18,S004,P1026,VistaRover Mid Trail Shoes 225,Rocky Top Outfitters - Denver,Denver,CO,Mountain,flagship,39.7392,-104.9903,1,1,110.84,35.3,20.8,0.0,open-meteo
2026-07-18,S004,P1027,BoulderRambler 2P Camp Chair 226,Rocky Top Outfitters - Denver,Denver,CO,Mountain,flagship,39.7392,-104.9903,1,2,184.06,35.3,20.8,0.0,open-meteo
2026-07-18,S004,P1035,CreekRambler Rechargeable Flashlight 234,Rocky Top Outfitters - Denver,Denver,CO,Mountain,flagship,39.7392,-104.9903,1,2,280.68,35.3,20.8,0.0,open-meteo
2026-07-18,S004,P1037,EmberRunner Packable Jacket 236,Rocky Top Outfitters - Denver,Denver,CO,Mountain,flagship,39.7392,-104.9903,1,3,275.25,35.3,20.8,0.0,open-meteo
2026-07-18,S004,P1041,PineRunner Mini Battery Pack 240,Rocky Top Outfitters - Denver,Denver,CO,Mountain,flagship,39.7392,-104.9903,1,1,46.41,35.3,20.8,0.0,open-meteo
2026-07-18,S004,P1049,SummitRunner Lightweight Jacket 248,Rocky Top Outfitters - Denver,Denver,CO,Mountain,flagship,39.7392,-104.9903,1,4,888.04,35.3,20.8,0.0,open-meteo
2026-07-18,S004,P1052,StormNomad Compact Cooler 251,Rocky Top Outfitters - Denver,Denver,CO,Mountain,flagship,39.7392,-104.9903,1,4,1555.64,35.3,20.8,0.0,open-meteo
2026-07-18,S004,P1054,TrailRover 20oz Tumbler 253,Rocky Top Outfitters - Denver,Denver,CO,Mountain,flagship,39.7392,-104.9903,1,1,60.08,35.3,20.8,0.0,open-meteo
2026-07-18,S004,P1055,HearthRambler Stormproof Jacket 254,Rocky Top Outfitters - Denver,Denver,CO,Mountain,flagship,39.7392,-104.9903,1,4,1054.76,35.3,20.8,0.0,open-meteo
2026-07-18,S004,P1056,CanyonNomad Waterproof Trail Shoes 255,Rocky Top Outfitters - Denver,Denver,CO,Mountain,flagship,39.7392,-104.9903,1,2,288.02,35.3,20.8,0.0,open-meteo
2026-07-18,S004,P1060,CloudNomad 32oz Tumbler 259,Rocky Top Outfitters - Denver,Denver,CO,Mountain,flagship,39.7392,-104.9903,2,4,617.56,35.3,20.8,0.0,open-meteo
2026-07-18,S004,P1064,PeakNomad XL Cooler 263,Rocky Top Outfitters - Denver,Denver,CO,Mountain,flagship,39.7392,-104.9903,1,2,1167.46,35.3,20.8,0.0,open-meteo
2026-07-18,S004,P1066,RidgeRover Trail Tumbler 265,Rocky Top Outfitters - Denver,Denver,CO,Mountain,flagship,39.7392,-104.9903,1,4,398.56,35.3,20.8,0.0,open-meteo
2026-07-18,S004,P1071,Unknown product (P1071),Rocky Top Outfitters - Denver,Denver,CO,Mountain,flagship,39.7392,-104.9903,1,2,257.94,35.3,20.8,0.0,open-meteo
2026-07-18,S004,P1073,Unknown product (P1073),Rocky Top Outfitters - Denver,Denver,CO,Mountain,flagship,39.7392,-104.9903,1,1,119.05,35.3,20.8,0.0,open-meteo
2026-07-18,S005,P1001,SummitRunner Lightweight Jacket 200,Rocky Top Outfitters - Phoenix,Phoenix,AZ,Southwest,suburban,33.4484,-112.074,1,4,418.64,33.8,24.2,10.9,open-meteo
2026-07-18,S005,P1003,CreekRambler 2P Camp Chair 202,Rocky Top Outfitters - Phoenix,Phoenix,AZ,Southwest,suburban,33.4484,-112.074,1,1,381.63,33.8,24.2,10.9,open-meteo
2026-07-18,S005,P1009,PineRunner 4P Tent 208,Rocky Top Outfitters - Phoenix,Phoenix,AZ,Southwest,suburban,33.4484,-112.074,1,3,293.91,33.8,24.2,10.9,open-meteo
2026-07-18,S005,P1021,EmberRunner Basecamp Tent 220,Rocky Top Outfitters - Phoenix,Phoenix,AZ,Southwest,suburban,33.4484,-112.074,1,4,265.48,33.8,24.2,10.9,open-meteo
2026-07-18,S005,P1022,TrailRover Weekend Patio Heater 221,Rocky Top Outfitters - Phoenix,Phoenix,AZ,Southwest,suburban,33.4484,-112.074,1,2,660.8,33.8,24.2,10.9,open-meteo
2026-07-18,S005,P1025,PineRunner Lightweight Jacket 224,Rocky Top Outfitters - Phoenix,Phoenix,AZ,Southwest,suburban,33.4484,-112.074,1,4,423.64,33.8,24.2,10.9,open-meteo
2026-07-18,S005,P1029,FieldRunner Storm Kit Battery Pack 228,Rocky Top Outfitters - Phoenix,Phoenix,AZ,Southwest,suburban,33.4484,-112.074,2,4,459.63,33.8,24.2,10.9,open-meteo
2026-07-18,S005,P1036,StormNomad 32oz Tumbler 235,Rocky Top Outfitters - Phoenix,Phoenix,AZ,Southwest,suburban,33.4484,-112.074,2,5,693.98,33.8,24.2,10.9,open-meteo
2026-07-18,S005,P1056,CanyonNomad Waterproof Trail Shoes 255,Rocky Top Outfitters - Phoenix,Phoenix,AZ,Southwest,suburban,33.4484,-112.074,1,1,129.61,33.8,24.2,10.9,open-meteo
2026-07-18,S005,P1070,TrailRover Weekend Patio Heater 269,Rocky Top Outfitters - Phoenix,Phoenix,AZ,Southwest,suburban,33.4484,-112.074,1,2,364.54,33.8,24.2,10.9,open-meteo
2026-07-18,S006,P1011,BoulderRambler Rechargeable Flashlight 210,Rocky Top Outfitters - Seattle,Seattle,WA,Pacific Northwest,urban,47.6062,-122.3321,1,1,113.11,22.8,14.8,0.0,open-meteo
2026-07-18,S006,P1021,EmberRunner Basecamp Tent 220,Rocky Top Outfitters - Seattle,Seattle,WA,Pacific Northwest,urban,47.6062,-122.3321,1,1,73.74,22.8,14.8,0.0,open-meteo
2026-07-18,S006,P1023,HearthRambler Expedition Flashlight 222,Rocky Top Outfitters - Seattle,Seattle,WA,Pacific Northwest,urban,47.6062,-122.3321,1,1,113.15,22.8,14.8,0.0,open-meteo
2026-07-18,S006,P1024,CanyonNomad Travel Tumbler 223,Rocky Top Outfitters - Seattle,Seattle,WA,Pacific Northwest,urban,47.6062,-122.3321,1,2,181.18,22.8,14.8,0.0,open-meteo
2026-07-18,S006,P1035,CreekRambler Rechargeable Flashlight 234,Rocky Top Outfitters - Seattle,Seattle,WA,Pacific Northwest,urban,47.6062,-122.3321,1,1,147.73,22.8,14.8,0.0,open-meteo
2026-07-18,S006,P1043,BoulderRambler Alpine Jacket 242,Rocky Top Outfitters - Seattle,Seattle,WA,Pacific Northwest,urban,47.6062,-122.3321,1,4,819.4,22.8,14.8,0.0,open-meteo
2026-07-18,S006,P1045,FieldRunner Basecamp Tent 244,Rocky Top Outfitters - Seattle,Seattle,WA,Pacific Northwest,urban,47.6062,-122.3321,2,3,992.97,22.8,14.8,0.0,open-meteo
2026-07-18,S006,P1046,SwitchbackRover Weekend Patio Heater 245,Rocky Top Outfitters - Seattle,Seattle,WA,Pacific Northwest,urban,47.6062,-122.3321,1,2,373.48,22.8,14.8,0.0,open-meteo
2026-07-18,S006,P1050,RidgeRover Mid Trail Shoes 249,Rocky Top Outfitters - Seattle,Seattle,WA,Pacific Northwest,urban,47.6062,-122.3321,2,7,527.17,22.8,14.8,0.0,open-meteo
2026-07-18,S006,P1051,CreekRambler 2P Camp Chair 250,Rocky Top Outfitters - Seattle,Seattle,WA,Pacific Northwest,urban,47.6062,-122.3321,1,1,339.32,22.8,14.8,0.0,open-meteo
2026-07-18,S006,P1061,FieldRunner Packable Jacket 260,Rocky Top Outfitters - Seattle,Seattle,WA,Pacific Northwest,urban,47.6062,-122.3321,1,1,147.84,22.8,14.8,0.0,open-meteo
2026-07-18,S006,P1062,SwitchbackRover Wide Trail Shoes 261,Rocky Top Outfitters - Seattle,Seattle,WA,Pacific Northwest,urban,47.6062,-122.3321,1,2,307.24,22.8,14.8,0.0,open-meteo
2026-07-18,S006,P1071,Unknown product (P1071),Rocky Top Outfitters - Seattle,Seattle,WA,Pacific Northwest,urban,47.6062,-122.3321,1,2,272.26,22.8,14.8,0.0,open-meteo
2026-07-18,S006,P1077,FieldRunner Storm Kit Battery Pack 276,Rocky Top Outfitters - Seattle,Seattle,WA,Pacific Northwest,urban,47.6062,-122.3321,1,1,76.12,22.8,14.8,0.0,open-meteo
2026-07-18,S006,P1080,PeakNomad Waterproof Trail Shoes 279,Rocky Top Outfitters - Seattle,Seattle,WA,Pacific Northwest,urban,47.6062,-122.3321,1,2,228.8,22.8,14.8,0.0,open-meteo
2026-07-18,S007,P1016,PeakNomad XL Cooler 215,Rocky Top Outfitters - Boston,Boston,MA,Northeast,urban,42.3601,-71.0589,1,1,602.39,28.5,17.5,5.1,open-meteo
2026-07-18,S007,P1026,VistaRover Mid Trail Shoes 225,Rocky Top Outfitters - Boston,Boston,MA,Northeast,urban,42.3601,-71.0589,1,4,495.52,28.5,17.5,5.1,open-meteo
2026-07-18,S007,P1027,BoulderRambler 2P Camp Chair 226,Rocky Top Outfitters - Boston,Boston,MA,Northeast,urban,42.3601,-71.0589,1,1,92.03,28.5,17.5,5.1,open-meteo
2026-07-18,S007,P1033,SummitRunner 4P Tent 232,Rocky Top Outfitters - Boston,Boston,MA,Northeast,urban,42.3601,-71.0589,1,2,378.92,28.5,17.5,5.1,open-meteo
2026-07-18,S007,P1058,VistaRover Deluxe Patio Heater 257,Rocky Top Outfitters - Boston,Boston,MA,Northeast,urban,42.3601,-71.0589,1,1,224.05,28.5,17.5,5.1,open-meteo
2026-07-18,S007,P1065,SummitRunner Mini Battery Pack 264,Rocky Top Outfitters - Boston,Boston,MA,Northeast,urban,42.3601,-71.0589,1,4,451.44,28.5,17.5,5.1,open-meteo
2026-07-18,S007,P1075,Unknown product (P1075),Rocky Top Outfitters - Boston,Boston,MA,Northeast,urban,42.3601,-71.0589,1,2,297.4,28.5,17.5,5.1,open-meteo
2026-07-18,S008,P1008,CanyonNomad Waterproof Trail Shoes 207,Rocky Top Outfitters - Minneapolis,Minneapolis,MN,Midwest,suburban,44.9778,-93.265,1,1,149.17,32.1,21.5,0.0,open-meteo
2026-07-18,S008,P1010,VistaRover Deluxe Patio Heater 209,Rocky Top Outfitters - Minneapolis,Minneapolis,MN,Midwest,suburban,44.9778,-93.265,1,3,1491.57,32.1,21.5,0.0,open-meteo
2026-07-18,S008,P1014,SwitchbackRover Wide Trail Shoes 213,Rocky Top Outfitters - Minneapolis,Minneapolis,MN,Midwest,suburban,44.9778,-93.265,1,1,204.67,32.1,21.5,0.0,open-meteo
2026-07-18,S008,P1016,PeakNomad XL Cooler 215,Rocky Top Outfitters - Minneapolis,Minneapolis,MN,Midwest,suburban,44.9778,-93.265,1,1,602.39,32.1,21.5,0.0,open-meteo
2026-07-18,S008,P1026,VistaRover Mid Trail Shoes 225,Rocky Top Outfitters - Minneapolis,Minneapolis,MN,Midwest,suburban,44.9778,-93.265,1,1,123.88,32.1,21.5,0.0,open-meteo
2026-07-18,S008,P1031,MoonRambler Stormproof Jacket 230,Rocky Top Outfitters - Minneapolis,Minneapolis,MN,Midwest,suburban,44.9778,-93.265,1,1,138.82,32.1,21.5,0.0,open-meteo
2026-07-18,S008,P1039,HearthRambler Ultralight Camp Chair 238,Rocky Top Outfitters - Minneapolis,Minneapolis,MN,Midwest,suburban,44.9778,-93.265,1,2,735.68,32.1,21.5,0.0,open-meteo
2026-07-18,S008,P1048,PeakNomad Travel Tumbler 247,Rocky Top Outfitters - Minneapolis,Minneapolis,MN,Midwest,suburban,44.9778,-93.265,1,3,210.84,32.1,21.5,0.0,open-meteo
2026-07-18,S008,P1054,TrailRover 20oz Tumbler 253,Rocky Top Outfitters - Minneapolis,Minneapolis,MN,Midwest,suburban,44.9778,-93.265,1,1,56.54,32.1,21.5,0.0,open-meteo
2026-07-18,S008,P1055,HearthRambler Stormproof Jacket 254,Rocky Top Outfitters - Minneapolis,Minneapolis,MN,Midwest,suburban,44.9778,-93.265,1,2,555.14,32.1,21.5,0.0,open-meteo
2026-07-18,S008,P1057,PineRunner 4P Tent 256,Rocky Top Outfitters - Minneapolis,Minneapolis,MN,Midwest,suburban,44.9778,-93.265,1,4,1640.68,32.1,21.5,0.0,open-meteo
2026-07-18,S008,P1064,PeakNomad XL Cooler 263,Rocky Top Outfitters - Minneapolis,Minneapolis,MN,Midwest,suburban,44.9778,-93.265,1,1,583.73,32.1,21.5,0.0,open-meteo
2026-07-18,S008,P1076,CloudNomad Compact Cooler 275,Rocky Top Outfitters - Minneapolis,Minneapolis,MN,Midwest,suburban,44.9778,-93.265,1,1,583.17,32.1,21.5,0.0,open-meteo
2026-07-19,S001,P1006,TrailRover 20oz Tumbler 205,Rocky Top Outfitters - Knoxville,Knoxville,TN,Southeast,flagship,35.9606,-83.9207,1,2,100.64,30.9,21.7,16.6,open-meteo
2026-07-19,S001,P1008,CanyonNomad Waterproof Trail Shoes 207,Rocky Top Outfitters - Knoxville,Knoxville,TN,Southeast,flagship,35.9606,-83.9207,1,2,351.0,30.9,21.7,16.6,open-meteo
2026-07-19,S001,P1013,FieldRunner Packable Jacket 212,Rocky Top Outfitters - Knoxville,Knoxville,TN,Southeast,flagship,35.9606,-83.9207,1,1,82.78,30.9,21.7,16.6,open-meteo
2026-07-19,S001,P1014,SwitchbackRover Wide Trail Shoes 213,Rocky Top Outfitters - Knoxville,Knoxville,TN,Southeast,flagship,35.9606,-83.9207,2,3,603.78,30.9,21.7,16.6,open-meteo
2026-07-19,S001,P1018,RidgeRover Trail Tumbler 217,Rocky Top Outfitters - Knoxville,Knoxville,TN,Southeast,flagship,35.9606,-83.9207,1,2,306.72,30.9,21.7,16.6,open-meteo
2026-07-19,S001,P1020,StormNomad Approach Trail Shoes 219,Rocky Top Outfitters - Knoxville,Knoxville,TN,Southeast,flagship,35.9606,-83.9207,1,1,211.48,30.9,21.7,16.6,open-meteo
2026-07-19,S001,P1023,HearthRambler Expedition Flashlight 222,Rocky Top Outfitters - Knoxville,Knoxville,TN,Southeast,flagship,35.9606,-83.9207,1,3,381.9,30.9,21.7,16.6,open-meteo
2026-07-19,S001,P1024,CanyonNomad Travel Tumbler 223,Rocky Top Outfitters - Knoxville,Knoxville,TN,Southeast,flagship,35.9606,-83.9207,1,3,244.59,30.9,21.7,16.6,open-meteo
2026-07-19,S001,P1029,FieldRunner Storm Kit Battery Pack 228,Rocky Top Outfitters - Knoxville,Knoxville,TN,Southeast,flagship,35.9606,-83.9207,1,2,226.68,30.9,21.7,16.6,open-meteo
2026-07-19,S001,P1031,MoonRambler Stormproof Jacket 230,Rocky Top Outfitters - Knoxville,Knoxville,TN,Southeast,flagship,35.9606,-83.9207,2,3,503.23,30.9,21.7,16.6,open-meteo
2026-07-19,S001,P1036,StormNomad 32oz Tumbler 235,Rocky Top Outfitters - Knoxville,Knoxville,TN,Southeast,flagship,35.9606,-83.9207,1,1,134.06,30.9,21.7,16.6,open-meteo
2026-07-19,S001,P1043,BoulderRambler Alpine Jacket 242,Rocky Top Outfitters - Knoxville,Knoxville,TN,Southeast,flagship,35.9606,-83.9207,1,1,192.8,30.9,21.7,16.6,open-meteo
2026-07-19,S001,P1051,CreekRambler 2P Camp Chair 250,Rocky Top Outfitters - Knoxville,Knoxville,TN,Southeast,flagship,35.9606,-83.9207,1,2,763.48,30.9,21.7,16.6,open-meteo
2026-07-19,S001,P1055,HearthRambler Stormproof Jacket 254,Rocky Top Outfitters - Knoxville,Knoxville,TN,Southeast,flagship,35.9606,-83.9207,1,3,832.71,30.9,21.7,16.6,open-meteo
2026-07-19,S001,P1056,CanyonNomad Waterproof Trail Shoes 255,Rocky Top Outfitters - Knoxville,Knoxville,TN,Southeast,flagship,35.9606,-83.9207,1,1,144.01,30.9,21.7,16.6,open-meteo
2026-07-19,S001,P1064,PeakNomad XL Cooler 263,Rocky Top Outfitters - Knoxville,Knoxville,TN,Southeast,flagship,35.9606,-83.9207,1,1,614.45,30.9,21.7,16.6,open-meteo
2026-07-19,S001,P1068,StormNomad Approach Trail Shoes 267,Rocky Top Outfitters - Knoxville,Knoxville,TN,Southeast,flagship,35.9606,-83.9207,1,1,80.92,30.9,21.7,16.6,open-meteo
2026-07-19,S001,P1075,Unknown product (P1075),Rocky Top Outfitters - Knoxville,Knoxville,TN,Southeast,flagship,35.9606,-83.9207,1,3,470.88,30.9,21.7,16.6,open-meteo
2026-07-19,S001,P1076,CloudNomad Compact Cooler 275,Rocky Top Outfitters - Knoxville,Knoxville,TN,Southeast,flagship,35.9606,-83.9207,1,2,1372.16,30.9,21.7,16.6,open-meteo
2026-07-19,S002,P1001,SummitRunner Lightweight Jacket 200,Rocky Top Outfitters - Miami,Miami,FL,Southeast,urban,25.7617,-80.1918,1,3,392.46,32.7,26.7,4.1,open-meteo
2026-07-19,S002,P1012,CloudNomad 32oz Tumbler 211,Rocky Top Outfitters - Miami,Miami,FL,Southeast,urban,25.7617,-80.1918,2,3,327.69,32.7,26.7,4.1,open-meteo
2026-07-19,S002,P1028,CloudNomad Compact Cooler 227,Rocky Top Outfitters - Miami,Miami,FL,Southeast,urban,25.7617,-80.1918,1,3,1554.06,32.7,26.7,4.1,open-meteo
2026-07-19,S002,P1043,BoulderRambler Alpine Jacket 242,Rocky Top Outfitters - Miami,Miami,FL,Southeast,urban,25.7617,-80.1918,1,1,204.85,32.7,26.7,4.1,open-meteo
2026-07-19,S002,P1048,PeakNomad Travel Tumbler 247,Rocky Top Outfitters - Miami,Miami,FL,Southeast,urban,25.7617,-80.1918,2,3,210.84,32.7,26.7,4.1,open-meteo
2026-07-19,S002,P1070,TrailRover Weekend Patio Heater 269,Rocky Top Outfitters - Miami,Miami,FL,Southeast,urban,25.7617,-80.1918,1,2,405.04,32.7,26.7,4.1,open-meteo
2026-07-19,S002,P1072,CanyonNomad Travel Tumbler 271,Rocky Top Outfitters - Miami,Miami,FL,Southeast,urban,25.7617,-80.1918,1,1,134.29,32.7,26.7,4.1,open-meteo
2026-07-19,S002,P1073,Unknown product (P1073),Rocky Top Outfitters - Miami,Miami,FL,Southeast,urban,25.7617,-80.1918,1,2,250.64,32.7,26.7,4.1,open-meteo
2026-07-19,S002,P1075,Unknown product (P1075),Rocky Top Outfitters - Miami,Miami,FL,Southeast,urban,25.7617,-80.1918,1,1,148.7,32.7,26.7,4.1,open-meteo
2026-07-19,S002,P1080,PeakNomad Waterproof Trail Shoes 279,Rocky Top Outfitters - Miami,Miami,FL,Southeast,urban,25.7617,-80.1918,1,2,286.0,32.7,26.7,4.1,open-meteo
2026-07-19,S003,P1002,RidgeRover Mid Trail Shoes 201,Rocky Top Outfitters - Chicago,Chicago,IL,Midwest,urban,41.8781,-87.6298,2,6,1220.58,23.8,20.3,0.0,open-meteo
2026-07-19,S003,P1004,StormNomad Compact Cooler 203,Rocky Top Outfitters - Chicago,Chicago,IL,Midwest,urban,41.8781,-87.6298,1,3,329.7,23.8,20.3,0.0,open-meteo
2026-07-19,S003,P1007,HearthRambler Stormproof Jacket 206,Rocky Top Outfitters - Chicago,Chicago,IL,Midwest,urban,41.8781,-87.6298,1,2,179.88,23.8,20.3,0.0,open-meteo
2026-07-19,S003,P1019,CreekRambler Alpine Jacket 218,Rocky Top Outfitters - Chicago,Chicago,IL,Midwest,urban,41.8781,-87.6298,1,1,178.99,23.8,20.3,0.0,open-meteo
2026-07-19,S003,P1022,TrailRover Weekend Patio Heater 221,Rocky Top Outfitters - Chicago,Chicago,IL,Midwest,urban,41.8781,-87.6298,1,2,777.42,23.8,20.3,0.0,open-meteo
2026-07-19,S003,P1024,CanyonNomad Travel Tumbler 223,Rocky Top Outfitters - Chicago,Chicago,IL,Midwest,urban,41.8781,-87.6298,1,2,172.12,23.8,20.3,0.0,open-meteo
2026-07-19,S003,P1027,BoulderRambler 2P Camp Chair 226,Rocky Top Outfitters - Chicago,Chicago,IL,Midwest,urban,41.8781,-87.6298,1,1,92.03,23.8,20.3,0.0,open-meteo
2026-07-19,S003,P1028,CloudNomad Compact Cooler 227,Rocky Top Outfitters - Chicago,Chicago,IL,Midwest,urban,41.8781,-87.6298,1,3,1942.56,23.8,20.3,0.0,open-meteo
2026-07-19,S003,P1030,SwitchbackRover 20oz Tumbler 229,Rocky Top Outfitters - Chicago,Chicago,IL,Midwest,urban,41.8781,-87.6298,1,1,126.26,23.8,20.3,0.0,open-meteo
2026-07-19,S003,P1035,CreekRambler Rechargeable Flashlight 234,Rocky Top Outfitters - Chicago,Chicago,IL,Midwest,urban,41.8781,-87.6298,2,3,435.8,23.8,20.3,0.0,open-meteo
2026-07-19,S003,P1037,EmberRunner Packable Jacket 236,Rocky Top Outfitters - Chicago,Chicago,IL,Midwest,urban,41.8781,-87.6298,1,1,91.75,23.8,20.3,0.0,open-meteo
2026-07-19,S003,P1040,CanyonNomad XL Cooler 239,Rocky Top Outfitters - Chicago,Chicago,IL,Midwest,urban,41.8781,-87.6298,2,4,402.6,23.8,20.3,0.0,open-meteo
2026-07-19,S003,P1042,VistaRover Trail Tumbler 241,Rocky Top Outfitters - Chicago,Chicago,IL,Midwest,urban,41.8781,-87.6298,1,2,230.5,23.8,20.3,0.0,open-meteo
2026-07-19,S003,P1044,CloudNomad Approach Trail Shoes 243,Rocky Top Outfitters - Chicago,Chicago,IL,Midwest,urban,41.8781,-87.6298,1,3,510.99,23.8,20.3,0.0,open-meteo
2026-07-19,S003,P1046,SwitchbackRover Weekend Patio Heater 245,Rocky Top Outfitters - Chicago,Chicago,IL,Midwest,urban,41.8781,-87.6298,1,4,933.68,23.8,20.3,0.0,open-meteo
2026-07-19,S003,P1047,MoonRambler Expedition Flashlight 246,Rocky Top Outfitters - Chicago,Chicago,IL,Midwest,urban,41.8781,-87.6298,1,1,56.9,23.8,20.3,0.0,open-meteo
2026-07-19,S003,P1048,PeakNomad Travel Tumbler 247,Rocky Top Outfitters - Chicago,Chicago,IL,Midwest,urban,41.8781,-87.6298,2,2,140.56,23.8,20.3,0.0,open-meteo
2026-07-19,S003,P1049,SummitRunner Lightweight Jacket 248,Rocky Top Outfitters - Chicago,Chicago,IL,Midwest,urban,41.8781,-87.6298,1,1,188.71,23.8,20.3,0.0,open-meteo
2026-07-19,S003,P1052,StormNomad Compact Cooler 251,Rocky Top Outfitters - Chicago,Chicago,IL,Midwest,urban,41.8781,-87.6298,1,2,700.04,23.8,20.3,0.0,open-meteo
2026-07-19,S003,P1060,CloudNomad 32oz Tumbler 259,Rocky Top Outfitters - Chicago,Chicago,IL,Midwest,urban,41.8781,-87.6298,1,1,146.67,23.8,20.3,0.0,open-meteo
2026-07-19,S003,P1061,FieldRunner Packable Jacket 260,Rocky Top Outfitters - Chicago,Chicago,IL,Midwest,urban,41.8781,-87.6298,1,1,133.06,23.8,20.3,0.0,open-meteo
2026-07-19,S003,P1063,MoonRambler Ultralight Camp Chair 262,Rocky Top Outfitters - Chicago,Chicago,IL,Midwest,urban,41.8781,-87.6298,1,4,303.68,23.8,20.3,0.0,open-meteo
2026-07-19,S003,P1066,RidgeRover Trail Tumbler 265,Rocky Top Outfitters - Chicago,Chicago,IL,Midwest,urban,41.8781,-87.6298,2,3,309.4,23.8,20.3,0.0,open-meteo
2026-07-19,S003,P1076,CloudNomad Compact Cooler 275,Rocky Top Outfitters - Chicago,Chicago,IL,Midwest,urban,41.8781,-87.6298,1,1,548.86,23.8,20.3,0.0,open-meteo
2026-07-19,S003,P1078,SwitchbackRover 20oz Tumbler 277,Rocky Top Outfitters - Chicago,Chicago,IL,Midwest,urban,41.8781,-87.6298,1,2,292.7,23.8,20.3,0.0,open-meteo
2026-07-19,S003,P1079,MoonRambler Stormproof Jacket 278,Rocky Top Outfitters - Chicago,Chicago,IL,Midwest,urban,41.8781,-87.6298,1,1,217.78,23.8,20.3,0.0,open-meteo
2026-07-19,S004,P1005,EmberRunner Storm Kit Battery Pack 204,Rocky Top Outfitters - Denver,Denver,CO,Mountain,flagship,39.7392,-104.9903,1,2,223.08,37.8,20.4,0.0,open-meteo
2026-07-19,S004,P1009,PineRunner 4P Tent 208,Rocky Top Outfitters - Denver,Denver,CO,Mountain,flagship,39.7392,-104.9903,1,2,219.0,37.8,20.4,0.0,open-meteo
2026-07-19,S004,P1010,VistaRover Deluxe Patio Heater 209,Rocky Top Outfitters - Denver,Denver,CO,Mountain,flagship,39.7392,-104.9903,2,2,1077.24,37.8,20.4,0.0,open-meteo
2026-07-19,S004,P1021,EmberRunner Basecamp Tent 220,Rocky Top Outfitters - Denver,Denver,CO,Mountain,flagship,39.7392,-104.9903,1,1,73.74,37.8,20.4,0.0,open-meteo
2026-07-19,S004,P1022,TrailRover Weekend Patio Heater 221,Rocky Top Outfitters - Denver,Denver,CO,Mountain,flagship,39.7392,-104.9903,1,1,310.97,37.8,20.4,0.0,open-meteo
2026-07-19,S004,P1026,VistaRover Mid Trail Shoes 225,Rocky Top Outfitters - Denver,Denver,CO,Mountain,flagship,39.7392,-104.9903,1,2,221.68,37.8,20.4,0.0,open-meteo
2026-07-19,S004,P1030,SwitchbackRover 20oz Tumbler 229,Rocky Top Outfitters - Denver,Denver,CO,Mountain,flagship,39.7392,-104.9903,1,1,113.63,37.8,20.4,0.0,open-meteo
2026-07-19,S004,P1031,MoonRambler Stormproof Jacket 230,Rocky Top Outfitters - Denver,Denver,CO,Mountain,flagship,39.7392,-104.9903,1,3,520.59,37.8,20.4,0.0,open-meteo
2026-07-19,S004,P1035,CreekRambler Rechargeable Flashlight 234,Rocky Top Outfitters - Denver,Denver,CO,Mountain,flagship,39.7392,-104.9903,1,1,147.73,37.8,20.4,0.0,open-meteo
2026-07-19,S004,P1037,EmberRunner Packable Jacket 236,Rocky Top Outfitters - Denver,Denver,CO,Mountain,flagship,39.7392,-104.9903,1,1,91.75,37.8,20.4,0.0,open-meteo
2026-07-19,S004,P1038,TrailRover Wide Trail Shoes 237,Rocky Top Outfitters - Denver,Denver,CO,Mountain,flagship,39.7392,-104.9903,1,2,334.7,37.8,20.4,0.0,open-meteo
2026-07-19,S004,P1042,VistaRover Trail Tumbler 241,Rocky Top Outfitters - Denver,Denver,CO,Mountain,flagship,39.7392,-104.9903,1,2,207.46,37.8,20.4,0.0,open-meteo
2026-07-19,S004,P1052,StormNomad Compact Cooler 251,Rocky Top Outfitters - Denver,Denver,CO,Mountain,flagship,39.7392,-104.9903,1,1,388.91,37.8,20.4,0.0,open-meteo
2026-07-19,S004,P1056,CanyonNomad Waterproof Trail Shoes 255,Rocky Top Outfitters - Denver,Denver,CO,Mountain,flagship,39.7392,-104.9903,1,2,288.02,37.8,20.4,0.0,open-meteo
2026-07-19,S004,P1058,VistaRover Deluxe Patio Heater 257,Rocky Top Outfitters - Denver,Denver,CO,Mountain,flagship,39.7392,-104.9903,1,2,474.46,37.8,20.4,0.0,open-meteo
2026-07-19,S004,P1064,PeakNomad XL Cooler 263,Rocky Top Outfitters - Denver,Denver,CO,Mountain,flagship,39.7392,-104.9903,1,1,583.73,37.8,20.4,0.0,open-meteo
2026-07-19,S004,P1068,StormNomad Approach Trail Shoes 267,Rocky Top Outfitters - Denver,Denver,CO,Mountain,flagship,39.7392,-104.9903,1,1,72.83,37.8,20.4,0.0,open-meteo
2026-07-19,S004,P1071,Unknown product (P1071),Rocky Top Outfitters - Denver,Denver,CO,Mountain,flagship,39.7392,-104.9903,1,1,143.3,37.8,20.4,0.0,open-meteo
2026-07-19,S004,P1072,CanyonNomad Travel Tumbler 271,Rocky Top Outfitters - Denver,Denver,CO,Mountain,flagship,39.7392,-104.9903,1,3,402.87,37.8,20.4,0.0,open-meteo
2026-07-19,S004,P1073,Unknown product (P1073),Rocky Top Outfitters - Denver,Denver,CO,Mountain,flagship,39.7392,-104.9903,2,4,444.88,37.8,20.4,0.0,open-meteo
2026-07-19,S004,P1079,MoonRambler Stormproof Jacket 278,Rocky Top Outfitters - Denver,Denver,CO,Mountain,flagship,39.7392,-104.9903,1,1,243.4,37.8,20.4,0.0,open-meteo
2026-07-19,S005,P1004,StormNomad Compact Cooler 203,Rocky Top Outfitters - Phoenix,Phoenix,AZ,Southwest,suburban,33.4484,-112.074,1,2,219.8,37.8,24.0,7.5,open-meteo
2026-07-19,S005,P1006,TrailRover 20oz Tumbler 205,Rocky Top Outfitters - Phoenix,Phoenix,AZ,Southwest,suburban,33.4484,-112.074,1,1,44.73,37.8,24.0,7.5,open-meteo
2026-07-19,S005,P1007,HearthRambler Stormproof Jacket 206,Rocky Top Outfitters - Phoenix,Phoenix,AZ,Southwest,suburban,33.4484,-112.074,1,1,112.42,37.8,24.0,7.5,open-meteo
2026-07-19,S005,P1014,SwitchbackRover Wide Trail Shoes 213,Rocky Top Outfitters - Phoenix,Phoenix,AZ,Southwest,suburban,33.4484,-112.074,1,4,736.8,37.8,24.0,7.5,open-meteo
2026-07-19,S005,P1021,EmberRunner Basecamp Tent 220,Rocky Top Outfitters - Phoenix,Phoenix,AZ,Southwest,suburban,33.4484,-112.074,2,6,398.18,37.8,24.0,7.5,open-meteo
2026-07-19,S005,P1027,BoulderRambler 2P Camp Chair 226,Rocky Top Outfitters - Phoenix,Phoenix,AZ,Southwest,suburban,33.4484,-112.074,1,2,184.06,37.8,24.0,7.5,open-meteo
2026-07-19,S005,P1029,FieldRunner Storm Kit Battery Pack 228,Rocky Top Outfitters - Phoenix,Phoenix,AZ,Southwest,suburban,33.4484,-112.074,1,1,119.63,37.8,24.0,7.5,open-meteo
2026-07-19,S005,P1031,MoonRambler Stormproof Jacket 230,Rocky Top Outfitters - Phoenix,Phoenix,AZ,Southwest,suburban,33.4484,-112.074,1,4,659.4,37.8,24.0,7.5,open-meteo
2026-07-19,S005,P1036,StormNomad 32oz Tumbler 235,Rocky Top Outfitters - Phoenix,Phoenix,AZ,Southwest,suburban,33.4484,-112.074,1,1,126.18,37.8,24.0,7.5,open-meteo
2026-07-19,S005,P1037,EmberRunner Packable Jacket 236,Rocky Top Outfitters - Phoenix,Phoenix,AZ,Southwest,suburban,33.4484,-112.074,1,2,183.5,37.8,24.0,7.5,open-meteo
2026-07-19,S005,P1042,VistaRover Trail Tumbler 241,Rocky Top Outfitters - Phoenix,Phoenix,AZ,Southwest,suburban,33.4484,-112.074,1,4,414.92,37.8,24.0,7.5,open-meteo
2026-07-19,S005,P1056,CanyonNomad Waterproof Trail Shoes 255,Rocky Top Outfitters - Phoenix,Phoenix,AZ,Southwest,suburban,33.4484,-112.074,1,4,576.04,37.8,24.0,7.5,open-meteo
2026-07-19,S005,P1071,Unknown product (P1071),Rocky Top Outfitters - Phoenix,Phoenix,AZ,Southwest,suburban,33.4484,-112.074,1,3,429.9,37.8,24.0,7.5,open-meteo
2026-07-19,S005,P1077,FieldRunner Storm Kit Battery Pack 276,Rocky Top Outfitters - Phoenix,Phoenix,AZ,Southwest,suburban,33.4484,-112.074,1,1,95.15,37.8,24.0,7.5,open-meteo
2026-07-19,S005,P1078,SwitchbackRover 20oz Tumbler 277,Rocky Top Outfitters - Phoenix,Phoenix,AZ,Southwest,suburban,33.4484,-112.074,1,1,131.72,37.8,24.0,7.5,open-meteo
2026-07-19,S006,P1006,TrailRover 20oz Tumbler 205,Rocky Top Outfitters - Seattle,Seattle,WA,Pacific Northwest,urban,47.6062,-122.3321,1,1,50.32,23.7,14.2,0.0,open-meteo
2026-07-19,S006,P1013,FieldRunner Packable Jacket 212,Rocky Top Outfitters - Seattle,Seattle,WA,Pacific Northwest,urban,47.6062,-122.3321,1,4,311.64,23.7,14.2,0.0,open-meteo
2026-07-19,S006,P1021,EmberRunner Basecamp Tent 220,Rocky Top Outfitters - Seattle,Seattle,WA,Pacific Northwest,urban,47.6062,-122.3321,1,2,140.1,23.7,14.2,0.0,open-meteo
2026-07-19,S006,P1027,BoulderRambler 2P Camp Chair 226,Rocky Top Outfitters - Seattle,Seattle,WA,Pacific Northwest,urban,47.6062,-122.3321,1,1,92.03,23.7,14.2,0.0,open-meteo
2026-07-19,S006,P1032,PeakNomad Waterproof Trail Shoes 231,Rocky Top Outfitters - Seattle,Seattle,WA,Pacific Northwest,urban,47.6062,-122.3321,1,2,388.16,23.7,14.2,0.0,open-meteo
2026-07-19,S006,P1035,CreekRambler Rechargeable Flashlight 234,Rocky Top Outfitters - Seattle,Seattle,WA,Pacific Northwest,urban,47.6062,-122.3321,1,1,147.73,23.7,14.2,0.0,open-meteo
2026-07-19,S006,P1037,EmberRunner Packable Jacket 236,Rocky Top Outfitters - Seattle,Seattle,WA,Pacific Northwest,urban,47.6062,-122.3321,1,4,367.0,23.7,14.2,0.0,open-meteo
2026-07-19,S006,P1038,TrailRover Wide Trail Shoes 237,Rocky Top Outfitters - Seattle,Seattle,WA,Pacific Northwest,urban,47.6062,-122.3321,1,1,187.04,23.7,14.2,0.0,open-meteo
2026-07-19,S006,P1040,CanyonNomad XL Cooler 239,Rocky Top Outfitters - Seattle,Seattle,WA,Pacific Northwest,urban,47.6062,-122.3321,1,3,261.15,23.7,14.2,0.0,open-meteo
2026-07-19,S006,P1044,CloudNomad Approach Trail Shoes 243,Rocky Top Outfitters - Seattle,Seattle,WA,Pacific Northwest,urban,47.6062,-122.3321,1,1,189.25,23.7,14.2,0.0,open-meteo
2026-07-19,S006,P1055,HearthRambler Stormproof Jacket 254,Rocky Top Outfitters - Seattle,Seattle,WA,Pacific Northwest,urban,47.6062,-122.3321,1,4,1110.28,23.7,14.2,0.0,open-meteo
2026-07-19,S006,P1058,VistaRover Deluxe Patio Heater 257,Rocky Top Outfitters - Seattle,Seattle,WA,Pacific Northwest,urban,47.6062,-122.3321,1,1,263.59,23.7,14.2,0.0,open-meteo
2026-07-19,S006,P1066,RidgeRover Trail Tumbler 265,Rocky Top Outfitters - Seattle,Seattle,WA,Pacific Northwest,urban,47.6062,-122.3321,1,1,104.88,23.7,14.2,0.0,open-meteo
2026-07-19,S006,P1067,CreekRambler Alpine Jacket 266,Rocky Top Outfitters - Seattle,Seattle,WA,Pacific Northwest,urban,47.6062,-122.3321,1,2,533.96,23.7,14.2,0.0,open-meteo
2026-07-19,S006,P1068,StormNomad Approach Trail Shoes 267,Rocky Top Outfitters - Seattle,Seattle,WA,Pacific Northwest,urban,47.6062,-122.3321,1,3,206.34,23.7,14.2,0.0,open-meteo
2026-07-19,S006,P1069,Unknown product (P1069),Rocky Top Outfitters - Seattle,Seattle,WA,Pacific Northwest,urban,47.6062,-122.3321,1,3,769.08,23.7,14.2,0.0,open-meteo
2026-07-19,S006,P1072,CanyonNomad Travel Tumbler 271,Rocky Top Outfitters - Seattle,Seattle,WA,Pacific Northwest,urban,47.6062,-122.3321,1,3,402.87,23.7,14.2,0.0,open-meteo
2026-07-19,S006,P1074,Unknown product (P1074),Rocky Top Outfitters - Seattle,Seattle,WA,Pacific Northwest,urban,47.6062,-122.3321,1,1,191.7,23.7,14.2,0.0,open-meteo
2026-07-19,S006,P1076,CloudNomad Compact Cooler 275,Rocky Top Outfitters - Seattle,Seattle,WA,Pacific Northwest,urban,47.6062,-122.3321,1,1,583.17,23.7,14.2,0.0,open-meteo
2026-07-19,S006,P1080,PeakNomad Waterproof Trail Shoes 279,Rocky Top Outfitters - Seattle,Seattle,WA,Pacific Northwest,urban,47.6062,-122.3321,1,1,143.0,23.7,14.2,0.0,open-meteo
2026-07-19,S007,P1003,CreekRambler 2P Camp Chair 202,Rocky Top Outfitters - Boston,Boston,MA,Northeast,urban,42.3601,-71.0589,1,1,448.98,26.1,20.7,1.3,open-meteo
2026-07-19,S007,P1005,EmberRunner Storm Kit Battery Pack 204,Rocky Top Outfitters - Boston,Boston,MA,Northeast,urban,42.3601,-71.0589,1,4,423.84,26.1,20.7,1.3,open-meteo
2026-07-19,S007,P1009,PineRunner 4P Tent 208,Rocky Top Outfitters - Boston,Boston,MA,Northeast,urban,42.3601,-71.0589,1,2,230.52,26.1,20.7,1.3,open-meteo
2026-07-19,S007,P1012,CloudNomad 32oz Tumbler 211,Rocky Top Outfitters - Boston,Boston,MA,Northeast,urban,42.3601,-71.0589,1,2,234.96,26.1,20.7,1.3,open-meteo
2026-07-19,S007,P1014,SwitchbackRover Wide Trail Shoes 213,Rocky Top Outfitters - Boston,Boston,MA,Northeast,urban,42.3601,-71.0589,1,2,368.4,26.1,20.7,1.3,open-meteo
2026-07-19,S007,P1015,MoonRambler Ultralight Camp Chair 214,Rocky Top Outfitters - Boston,Boston,MA,Northeast,urban,42.3601,-71.0589,1,1,153.5,26.1,20.7,1.3,open-meteo
2026-07-19,S007,P1016,PeakNomad XL Cooler 215,Rocky Top Outfitters - Boston,Boston,MA,Northeast,urban,42.3601,-71.0589,1,2,1141.36,26.1,20.7,1.3,open-meteo
2026-07-19,S007,P1020,StormNomad Approach Trail Shoes 219,Rocky Top Outfitters - Boston,Boston,MA,Northeast,urban,42.3601,-71.0589,1,3,570.99,26.1,20.7,1.3,open-meteo
2026-07-19,S007,P1023,HearthRambler Expedition Flashlight 222,Rocky Top Outfitters - Boston,Boston,MA,Northeast,urban,42.3601,-71.0589,1,1,127.3,26.1,20.7,1.3,open-meteo
2026-07-19,S007,P1025,PineRunner Lightweight Jacket 224,Rocky Top Outfitters - Boston,Boston,MA,Northeast,urban,42.3601,-71.0589,1,2,249.2,26.1,20.7,1.3,open-meteo
2026-07-19,S007,P1026,VistaRover Mid Trail Shoes 225,Rocky Top Outfitters - Boston,Boston,MA,Northeast,urban,42.3601,-71.0589,1,4,417.28,26.1,20.7,1.3,open-meteo
2026-07-19,S007,P1031,MoonRambler Stormproof Jacket 230,Rocky Top Outfitters - Boston,Boston,MA,Northeast,urban,42.3601,-71.0589,1,2,347.06,26.1,20.7,1.3,open-meteo
2026-07-19,S007,P1036,StormNomad 32oz Tumbler 235,Rocky Top Outfitters - Boston,Boston,MA,Northeast,urban,42.3601,-71.0589,1,1,126.18,26.1,20.7,1.3,open-meteo
2026-07-19,S007,P1038,TrailRover Wide Trail Shoes 237,Rocky Top Outfitters - Boston,Boston,MA,Northeast,urban,42.3601,-71.0589,1,4,787.52,26.1,20.7,1.3,open-meteo
2026-07-19,S007,P1039,HearthRambler Ultralight Camp Chair 238,Rocky Top Outfitters - Boston,Boston,MA,Northeast,urban,42.3601,-71.0589,3,4,1452.97,26.1,20.7,1.3,open-meteo
2026-07-19,S007,P1040,CanyonNomad XL Cooler 239,Rocky Top Outfitters - Boston,Boston,MA,Northeast,urban,42.3601,-71.0589,1,1,87.05,26.1,20.7,1.3,open-meteo
2026-07-19,S007,P1050,RidgeRover Mid Trail Shoes 249,Rocky Top Outfitters - Boston,Boston,MA,Northeast,urban,42.3601,-71.0589,1,4,301.24,26.1,20.7,1.3,open-meteo
2026-07-19,S007,P1051,CreekRambler 2P Camp Chair 250,Rocky Top Outfitters - Boston,Boston,MA,Northeast,urban,42.3601,-71.0589,1,2,763.48,26.1,20.7,1.3,open-meteo
2026-07-19,S007,P1053,EmberRunner Storm Kit Battery Pack 252,Rocky Top Outfitters - Boston,Boston,MA,Northeast,urban,42.3601,-71.0589,1,4,390.72,26.1,20.7,1.3,open-meteo
2026-07-19,S007,P1055,HearthRambler Stormproof Jacket 254,Rocky Top Outfitters - Boston,Boston,MA,Northeast,urban,42.3601,-71.0589,1,4,999.24,26.1,20.7,1.3,open-meteo
2026-07-19,S007,P1068,StormNomad Approach Trail Shoes 267,Rocky Top Outfitters - Boston,Boston,MA,Northeast,urban,42.3601,-71.0589,1,2,129.48,26.1,20.7,1.3,open-meteo
2026-07-19,S007,P1071,Unknown product (P1071),Rocky Top Outfitters - Boston,Boston,MA,Northeast,urban,42.3601,-71.0589,1,1,136.13,26.1,20.7,1.3,open-meteo
2026-07-19,S007,P1073,Unknown product (P1073),Rocky Top Outfitters - Boston,Boston,MA,Northeast,urban,42.3601,-71.0589,1,1,100.26,26.1,20.7,1.3,open-meteo
2026-07-19,S007,P1077,FieldRunner Storm Kit Battery Pack 276,Rocky Top Outfitters - Boston,Boston,MA,Northeast,urban,42.3601,-71.0589,1,2,190.3,26.1,20.7,1.3,open-meteo
2026-07-19,S008,P1001,SummitRunner Lightweight Jacket 200,Rocky Top Outfitters - Minneapolis,Minneapolis,MN,Midwest,suburban,44.9778,-93.265,1,1,130.82,32.6,19.8,0.0,open-meteo
2026-07-19,S008,P1005,EmberRunner Storm Kit Battery Pack 204,Rocky Top Outfitters - Minneapolis,Minneapolis,MN,Midwest,suburban,44.9778,-93.265,1,1,105.96,32.6,19.8,0.0,open-meteo
2026-07-19,S008,P1008,CanyonNomad Waterproof Trail Shoes 207,Rocky Top Outfitters - Minneapolis,Minneapolis,MN,Midwest,suburban,44.9778,-93.265,1,2,315.9,32.6,19.8,0.0,open-meteo
2026-07-19,S008,P1014,SwitchbackRover Wide Trail Shoes 213,Rocky Top Outfitters - Minneapolis,Minneapolis,MN,Midwest,suburban,44.9778,-93.265,1,2,347.94,32.6,19.8,0.0,open-meteo
2026-07-19,S008,P1025,PineRunner Lightweight Jacket 224,Rocky Top Outfitters - Minneapolis,Minneapolis,MN,Midwest,suburban,44.9778,-93.265,1,1,124.6,32.6,19.8,0.0,open-meteo
2026-07-19,S008,P1026,VistaRover Mid Trail Shoes 225,Rocky Top Outfitters - Minneapolis,Minneapolis,MN,Midwest,suburban,44.9778,-93.265,1,1,130.4,32.6,19.8,0.0,open-meteo
2026-07-19,S008,P1031,MoonRambler Stormproof Jacket 230,Rocky Top Outfitters - Minneapolis,Minneapolis,MN,Midwest,suburban,44.9778,-93.265,1,2,277.64,32.6,19.8,0.0,open-meteo
2026-07-19,S008,P1036,StormNomad 32oz Tumbler 235,Rocky Top Outfitters - Minneapolis,Minneapolis,MN,Midwest,suburban,44.9778,-93.265,1,1,134.06,32.6,19.8,0.0,open-meteo
2026-07-19,S008,P1037,EmberRunner Packable Jacket 236,Rocky Top Outfitters - Minneapolis,Minneapolis,MN,Midwest,suburban,44.9778,-93.265,2,3,256.9,32.6,19.8,0.0,open-meteo
2026-07-19,S008,P1041,PineRunner Mini Battery Pack 240,Rocky Top Outfitters - Minneapolis,Minneapolis,MN,Midwest,suburban,44.9778,-93.265,1,1,43.68,32.6,19.8,0.0,open-meteo
2026-07-19,S008,P1044,CloudNomad Approach Trail Shoes 243,Rocky Top Outfitters - Minneapolis,Minneapolis,MN,Midwest,suburban,44.9778,-93.265,1,2,378.5,32.6,19.8,0.0,open-meteo
2026-07-19,S008,P1053,EmberRunner Storm Kit Battery Pack 252,Rocky Top Outfitters - Minneapolis,Minneapolis,MN,Midwest,suburban,44.9778,-93.265,1,3,276.75,32.6,19.8,0.0,open-meteo
2026-07-19,S008,P1060,CloudNomad 32oz Tumbler 259,Rocky Top Outfitters - Minneapolis,Minneapolis,MN,Midwest,suburban,44.9778,-93.265,1,4,524.92,32.6,19.8,0.0,open-meteo
2026-07-19,S008,P1065,SummitRunner Mini Battery Pack 264,Rocky Top Outfitters - Minneapolis,Minneapolis,MN,Midwest,suburban,44.9778,-93.265,1,1,112.86,32.6,19.8,0.0,open-meteo
2026-07-19,S008,P1072,CanyonNomad Travel Tumbler 271,Rocky Top Outfitters - Minneapolis,Minneapolis,MN,Midwest,suburban,44.9778,-93.265,2,3,389.44,32.6,19.8,0.0,open-meteo
2026-07-19,S008,P1077,FieldRunner Storm Kit Battery Pack 276,Rocky Top Outfitters - Minneapolis,Minneapolis,MN,Midwest,suburban,44.9778,-93.265,1,2,190.3,32.6,19.8,0.0,open-meteo
2026-07-20,S001,P1011,BoulderRambler Rechargeable Flashlight 210,Rocky Top Outfitters - Knoxville,Knoxville,TN,Southeast,flagship,35.9606,-83.9207,1,3,399.21,30.5,23.2,3.0,open-meteo
2026-07-20,S001,P1012,CloudNomad 32oz Tumbler 211,Rocky Top Outfitters - Knoxville,Knoxville,TN,Southeast,flagship,35.9606,-83.9207,1,1,123.66,30.5,23.2,3.0,open-meteo
2026-07-20,S001,P1020,StormNomad Approach Trail Shoes 219,Rocky Top Outfitters - Knoxville,Knoxville,TN,Southeast,flagship,35.9606,-83.9207,1,1,179.76,30.5,23.2,3.0,open-meteo
2026-07-20,S001,P1022,TrailRover Weekend Patio Heater 221,Rocky Top Outfitters - Knoxville,Knoxville,TN,Southeast,flagship,35.9606,-83.9207,1,1,388.71,30.5,23.2,3.0,open-meteo
2026-07-20,S001,P1025,PineRunner Lightweight Jacket 224,Rocky Top Outfitters - Knoxville,Knoxville,TN,Southeast,flagship,35.9606,-83.9207,1,1,112.14,30.5,23.2,3.0,open-meteo
2026-07-20,S001,P1027,BoulderRambler 2P Camp Chair 226,Rocky Top Outfitters - Knoxville,Knoxville,TN,Southeast,flagship,35.9606,-83.9207,1,2,165.66,30.5,23.2,3.0,open-meteo
2026-07-20,S001,P1034,RidgeRover Deluxe Patio Heater 233,Rocky Top Outfitters - Knoxville,Knoxville,TN,Southeast,flagship,35.9606,-83.9207,1,4,574.12,30.5,23.2,3.0,open-meteo
2026-07-20,S001,P1038,TrailRover Wide Trail Shoes 237,Rocky Top Outfitters - Knoxville,Knoxville,TN,Southeast,flagship,35.9606,-83.9207,1,2,315.0,30.5,23.2,3.0,open-meteo
2026-07-20,S001,P1039,HearthRambler Ultralight Camp Chair 238,Rocky Top Outfitters - Knoxville,Knoxville,TN,Southeast,flagship,35.9606,-83.9207,1,3,1048.35,30.5,23.2,3.0,open-meteo
2026-07-20,S001,P1041,PineRunner Mini Battery Pack 240,Rocky Top Outfitters - Knoxville,Knoxville,TN,Southeast,flagship,35.9606,-83.9207,1,4,174.72,30.5,23.2,3.0,open-meteo
2026-07-20,S001,P1043,BoulderRambler Alpine Jacket 242,Rocky Top Outfitters - Knoxville,Knoxville,TN,Southeast,flagship,35.9606,-83.9207,1,2,385.6,30.5,23.2,3.0,open-meteo
2026-07-20,S001,P1046,SwitchbackRover Weekend Patio Heater 245,Rocky Top Outfitters - Knoxville,Knoxville,TN,Southeast,flagship,35.9606,-83.9207,1,4,933.68,30.5,23.2,3.0,open-meteo
2026-07-20,S001,P1048,PeakNomad Travel Tumbler 247,Rocky Top Outfitters - Knoxville,Knoxville,TN,Southeast,flagship,35.9606,-83.9207,1,4,281.12,30.5,23.2,3.0,open-meteo
2026-07-20,S001,P1054,TrailRover 20oz Tumbler 253,Rocky Top Outfitters - Knoxville,Knoxville,TN,Southeast,flagship,35.9606,-83.9207,1,2,120.16,30.5,23.2,3.0,open-meteo
2026-07-20,S001,P1058,VistaRover Deluxe Patio Heater 257,Rocky Top Outfitters - Knoxville,Knoxville,TN,Southeast,flagship,35.9606,-83.9207,1,2,500.82,30.5,23.2,3.0,open-meteo
2026-07-20,S001,P1080,PeakNomad Waterproof Trail Shoes 279,Rocky Top Outfitters - Knoxville,Knoxville,TN,Southeast,flagship,35.9606,-83.9207,1,1,143.0,30.5,23.2,3.0,open-meteo
2026-07-20,S002,P1002,RidgeRover Mid Trail Shoes 201,Rocky Top Outfitters - Miami,Miami,FL,Southeast,urban,25.7617,-80.1918,1,2,406.86,33.1,27.7,4.7,open-meteo
2026-07-20,S002,P1004,StormNomad Compact Cooler 203,Rocky Top Outfitters - Miami,Miami,FL,Southeast,urban,25.7617,-80.1918,1,2,208.82,33.1,27.7,4.7,open-meteo
2026-07-20,S002,P1010,VistaRover Deluxe Patio Heater 209,Rocky Top Outfitters - Miami,Miami,FL,Southeast,urban,25.7617,-80.1918,1,2,994.38,33.1,27.7,4.7,open-meteo
2026-07-20,S002,P1012,CloudNomad 32oz Tumbler 211,Rocky Top Outfitters - Miami,Miami,FL,Southeast,urban,25.7617,-80.1918,1,1,117.48,33.1,27.7,4.7,open-meteo
2026-07-20,S002,P1013,FieldRunner Packable Jacket 212,Rocky Top Outfitters - Miami,Miami,FL,Southeast,urban,25.7617,-80.1918,1,1,77.91,33.1,27.7,4.7,open-meteo
2026-07-20,S002,P1023,HearthRambler Expedition Flashlight 222,Rocky Top Outfitters - Miami,Miami,FL,Southeast,urban,25.7617,-80.1918,1,3,424.32,33.1,27.7,4.7,open-meteo
2026-07-20,S002,P1024,CanyonNomad Travel Tumbler 223,Rocky Top Outfitters - Miami,Miami,FL,Southeast,urban,25.7617,-80.1918,1,1,90.59,33.1,27.7,4.7,open-meteo
2026-07-20,S002,P1029,FieldRunner Storm Kit Battery Pack 228,Rocky Top Outfitters - Miami,Miami,FL,Southeast,urban,25.7617,-80.1918,1,1,113.34,33.1,27.7,4.7,open-meteo
2026-07-20,S002,P1040,CanyonNomad XL Cooler 239,Rocky Top Outfitters - Miami,Miami,FL,Southeast,urban,25.7617,-80.1918,1,1,103.37,33.1,27.7,4.7,open-meteo
2026-07-20,S002,P1045,FieldRunner Basecamp Tent 244,Rocky Top Outfitters - Miami,Miami,FL,Southeast,urban,25.7617,-80.1918,1,1,296.15,33.1,27.7,4.7,open-meteo
2026-07-20,S002,P1053,EmberRunner Storm Kit Battery Pack 252,Rocky Top Outfitters - Miami,Miami,FL,Southeast,urban,25.7617,-80.1918,1,1,108.53,33.1,27.7,4.7,open-meteo
2026-07-20,S002,P1064,PeakNomad XL Cooler 263,Rocky Top Outfitters - Miami,Miami,FL,Southeast,urban,25.7617,-80.1918,1,2,1228.9,33.1,27.7,4.7,open-meteo
2026-07-20,S002,P1067,CreekRambler Alpine Jacket 266,Rocky Top Outfitters - Miami,Miami,FL,Southeast,urban,25.7617,-80.1918,1,3,800.94,33.1,27.7,4.7,open-meteo
2026-07-20,S002,P1068,StormNomad Approach Trail Shoes 267,Rocky Top Outfitters - Miami,Miami,FL,Southeast,urban,25.7617,-80.1918,1,2,145.66,33.1,27.7,4.7,open-meteo
2026-07-20,S002,P1070,TrailRover Weekend Patio Heater 269,Rocky Top Outfitters - Miami,Miami,FL,Southeast,urban,25.7617,-80.1918,1,2,324.04,33.1,27.7,4.7,open-meteo
2026-07-20,S002,P1072,CanyonNomad Travel Tumbler 271,Rocky Top Outfitters - Miami,Miami,FL,Southeast,urban,25.7617,-80.1918,1,1,134.29,33.1,27.7,4.7,open-meteo
2026-07-20,S002,P1076,CloudNomad Compact Cooler 275,Rocky Top Outfitters - Miami,Miami,FL,Southeast,urban,25.7617,-80.1918,1,1,686.08,33.1,27.7,4.7,open-meteo
2026-07-20,S003,P1015,MoonRambler Ultralight Camp Chair 214,Rocky Top Outfitters - Chicago,Chicago,IL,Midwest,urban,41.8781,-87.6298,1,1,191.87,27.1,18.9,0.2,open-meteo
2026-07-20,S003,P1017,SummitRunner Mini Battery Pack 216,Rocky Top Outfitters - Chicago,Chicago,IL,Midwest,urban,41.8781,-87.6298,1,1,64.63,27.1,18.9,0.2,open-meteo
2026-07-20,S003,P1019,CreekRambler Alpine Jacket 218,Rocky Top Outfitters - Chicago,Chicago,IL,Midwest,urban,41.8781,-87.6298,2,5,823.35,27.1,18.9,0.2,open-meteo
2026-07-20,S003,P1020,StormNomad Approach Trail Shoes 219,Rocky Top Outfitters - Chicago,Chicago,IL,Midwest,urban,41.8781,-87.6298,1,2,422.96,27.1,18.9,0.2,open-meteo
2026-07-20,S003,P1023,HearthRambler Expedition Flashlight 222,Rocky Top Outfitters - Chicago,Chicago,IL,Midwest,urban,41.8781,-87.6298,1,1,141.44,27.1,18.9,0.2,open-meteo
2026-07-20,S003,P1026,VistaRover Mid Trail Shoes 225,Rocky Top Outfitters - Chicago,Chicago,IL,Midwest,urban,41.8781,-87.6298,1,1,117.36,27.1,18.9,0.2,open-meteo
2026-07-20,S003,P1030,SwitchbackRover 20oz Tumbler 229,Rocky Top Outfitters - Chicago,Chicago,IL,Midwest,urban,41.8781,-87.6298,1,3,378.78,27.1,18.9,0.2,open-meteo
2026-07-20,S003,P1035,CreekRambler Rechargeable Flashlight 234,Rocky Top Outfitters - Chicago,Chicago,IL,Midwest,urban,41.8781,-87.6298,1,1,118.18,27.1,18.9,0.2,open-meteo
2026-07-20,S003,P1055,HearthRambler Stormproof Jacket 254,Rocky Top Outfitters - Chicago,Chicago,IL,Midwest,urban,41.8781,-87.6298,1,3,832.71,27.1,18.9,0.2,open-meteo
2026-07-20,S003,P1060,CloudNomad 32oz Tumbler 259,Rocky Top Outfitters - Chicago,Chicago,IL,Midwest,urban,41.8781,-87.6298,1,1,154.39,27.1,18.9,0.2,open-meteo
2026-07-20,S003,P1065,SummitRunner Mini Battery Pack 264,Rocky Top Outfitters - Chicago,Chicago,IL,Midwest,urban,41.8781,-87.6298,1,4,451.44,27.1,18.9,0.2,open-meteo
2026-07-20,S003,P1066,RidgeRover Trail Tumbler 265,Rocky Top Outfitters - Chicago,Chicago,IL,Midwest,urban,41.8781,-87.6298,1,2,209.76,27.1,18.9,0.2,open-meteo
2026-07-20,S003,P1068,StormNomad Approach Trail Shoes 267,Rocky Top Outfitters - Chicago,Chicago,IL,Midwest,urban,41.8781,-87.6298,2,6,461.24,27.1,18.9,0.2,open-meteo
2026-07-20,S003,P1071,Unknown product (P1071),Rocky Top Outfitters - Chicago,Chicago,IL,Midwest,urban,41.8781,-87.6298,1,2,272.26,27.1,18.9,0.2,open-meteo
2026-07-20,S003,P1078,SwitchbackRover 20oz Tumbler 277,Rocky Top Outfitters - Chicago,Chicago,IL,Midwest,urban,41.8781,-87.6298,1,3,351.24,27.1,18.9,0.2,open-meteo
2026-07-20,S004,P1002,RidgeRover Mid Trail Shoes 201,Rocky Top Outfitters - Denver,Denver,CO,Mountain,flagship,39.7392,-104.9903,1,2,406.86,39.3,21.6,0.1,open-meteo
2026-07-20,S004,P1003,CreekRambler 2P Camp Chair 202,Rocky Top Outfitters - Denver,Denver,CO,Mountain,flagship,39.7392,-104.9903,2,7,3142.86,39.3,21.6,0.1,open-meteo
2026-07-20,S004,P1007,HearthRambler Stormproof Jacket 206,Rocky Top Outfitters - Denver,Denver,CO,Mountain,flagship,39.7392,-104.9903,1,1,106.8,39.3,21.6,0.1,open-meteo
2026-07-20,S004,P1015,MoonRambler Ultralight Camp Chair 214,Rocky Top Outfitters - Denver,Denver,CO,Mountain,flagship,39.7392,-104.9903,1,4,690.72,39.3,21.6,0.1,open-meteo
2026-07-20,S004,P1019,CreekRambler Alpine Jacket 218,Rocky Top Outfitters - Denver,Denver,CO,Mountain,flagship,39.7392,-104.9903,1,3,536.97,39.3,21.6,0.1,open-meteo
2026-07-20,S004,P1022,TrailRover Weekend Patio Heater 221,Rocky Top Outfitters - Denver,Denver,CO,Mountain,flagship,39.7392,-104.9903,1,3,1166.13,39.3,21.6,0.1,open-meteo
2026-07-20,S004,P1024,CanyonNomad Travel Tumbler 223,Rocky Top Outfitters - Denver,Denver,CO,Mountain,flagship,39.7392,-104.9903,1,3,217.41,39.3,21.6,0.1,open-meteo
2026-07-20,S004,P1031,MoonRambler Stormproof Jacket 230,Rocky Top Outfitters - Denver,Denver,CO,Mountain,flagship,39.7392,-104.9903,1,1,138.82,39.3,21.6,0.1,open-meteo
2026-07-20,S004,P1036,StormNomad 32oz Tumbler 235,Rocky Top Outfitters - Denver,Denver,CO,Mountain,flagship,39.7392,-104.9903,1,4,536.24,39.3,21.6,0.1,open-meteo
2026-07-20,S004,P1038,TrailRover Wide Trail Shoes 237,Rocky Top Outfitters - Denver,Denver,CO,Mountain,flagship,39.7392,-104.9903,1,1,177.19,39.3,21.6,0.1,open-meteo
2026-07-20,S004,P1042,VistaRover Trail Tumbler 241,Rocky Top Outfitters - Denver,Denver,CO,Mountain,flagship,39.7392,-104.9903,1,3,345.75,39.3,21.6,0.1,open-meteo
2026-07-20,S004,P1046,SwitchbackRover Weekend Patio Heater 245,Rocky Top Outfitters - Denver,Denver,CO,Mountain,flagship,39.7392,-104.9903,1,2,443.5,39.3,21.6,0.1,open-meteo
2026-07-20,S004,P1047,MoonRambler Expedition Flashlight 246,Rocky Top Outfitters - Denver,Denver,CO,Mountain,flagship,39.7392,-104.9903,1,1,48.36,39.3,21.6,0.1,open-meteo
2026-07-20,S004,P1057,PineRunner 4P Tent 256,Rocky Top Outfitters - Denver,Denver,CO,Mountain,flagship,39.7392,-104.9903,1,2,820.34,39.3,21.6,0.1,open-meteo
2026-07-20,S004,P1060,CloudNomad 32oz Tumbler 259,Rocky Top Outfitters - Denver,Denver,CO,Mountain,flagship,39.7392,-104.9903,1,1,154.39,39.3,21.6,0.1,open-meteo
2026-07-20,S004,P1061,FieldRunner Packable Jacket 260,Rocky Top Outfitters - Denver,Denver,CO,Mountain,flagship,39.7392,-104.9903,1,2,295.68,39.3,21.6,0.1,open-meteo
2026-07-20,S004,P1067,CreekRambler Alpine Jacket 266,Rocky Top Outfitters - Denver,Denver,CO,Mountain,flagship,39.7392,-104.9903,2,2,480.56,39.3,21.6,0.1,open-meteo
2026-07-20,S004,P1068,StormNomad Approach Trail Shoes 267,Rocky Top Outfitters - Denver,Denver,CO,Mountain,flagship,39.7392,-104.9903,2,4,311.54,39.3,21.6,0.1,open-meteo
2026-07-20,S004,P1070,TrailRover Weekend Patio Heater 269,Rocky Top Outfitters - Denver,Denver,CO,Mountain,flagship,39.7392,-104.9903,1,3,486.06,39.3,21.6,0.1,open-meteo
2026-07-20,S004,P1071,Unknown product (P1071),Rocky Top Outfitters - Denver,Denver,CO,Mountain,flagship,39.7392,-104.9903,1,1,143.3,39.3,21.6,0.1,open-meteo
2026-07-20,S004,P1079,MoonRambler Stormproof Jacket 278,Rocky Top Outfitters - Denver,Denver,CO,Mountain,flagship,39.7392,-104.9903,1,2,512.42,39.3,21.6,0.1,open-meteo
2026-07-20,S005,P1004,StormNomad Compact Cooler 203,Rocky Top Outfitters - Phoenix,Phoenix,AZ,Southwest,suburban,33.4484,-112.074,1,2,219.8,40.6,26.5,3.4,open-meteo
2026-07-20,S005,P1010,VistaRover Deluxe Patio Heater 209,Rocky Top Outfitters - Phoenix,Phoenix,AZ,Southwest,suburban,33.4484,-112.074,1,1,497.19,40.6,26.5,3.4,open-meteo
2026-07-20,S005,P1021,EmberRunner Basecamp Tent 220,Rocky Top Outfitters - Phoenix,Phoenix,AZ,Southwest,suburban,33.4484,-112.074,1,2,147.48,40.6,26.5,3.4,open-meteo
2026-07-20,S005,P1026,VistaRover Mid Trail Shoes 225,Rocky Top Outfitters - Phoenix,Phoenix,AZ,Southwest,suburban,33.4484,-112.074,1,1,130.4,40.6,26.5,3.4,open-meteo
2026-07-20,S005,P1031,MoonRambler Stormproof Jacket 230,Rocky Top Outfitters - Phoenix,Phoenix,AZ,Southwest,suburban,33.4484,-112.074,1,4,624.72,40.6,26.5,3.4,open-meteo
2026-07-20,S005,P1033,SummitRunner 4P Tent 232,Rocky Top Outfitters - Phoenix,Phoenix,AZ,Southwest,suburban,33.4484,-112.074,1,1,179.99,40.6,26.5,3.4,open-meteo
2026-07-20,S005,P1034,RidgeRover Deluxe Patio Heater 233,Rocky Top Outfitters - Phoenix,Phoenix,AZ,Southwest,suburban,33.4484,-112.074,1,1,160.42,40.6,26.5,3.4,open-meteo
2026-07-20,S005,P1042,VistaRover Trail Tumbler 241,Rocky Top Outfitters - Phoenix,Phoenix,AZ,Southwest,suburban,33.4484,-112.074,1,1,92.2,40.6,26.5,3.4,open-meteo
2026-07-20,S005,P1049,SummitRunner Lightweight Jacket 248,Rocky Top Outfitters - Phoenix,Phoenix,AZ,Southwest,suburban,33.4484,-112.074,1,4,888.04,40.6,26.5,3.4,open-meteo
2026-07-20,S005,P1075,Unknown product (P1075),Rocky Top Outfitters - Phoenix,Phoenix,AZ,Southwest,suburban,33.4484,-112.074,1,1,156.96,40.6,26.5,3.4,open-meteo
2026-07-20,S005,P1079,MoonRambler Stormproof Jacket 278,Rocky Top Outfitters - Phoenix,Phoenix,AZ,Southwest,suburban,33.4484,-112.074,1,2,512.42,40.6,26.5,3.4,open-meteo
2026-07-20,S006,P1001,SummitRunner Lightweight Jacket 200,Rocky Top Outfitters - Seattle,Seattle,WA,Pacific Northwest,urban,47.6062,-122.3321,2,2,261.64,26.3,15.7,0.0,open-meteo
2026-07-20,S006,P1002,RidgeRover Mid Trail Shoes 201,Rocky Top Outfitters - Seattle,Seattle,WA,Pacific Northwest,urban,47.6062,-122.3321,1,3,488.22,26.3,15.7,0.0,open-meteo
2026-07-20,S006,P1004,StormNomad Compact Cooler 203,Rocky Top Outfitters - Seattle,Seattle,WA,Pacific Northwest,urban,47.6062,-122.3321,1,4,351.68,26.3,15.7,0.0,open-meteo
2026-07-20,S006,P1011,BoulderRambler Rechargeable Flashlight 210,Rocky Top Outfitters - Seattle,Seattle,WA,Pacific Northwest,urban,47.6062,-122.3321,2,4,532.28,26.3,15.7,0.0,open-meteo
2026-07-20,S006,P1022,TrailRover Weekend Patio Heater 221,Rocky Top Outfitters - Seattle,Seattle,WA,Pacific Northwest,urban,47.6062,-122.3321,2,7,2643.21,26.3,15.7,0.0,open-meteo
2026-07-20,S006,P1031,MoonRambler Stormproof Jacket 230,Rocky Top Outfitters - Seattle,Seattle,WA,Pacific Northwest,urban,47.6062,-122.3321,1,1,147.5,26.3,15.7,0.0,open-meteo
2026-07-20,S006,P1035,CreekRambler Rechargeable Flashlight 234,Rocky Top Outfitters - Seattle,Seattle,WA,Pacific Northwest,urban,47.6062,-122.3321,1,2,236.36,26.3,15.7,0.0,open-meteo
2026-07-20,S006,P1037,EmberRunner Packable Jacket 236,Rocky Top Outfitters - Seattle,Seattle,WA,Pacific Northwest,urban,47.6062,-122.3321,2,4,330.3,26.3,15.7,0.0,open-meteo
2026-07-20,S006,P1038,TrailRover Wide Trail Shoes 237,Rocky Top Outfitters - Seattle,Seattle,WA,Pacific Northwest,urban,47.6062,-122.3321,1,2,393.76,26.3,15.7,0.0,open-meteo
2026-07-20,S006,P1042,VistaRover Trail Tumbler 241,Rocky Top Outfitters - Seattle,Seattle,WA,Pacific Northwest,urban,47.6062,-122.3321,1,3,328.47,26.3,15.7,0.0,open-meteo
2026-07-20,S006,P1044,CloudNomad Approach Trail Shoes 243,Rocky Top Outfitters - Seattle,Seattle,WA,Pacific Northwest,urban,47.6062,-122.3321,1,3,454.2,26.3,15.7,0.0,open-meteo
2026-07-20,S006,P1045,FieldRunner Basecamp Tent 244,Rocky Top Outfitters - Seattle,Seattle,WA,Pacific Northwest,urban,47.6062,-122.3321,1,2,661.98,26.3,15.7,0.0,open-meteo
2026-07-20,S006,P1048,PeakNomad Travel Tumbler 247,Rocky Top Outfitters - Seattle,Seattle,WA,Pacific Northwest,urban,47.6062,-122.3321,1,2,140.56,26.3,15.7,0.0,open-meteo
2026-07-20,S006,P1054,TrailRover 20oz Tumbler 253,Rocky Top Outfitters - Seattle,Seattle,WA,Pacific Northwest,urban,47.6062,-122.3321,2,3,197.9,26.3,15.7,0.0,open-meteo
2026-07-20,S006,P1055,HearthRambler Stormproof Jacket 254,Rocky Top Outfitters - Seattle,Seattle,WA,Pacific Northwest,urban,47.6062,-122.3321,1,2,444.12,26.3,15.7,0.0,open-meteo
2026-07-20,S006,P1056,CanyonNomad Waterproof Trail Shoes 255,Rocky Top Outfitters - Seattle,Seattle,WA,Pacific Northwest,urban,47.6062,-122.3321,1,2,244.82,26.3,15.7,0.0,open-meteo
2026-07-20,S006,P1059,BoulderRambler Rechargeable Flashlight 258,Rocky Top Outfitters - Seattle,Seattle,WA,Pacific Northwest,urban,47.6062,-122.3321,1,1,105.5,26.3,15.7,0.0,open-meteo
2026-07-20,S006,P1064,PeakNomad XL Cooler 263,Rocky Top Outfitters - Seattle,Seattle,WA,Pacific Northwest,urban,47.6062,-122.3321,1,3,1474.68,26.3,15.7,0.0,open-meteo
2026-07-20,S006,P1065,SummitRunner Mini Battery Pack 264,Rocky Top Outfitters - Seattle,Seattle,WA,Pacific Northwest,urban,47.6062,-122.3321,1,1,112.86,26.3,15.7,0.0,open-meteo
2026-07-20,S006,P1066,RidgeRover Trail Tumbler 265,Rocky Top Outfitters - Seattle,Seattle,WA,Pacific Northwest,urban,47.6062,-122.3321,2,2,188.78,26.3,15.7,0.0,open-meteo
2026-07-20,S006,P1069,Unknown product (P1069),Rocky Top Outfitters - Seattle,Seattle,WA,Pacific Northwest,urban,47.6062,-122.3321,1,2,435.82,26.3,15.7,0.0,open-meteo
2026-07-20,S006,P1072,CanyonNomad Travel Tumbler 271,Rocky Top Outfitters - Seattle,Seattle,WA,Pacific Northwest,urban,47.6062,-122.3321,1,4,483.44,26.3,15.7,0.0,open-meteo
2026-07-20,S006,P1078,SwitchbackRover 20oz Tumbler 277,Rocky Top Outfitters - Seattle,Seattle,WA,Pacific Northwest,urban,47.6062,-122.3321,1,1,117.08,26.3,15.7,0.0,open-meteo
2026-07-20,S007,P1012,CloudNomad 32oz Tumbler 211,Rocky Top Outfitters - Boston,Boston,MA,Northeast,urban,42.3601,-71.0589,1,4,494.64,29.0,16.3,0.0,open-meteo
2026-07-20,S007,P1021,EmberRunner Basecamp Tent 220,Rocky Top Outfitters - Boston,Boston,MA,Northeast,urban,42.3601,-71.0589,1,1,73.74,29.0,16.3,0.0,open-meteo
2026-07-20,S007,P1027,BoulderRambler 2P Camp Chair 226,Rocky Top Outfitters - Boston,Boston,MA,Northeast,urban,42.3601,-71.0589,1,1,82.83,29.0,16.3,0.0,open-meteo
2026-07-20,S007,P1032,PeakNomad Waterproof Trail Shoes 231,Rocky Top Outfitters - Boston,Boston,MA,Northeast,urban,42.3601,-71.0589,1,1,184.38,29.0,16.3,0.0,open-meteo
2026-07-20,S007,P1036,StormNomad 32oz Tumbler 235,Rocky Top Outfitters - Boston,Boston,MA,Northeast,urban,42.3601,-71.0589,1,4,504.72,29.0,16.3,0.0,open-meteo
2026-07-20,S007,P1048,PeakNomad Travel Tumbler 247,Rocky Top Outfitters - Boston,Boston,MA,Northeast,urban,42.3601,-71.0589,1,1,70.28,29.0,16.3,0.0,open-meteo
2026-07-20,S007,P1064,PeakNomad XL Cooler 263,Rocky Top Outfitters - Boston,Boston,MA,Northeast,urban,42.3601,-71.0589,2,4,2089.14,29.0,16.3,0.0,open-meteo
2026-07-20,S007,P1070,TrailRover Weekend Patio Heater 269,Rocky Top Outfitters - Boston,Boston,MA,Northeast,urban,42.3601,-71.0589,1,4,769.56,29.0,16.3,0.0,open-meteo
2026-07-20,S007,P1072,CanyonNomad Travel Tumbler 271,Rocky Top Outfitters - Boston,Boston,MA,Northeast,urban,42.3601,-71.0589,1,1,114.15,29.0,16.3,0.0,open-meteo
2026-07-20,S008,P1004,StormNomad Compact Cooler 203,Rocky Top Outfitters - Minneapolis,Minneapolis,MN,Midwest,suburban,44.9778,-93.265,2,4,373.66,32.2,21.6,1.0,open-meteo
2026-07-20,S008,P1006,TrailRover 20oz Tumbler 205,Rocky Top Outfitters - Minneapolis,Minneapolis,MN,Midwest,suburban,44.9778,-93.265,1,4,190.08,32.2,21.6,1.0,open-meteo
2026-07-20,S008,P1007,HearthRambler Stormproof Jacket 206,Rocky Top Outfitters - Minneapolis,Minneapolis,MN,Midwest,suburban,44.9778,-93.265,1,1,112.42,32.2,21.6,1.0,open-meteo
2026-07-20,S008,P1011,BoulderRambler Rechargeable Flashlight 210,Rocky Top Outfitters - Minneapolis,Minneapolis,MN,Midwest,suburban,44.9778,-93.265,1,2,266.14,32.2,21.6,1.0,open-meteo
2026-07-20,S008,P1012,CloudNomad 32oz Tumbler 211,Rocky Top Outfitters - Minneapolis,Minneapolis,MN,Midwest,suburban,44.9778,-93.265,2,3,364.8,32.2,21.6,1.0,open-meteo
2026-07-20,S008,P1013,FieldRunner Packable Jacket 212,Rocky Top Outfitters - Minneapolis,Minneapolis,MN,Midwest,suburban,44.9778,-93.265,1,1,77.91,32.2,21.6,1.0,open-meteo
2026-07-20,S008,P1020,StormNomad Approach Trail Shoes 219,Rocky Top Outfitters - Minneapolis,Minneapolis,MN,Midwest,suburban,44.9778,-93.265,1,1,211.48,32.2,21.6,1.0,open-meteo
2026-07-20,S008,P1033,SummitRunner 4P Tent 232,Rocky Top Outfitters - Minneapolis,Minneapolis,MN,Midwest,suburban,44.9778,-93.265,1,1,161.04,32.2,21.6,1.0,open-meteo
2026-07-20,S008,P1035,CreekRambler Rechargeable Flashlight 234,Rocky Top Outfitters - Minneapolis,Minneapolis,MN,Midwest,suburban,44.9778,-93.265,1,3,398.88,32.2,21.6,1.0,open-meteo
2026-07-20,S008,P1050,RidgeRover Mid Trail Shoes 249,Rocky Top Outfitters - Minneapolis,Minneapolis,MN,Midwest,suburban,44.9778,-93.265,1,2,135.56,32.2,21.6,1.0,open-meteo
2026-07-20,S008,P1051,CreekRambler 2P Camp Chair 250,Rocky Top Outfitters - Minneapolis,Minneapolis,MN,Midwest,suburban,44.9778,-93.265,1,3,1272.45,32.2,21.6,1.0,open-meteo
2026-07-20,S008,P1052,StormNomad Compact Cooler 251,Rocky Top Outfitters - Minneapolis,Minneapolis,MN,Midwest,suburban,44.9778,-93.265,1,1,369.46,32.2,21.6,1.0,open-meteo
2026-07-20,S008,P1059,BoulderRambler Rechargeable Flashlight 258,Rocky Top Outfitters - Minneapolis,Minneapolis,MN,Midwest,suburban,44.9778,-93.265,1,4,422.0,32.2,21.6,1.0,open-meteo
2026-07-20,S008,P1065,SummitRunner Mini Battery Pack 264,Rocky Top Outfitters - Minneapolis,Minneapolis,MN,Midwest,suburban,44.9778,-93.265,1,3,338.58,32.2,21.6,1.0,open-meteo
2026-07-20,S008,P1068,StormNomad Approach Trail Shoes 267,Rocky Top Outfitters - Minneapolis,Minneapolis,MN,Midwest,suburban,44.9778,-93.265,1,1,80.92,32.2,21.6,1.0,open-meteo
2026-07-20,S008,P1071,Unknown product (P1071),Rocky Top Outfitters - Minneapolis,Minneapolis,MN,Midwest,suburban,44.9778,-93.265,2,3,429.9,32.2,21.6,1.0,open-meteo
2026-07-20,S008,P1072,CanyonNomad Travel Tumbler 271,Rocky Top Outfitters - Minneapolis,Minneapolis,MN,Midwest,suburban,44.9778,-93.265,1,3,322.29,32.2,21.6,1.0,open-meteo
2026-07-21,S001,P1003,CreekRambler 2P Camp Chair 202,Rocky Top Outfitters - Knoxville,Knoxville,TN,Southeast,flagship,35.9606,-83.9207,2,4,1751.02,31.1,23.5,2.2,open-meteo
2026-07-21,S001,P1008,CanyonNomad Waterproof Trail Shoes 207,Rocky Top Outfitters - Knoxville,Knoxville,TN,Southeast,flagship,35.9606,-83.9207,1,3,500.16,31.1,23.5,2.2,open-meteo
2026-07-21,S001,P1017,SummitRunner Mini Battery Pack 216,Rocky Top Outfitters - Knoxville,Knoxville,TN,Southeast,flagship,35.9606,-83.9207,1,1,51.7,31.1,23.5,2.2,open-meteo
2026-07-21,S001,P1028,CloudNomad Compact Cooler 227,Rocky Top Outfitters - Knoxville,Knoxville,TN,Southeast,flagship,35.9606,-83.9207,1,1,647.52,31.1,23.5,2.2,open-meteo
2026-07-21,S001,P1034,RidgeRover Deluxe Patio Heater 233,Rocky Top Outfitters - Knoxville,Knoxville,TN,Southeast,flagship,35.9606,-83.9207,1,2,287.06,31.1,23.5,2.2,open-meteo
2026-07-21,S001,P1036,StormNomad 32oz Tumbler 235,Rocky Top Outfitters - Knoxville,Knoxville,TN,Southeast,flagship,35.9606,-83.9207,1,4,630.88,31.1,23.5,2.2,open-meteo
2026-07-21,S001,P1043,BoulderRambler Alpine Jacket 242,Rocky Top Outfitters - Knoxville,Knoxville,TN,Southeast,flagship,35.9606,-83.9207,3,7,1542.4,31.1,23.5,2.2,open-meteo
2026-07-21,S001,P1044,CloudNomad Approach Trail Shoes 243,Rocky Top Outfitters - Knoxville,Knoxville,TN,Southeast,flagship,35.9606,-83.9207,1,4,681.32,31.1,23.5,2.2,open-meteo
2026-07-21,S001,P1058,VistaRover Deluxe Patio Heater 257,Rocky Top Outfitters - Knoxville,Knoxville,TN,Southeast,flagship,35.9606,-83.9207,1,1,263.59,31.1,23.5,2.2,open-meteo
2026-07-21,S001,P1063,MoonRambler Ultralight Camp Chair 262,Rocky Top Outfitters - Knoxville,Knoxville,TN,Southeast,flagship,35.9606,-83.9207,1,3,191.82,31.1,23.5,2.2,open-meteo
2026-07-21,S001,P1073,Unknown product (P1073),Rocky Top Outfitters - Knoxville,Knoxville,TN,Southeast,flagship,35.9606,-83.9207,1,1,125.32,31.1,23.5,2.2,open-meteo
2026-07-21,S002,P1026,VistaRover Mid Trail Shoes 225,Rocky Top Outfitters - Miami,Miami,FL,Southeast,urban,25.7617,-80.1918,1,1,104.32,32.6,28.5,0.5,open-meteo
2026-07-21,S002,P1042,VistaRover Trail Tumbler 241,Rocky Top Outfitters - Miami,Miami,FL,Southeast,urban,25.7617,-80.1918,1,2,230.5,32.6,28.5,0.5,open-meteo
2026-07-21,S002,P1050,RidgeRover Mid Trail Shoes 249,Rocky Top Outfitters - Miami,Miami,FL,Southeast,urban,25.7617,-80.1918,1,4,271.12,32.6,28.5,0.5,open-meteo
2026-07-21,S002,P1051,CreekRambler 2P Camp Chair 250,Rocky Top Outfitters - Miami,Miami,FL,Southeast,urban,25.7617,-80.1918,1,3,1208.82,32.6,28.5,0.5,open-meteo
2026-07-21,S002,P1052,StormNomad Compact Cooler 251,Rocky Top Outfitters - Miami,Miami,FL,Southeast,urban,25.7617,-80.1918,1,1,311.13,32.6,28.5,0.5,open-meteo
2026-07-21,S002,P1055,HearthRambler Stormproof Jacket 254,Rocky Top Outfitters - Miami,Miami,FL,Southeast,urban,25.7617,-80.1918,1,4,1054.76,32.6,28.5,0.5,open-meteo
2026-07-21,S002,P1057,PineRunner 4P Tent 256,Rocky Top Outfitters - Miami,Miami,FL,Southeast,urban,25.7617,-80.1918,1,4,1476.6,32.6,28.5,0.5,open-meteo
2026-07-21,S002,P1064,PeakNomad XL Cooler 263,Rocky Top Outfitters - Miami,Miami,FL,Southeast,urban,25.7617,-80.1918,1,1,522.28,32.6,28.5,0.5,open-meteo
2026-07-21,S003,P1005,EmberRunner Storm Kit Battery Pack 204,Rocky Top Outfitters - Chicago,Chicago,IL,Midwest,urban,41.8781,-87.6298,1,4,446.16,29.2,19.7,6.0,open-meteo
2026-07-21,S003,P1011,BoulderRambler Rechargeable Flashlight 210,Rocky Top Outfitters - Chicago,Chicago,IL,Midwest,urban,41.8781,-87.6298,1,4,532.28,29.2,19.7,6.0,open-meteo
2026-07-21,S003,P1013,FieldRunner Packable Jacket 212,Rocky Top Outfitters - Chicago,Chicago,IL,Midwest,urban,41.8781,-87.6298,2,7,608.68,29.2,19.7,6.0,open-meteo
2026-07-21,S003,P1015,MoonRambler Ultralight Camp Chair 214,Rocky Top Outfitters - Chicago,Chicago,IL,Midwest,urban,41.8781,-87.6298,1,1,163.09,29.2,19.7,6.0,open-meteo
2026-07-21,S003,P1016,PeakNomad XL Cooler 215,Rocky Top Outfitters - Chicago,Chicago,IL,Midwest,urban,41.8781,-87.6298,1,2,1268.18,29.2,19.7,6.0,open-meteo
2026-07-21,S003,P1022,TrailRover Weekend Patio Heater 221,Rocky Top Outfitters - Chicago,Chicago,IL,Midwest,urban,41.8781,-87.6298,1,4,1321.6,29.2,19.7,6.0,open-meteo
2026-07-21,S003,P1026,VistaRover Mid Trail Shoes 225,Rocky Top Outfitters - Chicago,Chicago,IL,Midwest,urban,41.8781,-87.6298,1,2,234.72,29.2,19.7,6.0,open-meteo
2026-07-21,S003,P1028,CloudNomad Compact Cooler 227,Rocky Top Outfitters - Chicago,Chicago,IL,Midwest,urban,41.8781,-87.6298,1,1,647.52,29.2,19.7,6.0,open-meteo
2026-07-21,S003,P1038,TrailRover Wide Trail Shoes 237,Rocky Top Outfitters - Chicago,Chicago,IL,Midwest,urban,41.8781,-87.6298,1,4,748.16,29.2,19.7,6.0,open-meteo
2026-07-21,S003,P1044,CloudNomad Approach Trail Shoes 243,Rocky Top Outfitters - Chicago,Chicago,IL,Midwest,urban,41.8781,-87.6298,1,4,757.0,29.2,19.7,6.0,open-meteo
2026-07-21,S003,P1046,SwitchbackRover Weekend Patio Heater 245,Rocky Top Outfitters - Chicago,Chicago,IL,Midwest,urban,41.8781,-87.6298,1,3,700.26,29.2,19.7,6.0,open-meteo
2026-07-21,S003,P1047,MoonRambler Expedition Flashlight 246,Rocky Top Outfitters - Chicago,Chicago,IL,Midwest,urban,41.8781,-87.6298,1,2,113.8,29.2,19.7,6.0,open-meteo
2026-07-21,S003,P1048,PeakNomad Travel Tumbler 247,Rocky Top Outfitters - Chicago,Chicago,IL,Midwest,urban,41.8781,-87.6298,1,3,210.84,29.2,19.7,6.0,open-meteo
2026-07-21,S003,P1050,RidgeRover Mid Trail Shoes 249,Rocky Top Outfitters - Chicago,Chicago,IL,Midwest,urban,41.8781,-87.6298,1,1,75.31,29.2,19.7,6.0,open-meteo
2026-07-21,S003,P1061,FieldRunner Packable Jacket 260,Rocky Top Outfitters - Chicago,Chicago,IL,Midwest,urban,41.8781,-87.6298,1,1,147.84,29.2,19.7,6.0,open-meteo
2026-07-21,S003,P1065,SummitRunner Mini Battery Pack 264,Rocky Top Outfitters - Chicago,Chicago,IL,Midwest,urban,41.8781,-87.6298,1,1,112.86,29.2,19.7,6.0,open-meteo
2026-07-21,S003,P1071,Unknown product (P1071),Rocky Top Outfitters - Chicago,Chicago,IL,Midwest,urban,41.8781,-87.6298,1,3,429.9,29.2,19.7,6.0,open-meteo
2026-07-21,S003,P1077,FieldRunner Storm Kit Battery Pack 276,Rocky Top Outfitters - Chicago,Chicago,IL,Midwest,urban,41.8781,-87.6298,1,1,95.15,29.2,19.7,6.0,open-meteo
2026-07-21,S003,P1079,MoonRambler Stormproof Jacket 278,Rocky Top Outfitters - Chicago,Chicago,IL,Midwest,urban,41.8781,-87.6298,1,1,256.21,29.2,19.7,6.0,open-meteo
2026-07-21,S004,P1002,RidgeRover Mid Trail Shoes 201,Rocky Top Outfitters - Denver,Denver,CO,Mountain,flagship,39.7392,-104.9903,1,1,203.43,35.6,21.6,0.2,open-meteo
2026-07-21,S004,P1021,EmberRunner Basecamp Tent 220,Rocky Top Outfitters - Denver,Denver,CO,Mountain,flagship,39.7392,-104.9903,3,4,280.21,35.6,21.6,0.2,open-meteo
2026-07-21,S004,P1029,FieldRunner Storm Kit Battery Pack 228,Rocky Top Outfitters - Denver,Denver,CO,Mountain,flagship,39.7392,-104.9903,1,2,239.26,35.6,21.6,0.2,open-meteo
2026-07-21,S004,P1035,CreekRambler Rechargeable Flashlight 234,Rocky Top Outfitters - Denver,Denver,CO,Mountain,flagship,39.7392,-104.9903,1,4,531.84,35.6,21.6,0.2,open-meteo
2026-07-21,S004,P1045,FieldRunner Basecamp Tent 244,Rocky Top Outfitters - Denver,Denver,CO,Mountain,flagship,39.7392,-104.9903,1,1,348.41,35.6,21.6,0.2,open-meteo
2026-07-21,S004,P1050,RidgeRover Mid Trail Shoes 249,Rocky Top Outfitters - Denver,Denver,CO,Mountain,flagship,39.7392,-104.9903,1,2,150.62,35.6,21.6,0.2,open-meteo
2026-07-21,S004,P1051,CreekRambler 2P Camp Chair 250,Rocky Top Outfitters - Denver,Denver,CO,Mountain,flagship,39.7392,-104.9903,2,2,721.06,35.6,21.6,0.2,open-meteo
2026-07-21,S005,P1015,MoonRambler Ultralight Camp Chair 214,Rocky Top Outfitters - Phoenix,Phoenix,AZ,Southwest,suburban,33.4484,-112.074,1,2,345.36,38.2,27.7,0.1,open-meteo
2026-07-21,S005,P1016,PeakNomad XL Cooler 215,Rocky Top Outfitters - Phoenix,Phoenix,AZ,Southwest,suburban,33.4484,-112.074,1,3,1902.27,38.2,27.7,0.1,open-meteo
2026-07-21,S005,P1019,CreekRambler Alpine Jacket 218,Rocky Top Outfitters - Phoenix,Phoenix,AZ,Southwest,suburban,33.4484,-112.074,1,1,178.99,38.2,27.7,0.1,open-meteo
2026-07-21,S005,P1041,PineRunner Mini Battery Pack 240,Rocky Top Outfitters - Phoenix,Phoenix,AZ,Southwest,suburban,33.4484,-112.074,1,1,43.68,38.2,27.7,0.1,open-meteo
2026-07-21,S005,P1048,PeakNomad Travel Tumbler 247,Rocky Top Outfitters - Phoenix,Phoenix,AZ,Southwest,suburban,33.4484,-112.074,1,1,66.77,38.2,27.7,0.1,open-meteo
2026-07-21,S005,P1063,MoonRambler Ultralight Camp Chair 262,Rocky Top Outfitters - Phoenix,Phoenix,AZ,Southwest,suburban,33.4484,-112.074,1,2,143.86,38.2,27.7,0.1,open-meteo
2026-07-21,S005,P1068,StormNomad Approach Trail Shoes 267,Rocky Top Outfitters - Phoenix,Phoenix,AZ,Southwest,suburban,33.4484,-112.074,1,1,80.92,38.2,27.7,0.1,open-meteo
2026-07-21,S005,P1071,Unknown product (P1071),Rocky Top Outfitters - Phoenix,Phoenix,AZ,Southwest,suburban,33.4484,-112.074,1,2,286.6,38.2,27.7,0.1,open-meteo
2026-07-21,S005,P1078,SwitchbackRover 20oz Tumbler 277,Rocky Top Outfitters - Phoenix,Phoenix,AZ,Southwest,suburban,33.4484,-112.074,1,3,417.09,38.2,27.7,0.1,open-meteo
2026-07-21,S005,P1079,MoonRambler Stormproof Jacket 278,Rocky Top Outfitters - Phoenix,Phoenix,AZ,Southwest,suburban,33.4484,-112.074,1,3,768.63,38.2,27.7,0.1,open-meteo
2026-07-21,S005,P1080,PeakNomad Waterproof Trail Shoes 279,Rocky Top Outfitters - Phoenix,Phoenix,AZ,Southwest,suburban,33.4484,-112.074,1,3,386.1,38.2,27.7,0.1,open-meteo
2026-07-21,S006,P1013,FieldRunner Packable Jacket 212,Rocky Top Outfitters - Seattle,Seattle,WA,Pacific Northwest,urban,47.6062,-122.3321,1,2,175.3,31.7,17.5,0.0,open-meteo
2026-07-21,S006,P1016,PeakNomad XL Cooler 215,Rocky Top Outfitters - Seattle,Seattle,WA,Pacific Northwest,urban,47.6062,-122.3321,1,3,1902.27,31.7,17.5,0.0,open-meteo
2026-07-21,S006,P1022,TrailRover Weekend Patio Heater 221,Rocky Top Outfitters - Seattle,Seattle,WA,Pacific Northwest,urban,47.6062,-122.3321,1,1,388.71,31.7,17.5,0.0,open-meteo
2026-07-21,S006,P1027,BoulderRambler 2P Camp Chair 226,Rocky Top Outfitters - Seattle,Seattle,WA,Pacific Northwest,urban,47.6062,-122.3321,1,2,184.06,31.7,17.5,0.0,open-meteo
2026-07-21,S006,P1030,SwitchbackRover 20oz Tumbler 229,Rocky Top Outfitters - Seattle,Seattle,WA,Pacific Northwest,urban,47.6062,-122.3321,1,1,126.26,31.7,17.5,0.0,open-meteo
2026-07-21,S006,P1034,RidgeRover Deluxe Patio Heater 233,Rocky Top Outfitters - Seattle,Seattle,WA,Pacific Northwest,urban,47.6062,-122.3321,1,1,143.53,31.7,17.5,0.0,open-meteo
2026-07-21,S006,P1069,Unknown product (P1069),Rocky Top Outfitters - Seattle,Seattle,WA,Pacific Northwest,urban,47.6062,-122.3321,1,1,256.36,31.7,17.5,0.0,open-meteo
2026-07-21,S006,P1073,Unknown product (P1073),Rocky Top Outfitters - Seattle,Seattle,WA,Pacific Northwest,urban,47.6062,-122.3321,1,1,112.79,31.7,17.5,0.0,open-meteo
2026-07-21,S006,P1074,Unknown product (P1074),Rocky Top Outfitters - Seattle,Seattle,WA,Pacific Northwest,urban,47.6062,-122.3321,1,1,191.7,31.7,17.5,0.0,open-meteo
2026-07-21,S006,P1075,Unknown product (P1075),Rocky Top Outfitters - Seattle,Seattle,WA,Pacific Northwest,urban,47.6062,-122.3321,1,4,528.72,31.7,17.5,0.0,open-meteo
2026-07-21,S006,P1078,SwitchbackRover 20oz Tumbler 277,Rocky Top Outfitters - Seattle,Seattle,WA,Pacific Northwest,urban,47.6062,-122.3321,1,1,146.35,31.7,17.5,0.0,open-meteo
2026-07-21,S007,P1003,CreekRambler 2P Camp Chair 202,Rocky Top Outfitters - Boston,Boston,MA,Northeast,urban,42.3601,-71.0589,1,3,1346.94,26.9,17.4,12.6,open-meteo
2026-07-21,S007,P1021,EmberRunner Basecamp Tent 220,Rocky Top Outfitters - Boston,Boston,MA,Northeast,urban,42.3601,-71.0589,1,3,210.15,26.9,17.4,12.6,open-meteo
2026-07-21,S007,P1036,StormNomad 32oz Tumbler 235,Rocky Top Outfitters - Boston,Boston,MA,Northeast,urban,42.3601,-71.0589,1,1,157.72,26.9,17.4,12.6,open-meteo
2026-07-21,S007,P1037,EmberRunner Packable Jacket 236,Rocky Top Outfitters - Boston,Boston,MA,Northeast,urban,42.3601,-71.0589,1,1,91.75,26.9,17.4,12.6,open-meteo
2026-07-21,S007,P1048,PeakNomad Travel Tumbler 247,Rocky Top Outfitters - Boston,Boston,MA,Northeast,urban,42.3601,-71.0589,1,1,56.22,26.9,17.4,12.6,open-meteo
2026-07-21,S007,P1053,EmberRunner Storm Kit Battery Pack 252,Rocky Top Outfitters - Boston,Boston,MA,Northeast,urban,42.3601,-71.0589,1,1,103.1,26.9,17.4,12.6,open-meteo
2026-07-21,S007,P1054,TrailRover 20oz Tumbler 253,Rocky Top Outfitters - Boston,Boston,MA,Northeast,urban,42.3601,-71.0589,1,4,226.16,26.9,17.4,12.6,open-meteo
2026-07-21,S007,P1073,Unknown product (P1073),Rocky Top Outfitters - Boston,Boston,MA,Northeast,urban,42.3601,-71.0589,1,1,125.32,26.9,17.4,12.6,open-meteo
2026-07-21,S007,P1075,Unknown product (P1075),Rocky Top Outfitters - Boston,Boston,MA,Northeast,urban,42.3601,-71.0589,1,1,148.7,26.9,17.4,12.6,open-meteo
2026-07-21,S008,P1009,PineRunner 4P Tent 208,Rocky Top Outfitters - Minneapolis,Minneapolis,MN,Midwest,suburban,44.9778,-93.265,1,3,345.78,27.1,19.5,0.5,open-meteo
2026-07-21,S008,P1012,CloudNomad 32oz Tumbler 211,Rocky Top Outfitters - Minneapolis,Minneapolis,MN,Midwest,suburban,44.9778,-93.265,1,2,247.32,27.1,19.5,0.5,open-meteo
2026-07-21,S008,P1018,RidgeRover Trail Tumbler 217,Rocky Top Outfitters - Minneapolis,Minneapolis,MN,Midwest,suburban,44.9778,-93.265,1,4,521.44,27.1,19.5,0.5,open-meteo
2026-07-21,S008,P1029,FieldRunner Storm Kit Battery Pack 228,Rocky Top Outfitters - Minneapolis,Minneapolis,MN,Midwest,suburban,44.9778,-93.265,1,4,402.96,27.1,19.5,0.5,open-meteo
2026-07-21,S008,P1035,CreekRambler Rechargeable Flashlight 234,Rocky Top Outfitters - Minneapolis,Minneapolis,MN,Midwest,suburban,44.9778,-93.265,1,1,132.96,27.1,19.5,0.5,open-meteo
2026-07-21,S008,P1044,CloudNomad Approach Trail Shoes 243,Rocky Top Outfitters - Minneapolis,Minneapolis,MN,Midwest,suburban,44.9778,-93.265,1,1,189.25,27.1,19.5,0.5,open-meteo
2026-07-21,S008,P1068,StormNomad Approach Trail Shoes 267,Rocky Top Outfitters - Minneapolis,Minneapolis,MN,Midwest,suburban,44.9778,-93.265,1,1,80.92,27.1,19.5,0.5,open-meteo
2026-07-21,S008,P1072,CanyonNomad Travel Tumbler 271,Rocky Top Outfitters - Minneapolis,Minneapolis,MN,Midwest,suburban,44.9778,-93.265,1,1,127.58,27.1,19.5,0.5,open-meteo
2026-07-22,S001,P1010,VistaRover Deluxe Patio Heater 209,Rocky Top Outfitters - Knoxville,Knoxville,TN,Southeast,flagship,35.9606,-83.9207,1,4,2209.72,28.6,22.1,25.5,open-meteo
2026-07-22,S001,P1015,MoonRambler Ultralight Camp Chair 214,Rocky Top Outfitters - Knoxville,Knoxville,TN,Southeast,flagship,35.9606,-83.9207,1,2,326.18,28.6,22.1,25.5,open-meteo
2026-07-22,S001,P1019,CreekRambler Alpine Jacket 218,Rocky Top Outfitters - Knoxville,Knoxville,TN,Southeast,flagship,35.9606,-83.9207,1,1,178.99,28.6,22.1,25.5,open-meteo
2026-07-22,S001,P1021,EmberRunner Basecamp Tent 220,Rocky Top Outfitters - Knoxville,Knoxville,TN,Southeast,flagship,35.9606,-83.9207,1,1,58.99,28.6,22.1,25.5,open-meteo
2026-07-22,S001,P1024,CanyonNomad Travel Tumbler 223,Rocky Top Outfitters - Knoxville,Knoxville,TN,Southeast,flagship,35.9606,-83.9207,1,3,258.18,28.6,22.1,25.5,open-meteo
2026-07-22,S001,P1025,PineRunner Lightweight Jacket 224,Rocky Top Outfitters - Knoxville,Knoxville,TN,Southeast,flagship,35.9606,-83.9207,1,1,99.68,28.6,22.1,25.5,open-meteo
2026-07-22,S001,P1027,BoulderRambler 2P Camp Chair 226,Rocky Top Outfitters - Knoxville,Knoxville,TN,Southeast,flagship,35.9606,-83.9207,1,4,349.72,28.6,22.1,25.5,open-meteo
2026-07-22,S001,P1032,PeakNomad Waterproof Trail Shoes 231,Rocky Top Outfitters - Knoxville,Knoxville,TN,Southeast,flagship,35.9606,-83.9207,2,4,747.22,28.6,22.1,25.5,open-meteo
2026-07-22,S001,P1033,SummitRunner 4P Tent 232,Rocky Top Outfitters - Knoxville,Knoxville,TN,Southeast,flagship,35.9606,-83.9207,1,1,179.99,28.6,22.1,25.5,open-meteo
2026-07-22,S001,P1036,StormNomad 32oz Tumbler 235,Rocky Top Outfitters - Knoxville,Knoxville,TN,Southeast,flagship,35.9606,-83.9207,1,2,299.66,28.6,22.1,25.5,open-meteo
2026-07-22,S001,P1037,EmberRunner Packable Jacket 236,Rocky Top Outfitters - Knoxville,Knoxville,TN,Southeast,flagship,35.9606,-83.9207,1,2,146.8,28.6,22.1,25.5,open-meteo
2026-07-22,S001,P1049,SummitRunner Lightweight Jacket 248,Rocky Top Outfitters - Knoxville,Knoxville,TN,Southeast,flagship,35.9606,-83.9207,1,2,444.02,28.6,22.1,25.5,open-meteo
2026-07-22,S001,P1051,CreekRambler 2P Camp Chair 250,Rocky Top Outfitters - Knoxville,Knoxville,TN,Southeast,flagship,35.9606,-83.9207,1,3,1017.96,28.6,22.1,25.5,open-meteo
2026-07-22,S001,P1057,PineRunner 4P Tent 256,Rocky Top Outfitters - Knoxville,Knoxville,TN,Southeast,flagship,35.9606,-83.9207,1,3,984.42,28.6,22.1,25.5,open-meteo
2026-07-22,S001,P1058,VistaRover Deluxe Patio Heater 257,Rocky Top Outfitters - Knoxville,Knoxville,TN,Southeast,flagship,35.9606,-83.9207,1,1,263.59,28.6,22.1,25.5,open-meteo
2026-07-22,S001,P1059,BoulderRambler Rechargeable Flashlight 258,Rocky Top Outfitters - Knoxville,Knoxville,TN,Southeast,flagship,35.9606,-83.9207,1,2,211.0,28.6,22.1,25.5,open-meteo
2026-07-22,S001,P1072,CanyonNomad Travel Tumbler 271,Rocky Top Outfitters - Knoxville,Knoxville,TN,Southeast,flagship,35.9606,-83.9207,1,1,114.15,28.6,22.1,25.5,open-meteo
2026-07-22,S001,P1075,Unknown product (P1075),Rocky Top Outfitters - Knoxville,Knoxville,TN,Southeast,flagship,35.9606,-83.9207,2,3,495.66,28.6,22.1,25.5,open-meteo
2026-07-22,S001,P1077,FieldRunner Storm Kit Battery Pack 276,Rocky Top Outfitters - Knoxville,Knoxville,TN,Southeast,flagship,35.9606,-83.9207,1,1,85.64,28.6,22.1,25.5,open-meteo
2026-07-22,S002,P1002,RidgeRover Mid Trail Shoes 201,Rocky Top Outfitters - Miami,Miami,FL,Southeast,urban,25.7617,-80.1918,1,1,203.43,32.6,27.8,1.7,open-meteo
2026-07-22,S002,P1004,StormNomad Compact Cooler 203,Rocky Top Outfitters - Miami,Miami,FL,Southeast,urban,25.7617,-80.1918,1,4,395.64,32.6,27.8,1.7,open-meteo
2026-07-22,S002,P1008,CanyonNomad Waterproof Trail Shoes 207,Rocky Top Outfitters - Miami,Miami,FL,Southeast,urban,25.7617,-80.1918,1,4,631.8,32.6,27.8,1.7,open-meteo
2026-07-22,S002,P1010,VistaRover Deluxe Patio Heater 209,Rocky Top Outfitters - Miami,Miami,FL,Southeast,urban,25.7617,-80.1918,1,4,2209.72,32.6,27.8,1.7,open-meteo
2026-07-22,S002,P1013,FieldRunner Packable Jacket 212,Rocky Top Outfitters - Miami,Miami,FL,Southeast,urban,25.7617,-80.1918,1,2,185.04,32.6,27.8,1.7,open-meteo
2026-07-22,S002,P1014,SwitchbackRover Wide Trail Shoes 213,Rocky Top Outfitters - Miami,Miami,FL,Southeast,urban,25.7617,-80.1918,1,1,173.97,32.6,27.8,1.7,open-meteo
2026-07-22,S002,P1017,SummitRunner Mini Battery Pack 216,Rocky Top Outfitters - Miami,Miami,FL,Southeast,urban,25.7617,-80.1918,1,3,155.1,32.6,27.8,1.7,open-meteo
2026-07-22,S002,P1025,PineRunner Lightweight Jacket 224,Rocky Top Outfitters - Miami,Miami,FL,Southeast,urban,25.7617,-80.1918,1,3,373.8,32.6,27.8,1.7,open-meteo
2026-07-22,S002,P1038,TrailRover Wide Trail Shoes 237,Rocky Top Outfitters - Miami,Miami,FL,Southeast,urban,25.7617,-80.1918,1,2,354.38,32.6,27.8,1.7,open-meteo
2026-07-22,S002,P1039,HearthRambler Ultralight Camp Chair 238,Rocky Top Outfitters - Miami,Miami,FL,Southeast,urban,25.7617,-80.1918,1,2,735.68,32.6,27.8,1.7,open-meteo
2026-07-22,S002,P1055,HearthRambler Stormproof Jacket 254,Rocky Top Outfitters - Miami,Miami,FL,Southeast,urban,25.7617,-80.1918,1,2,499.62,32.6,27.8,1.7,open-meteo
2026-07-22,S002,P1056,CanyonNomad Waterproof Trail Shoes 255,Rocky Top Outfitters - Miami,Miami,FL,Southeast,urban,25.7617,-80.1918,1,4,576.04,32.6,27.8,1.7,open-meteo
2026-07-22,S002,P1066,RidgeRover Trail Tumbler 265,Rocky Top Outfitters - Miami,Miami,FL,Southeast,urban,25.7617,-80.1918,1,2,199.28,32.6,27.8,1.7,open-meteo
2026-07-22,S002,P1067,CreekRambler Alpine Jacket 266,Rocky Top Outfitters - Miami,Miami,FL,Southeast,urban,25.7617,-80.1918,1,1,266.98,32.6,27.8,1.7,open-meteo
2026-07-22,S002,P1072,CanyonNomad Travel Tumbler 271,Rocky Top Outfitters - Miami,Miami,FL,Southeast,urban,25.7617,-80.1918,1,4,456.6,32.6,27.8,1.7,open-meteo
2026-07-22,S002,P1080,PeakNomad Waterproof Trail Shoes 279,Rocky Top Outfitters - Miami,Miami,FL,Southeast,urban,25.7617,-80.1918,2,3,386.1,32.6,27.8,1.7,open-meteo
2026-07-22,S003,P1002,RidgeRover Mid Trail Shoes 201,Rocky Top Outfitters - Chicago,Chicago,IL,Midwest,urban,41.8781,-87.6298,1,2,406.86,20.9,17.3,1.4,open-meteo
2026-07-22,S003,P1007,HearthRambler Stormproof Jacket 206,Rocky Top Outfitters - Chicago,Chicago,IL,Midwest,urban,41.8781,-87.6298,1,1,95.56,20.9,17.3,1.4,open-meteo
2026-07-22,S003,P1012,CloudNomad 32oz Tumbler 211,Rocky Top Outfitters - Chicago,Chicago,IL,Midwest,urban,41.8781,-87.6298,1,4,494.64,20.9,17.3,1.4,open-meteo
2026-07-22,S003,P1016,PeakNomad XL Cooler 215,Rocky Top Outfitters - Chicago,Chicago,IL,Midwest,urban,41.8781,-87.6298,1,1,602.39,20.9,17.3,1.4,open-meteo
2026-07-22,S003,P1019,CreekRambler Alpine Jacket 218,Rocky Top Outfitters - Chicago,Chicago,IL,Midwest,urban,41.8781,-87.6298,1,1,170.04,20.9,17.3,1.4,open-meteo
2026-07-22,S003,P1028,CloudNomad Compact Cooler 227,Rocky Top Outfitters - Chicago,Chicago,IL,Midwest,urban,41.8781,-87.6298,1,4,2201.56,20.9,17.3,1.4,open-meteo
2026-07-22,S003,P1030,SwitchbackRover 20oz Tumbler 229,Rocky Top Outfitters - Chicago,Chicago,IL,Midwest,urban,41.8781,-87.6298,1,2,252.52,20.9,17.3,1.4,open-meteo
2026-07-22,S003,P1044,CloudNomad Approach Trail Shoes 243,Rocky Top Outfitters - Chicago,Chicago,IL,Midwest,urban,41.8781,-87.6298,1,2,378.5,20.9,17.3,1.4,open-meteo
2026-07-22,S003,P1046,SwitchbackRover Weekend Patio Heater 245,Rocky Top Outfitters - Chicago,Chicago,IL,Midwest,urban,41.8781,-87.6298,1,2,443.5,20.9,17.3,1.4,open-meteo
2026-07-22,S003,P1061,FieldRunner Packable Jacket 260,Rocky Top Outfitters - Chicago,Chicago,IL,Midwest,urban,41.8781,-87.6298,1,1,133.06,20.9,17.3,1.4,open-meteo
2026-07-22,S003,P1070,TrailRover Weekend Patio Heater 269,Rocky Top Outfitters - Chicago,Chicago,IL,Midwest,urban,41.8781,-87.6298,3,5,992.35,20.9,17.3,1.4,open-meteo
2026-07-22,S003,P1071,Unknown product (P1071),Rocky Top Outfitters - Chicago,Chicago,IL,Midwest,urban,41.8781,-87.6298,1,3,386.91,20.9,17.3,1.4,open-meteo
2026-07-22,S003,P1073,Unknown product (P1073),Rocky Top Outfitters - Chicago,Chicago,IL,Midwest,urban,41.8781,-87.6298,1,3,300.78,20.9,17.3,1.4,open-meteo
2026-07-22,S003,P1076,CloudNomad Compact Cooler 275,Rocky Top Outfitters - Chicago,Chicago,IL,Midwest,urban,41.8781,-87.6298,1,1,686.08,20.9,17.3,1.4,open-meteo
2026-07-22,S003,P1078,SwitchbackRover 20oz Tumbler 277,Rocky Top Outfitters - Chicago,Chicago,IL,Midwest,urban,41.8781,-87.6298,1,3,439.05,20.9,17.3,1.4,open-meteo
2026-07-22,S004,P1004,StormNomad Compact Cooler 203,Rocky Top Outfitters - Denver,Denver,CO,Mountain,flagship,39.7392,-104.9903,1,2,186.84,32.2,18.7,1.8,open-meteo
2026-07-22,S004,P1010,VistaRover Deluxe Patio Heater 209,Rocky Top Outfitters - Denver,Denver,CO,Mountain,flagship,39.7392,-104.9903,2,2,994.37,32.2,18.7,1.8,open-meteo
2026-07-22,S004,P1013,FieldRunner Packable Jacket 212,Rocky Top Outfitters - Denver,Denver,CO,Mountain,flagship,39.7392,-104.9903,2,3,262.95,32.2,18.7,1.8,open-meteo
2026-07-22,S004,P1015,MoonRambler Ultralight Camp Chair 214,Rocky Top Outfitters - Denver,Denver,CO,Mountain,flagship,39.7392,-104.9903,1,1,191.87,32.2,18.7,1.8,open-meteo
2026-07-22,S004,P1017,SummitRunner Mini Battery Pack 216,Rocky Top Outfitters - Denver,Denver,CO,Mountain,flagship,39.7392,-104.9903,1,3,193.89,32.2,18.7,1.8,open-meteo
2026-07-22,S004,P1018,RidgeRover Trail Tumbler 217,Rocky Top Outfitters - Denver,Denver,CO,Mountain,flagship,39.7392,-104.9903,1,2,276.04,32.2,18.7,1.8,open-meteo
2026-07-22,S004,P1029,FieldRunner Storm Kit Battery Pack 228,Rocky Top Outfitters - Denver,Denver,CO,Mountain,flagship,39.7392,-104.9903,1,2,251.86,32.2,18.7,1.8,open-meteo
2026-07-22,S004,P1030,SwitchbackRover 20oz Tumbler 229,Rocky Top Outfitters - Denver,Denver,CO,Mountain,flagship,39.7392,-104.9903,1,1,119.95,32.2,18.7,1.8,open-meteo
2026-07-22,S004,P1034,RidgeRover Deluxe Patio Heater 233,Rocky Top Outfitters - Denver,Denver,CO,Mountain,flagship,39.7392,-104.9903,1,2,320.84,32.2,18.7,1.8,open-meteo
2026-07-22,S004,P1036,StormNomad 32oz Tumbler 235,Rocky Top Outfitters - Denver,Denver,CO,Mountain,flagship,39.7392,-104.9903,1,1,157.72,32.2,18.7,1.8,open-meteo
2026-07-22,S004,P1039,HearthRambler Ultralight Camp Chair 238,Rocky Top Outfitters - Denver,Denver,CO,Mountain,flagship,39.7392,-104.9903,1,3,882.81,32.2,18.7,1.8,open-meteo
2026-07-22,S004,P1042,VistaRover Trail Tumbler 241,Rocky Top Outfitters - Denver,Denver,CO,Mountain,flagship,39.7392,-104.9903,1,3,345.75,32.2,18.7,1.8,open-meteo
2026-07-22,S004,P1045,FieldRunner Basecamp Tent 244,Rocky Top Outfitters - Denver,Denver,CO,Mountain,flagship,39.7392,-104.9903,1,2,592.3,32.2,18.7,1.8,open-meteo
2026-07-22,S004,P1047,MoonRambler Expedition Flashlight 246,Rocky Top Outfitters - Denver,Denver,CO,Mountain,flagship,39.7392,-104.9903,1,1,56.9,32.2,18.7,1.8,open-meteo
2026-07-22,S004,P1048,PeakNomad Travel Tumbler 247,Rocky Top Outfitters - Denver,Denver,CO,Mountain,flagship,39.7392,-104.9903,1,1,70.28,32.2,18.7,1.8,open-meteo
2026-07-22,S004,P1064,PeakNomad XL Cooler 263,Rocky Top Outfitters - Denver,Denver,CO,Mountain,flagship,39.7392,-104.9903,1,2,983.12,32.2,18.7,1.8,open-meteo
2026-07-22,S004,P1066,RidgeRover Trail Tumbler 265,Rocky Top Outfitters - Denver,Denver,CO,Mountain,flagship,39.7392,-104.9903,1,2,188.78,32.2,18.7,1.8,open-meteo
2026-07-22,S004,P1075,Unknown product (P1075),Rocky Top Outfitters - Denver,Denver,CO,Mountain,flagship,39.7392,-104.9903,1,2,280.88,32.2,18.7,1.8,open-meteo
2026-07-22,S004,P1079,MoonRambler Stormproof Jacket 278,Rocky Top Outfitters - Denver,Denver,CO,Mountain,flagship,39.7392,-104.9903,1,4,1024.84,32.2,18.7,1.8,open-meteo
2026-07-22,S005,P1002,RidgeRover Mid Trail Shoes 201,Rocky Top Outfitters - Phoenix,Phoenix,AZ,Southwest,suburban,33.4484,-112.074,1,4,813.72,40.1,25.2,3.5,open-meteo
2026-07-22,S005,P1005,EmberRunner Storm Kit Battery Pack 204,Rocky Top Outfitters - Phoenix,Phoenix,AZ,Southwest,suburban,33.4484,-112.074,1,2,211.92,40.1,25.2,3.5,open-meteo
2026-07-22,S005,P1007,HearthRambler Stormproof Jacket 206,Rocky Top Outfitters - Phoenix,Phoenix,AZ,Southwest,suburban,33.4484,-112.074,1,3,320.4,40.1,25.2,3.5,open-meteo
2026-07-22,S005,P1009,PineRunner 4P Tent 208,Rocky Top Outfitters - Phoenix,Phoenix,AZ,Southwest,suburban,33.4484,-112.074,1,4,461.04,40.1,25.2,3.5,open-meteo
2026-07-22,S005,P1012,CloudNomad 32oz Tumbler 211,Rocky Top Outfitters - Phoenix,Phoenix,AZ,Southwest,suburban,33.4484,-112.074,1,1,111.29,40.1,25.2,3.5,open-meteo
2026-07-22,S005,P1017,SummitRunner Mini Battery Pack 216,Rocky Top Outfitters - Phoenix,Phoenix,AZ,Southwest,suburban,33.4484,-112.074,1,1,64.63,40.1,25.2,3.5,open-meteo
2026-07-22,S005,P1018,RidgeRover Trail Tumbler 217,Rocky Top Outfitters - Phoenix,Phoenix,AZ,Southwest,suburban,33.4484,-112.074,1,1,153.36,40.1,25.2,3.5,open-meteo
2026-07-22,S005,P1020,StormNomad Approach Trail Shoes 219,Rocky Top Outfitters - Phoenix,Phoenix,AZ,Southwest,suburban,33.4484,-112.074,1,1,190.33,40.1,25.2,3.5,open-meteo
2026-07-22,S005,P1030,SwitchbackRover 20oz Tumbler 229,Rocky Top Outfitters - Phoenix,Phoenix,AZ,Southwest,suburban,33.4484,-112.074,1,2,214.64,40.1,25.2,3.5,open-meteo
2026-07-22,S005,P1036,StormNomad 32oz Tumbler 235,Rocky Top Outfitters - Phoenix,Phoenix,AZ,Southwest,suburban,33.4484,-112.074,1,2,252.36,40.1,25.2,3.5,open-meteo
2026-07-22,S005,P1039,HearthRambler Ultralight Camp Chair 238,Rocky Top Outfitters - Phoenix,Phoenix,AZ,Southwest,suburban,33.4484,-112.074,2,3,1029.95,40.1,25.2,3.5,open-meteo
2026-07-22,S005,P1041,PineRunner Mini Battery Pack 240,Rocky Top Outfitters - Phoenix,Phoenix,AZ,Southwest,suburban,33.4484,-112.074,1,1,54.6,40.1,25.2,3.5,open-meteo
2026-07-22,S005,P1045,FieldRunner Basecamp Tent 244,Rocky Top Outfitters - Phoenix,Phoenix,AZ,Southwest,suburban,33.4484,-112.074,1,1,296.15,40.1,25.2,3.5,open-meteo
2026-07-22,S005,P1055,HearthRambler Stormproof Jacket 254,Rocky Top Outfitters - Phoenix,Phoenix,AZ,Southwest,suburban,33.4484,-112.074,1,2,555.14,40.1,25.2,3.5,open-meteo
2026-07-22,S005,P1060,CloudNomad 32oz Tumbler 259,Rocky Top Outfitters - Phoenix,Phoenix,AZ,Southwest,suburban,33.4484,-112.074,1,2,247.02,40.1,25.2,3.5,open-meteo
2026-07-22,S005,P1064,PeakNomad XL Cooler 263,Rocky Top Outfitters - Phoenix,Phoenix,AZ,Southwest,suburban,33.4484,-112.074,1,1,614.45,40.1,25.2,3.5,open-meteo
2026-07-22,S005,P1068,StormNomad Approach Trail Shoes 267,Rocky Top Outfitters - Phoenix,Phoenix,AZ,Southwest,suburban,33.4484,-112.074,1,3,242.76,40.1,25.2,3.5,open-meteo
2026-07-22,S005,P1074,Unknown product (P1074),Rocky Top Outfitters - Phoenix,Phoenix,AZ,Southwest,suburban,33.4484,-112.074,1,1,153.36,40.1,25.2,3.5,open-meteo
2026-07-22,S005,P1075,Unknown product (P1075),Rocky Top Outfitters - Phoenix,Phoenix,AZ,Southwest,suburban,33.4484,-112.074,1,2,330.44,40.1,25.2,3.5,open-meteo
2026-07-22,S006,P1014,SwitchbackRover Wide Trail Shoes 213,Rocky Top Outfitters - Seattle,Seattle,WA,Pacific Northwest,urban,47.6062,-122.3321,1,2,388.88,31.4,18.2,0.0,open-meteo
2026-07-22,S006,P1021,EmberRunner Basecamp Tent 220,Rocky Top Outfitters - Seattle,Seattle,WA,Pacific Northwest,urban,47.6062,-122.3321,2,3,202.78,31.4,18.2,0.0,open-meteo
2026-07-22,S006,P1022,TrailRover Weekend Patio Heater 221,Rocky Top Outfitters - Seattle,Seattle,WA,Pacific Northwest,urban,47.6062,-122.3321,2,3,971.78,31.4,18.2,0.0,open-meteo
2026-07-22,S006,P1024,CanyonNomad Travel Tumbler 223,Rocky Top Outfitters - Seattle,Seattle,WA,Pacific Northwest,urban,47.6062,-122.3321,1,1,72.47,31.4,18.2,0.0,open-meteo
2026-07-22,S006,P1025,PineRunner Lightweight Jacket 224,Rocky Top Outfitters - Seattle,Seattle,WA,Pacific Northwest,urban,47.6062,-122.3321,1,1,105.91,31.4,18.2,0.0,open-meteo
2026-07-22,S006,P1026,VistaRover Mid Trail Shoes 225,Rocky Top Outfitters - Seattle,Seattle,WA,Pacific Northwest,urban,47.6062,-122.3321,1,1,110.84,31.4,18.2,0.0,open-meteo
2026-07-22,S006,P1030,SwitchbackRover 20oz Tumbler 229,Rocky Top Outfitters - Seattle,Seattle,WA,Pacific Northwest,urban,47.6062,-122.3321,1,1,126.26,31.4,18.2,0.0,open-meteo
2026-07-22,S006,P1036,StormNomad 32oz Tumbler 235,Rocky Top Outfitters - Seattle,Seattle,WA,Pacific Northwest,urban,47.6062,-122.3321,1,4,630.88,31.4,18.2,0.0,open-meteo
2026-07-22,S006,P1037,EmberRunner Packable Jacket 236,Rocky Top Outfitters - Seattle,Seattle,WA,Pacific Northwest,urban,47.6062,-122.3321,1,3,220.2,31.4,18.2,0.0,open-meteo
2026-07-22,S006,P1053,EmberRunner Storm Kit Battery Pack 252,Rocky Top Outfitters - Seattle,Seattle,WA,Pacific Northwest,urban,47.6062,-122.3321,1,2,217.06,31.4,18.2,0.0,open-meteo
2026-07-22,S006,P1060,CloudNomad 32oz Tumbler 259,Rocky Top Outfitters - Seattle,Seattle,WA,Pacific Northwest,urban,47.6062,-122.3321,1,1,131.23,31.4,18.2,0.0,open-meteo
2026-07-22,S006,P1062,SwitchbackRover Wide Trail Shoes 261,Rocky Top Outfitters - Seattle,Seattle,WA,Pacific Northwest,urban,47.6062,-122.3321,1,2,290.18,31.4,18.2,0.0,open-meteo
2026-07-22,S006,P1063,MoonRambler Ultralight Camp Chair 262,Rocky Top Outfitters - Seattle,Seattle,WA,Pacific Northwest,urban,47.6062,-122.3321,1,2,151.84,31.4,18.2,0.0,open-meteo
2026-07-22,S006,P1073,Unknown product (P1073),Rocky Top Outfitters - Seattle,Seattle,WA,Pacific Northwest,urban,47.6062,-122.3321,1,3,375.96,31.4,18.2,0.0,open-meteo
2026-07-22,S007,P1002,RidgeRover Mid Trail Shoes 201,Rocky Top Outfitters - Boston,Boston,MA,Northeast,urban,42.3601,-71.0589,1,1,193.26,28.7,20.4,6.1,open-meteo
2026-07-22,S007,P1003,CreekRambler 2P Camp Chair 202,Rocky Top Outfitters - Boston,Boston,MA,Northeast,urban,42.3601,-71.0589,1,2,897.96,28.7,20.4,6.1,open-meteo
2026-07-22,S007,P1004,StormNomad Compact Cooler 203,Rocky Top Outfitters - Boston,Boston,MA,Northeast,urban,42.3601,-71.0589,1,1,93.42,28.7,20.4,6.1,open-meteo
2026-07-22,S007,P1018,RidgeRover Trail Tumbler 217,Rocky Top Outfitters - Boston,Boston,MA,Northeast,urban,42.3601,-71.0589,1,2,306.72,28.7,20.4,6.1,open-meteo
2026-07-22,S007,P1020,StormNomad Approach Trail Shoes 219,Rocky Top Outfitters - Boston,Boston,MA,Northeast,urban,42.3601,-71.0589,1,1,169.18,28.7,20.4,6.1,open-meteo
2026-07-22,S007,P1022,TrailRover Weekend Patio Heater 221,Rocky Top Outfitters - Boston,Boston,MA,Northeast,urban,42.3601,-71.0589,1,2,777.42,28.7,20.4,6.1,open-meteo
2026-07-22,S007,P1024,CanyonNomad Travel Tumbler 223,Rocky Top Outfitters - Boston,Boston,MA,Northeast,urban,42.3601,-71.0589,1,1,90.59,28.7,20.4,6.1,open-meteo
2026-07-22,S007,P1028,CloudNomad Compact Cooler 227,Rocky Top Outfitters - Boston,Boston,MA,Northeast,urban,42.3601,-71.0589,2,6,3885.12,28.7,20.4,6.1,open-meteo
2026-07-22,S007,P1032,PeakNomad Waterproof Trail Shoes 231,Rocky Top Outfitters - Boston,Boston,MA,Northeast,urban,42.3601,-71.0589,1,2,368.76,28.7,20.4,6.1,open-meteo
2026-07-22,S007,P1033,SummitRunner 4P Tent 232,Rocky Top Outfitters - Boston,Boston,MA,Northeast,urban,42.3601,-71.0589,1,3,568.38,28.7,20.4,6.1,open-meteo
2026-07-22,S007,P1034,RidgeRover Deluxe Patio Heater 233,Rocky Top Outfitters - Boston,Boston,MA,Northeast,urban,42.3601,-71.0589,1,1,168.86,28.7,20.4,6.1,open-meteo
2026-07-22,S007,P1037,EmberRunner Packable Jacket 236,Rocky Top Outfitters - Boston,Boston,MA,Northeast,urban,42.3601,-71.0589,2,2,183.5,28.7,20.4,6.1,open-meteo
2026-07-22,S007,P1038,TrailRover Wide Trail Shoes 237,Rocky Top Outfitters - Boston,Boston,MA,Northeast,urban,42.3601,-71.0589,1,1,196.88,28.7,20.4,6.1,open-meteo
2026-07-22,S007,P1042,VistaRover Trail Tumbler 241,Rocky Top Outfitters - Boston,Boston,MA,Northeast,urban,42.3601,-71.0589,1,4,368.8,28.7,20.4,6.1,open-meteo
2026-07-22,S007,P1048,PeakNomad Travel Tumbler 247,Rocky Top Outfitters - Boston,Boston,MA,Northeast,urban,42.3601,-71.0589,1,1,59.74,28.7,20.4,6.1,open-meteo
2026-07-22,S007,P1056,CanyonNomad Waterproof Trail Shoes 255,Rocky Top Outfitters - Boston,Boston,MA,Northeast,urban,42.3601,-71.0589,2,2,230.42,28.7,20.4,6.1,open-meteo
2026-07-22,S007,P1058,VistaRover Deluxe Patio Heater 257,Rocky Top Outfitters - Boston,Boston,MA,Northeast,urban,42.3601,-71.0589,1,1,250.41,28.7,20.4,6.1,open-meteo
2026-07-22,S007,P1060,CloudNomad 32oz Tumbler 259,Rocky Top Outfitters - Boston,Boston,MA,Northeast,urban,42.3601,-71.0589,1,1,154.39,28.7,20.4,6.1,open-meteo
2026-07-22,S007,P1067,CreekRambler Alpine Jacket 266,Rocky Top Outfitters - Boston,Boston,MA,Northeast,urban,42.3601,-71.0589,1,4,1067.92,28.7,20.4,6.1,open-meteo
2026-07-22,S007,P1073,Unknown product (P1073),Rocky Top Outfitters - Boston,Boston,MA,Northeast,urban,42.3601,-71.0589,1,1,125.32,28.7,20.4,6.1,open-meteo
2026-07-22,S007,P1075,Unknown product (P1075),Rocky Top Outfitters - Boston,Boston,MA,Northeast,urban,42.3601,-71.0589,1,3,495.66,28.7,20.4,6.1,open-meteo
2026-07-22,S007,P1079,MoonRambler Stormproof Jacket 278,Rocky Top Outfitters - Boston,Boston,MA,Northeast,urban,42.3601,-71.0589,1,1,230.59,28.7,20.4,6.1,open-meteo
2026-07-22,S008,P1001,SummitRunner Lightweight Jacket 200,Rocky Top Outfitters - Minneapolis,Minneapolis,MN,Midwest,suburban,44.9778,-93.265,1,1,130.82,22.0,15.4,0.0,open-meteo
2026-07-22,S008,P1002,RidgeRover Mid Trail Shoes 201,Rocky Top Outfitters - Minneapolis,Minneapolis,MN,Midwest,suburban,44.9778,-93.265,1,3,610.29,22.0,15.4,0.0,open-meteo
2026-07-22,S008,P1003,CreekRambler 2P Camp Chair 202,Rocky Top Outfitters - Minneapolis,Minneapolis,MN,Midwest,suburban,44.9778,-93.265,1,1,448.98,22.0,15.4,0.0,open-meteo
2026-07-22,S008,P1004,StormNomad Compact Cooler 203,Rocky Top Outfitters - Minneapolis,Minneapolis,MN,Midwest,suburban,44.9778,-93.265,1,3,263.76,22.0,15.4,0.0,open-meteo
2026-07-22,S008,P1005,EmberRunner Storm Kit Battery Pack 204,Rocky Top Outfitters - Minneapolis,Minneapolis,MN,Midwest,suburban,44.9778,-93.265,1,4,356.92,22.0,15.4,0.0,open-meteo
2026-07-22,S008,P1008,CanyonNomad Waterproof Trail Shoes 207,Rocky Top Outfitters - Minneapolis,Minneapolis,MN,Midwest,suburban,44.9778,-93.265,1,2,298.34,22.0,15.4,0.0,open-meteo
2026-07-22,S008,P1014,SwitchbackRover Wide Trail Shoes 213,Rocky Top Outfitters - Minneapolis,Minneapolis,MN,Midwest,suburban,44.9778,-93.265,1,2,409.34,22.0,15.4,0.0,open-meteo
2026-07-22,S008,P1015,MoonRambler Ultralight Camp Chair 214,Rocky Top Outfitters - Minneapolis,Minneapolis,MN,Midwest,suburban,44.9778,-93.265,1,2,345.36,22.0,15.4,0.0,open-meteo
2026-07-22,S008,P1023,HearthRambler Expedition Flashlight 222,Rocky Top Outfitters - Minneapolis,Minneapolis,MN,Midwest,suburban,44.9778,-93.265,1,4,452.6,22.0,15.4,0.0,open-meteo
2026-07-22,S008,P1030,SwitchbackRover 20oz Tumbler 229,Rocky Top Outfitters - Minneapolis,Minneapolis,MN,Midwest,suburban,44.9778,-93.265,1,2,239.9,22.0,15.4,0.0,open-meteo
2026-07-22,S008,P1034,RidgeRover Deluxe Patio Heater 233,Rocky Top Outfitters - Minneapolis,Minneapolis,MN,Midwest,suburban,44.9778,-93.265,1,2,287.06,22.0,15.4,0.0,open-meteo
2026-07-22,S008,P1036,StormNomad 32oz Tumbler 235,Rocky Top Outfitters - Minneapolis,Minneapolis,MN,Midwest,suburban,44.9778,-93.265,1,2,315.44,22.0,15.4,0.0,open-meteo
2026-07-22,S008,P1038,TrailRover Wide Trail Shoes 237,Rocky Top Outfitters - Minneapolis,Minneapolis,MN,Midwest,suburban,44.9778,-93.265,1,2,393.76,22.0,15.4,0.0,open-meteo
2026-07-22,S008,P1045,FieldRunner Basecamp Tent 244,Rocky Top Outfitters - Minneapolis,Minneapolis,MN,Midwest,suburban,44.9778,-93.265,1,1,348.41,22.0,15.4,0.0,open-meteo
2026-07-22,S008,P1048,PeakNomad Travel Tumbler 247,Rocky Top Outfitters - Minneapolis,Minneapolis,MN,Midwest,suburban,44.9778,-93.265,1,3,168.66,22.0,15.4,0.0,open-meteo
2026-07-22,S008,P1050,RidgeRover Mid Trail Shoes 249,Rocky Top Outfitters - Minneapolis,Minneapolis,MN,Midwest,suburban,44.9778,-93.265,3,4,282.41,22.0,15.4,0.0,open-meteo
2026-07-22,S008,P1054,TrailRover 20oz Tumbler 253,Rocky Top Outfitters - Minneapolis,Minneapolis,MN,Midwest,suburban,44.9778,-93.265,2,3,190.84,22.0,15.4,0.0,open-meteo
2026-07-22,S008,P1062,SwitchbackRover Wide Trail Shoes 261,Rocky Top Outfitters - Minneapolis,Minneapolis,MN,Midwest,suburban,44.9778,-93.265,1,1,170.69,22.0,15.4,0.0,open-meteo
2026-07-22,S008,P1073,Unknown product (P1073),Rocky Top Outfitters - Minneapolis,Minneapolis,MN,Midwest,suburban,44.9778,-93.265,1,2,250.64,22.0,15.4,0.0,open-meteo
2026-07-22,S008,P1074,Unknown product (P1074),Rocky Top Outfitters - Minneapolis,Minneapolis,MN,Midwest,suburban,44.9778,-93.265,1,3,575.1,22.0,15.4,0.0,open-meteo
2026-07-22,S008,P1076,CloudNomad Compact Cooler 275,Rocky Top Outfitters - Minneapolis,Minneapolis,MN,Midwest,suburban,44.9778,-93.265,1,1,583.17,22.0,15.4,0.0,open-meteo
2026-07-22,S008,P1077,FieldRunner Storm Kit Battery Pack 276,Rocky Top Outfitters - Minneapolis,Minneapolis,MN,Midwest,suburban,44.9778,-93.265,1,4,380.6,22.0,15.4,0.0,open-meteo
2026-07-23,S001,P1012,CloudNomad 32oz Tumbler 211,Rocky Top Outfitters - Knoxville,Knoxville,TN,Southeast,flagship,35.9606,-83.9207,1,1,123.66,28.5,20.8,20.5,open-meteo
2026-07-23,S001,P1015,MoonRambler Ultralight Camp Chair 214,Rocky Top Outfitters - Knoxville,Knoxville,TN,Southeast,flagship,35.9606,-83.9207,1,4,767.48,28.5,20.8,20.5,open-meteo
2026-07-23,S001,P1017,SummitRunner Mini Battery Pack 216,Rocky Top Outfitters - Knoxville,Knoxville,TN,Southeast,flagship,35.9606,-83.9207,1,1,51.7,28.5,20.8,20.5,open-meteo
2026-07-23,S001,P1020,StormNomad Approach Trail Shoes 219,Rocky Top Outfitters - Knoxville,Knoxville,TN,Southeast,flagship,35.9606,-83.9207,1,1,169.18,28.5,20.8,20.5,open-meteo
2026-07-23,S001,P1026,VistaRover Mid Trail Shoes 225,Rocky Top Outfitters - Knoxville,Knoxville,TN,Southeast,flagship,35.9606,-83.9207,1,2,260.8,28.5,20.8,20.5,open-meteo
2026-07-23,S001,P1031,MoonRambler Stormproof Jacket 230,Rocky Top Outfitters - Knoxville,Knoxville,TN,Southeast,flagship,35.9606,-83.9207,1,4,624.72,28.5,20.8,20.5,open-meteo
2026-07-23,S001,P1036,StormNomad 32oz Tumbler 235,Rocky Top Outfitters - Knoxville,Knoxville,TN,Southeast,flagship,35.9606,-83.9207,1,1,126.18,28.5,20.8,20.5,open-meteo
2026-07-23,S001,P1040,CanyonNomad XL Cooler 239,Rocky Top Outfitters - Knoxville,Knoxville,TN,Southeast,flagship,35.9606,-83.9207,2,3,272.03,28.5,20.8,20.5,open-meteo
2026-07-23,S001,P1050,RidgeRover Mid Trail Shoes 249,Rocky Top Outfitters - Knoxville,Knoxville,TN,Southeast,flagship,35.9606,-83.9207,1,1,75.31,28.5,20.8,20.5,open-meteo
2026-07-23,S001,P1063,MoonRambler Ultralight Camp Chair 262,Rocky Top Outfitters - Knoxville,Knoxville,TN,Southeast,flagship,35.9606,-83.9207,1,4,319.68,28.5,20.8,20.5,open-meteo
2026-07-23,S001,P1067,CreekRambler Alpine Jacket 266,Rocky Top Outfitters - Knoxville,Knoxville,TN,Southeast,flagship,35.9606,-83.9207,1,3,680.79,28.5,20.8,20.5,open-meteo
2026-07-23,S001,P1071,Unknown product (P1071),Rocky Top Outfitters - Knoxville,Knoxville,TN,Southeast,flagship,35.9606,-83.9207,1,3,365.43,28.5,20.8,20.5,open-meteo
2026-07-23,S001,P1074,Unknown product (P1074),Rocky Top Outfitters - Knoxville,Knoxville,TN,Southeast,flagship,35.9606,-83.9207,1,3,517.59,28.5,20.8,20.5,open-meteo
2026-07-23,S001,P1076,CloudNomad Compact Cooler 275,Rocky Top Outfitters - Knoxville,Knoxville,TN,Southeast,flagship,35.9606,-83.9207,1,1,617.47,28.5,20.8,20.5,open-meteo
2026-07-23,S001,P1080,PeakNomad Waterproof Trail Shoes 279,Rocky Top Outfitters - Knoxville,Knoxville,TN,Southeast,flagship,35.9606,-83.9207,1,2,257.4,28.5,20.8,20.5,open-meteo
2026-07-23,S002,P1003,CreekRambler 2P Camp Chair 202,Rocky Top Outfitters - Miami,Miami,FL,Southeast,urban,25.7617,-80.1918,1,2,853.06,32.4,27.9,1.9,open-meteo
2026-07-23,S002,P1006,TrailRover 20oz Tumbler 205,Rocky Top Outfitters - Miami,Miami,FL,Southeast,urban,25.7617,-80.1918,1,4,223.64,32.4,27.9,1.9,open-meteo
2026-07-23,S002,P1007,HearthRambler Stormproof Jacket 206,Rocky Top Outfitters - Miami,Miami,FL,Southeast,urban,25.7617,-80.1918,1,1,101.18,32.4,27.9,1.9,open-meteo
2026-07-23,S002,P1010,VistaRover Deluxe Patio Heater 209,Rocky Top Outfitters - Miami,Miami,FL,Southeast,urban,25.7617,-80.1918,1,4,1767.76,32.4,27.9,1.9,open-meteo
2026-07-23,S002,P1016,PeakNomad XL Cooler 215,Rocky Top Outfitters - Miami,Miami,FL,Southeast,urban,25.7617,-80.1918,1,2,1077.96,32.4,27.9,1.9,open-meteo
2026-07-23,S002,P1020,StormNomad Approach Trail Shoes 219,Rocky Top Outfitters - Miami,Miami,FL,Southeast,urban,25.7617,-80.1918,1,2,401.82,32.4,27.9,1.9,open-meteo
2026-07-23,S002,P1036,StormNomad 32oz Tumbler 235,Rocky Top Outfitters - Miami,Miami,FL,Southeast,urban,25.7617,-80.1918,1,2,315.44,32.4,27.9,1.9,open-meteo
2026-07-23,S002,P1038,TrailRover Wide Trail Shoes 237,Rocky Top Outfitters - Miami,Miami,FL,Southeast,urban,25.7617,-80.1918,1,2,315.0,32.4,27.9,1.9,open-meteo
2026-07-23,S002,P1046,SwitchbackRover Weekend Patio Heater 245,Rocky Top Outfitters - Miami,Miami,FL,Southeast,urban,25.7617,-80.1918,3,6,1307.16,32.4,27.9,1.9,open-meteo
2026-07-23,S002,P1048,PeakNomad Travel Tumbler 247,Rocky Top Outfitters - Miami,Miami,FL,Southeast,urban,25.7617,-80.1918,1,2,112.44,32.4,27.9,1.9,open-meteo
2026-07-23,S002,P1050,RidgeRover Mid Trail Shoes 249,Rocky Top Outfitters - Miami,Miami,FL,Southeast,urban,25.7617,-80.1918,1,2,150.62,32.4,27.9,1.9,open-meteo
2026-07-23,S002,P1060,CloudNomad 32oz Tumbler 259,Rocky Top Outfitters - Miami,Miami,FL,Southeast,urban,25.7617,-80.1918,1,3,463.17,32.4,27.9,1.9,open-meteo
2026-07-23,S002,P1070,TrailRover Weekend Patio Heater 269,Rocky Top Outfitters - Miami,Miami,FL,Southeast,urban,25.7617,-80.1918,1,1,202.52,32.4,27.9,1.9,open-meteo
2026-07-23,S002,P1079,MoonRambler Stormproof Jacket 278,Rocky Top Outfitters - Miami,Miami,FL,Southeast,urban,25.7617,-80.1918,1,2,435.56,32.4,27.9,1.9,open-meteo
2026-07-23,S003,P1004,StormNomad Compact Cooler 203,Rocky Top Outfitters - Chicago,Chicago,IL,Midwest,urban,41.8781,-87.6298,1,2,219.8,23.5,15.3,0.0,open-meteo
2026-07-23,S003,P1006,TrailRover 20oz Tumbler 205,Rocky Top Outfitters - Chicago,Chicago,IL,Midwest,urban,41.8781,-87.6298,1,1,50.32,23.5,15.3,0.0,open-meteo
2026-07-23,S003,P1014,SwitchbackRover Wide Trail Shoes 213,Rocky Top Outfitters - Chicago,Chicago,IL,Midwest,urban,41.8781,-87.6298,1,1,173.97,23.5,15.3,0.0,open-meteo
2026-07-23,S003,P1017,SummitRunner Mini Battery Pack 216,Rocky Top Outfitters - Chicago,Chicago,IL,Midwest,urban,41.8781,-87.6298,1,3,174.51,23.5,15.3,0.0,open-meteo
2026-07-23,S003,P1029,FieldRunner Storm Kit Battery Pack 228,Rocky Top Outfitters - Chicago,Chicago,IL,Midwest,urban,41.8781,-87.6298,2,3,302.22,23.5,15.3,0.0,open-meteo
2026-07-23,S003,P1035,CreekRambler Rechargeable Flashlight 234,Rocky Top Outfitters - Chicago,Chicago,IL,Midwest,urban,41.8781,-87.6298,1,4,561.36,23.5,15.3,0.0,open-meteo
2026-07-23,S003,P1040,CanyonNomad XL Cooler 239,Rocky Top Outfitters - Chicago,Chicago,IL,Midwest,urban,41.8781,-87.6298,2,6,609.34,23.5,15.3,0.0,open-meteo
2026-07-23,S003,P1041,PineRunner Mini Battery Pack 240,Rocky Top Outfitters - Chicago,Chicago,IL,Midwest,urban,41.8781,-87.6298,1,2,92.82,23.5,15.3,0.0,open-meteo
2026-07-23,S003,P1042,VistaRover Trail Tumbler 241,Rocky Top Outfitters - Chicago,Chicago,IL,Midwest,urban,41.8781,-87.6298,1,1,103.73,23.5,15.3,0.0,open-meteo
2026-07-23,S003,P1044,CloudNomad Approach Trail Shoes 243,Rocky Top Outfitters - Chicago,Chicago,IL,Midwest,urban,41.8781,-87.6298,1,1,151.4,23.5,15.3,0.0,open-meteo
2026-07-23,S003,P1045,FieldRunner Basecamp Tent 244,Rocky Top Outfitters - Chicago,Chicago,IL,Midwest,urban,41.8781,-87.6298,2,4,1323.96,23.5,15.3,0.0,open-meteo
2026-07-23,S003,P1050,RidgeRover Mid Trail Shoes 249,Rocky Top Outfitters - Chicago,Chicago,IL,Midwest,urban,41.8781,-87.6298,1,1,75.31,23.5,15.3,0.0,open-meteo
2026-07-23,S003,P1052,StormNomad Compact Cooler 251,Rocky Top Outfitters - Chicago,Chicago,IL,Midwest,urban,41.8781,-87.6298,1,4,1322.28,23.5,15.3,0.0,open-meteo
2026-07-23,S003,P1056,CanyonNomad Waterproof Trail Shoes 255,Rocky Top Outfitters - Chicago,Chicago,IL,Midwest,urban,41.8781,-87.6298,1,1,144.01,23.5,15.3,0.0,open-meteo
2026-07-23,S003,P1060,CloudNomad 32oz Tumbler 259,Rocky Top Outfitters - Chicago,Chicago,IL,Midwest,urban,41.8781,-87.6298,1,1,154.39,23.5,15.3,0.0,open-meteo
2026-07-23,S003,P1072,CanyonNomad Travel Tumbler 271,Rocky Top Outfitters - Chicago,Chicago,IL,Midwest,urban,41.8781,-87.6298,1,4,456.6,23.5,15.3,0.0,open-meteo
2026-07-23,S003,P1073,Unknown product (P1073),Rocky Top Outfitters - Chicago,Chicago,IL,Midwest,urban,41.8781,-87.6298,1,1,106.52,23.5,15.3,0.0,open-meteo
2026-07-23,S003,P1078,SwitchbackRover 20oz Tumbler 277,Rocky Top Outfitters - Chicago,Chicago,IL,Midwest,urban,41.8781,-87.6298,1,4,468.32,23.5,15.3,0.0,open-meteo
2026-07-23,S004,P1002,RidgeRover Mid Trail Shoes 201,Rocky Top Outfitters - Denver,Denver,CO,Mountain,flagship,39.7392,-104.9903,1,1,203.43,28.5,18.2,9.2,open-meteo
2026-07-23,S004,P1006,TrailRover 20oz Tumbler 205,Rocky Top Outfitters - Denver,Denver,CO,Mountain,flagship,39.7392,-104.9903,1,1,53.11,28.5,18.2,9.2,open-meteo
2026-07-23,S004,P1008,CanyonNomad Waterproof Trail Shoes 207,Rocky Top Outfitters - Denver,Denver,CO,Mountain,flagship,39.7392,-104.9903,1,2,315.9,28.5,18.2,9.2,open-meteo
2026-07-23,S004,P1010,VistaRover Deluxe Patio Heater 209,Rocky Top Outfitters - Denver,Denver,CO,Mountain,flagship,39.7392,-104.9903,1,1,552.43,28.5,18.2,9.2,open-meteo
2026-07-23,S004,P1013,FieldRunner Packable Jacket 212,Rocky Top Outfitters - Denver,Denver,CO,Mountain,flagship,39.7392,-104.9903,1,2,194.78,28.5,18.2,9.2,open-meteo
2026-07-23,S004,P1017,SummitRunner Mini Battery Pack 216,Rocky Top Outfitters - Denver,Denver,CO,Mountain,flagship,39.7392,-104.9903,2,3,155.1,28.5,18.2,9.2,open-meteo
2026-07-23,S004,P1021,EmberRunner Basecamp Tent 220,Rocky Top Outfitters - Denver,Denver,CO,Mountain,flagship,39.7392,-104.9903,1,1,73.74,28.5,18.2,9.2,open-meteo
2026-07-23,S004,P1023,HearthRambler Expedition Flashlight 222,Rocky Top Outfitters - Denver,Denver,CO,Mountain,flagship,39.7392,-104.9903,1,1,127.3,28.5,18.2,9.2,open-meteo
2026-07-23,S004,P1025,PineRunner Lightweight Jacket 224,Rocky Top Outfitters - Denver,Denver,CO,Mountain,flagship,39.7392,-104.9903,1,4,448.56,28.5,18.2,9.2,open-meteo
2026-07-23,S004,P1028,CloudNomad Compact Cooler 227,Rocky Top Outfitters - Denver,Denver,CO,Mountain,flagship,39.7392,-104.9903,1,1,615.14,28.5,18.2,9.2,open-meteo
2026-07-23,S004,P1030,SwitchbackRover 20oz Tumbler 229,Rocky Top Outfitters - Denver,Denver,CO,Mountain,flagship,39.7392,-104.9903,1,1,126.26,28.5,18.2,9.2,open-meteo
2026-07-23,S004,P1031,MoonRambler Stormproof Jacket 230,Rocky Top Outfitters - Denver,Denver,CO,Mountain,flagship,39.7392,-104.9903,1,1,138.82,28.5,18.2,9.2,open-meteo
2026-07-23,S004,P1032,PeakNomad Waterproof Trail Shoes 231,Rocky Top Outfitters - Denver,Denver,CO,Mountain,flagship,39.7392,-104.9903,1,2,349.34,28.5,18.2,9.2,open-meteo
2026-07-23,S004,P1033,SummitRunner 4P Tent 232,Rocky Top Outfitters - Denver,Denver,CO,Mountain,flagship,39.7392,-104.9903,1,1,161.04,28.5,18.2,9.2,open-meteo
2026-07-23,S004,P1046,SwitchbackRover Weekend Patio Heater 245,Rocky Top Outfitters - Denver,Denver,CO,Mountain,flagship,39.7392,-104.9903,1,4,933.68,28.5,18.2,9.2,open-meteo
2026-07-23,S004,P1056,CanyonNomad Waterproof Trail Shoes 255,Rocky Top Outfitters - Denver,Denver,CO,Mountain,flagship,39.7392,-104.9903,1,1,144.01,28.5,18.2,9.2,open-meteo
2026-07-23,S004,P1060,CloudNomad 32oz Tumbler 259,Rocky Top Outfitters - Denver,Denver,CO,Mountain,flagship,39.7392,-104.9903,1,1,146.67,28.5,18.2,9.2,open-meteo
2026-07-23,S004,P1065,SummitRunner Mini Battery Pack 264,Rocky Top Outfitters - Denver,Denver,CO,Mountain,flagship,39.7392,-104.9903,2,2,214.44,28.5,18.2,9.2,open-meteo
2026-07-23,S004,P1073,Unknown product (P1073),Rocky Top Outfitters - Denver,Denver,CO,Mountain,flagship,39.7392,-104.9903,1,1,112.79,28.5,18.2,9.2,open-meteo
2026-07-23,S004,P1080,PeakNomad Waterproof Trail Shoes 279,Rocky Top Outfitters - Denver,Denver,CO,Mountain,flagship,39.7392,-104.9903,2,2,264.55,28.5,18.2,9.2,open-meteo
2026-07-23,S005,P1002,RidgeRover Mid Trail Shoes 201,Rocky Top Outfitters - Phoenix,Phoenix,AZ,Southwest,suburban,33.4484,-112.074,1,1,162.74,44.3,32.2,0.0,open-meteo
2026-07-23,S005,P1003,CreekRambler 2P Camp Chair 202,Rocky Top Outfitters - Phoenix,Phoenix,AZ,Southwest,suburban,33.4484,-112.074,1,2,808.16,44.3,32.2,0.0,open-meteo
2026-07-23,S005,P1005,EmberRunner Storm Kit Battery Pack 204,Rocky Top Outfitters - Phoenix,Phoenix,AZ,Southwest,suburban,33.4484,-112.074,1,1,111.54,44.3,32.2,0.0,open-meteo
2026-07-23,S005,P1008,CanyonNomad Waterproof Trail Shoes 207,Rocky Top Outfitters - Phoenix,Phoenix,AZ,Southwest,suburban,33.4484,-112.074,1,1,157.95,44.3,32.2,0.0,open-meteo
2026-07-23,S005,P1011,BoulderRambler Rechargeable Flashlight 210,Rocky Top Outfitters - Phoenix,Phoenix,AZ,Southwest,suburban,33.4484,-112.074,1,2,239.52,44.3,32.2,0.0,open-meteo
2026-07-23,S005,P1015,MoonRambler Ultralight Camp Chair 214,Rocky Top Outfitters - Phoenix,Phoenix,AZ,Southwest,suburban,33.4484,-112.074,1,3,575.61,44.3,32.2,0.0,open-meteo
2026-07-23,S005,P1019,CreekRambler Alpine Jacket 218,Rocky Top Outfitters - Phoenix,Phoenix,AZ,Southwest,suburban,33.4484,-112.074,1,1,178.99,44.3,32.2,0.0,open-meteo
2026-07-23,S005,P1021,EmberRunner Basecamp Tent 220,Rocky Top Outfitters - Phoenix,Phoenix,AZ,Southwest,suburban,33.4484,-112.074,2,6,376.06,44.3,32.2,0.0,open-meteo
2026-07-23,S005,P1029,FieldRunner Storm Kit Battery Pack 228,Rocky Top Outfitters - Phoenix,Phoenix,AZ,Southwest,suburban,33.4484,-112.074,1,2,214.08,44.3,32.2,0.0,open-meteo
2026-07-23,S005,P1033,SummitRunner 4P Tent 232,Rocky Top Outfitters - Phoenix,Phoenix,AZ,Southwest,suburban,33.4484,-112.074,1,1,161.04,44.3,32.2,0.0,open-meteo
2026-07-23,S005,P1038,TrailRover Wide Trail Shoes 237,Rocky Top Outfitters - Phoenix,Phoenix,AZ,Southwest,suburban,33.4484,-112.074,2,3,590.64,44.3,32.2,0.0,open-meteo
2026-07-23,S005,P1061,FieldRunner Packable Jacket 260,Rocky Top Outfitters - Phoenix,Phoenix,AZ,Southwest,suburban,33.4484,-112.074,1,1,125.66,44.3,32.2,0.0,open-meteo
2026-07-23,S005,P1074,Unknown product (P1074),Rocky Top Outfitters - Phoenix,Phoenix,AZ,Southwest,suburban,33.4484,-112.074,1,2,383.4,44.3,32.2,0.0,open-meteo
2026-07-23,S005,P1075,Unknown product (P1075),Rocky Top Outfitters - Phoenix,Phoenix,AZ,Southwest,suburban,33.4484,-112.074,1,4,627.84,44.3,32.2,0.0,open-meteo
2026-07-23,S006,P1001,SummitRunner Lightweight Jacket 200,Rocky Top Outfitters - Seattle,Seattle,WA,Pacific Northwest,urban,47.6062,-122.3321,1,1,124.28,23.9,16.9,2.5,open-meteo
2026-07-23,S006,P1006,TrailRover 20oz Tumbler 205,Rocky Top Outfitters - Seattle,Seattle,WA,Pacific Northwest,urban,47.6062,-122.3321,1,2,106.22,23.9,16.9,2.5,open-meteo
2026-07-23,S006,P1008,CanyonNomad Waterproof Trail Shoes 207,Rocky Top Outfitters - Seattle,Seattle,WA,Pacific Northwest,urban,47.6062,-122.3321,1,2,351.0,23.9,16.9,2.5,open-meteo
2026-07-23,S006,P1009,PineRunner 4P Tent 208,Rocky Top Outfitters - Seattle,Seattle,WA,Pacific Northwest,urban,47.6062,-122.3321,1,2,195.94,23.9,16.9,2.5,open-meteo
2026-07-23,S006,P1010,VistaRover Deluxe Patio Heater 209,Rocky Top Outfitters - Seattle,Seattle,WA,Pacific Northwest,urban,47.6062,-122.3321,1,1,524.81,23.9,16.9,2.5,open-meteo
2026-07-23,S006,P1014,SwitchbackRover Wide Trail Shoes 213,Rocky Top Outfitters - Seattle,Seattle,WA,Pacific Northwest,urban,47.6062,-122.3321,1,2,327.48,23.9,16.9,2.5,open-meteo
2026-07-23,S006,P1016,PeakNomad XL Cooler 215,Rocky Top Outfitters - Seattle,Seattle,WA,Pacific Northwest,urban,47.6062,-122.3321,1,1,634.09,23.9,16.9,2.5,open-meteo
2026-07-23,S006,P1021,EmberRunner Basecamp Tent 220,Rocky Top Outfitters - Seattle,Seattle,WA,Pacific Northwest,urban,47.6062,-122.3321,1,4,250.72,23.9,16.9,2.5,open-meteo
2026-07-23,S006,P1033,SummitRunner 4P Tent 232,Rocky Top Outfitters - Seattle,Seattle,WA,Pacific Northwest,urban,47.6062,-122.3321,2,5,814.69,23.9,16.9,2.5,open-meteo
2026-07-23,S006,P1038,TrailRover Wide Trail Shoes 237,Rocky Top Outfitters - Seattle,Seattle,WA,Pacific Northwest,urban,47.6062,-122.3321,1,1,187.04,23.9,16.9,2.5,open-meteo
2026-07-23,S006,P1046,SwitchbackRover Weekend Patio Heater 245,Rocky Top Outfitters - Seattle,Seattle,WA,Pacific Northwest,urban,47.6062,-122.3321,1,2,420.16,23.9,16.9,2.5,open-meteo
2026-07-23,S006,P1047,MoonRambler Expedition Flashlight 246,Rocky Top Outfitters - Seattle,Seattle,WA,Pacific Northwest,urban,47.6062,-122.3321,1,2,96.72,23.9,16.9,2.5,open-meteo
2026-07-23,S006,P1048,PeakNomad Travel Tumbler 247,Rocky Top Outfitters - Seattle,Seattle,WA,Pacific Northwest,urban,47.6062,-122.3321,1,2,140.56,23.9,16.9,2.5,open-meteo
2026-07-23,S006,P1052,StormNomad Compact Cooler 251,Rocky Top Outfitters - Seattle,Seattle,WA,Pacific Northwest,urban,47.6062,-122.3321,1,4,1477.84,23.9,16.9,2.5,open-meteo
2026-07-23,S006,P1054,TrailRover 20oz Tumbler 253,Rocky Top Outfitters - Seattle,Seattle,WA,Pacific Northwest,urban,47.6062,-122.3321,1,1,70.68,23.9,16.9,2.5,open-meteo
2026-07-23,S006,P1058,VistaRover Deluxe Patio Heater 257,Rocky Top Outfitters - Seattle,Seattle,WA,Pacific Northwest,urban,47.6062,-122.3321,1,3,672.15,23.9,16.9,2.5,open-meteo
2026-07-23,S006,P1075,Unknown product (P1075),Rocky Top Outfitters - Seattle,Seattle,WA,Pacific Northwest,urban,47.6062,-122.3321,1,4,627.84,23.9,16.9,2.5,open-meteo
2026-07-23,S006,P1080,PeakNomad Waterproof Trail Shoes 279,Rocky Top Outfitters - Seattle,Seattle,WA,Pacific Northwest,urban,47.6062,-122.3321,1,1,135.85,23.9,16.9,2.5,open-meteo
2026-07-23,S007,P1008,CanyonNomad Waterproof Trail Shoes 207,Rocky Top Outfitters - Boston,Boston,MA,Northeast,urban,42.3601,-71.0589,1,1,175.5,26.5,16.1,0.0,open-meteo
2026-07-23,S007,P1009,PineRunner 4P Tent 208,Rocky Top Outfitters - Boston,Boston,MA,Northeast,urban,42.3601,-71.0589,1,1,97.97,26.5,16.1,0.0,open-meteo
2026-07-23,S007,P1016,PeakNomad XL Cooler 215,Rocky Top Outfitters - Boston,Boston,MA,Northeast,urban,42.3601,-71.0589,2,5,3107.05,26.5,16.1,0.0,open-meteo
2026-07-23,S007,P1017,SummitRunner Mini Battery Pack 216,Rocky Top Outfitters - Boston,Boston,MA,Northeast,urban,42.3601,-71.0589,1,4,206.8,26.5,16.1,0.0,open-meteo
2026-07-23,S007,P1026,VistaRover Mid Trail Shoes 225,Rocky Top Outfitters - Boston,Boston,MA,Northeast,urban,42.3601,-71.0589,1,4,521.6,26.5,16.1,0.0,open-meteo
2026-07-23,S007,P1032,PeakNomad Waterproof Trail Shoes 231,Rocky Top Outfitters - Boston,Boston,MA,Northeast,urban,42.3601,-71.0589,1,1,194.08,26.5,16.1,0.0,open-meteo
2026-07-23,S007,P1036,StormNomad 32oz Tumbler 235,Rocky Top Outfitters - Boston,Boston,MA,Northeast,urban,42.3601,-71.0589,1,4,504.72,26.5,16.1,0.0,open-meteo
2026-07-23,S007,P1039,HearthRambler Ultralight Camp Chair 238,Rocky Top Outfitters - Boston,Boston,MA,Northeast,urban,42.3601,-71.0589,1,1,367.84,26.5,16.1,0.0,open-meteo
2026-07-23,S007,P1054,TrailRover 20oz Tumbler 253,Rocky Top Outfitters - Boston,Boston,MA,Northeast,urban,42.3601,-71.0589,1,3,180.24,26.5,16.1,0.0,open-meteo
2026-07-23,S007,P1057,PineRunner 4P Tent 256,Rocky Top Outfitters - Boston,Boston,MA,Northeast,urban,42.3601,-71.0589,1,1,410.17,26.5,16.1,0.0,open-meteo
2026-07-23,S007,P1061,FieldRunner Packable Jacket 260,Rocky Top Outfitters - Boston,Boston,MA,Northeast,urban,42.3601,-71.0589,1,1,125.66,26.5,16.1,0.0,open-meteo
2026-07-23,S007,P1078,SwitchbackRover 20oz Tumbler 277,Rocky Top Outfitters - Boston,Boston,MA,Northeast,urban,42.3601,-71.0589,1,2,234.16,26.5,16.1,0.0,open-meteo
2026-07-23,S008,P1008,CanyonNomad Waterproof Trail Shoes 207,Rocky Top Outfitters - Minneapolis,Minneapolis,MN,Midwest,suburban,44.9778,-93.265,1,1,140.4,26.7,12.3,0.0,open-meteo
2026-07-23,S008,P1012,CloudNomad 32oz Tumbler 211,Rocky Top Outfitters - Minneapolis,Minneapolis,MN,Midwest,suburban,44.9778,-93.265,1,2,247.32,26.7,12.3,0.0,open-meteo
2026-07-23,S008,P1027,BoulderRambler 2P Camp Chair 226,Rocky Top Outfitters - Minneapolis,Minneapolis,MN,Midwest,suburban,44.9778,-93.265,1,3,276.09,26.7,12.3,0.0,open-meteo
2026-07-23,S008,P1031,MoonRambler Stormproof Jacket 230,Rocky Top Outfitters - Minneapolis,Minneapolis,MN,Midwest,suburban,44.9778,-93.265,1,1,156.18,26.7,12.3,0.0,open-meteo
2026-07-23,S008,P1038,TrailRover Wide Trail Shoes 237,Rocky Top Outfitters - Minneapolis,Minneapolis,MN,Midwest,suburban,44.9778,-93.265,1,1,196.88,26.7,12.3,0.0,open-meteo
2026-07-23,S008,P1045,FieldRunner Basecamp Tent 244,Rocky Top Outfitters - Minneapolis,Minneapolis,MN,Midwest,suburban,44.9778,-93.265,1,2,557.46,26.7,12.3,0.0,open-meteo
2026-07-23,S008,P1047,MoonRambler Expedition Flashlight 246,Rocky Top Outfitters - Minneapolis,Minneapolis,MN,Midwest,suburban,44.9778,-93.265,1,1,54.05,26.7,12.3,0.0,open-meteo
2026-07-23,S008,P1048,PeakNomad Travel Tumbler 247,Rocky Top Outfitters - Minneapolis,Minneapolis,MN,Midwest,suburban,44.9778,-93.265,1,1,63.25,26.7,12.3,0.0,open-meteo
2026-07-23,S008,P1056,CanyonNomad Waterproof Trail Shoes 255,Rocky Top Outfitters - Minneapolis,Minneapolis,MN,Midwest,suburban,44.9778,-93.265,1,2,273.62,26.7,12.3,0.0,open-meteo
2026-07-23,S008,P1057,PineRunner 4P Tent 256,Rocky Top Outfitters - Minneapolis,Minneapolis,MN,Midwest,suburban,44.9778,-93.265,1,1,328.14,26.7,12.3,0.0,open-meteo
2026-07-23,S008,P1061,FieldRunner Packable Jacket 260,Rocky Top Outfitters - Minneapolis,Minneapolis,MN,Midwest,suburban,44.9778,-93.265,1,1,147.84,26.7,12.3,0.0,open-meteo
2026-07-23,S008,P1062,SwitchbackRover Wide Trail Shoes 261,Rocky Top Outfitters - Minneapolis,Minneapolis,MN,Midwest,suburban,44.9778,-93.265,1,2,307.24,26.7,12.3,0.0,open-meteo
2026-07-23,S008,P1064,PeakNomad XL Cooler 263,Rocky Top Outfitters - Minneapolis,Minneapolis,MN,Midwest,suburban,44.9778,-93.265,1,1,553.01,26.7,12.3,0.0,open-meteo
2026-07-23,S008,P1067,CreekRambler Alpine Jacket 266,Rocky Top Outfitters - Minneapolis,Minneapolis,MN,Midwest,suburban,44.9778,-93.265,1,1,266.98,26.7,12.3,0.0,open-meteo
2026-07-23,S008,P1072,CanyonNomad Travel Tumbler 271,Rocky Top Outfitters - Minneapolis,Minneapolis,MN,Midwest,suburban,44.9778,-93.265,1,1,114.15,26.7,12.3,0.0,open-meteo
2026-07-23,S008,P1073,Unknown product (P1073),Rocky Top Outfitters - Minneapolis,Minneapolis,MN,Midwest,suburban,44.9778,-93.265,1,4,501.28,26.7,12.3,0.0,open-meteo
2026-07-26,S001,P1002,RidgeRover Mid Trail Shoes 201,Rocky Top Outfitters - Knoxville,Knoxville,TN,Southeast,flagship,35.9606,-83.9207,1,4,813.72,30.8,22.0,2.8,open-meteo
2026-07-26,S001,P1003,CreekRambler 2P Camp Chair 202,Rocky Top Outfitters - Knoxville,Knoxville,TN,Southeast,flagship,35.9606,-83.9207,1,3,1077.54,30.8,22.0,2.8,open-meteo
2026-07-26,S001,P1006,TrailRover 20oz Tumbler 205,Rocky Top Outfitters - Knoxville,Knoxville,TN,Southeast,flagship,35.9606,-83.9207,1,2,95.04,30.8,22.0,2.8,open-meteo
2026-07-26,S001,P1009,PineRunner 4P Tent 208,Rocky Top Outfitters - Knoxville,Knoxville,TN,Southeast,flagship,35.9606,-83.9207,1,2,184.42,30.8,22.0,2.8,open-meteo
2026-07-26,S001,P1012,CloudNomad 32oz Tumbler 211,Rocky Top Outfitters - Knoxville,Knoxville,TN,Southeast,flagship,35.9606,-83.9207,1,1,117.48,30.8,22.0,2.8,open-meteo
2026-07-26,S001,P1019,CreekRambler Alpine Jacket 218,Rocky Top Outfitters - Knoxville,Knoxville,TN,Southeast,flagship,35.9606,-83.9207,1,1,152.14,30.8,22.0,2.8,open-meteo
2026-07-26,S001,P1026,VistaRover Mid Trail Shoes 225,Rocky Top Outfitters - Knoxville,Knoxville,TN,Southeast,flagship,35.9606,-83.9207,1,1,130.4,30.8,22.0,2.8,open-meteo
2026-07-26,S001,P1033,SummitRunner 4P Tent 232,Rocky Top Outfitters - Knoxville,Knoxville,TN,Southeast,flagship,35.9606,-83.9207,1,2,341.02,30.8,22.0,2.8,open-meteo
2026-07-26,S001,P1039,HearthRambler Ultralight Camp Chair 238,Rocky Top Outfitters - Knoxville,Knoxville,TN,Southeast,flagship,35.9606,-83.9207,2,5,1765.63,30.8,22.0,2.8,open-meteo
2026-07-26,S001,P1042,VistaRover Trail Tumbler 241,Rocky Top Outfitters - Knoxville,Knoxville,TN,Southeast,flagship,35.9606,-83.9207,1,1,115.25,30.8,22.0,2.8,open-meteo
2026-07-26,S001,P1043,BoulderRambler Alpine Jacket 242,Rocky Top Outfitters - Knoxville,Knoxville,TN,Southeast,flagship,35.9606,-83.9207,1,1,216.9,30.8,22.0,2.8,open-meteo
2026-07-26,S001,P1044,CloudNomad Approach Trail Shoes 243,Rocky Top Outfitters - Knoxville,Knoxville,TN,Southeast,flagship,35.9606,-83.9207,1,2,302.8,30.8,22.0,2.8,open-meteo
2026-07-26,S001,P1049,SummitRunner Lightweight Jacket 248,Rocky Top Outfitters - Knoxville,Knoxville,TN,Southeast,flagship,35.9606,-83.9207,1,3,632.73,30.8,22.0,2.8,open-meteo
2026-07-26,S001,P1050,RidgeRover Mid Trail Shoes 249,Rocky Top Outfitters - Knoxville,Knoxville,TN,Southeast,flagship,35.9606,-83.9207,1,1,75.31,30.8,22.0,2.8,open-meteo
2026-07-26,S001,P1057,PineRunner 4P Tent 256,Rocky Top Outfitters - Knoxville,Knoxville,TN,Southeast,flagship,35.9606,-83.9207,1,1,328.14,30.8,22.0,2.8,open-meteo
2026-07-26,S001,P1058,VistaRover Deluxe Patio Heater 257,Rocky Top Outfitters - Knoxville,Knoxville,TN,Southeast,flagship,35.9606,-83.9207,1,2,474.46,30.8,22.0,2.8,open-meteo
2026-07-26,S001,P1064,PeakNomad XL Cooler 263,Rocky Top Outfitters - Knoxville,Knoxville,TN,Southeast,flagship,35.9606,-83.9207,1,1,614.45,30.8,22.0,2.8,open-meteo
2026-07-26,S001,P1067,CreekRambler Alpine Jacket 266,Rocky Top Outfitters - Knoxville,Knoxville,TN,Southeast,flagship,35.9606,-83.9207,1,1,213.58,30.8,22.0,2.8,open-meteo
2026-07-26,S001,P1068,StormNomad Approach Trail Shoes 267,Rocky Top Outfitters - Knoxville,Knoxville,TN,Southeast,flagship,35.9606,-83.9207,2,3,242.76,30.8,22.0,2.8,open-meteo
2026-07-26,S002,P1004,StormNomad Compact Cooler 203,Rocky Top Outfitters - Miami,Miami,FL,Southeast,urban,25.7617,-80.1918,1,2,197.82,32.8,25.9,9.2,open-meteo
2026-07-26,S002,P1007,HearthRambler Stormproof Jacket 206,Rocky Top Outfitters - Miami,Miami,FL,Southeast,urban,25.7617,-80.1918,1,3,320.4,32.8,25.9,9.2,open-meteo
2026-07-26,S002,P1012,CloudNomad 32oz Tumbler 211,Rocky Top Outfitters - Miami,Miami,FL,Southeast,urban,25.7617,-80.1918,1,1,98.93,32.8,25.9,9.2,open-meteo
2026-07-26,S002,P1019,CreekRambler Alpine Jacket 218,Rocky Top Outfitters - Miami,Miami,FL,Southeast,urban,25.7617,-80.1918,1,1,178.99,32.8,25.9,9.2,open-meteo
2026-07-26,S002,P1022,TrailRover Weekend Patio Heater 221,Rocky Top Outfitters - Miami,Miami,FL,Southeast,urban,25.7617,-80.1918,1,1,310.97,32.8,25.9,9.2,open-meteo
2026-07-26,S002,P1053,EmberRunner Storm Kit Battery Pack 252,Rocky Top Outfitters - Miami,Miami,FL,Southeast,urban,25.7617,-80.1918,1,2,217.06,32.8,25.9,9.2,open-meteo
2026-07-26,S002,P1056,CanyonNomad Waterproof Trail Shoes 255,Rocky Top Outfitters - Miami,Miami,FL,Southeast,urban,25.7617,-80.1918,1,1,115.21,32.8,25.9,9.2,open-meteo
2026-07-26,S002,P1067,CreekRambler Alpine Jacket 266,Rocky Top Outfitters - Miami,Miami,FL,Southeast,urban,25.7617,-80.1918,1,2,507.26,32.8,25.9,9.2,open-meteo
2026-07-26,S002,P1076,CloudNomad Compact Cooler 275,Rocky Top Outfitters - Miami,Miami,FL,Southeast,urban,25.7617,-80.1918,1,1,686.08,32.8,25.9,9.2,open-meteo
2026-07-26,S003,P1001,SummitRunner Lightweight Jacket 200,Rocky Top Outfitters - Chicago,Chicago,IL,Midwest,urban,41.8781,-87.6298,1,2,248.56,30.8,21.3,0.0,open-meteo
2026-07-26,S003,P1002,RidgeRover Mid Trail Shoes 201,Rocky Top Outfitters - Chicago,Chicago,IL,Midwest,urban,41.8781,-87.6298,1,4,813.72,30.8,21.3,0.0,open-meteo
2026-07-26,S003,P1003,CreekRambler 2P Camp Chair 202,Rocky Top Outfitters - Chicago,Chicago,IL,Midwest,urban,41.8781,-87.6298,2,4,1526.52,30.8,21.3,0.0,open-meteo
2026-07-26,S003,P1009,PineRunner 4P Tent 208,Rocky Top Outfitters - Chicago,Chicago,IL,Midwest,urban,41.8781,-87.6298,1,4,414.92,30.8,21.3,0.0,open-meteo
2026-07-26,S003,P1013,FieldRunner Packable Jacket 212,Rocky Top Outfitters - Chicago,Chicago,IL,Midwest,urban,41.8781,-87.6298,1,1,77.91,30.8,21.3,0.0,open-meteo
2026-07-26,S003,P1018,RidgeRover Trail Tumbler 217,Rocky Top Outfitters - Chicago,Chicago,IL,Midwest,urban,41.8781,-87.6298,1,1,130.36,30.8,21.3,0.0,open-meteo
2026-07-26,S003,P1025,PineRunner Lightweight Jacket 224,Rocky Top Outfitters - Chicago,Chicago,IL,Midwest,urban,41.8781,-87.6298,1,4,423.64,30.8,21.3,0.0,open-meteo
2026-07-26,S003,P1033,SummitRunner 4P Tent 232,Rocky Top Outfitters - Chicago,Chicago,IL,Midwest,urban,41.8781,-87.6298,1,1,170.51,30.8,21.3,0.0,open-meteo
2026-07-26,S003,P1036,StormNomad 32oz Tumbler 235,Rocky Top Outfitters - Chicago,Chicago,IL,Midwest,urban,41.8781,-87.6298,1,1,149.83,30.8,21.3,0.0,open-meteo
2026-07-26,S003,P1043,BoulderRambler Alpine Jacket 242,Rocky Top Outfitters - Chicago,Chicago,IL,Midwest,urban,41.8781,-87.6298,1,1,216.9,30.8,21.3,0.0,open-meteo
2026-07-26,S003,P1063,MoonRambler Ultralight Camp Chair 262,Rocky Top Outfitters - Chicago,Chicago,IL,Midwest,urban,41.8781,-87.6298,1,2,159.84,30.8,21.3,0.0,open-meteo
2026-07-26,S004,P1006,TrailRover 20oz Tumbler 205,Rocky Top Outfitters - Denver,Denver,CO,Mountain,flagship,39.7392,-104.9903,1,2,100.64,39.8,21.6,0.1,open-meteo
2026-07-26,S004,P1009,PineRunner 4P Tent 208,Rocky Top Outfitters - Denver,Denver,CO,Mountain,flagship,39.7392,-104.9903,2,4,455.28,39.8,21.6,0.1,open-meteo
2026-07-26,S004,P1013,FieldRunner Packable Jacket 212,Rocky Top Outfitters - Denver,Denver,CO,Mountain,flagship,39.7392,-104.9903,1,1,87.65,39.8,21.6,0.1,open-meteo
2026-07-26,S004,P1027,BoulderRambler 2P Camp Chair 226,Rocky Top Outfitters - Denver,Denver,CO,Mountain,flagship,39.7392,-104.9903,1,1,92.03,39.8,21.6,0.1,open-meteo
2026-07-26,S004,P1034,RidgeRover Deluxe Patio Heater 233,Rocky Top Outfitters - Denver,Denver,CO,Mountain,flagship,39.7392,-104.9903,1,2,337.72,39.8,21.6,0.1,open-meteo
2026-07-26,S004,P1036,StormNomad 32oz Tumbler 235,Rocky Top Outfitters - Denver,Denver,CO,Mountain,flagship,39.7392,-104.9903,1,3,449.49,39.8,21.6,0.1,open-meteo
2026-07-26,S004,P1048,PeakNomad Travel Tumbler 247,Rocky Top Outfitters - Denver,Denver,CO,Mountain,flagship,39.7392,-104.9903,1,4,281.12,39.8,21.6,0.1,open-meteo
2026-07-26,S004,P1050,RidgeRover Mid Trail Shoes 249,Rocky Top Outfitters - Denver,Denver,CO,Mountain,flagship,39.7392,-104.9903,1,2,135.56,39.8,21.6,0.1,open-meteo
2026-07-26,S004,P1052,StormNomad Compact Cooler 251,Rocky Top Outfitters - Denver,Denver,CO,Mountain,flagship,39.7392,-104.9903,1,4,1322.28,39.8,21.6,0.1,open-meteo
2026-07-26,S004,P1063,MoonRambler Ultralight Camp Chair 262,Rocky Top Outfitters - Denver,Denver,CO,Mountain,flagship,39.7392,-104.9903,1,2,159.84,39.8,21.6,0.1,open-meteo
2026-07-26,S004,P1067,CreekRambler Alpine Jacket 266,Rocky Top Outfitters - Denver,Denver,CO,Mountain,flagship,39.7392,-104.9903,1,1,240.28,39.8,21.6,0.1,open-meteo
2026-07-26,S004,P1073,Unknown product (P1073),Rocky Top Outfitters - Denver,Denver,CO,Mountain,flagship,39.7392,-104.9903,1,4,426.08,39.8,21.6,0.1,open-meteo
2026-07-26,S005,P1013,FieldRunner Packable Jacket 212,Rocky Top Outfitters - Phoenix,Phoenix,AZ,Southwest,suburban,33.4484,-112.074,1,2,185.04,42.5,31.8,0.0,open-meteo
2026-07-26,S005,P1015,MoonRambler Ultralight Camp Chair 214,Rocky Top Outfitters - Phoenix,Phoenix,AZ,Southwest,suburban,33.4484,-112.074,1,1,153.5,42.5,31.8,0.0,open-meteo
2026-07-26,S005,P1026,VistaRover Mid Trail Shoes 225,Rocky Top Outfitters - Phoenix,Phoenix,AZ,Southwest,suburban,33.4484,-112.074,1,2,234.72,42.5,31.8,0.0,open-meteo
2026-07-26,S005,P1031,MoonRambler Stormproof Jacket 230,Rocky Top Outfitters - Phoenix,Phoenix,AZ,Southwest,suburban,33.4484,-112.074,1,1,164.85,42.5,31.8,0.0,open-meteo
2026-07-26,S005,P1033,SummitRunner 4P Tent 232,Rocky Top Outfitters - Phoenix,Phoenix,AZ,Southwest,suburban,33.4484,-112.074,1,4,644.16,42.5,31.8,0.0,open-meteo
2026-07-26,S005,P1042,VistaRover Trail Tumbler 241,Rocky Top Outfitters - Phoenix,Phoenix,AZ,Southwest,suburban,33.4484,-112.074,1,1,115.25,42.5,31.8,0.0,open-meteo
2026-07-26,S005,P1063,MoonRambler Ultralight Camp Chair 262,Rocky Top Outfitters - Phoenix,Phoenix,AZ,Southwest,suburban,33.4484,-112.074,1,4,319.68,42.5,31.8,0.0,open-meteo
2026-07-26,S005,P1073,Unknown product (P1073),Rocky Top Outfitters - Phoenix,Phoenix,AZ,Southwest,suburban,33.4484,-112.074,1,1,100.26,42.5,31.8,0.0,open-meteo
2026-07-26,S005,P1078,SwitchbackRover 20oz Tumbler 277,Rocky Top Outfitters - Phoenix,Phoenix,AZ,Southwest,suburban,33.4484,-112.074,1,2,278.06,42.5,31.8,0.0,open-meteo
2026-07-26,S006,P1006,TrailRover 20oz Tumbler 205,Rocky Top Outfitters - Seattle,Seattle,WA,Pacific Northwest,urban,47.6062,-122.3321,1,2,106.22,22.2,16.3,5.0,open-meteo
2026-07-26,S006,P1008,CanyonNomad Waterproof Trail Shoes 207,Rocky Top Outfitters - Seattle,Seattle,WA,Pacific Northwest,urban,47.6062,-122.3321,1,3,473.85,22.2,16.3,5.0,open-meteo
2026-07-26,S006,P1013,FieldRunner Packable Jacket 212,Rocky Top Outfitters - Seattle,Seattle,WA,Pacific Northwest,urban,47.6062,-122.3321,1,1,97.39,22.2,16.3,5.0,open-meteo
2026-07-26,S006,P1020,StormNomad Approach Trail Shoes 219,Rocky Top Outfitters - Seattle,Seattle,WA,Pacific Northwest,urban,47.6062,-122.3321,1,2,422.96,22.2,16.3,5.0,open-meteo
2026-07-26,S006,P1026,VistaRover Mid Trail Shoes 225,Rocky Top Outfitters - Seattle,Seattle,WA,Pacific Northwest,urban,47.6062,-122.3321,2,2,247.76,22.2,16.3,5.0,open-meteo
2026-07-26,S006,P1031,MoonRambler Stormproof Jacket 230,Rocky Top Outfitters - Seattle,Seattle,WA,Pacific Northwest,urban,47.6062,-122.3321,1,1,173.53,22.2,16.3,5.0,open-meteo
2026-07-26,S006,P1048,PeakNomad Travel Tumbler 247,Rocky Top Outfitters - Seattle,Seattle,WA,Pacific Northwest,urban,47.6062,-122.3321,1,2,112.44,22.2,16.3,5.0,open-meteo
2026-07-26,S006,P1053,EmberRunner Storm Kit Battery Pack 252,Rocky Top Outfitters - Seattle,Seattle,WA,Pacific Northwest,urban,47.6062,-122.3321,1,2,184.5,22.2,16.3,5.0,open-meteo
2026-07-26,S006,P1068,StormNomad Approach Trail Shoes 267,Rocky Top Outfitters - Seattle,Seattle,WA,Pacific Northwest,urban,47.6062,-122.3321,1,3,218.49,22.2,16.3,5.0,open-meteo
2026-07-26,S006,P1078,SwitchbackRover 20oz Tumbler 277,Rocky Top Outfitters - Seattle,Seattle,WA,Pacific Northwest,urban,47.6062,-122.3321,1,2,234.16,22.2,16.3,5.0,open-meteo
2026-07-26,S006,P1080,PeakNomad Waterproof Trail Shoes 279,Rocky Top Outfitters - Seattle,Seattle,WA,Pacific Northwest,urban,47.6062,-122.3321,1,2,271.7,22.2,16.3,5.0,open-meteo
2026-07-26,S007,P1002,RidgeRover Mid Trail Shoes 201,Rocky Top Outfitters - Boston,Boston,MA,Northeast,urban,42.3601,-71.0589,1,1,203.43,23.5,13.9,0.0,open-meteo
2026-07-26,S007,P1005,EmberRunner Storm Kit Battery Pack 204,Rocky Top Outfitters - Boston,Boston,MA,Northeast,urban,42.3601,-71.0589,1,2,211.92,23.5,13.9,0.0,open-meteo
2026-07-26,S007,P1007,HearthRambler Stormproof Jacket 206,Rocky Top Outfitters - Boston,Boston,MA,Northeast,urban,42.3601,-71.0589,2,8,831.92,23.5,13.9,0.0,open-meteo
2026-07-26,S007,P1012,CloudNomad 32oz Tumbler 211,Rocky Top Outfitters - Boston,Boston,MA,Northeast,urban,42.3601,-71.0589,1,1,98.93,23.5,13.9,0.0,open-meteo
2026-07-26,S007,P1019,CreekRambler Alpine Jacket 218,Rocky Top Outfitters - Boston,Boston,MA,Northeast,urban,42.3601,-71.0589,1,3,456.42,23.5,13.9,0.0,open-meteo
2026-07-26,S007,P1028,CloudNomad Compact Cooler 227,Rocky Top Outfitters - Boston,Boston,MA,Northeast,urban,42.3601,-71.0589,1,1,615.14,23.5,13.9,0.0,open-meteo
2026-07-26,S007,P1058,VistaRover Deluxe Patio Heater 257,Rocky Top Outfitters - Boston,Boston,MA,Northeast,urban,42.3601,-71.0589,1,1,263.59,23.5,13.9,0.0,open-meteo
2026-07-26,S007,P1060,CloudNomad 32oz Tumbler 259,Rocky Top Outfitters - Boston,Boston,MA,Northeast,urban,42.3601,-71.0589,1,1,138.95,23.5,13.9,0.0,open-meteo
2026-07-26,S007,P1062,SwitchbackRover Wide Trail Shoes 261,Rocky Top Outfitters - Boston,Boston,MA,Northeast,urban,42.3601,-71.0589,1,4,682.76,23.5,13.9,0.0,open-meteo
2026-07-26,S007,P1064,PeakNomad XL Cooler 263,Rocky Top Outfitters - Boston,Boston,MA,Northeast,urban,42.3601,-71.0589,1,2,1044.56,23.5,13.9,0.0,open-meteo
2026-07-26,S007,P1072,CanyonNomad Travel Tumbler 271,Rocky Top Outfitters - Boston,Boston,MA,Northeast,urban,42.3601,-71.0589,2,2,241.72,23.5,13.9,0.0,open-meteo
2026-07-26,S007,P1073,Unknown product (P1073),Rocky Top Outfitters - Boston,Boston,MA,Northeast,urban,42.3601,-71.0589,1,1,106.52,23.5,13.9,0.0,open-meteo
2026-07-26,S008,P1001,SummitRunner Lightweight Jacket 200,Rocky Top Outfitters - Minneapolis,Minneapolis,MN,Midwest,suburban,44.9778,-93.265,1,1,130.82,37.3,23.2,0.0,open-meteo
2026-07-26,S008,P1005,EmberRunner Storm Kit Battery Pack 204,Rocky Top Outfitters - Minneapolis,Minneapolis,MN,Midwest,suburban,44.9778,-93.265,1,1,100.39,37.3,23.2,0.0,open-meteo
2026-07-26,S008,P1021,EmberRunner Basecamp Tent 220,Rocky Top Outfitters - Minneapolis,Minneapolis,MN,Midwest,suburban,44.9778,-93.265,1,3,221.22,37.3,23.2,0.0,open-meteo
2026-07-26,S008,P1036,StormNomad 32oz Tumbler 235,Rocky Top Outfitters - Minneapolis,Minneapolis,MN,Midwest,suburban,44.9778,-93.265,2,2,283.9,37.3,23.2,0.0,open-meteo
2026-07-26,S008,P1047,MoonRambler Expedition Flashlight 246,Rocky Top Outfitters - Minneapolis,Minneapolis,MN,Midwest,suburban,44.9778,-93.265,1,1,56.9,37.3,23.2,0.0,open-meteo
2026-07-26,S008,P1050,RidgeRover Mid Trail Shoes 249,Rocky Top Outfitters - Minneapolis,Minneapolis,MN,Midwest,suburban,44.9778,-93.265,1,3,192.03,37.3,23.2,0.0,open-meteo
2026-07-26,S008,P1062,SwitchbackRover Wide Trail Shoes 261,Rocky Top Outfitters - Minneapolis,Minneapolis,MN,Midwest,suburban,44.9778,-93.265,1,3,512.07,37.3,23.2,0.0,open-meteo
2026-07-26,S008,P1077,FieldRunner Storm Kit Battery Pack 276,Rocky Top Outfitters - Minneapolis,Minneapolis,MN,Midwest,suburban,44.9778,-93.265,1,1,85.64,37.3,23.2,0.0,open-meteo
2026-07-26,S008,P1078,SwitchbackRover 20oz Tumbler 277,Rocky Top Outfitters - Minneapolis,Minneapolis,MN,Midwest,suburban,44.9778,-93.265,1,1,146.35,37.3,23.2,0.0,open-meteo
2026-07-26,S008,P1080,PeakNomad Waterproof Trail Shoes 279,Rocky Top Outfitters - Minneapolis,Minneapolis,MN,Midwest,suburban,44.9778,-93.265,1,2,286.0,37.3,23.2,0.0,open-meteo
2026-07-27,S001,P1012,CloudNomad 32oz Tumbler 211,Rocky Top Outfitters - Knoxville,Knoxville,TN,Southeast,flagship,35.9606,-83.9207,1,1,105.11,30.6,22.4,1.2,open-meteo
2026-07-27,S001,P1016,PeakNomad XL Cooler 215,Rocky Top Outfitters - Knoxville,Knoxville,TN,Southeast,flagship,35.9606,-83.9207,1,1,634.09,30.6,22.4,1.2,open-meteo
2026-07-27,S001,P1031,MoonRambler Stormproof Jacket 230,Rocky Top Outfitters - Knoxville,Knoxville,TN,Southeast,flagship,35.9606,-83.9207,1,2,312.36,30.6,22.4,1.2,open-meteo
2026-07-27,S001,P1036,StormNomad 32oz Tumbler 235,Rocky Top Outfitters - Knoxville,Knoxville,TN,Southeast,flagship,35.9606,-83.9207,2,4,536.26,30.6,22.4,1.2,open-meteo
2026-07-27,S001,P1037,EmberRunner Packable Jacket 236,Rocky Top Outfitters - Knoxville,Knoxville,TN,Southeast,flagship,35.9606,-83.9207,1,2,183.5,30.6,22.4,1.2,open-meteo
2026-07-27,S001,P1040,CanyonNomad XL Cooler 239,Rocky Top Outfitters - Knoxville,Knoxville,TN,Southeast,flagship,35.9606,-83.9207,1,1,103.37,30.6,22.4,1.2,open-meteo
2026-07-27,S001,P1045,FieldRunner Basecamp Tent 244,Rocky Top Outfitters - Knoxville,Knoxville,TN,Southeast,flagship,35.9606,-83.9207,2,5,1463.33,30.6,22.4,1.2,open-meteo
2026-07-27,S001,P1060,CloudNomad 32oz Tumbler 259,Rocky Top Outfitters - Knoxville,Knoxville,TN,Southeast,flagship,35.9606,-83.9207,1,1,154.39,30.6,22.4,1.2,open-meteo
2026-07-27,S001,P1061,FieldRunner Packable Jacket 260,Rocky Top Outfitters - Knoxville,Knoxville,TN,Southeast,flagship,35.9606,-83.9207,1,4,532.24,30.6,22.4,1.2,open-meteo
2026-07-27,S001,P1070,TrailRover Weekend Patio Heater 269,Rocky Top Outfitters - Knoxville,Knoxville,TN,Southeast,flagship,35.9606,-83.9207,1,1,162.02,30.6,22.4,1.2,open-meteo
2026-07-27,S002,P1003,CreekRambler 2P Camp Chair 202,Rocky Top Outfitters - Miami,Miami,FL,Southeast,urban,25.7617,-80.1918,1,1,448.98,30.6,24.8,7.9,open-meteo
2026-07-27,S002,P1005,EmberRunner Storm Kit Battery Pack 204,Rocky Top Outfitters - Miami,Miami,FL,Southeast,urban,25.7617,-80.1918,1,2,223.08,30.6,24.8,7.9,open-meteo
2026-07-27,S002,P1019,CreekRambler Alpine Jacket 218,Rocky Top Outfitters - Miami,Miami,FL,Southeast,urban,25.7617,-80.1918,1,1,143.19,30.6,24.8,7.9,open-meteo
2026-07-27,S002,P1026,VistaRover Mid Trail Shoes 225,Rocky Top Outfitters - Miami,Miami,FL,Southeast,urban,25.7617,-80.1918,1,1,130.4,30.6,24.8,7.9,open-meteo
2026-07-27,S002,P1028,CloudNomad Compact Cooler 227,Rocky Top Outfitters - Miami,Miami,FL,Southeast,urban,25.7617,-80.1918,1,2,1230.28,30.6,24.8,7.9,open-meteo
2026-07-27,S002,P1031,MoonRambler Stormproof Jacket 230,Rocky Top Outfitters - Miami,Miami,FL,Southeast,urban,25.7617,-80.1918,1,1,147.5,30.6,24.8,7.9,open-meteo
2026-07-27,S002,P1043,BoulderRambler Alpine Jacket 242,Rocky Top Outfitters - Miami,Miami,FL,Southeast,urban,25.7617,-80.1918,1,1,241.0,30.6,24.8,7.9,open-meteo
2026-07-27,S002,P1049,SummitRunner Lightweight Jacket 248,Rocky Top Outfitters - Miami,Miami,FL,Southeast,urban,25.7617,-80.1918,1,1,177.61,30.6,24.8,7.9,open-meteo
2026-07-27,S002,P1058,VistaRover Deluxe Patio Heater 257,Rocky Top Outfitters - Miami,Miami,FL,Southeast,urban,25.7617,-80.1918,1,1,263.59,30.6,24.8,7.9,open-meteo
2026-07-27,S002,P1064,PeakNomad XL Cooler 263,Rocky Top Outfitters - Miami,Miami,FL,Southeast,urban,25.7617,-80.1918,1,4,1966.24,30.6,24.8,7.9,open-meteo
2026-07-27,S002,P1071,Unknown product (P1071),Rocky Top Outfitters - Miami,Miami,FL,Southeast,urban,25.7617,-80.1918,1,2,243.62,30.6,24.8,7.9,open-meteo
2026-07-27,S002,P1074,Unknown product (P1074),Rocky Top Outfitters - Miami,Miami,FL,Southeast,urban,25.7617,-80.1918,1,1,153.36,30.6,24.8,7.9,open-meteo
2026-07-27,S003,P1016,PeakNomad XL Cooler 215,Rocky Top Outfitters - Chicago,Chicago,IL,Midwest,urban,41.8781,-87.6298,1,1,570.68,27.2,23.4,19.2,open-meteo
2026-07-27,S003,P1023,HearthRambler Expedition Flashlight 222,Rocky Top Outfitters - Chicago,Chicago,IL,Midwest,urban,41.8781,-87.6298,2,2,268.74,27.2,23.4,19.2,open-meteo
2026-07-27,S003,P1027,BoulderRambler 2P Camp Chair 226,Rocky Top Outfitters - Chicago,Chicago,IL,Midwest,urban,41.8781,-87.6298,1,4,349.72,27.2,23.4,19.2,open-meteo
2026-07-27,S003,P1038,TrailRover Wide Trail Shoes 237,Rocky Top Outfitters - Chicago,Chicago,IL,Midwest,urban,41.8781,-87.6298,1,3,472.5,27.2,23.4,19.2,open-meteo
2026-07-27,S003,P1042,VistaRover Trail Tumbler 241,Rocky Top Outfitters - Chicago,Chicago,IL,Midwest,urban,41.8781,-87.6298,1,1,115.25,27.2,23.4,19.2,open-meteo
2026-07-27,S003,P1045,FieldRunner Basecamp Tent 244,Rocky Top Outfitters - Chicago,Chicago,IL,Midwest,urban,41.8781,-87.6298,1,3,1045.23,27.2,23.4,19.2,open-meteo
2026-07-27,S003,P1046,SwitchbackRover Weekend Patio Heater 245,Rocky Top Outfitters - Chicago,Chicago,IL,Midwest,urban,41.8781,-87.6298,1,1,186.74,27.2,23.4,19.2,open-meteo
2026-07-27,S003,P1050,RidgeRover Mid Trail Shoes 249,Rocky Top Outfitters - Chicago,Chicago,IL,Midwest,urban,41.8781,-87.6298,1,1,75.31,27.2,23.4,19.2,open-meteo
2026-07-27,S003,P1051,CreekRambler 2P Camp Chair 250,Rocky Top Outfitters - Chicago,Chicago,IL,Midwest,urban,41.8781,-87.6298,1,2,678.64,27.2,23.4,19.2,open-meteo
2026-07-27,S003,P1065,SummitRunner Mini Battery Pack 264,Rocky Top Outfitters - Chicago,Chicago,IL,Midwest,urban,41.8781,-87.6298,2,4,378.08,27.2,23.4,19.2,open-meteo
2026-07-27,S003,P1075,Unknown product (P1075),Rocky Top Outfitters - Chicago,Chicago,IL,Midwest,urban,41.8781,-87.6298,1,2,330.44,27.2,23.4,19.2,open-meteo
2026-07-27,S003,P1078,SwitchbackRover 20oz Tumbler 277,Rocky Top Outfitters - Chicago,Chicago,IL,Midwest,urban,41.8781,-87.6298,1,1,146.35,27.2,23.4,19.2,open-meteo
2026-07-27,S004,P1001,SummitRunner Lightweight Jacket 200,Rocky Top Outfitters - Denver,Denver,CO,Mountain,flagship,39.7392,-104.9903,1,1,117.74,32.2,25.6,1.9,open-meteo
2026-07-27,S004,P1006,TrailRover 20oz Tumbler 205,Rocky Top Outfitters - Denver,Denver,CO,Mountain,flagship,39.7392,-104.9903,1,1,55.91,32.2,25.6,1.9,open-meteo
2026-07-27,S004,P1007,HearthRambler Stormproof Jacket 206,Rocky Top Outfitters - Denver,Denver,CO,Mountain,flagship,39.7392,-104.9903,1,2,224.84,32.2,25.6,1.9,open-meteo
2026-07-27,S004,P1009,PineRunner 4P Tent 208,Rocky Top Outfitters - Denver,Denver,CO,Mountain,flagship,39.7392,-104.9903,2,2,190.18,32.2,25.6,1.9,open-meteo
2026-07-27,S004,P1013,FieldRunner Packable Jacket 212,Rocky Top Outfitters - Denver,Denver,CO,Mountain,flagship,39.7392,-104.9903,1,1,97.39,32.2,25.6,1.9,open-meteo
2026-07-27,S004,P1018,RidgeRover Trail Tumbler 217,Rocky Top Outfitters - Denver,Denver,CO,Mountain,flagship,39.7392,-104.9903,1,1,153.36,32.2,25.6,1.9,open-meteo
2026-07-27,S004,P1021,EmberRunner Basecamp Tent 220,Rocky Top Outfitters - Denver,Denver,CO,Mountain,flagship,39.7392,-104.9903,1,2,140.1,32.2,25.6,1.9,open-meteo
2026-07-27,S004,P1026,VistaRover Mid Trail Shoes 225,Rocky Top Outfitters - Denver,Denver,CO,Mountain,flagship,39.7392,-104.9903,1,2,247.76,32.2,25.6,1.9,open-meteo
2026-07-27,S004,P1028,CloudNomad Compact Cooler 227,Rocky Top Outfitters - Denver,Denver,CO,Mountain,flagship,39.7392,-104.9903,1,2,1036.04,32.2,25.6,1.9,open-meteo
2026-07-27,S004,P1030,SwitchbackRover 20oz Tumbler 229,Rocky Top Outfitters - Denver,Denver,CO,Mountain,flagship,39.7392,-104.9903,1,2,227.26,32.2,25.6,1.9,open-meteo
2026-07-27,S004,P1031,MoonRambler Stormproof Jacket 230,Rocky Top Outfitters - Denver,Denver,CO,Mountain,flagship,39.7392,-104.9903,1,2,347.06,32.2,25.6,1.9,open-meteo
2026-07-27,S004,P1043,BoulderRambler Alpine Jacket 242,Rocky Top Outfitters - Denver,Denver,CO,Mountain,flagship,39.7392,-104.9903,2,5,1012.2,32.2,25.6,1.9,open-meteo
2026-07-27,S004,P1045,FieldRunner Basecamp Tent 244,Rocky Top Outfitters - Denver,Denver,CO,Mountain,flagship,39.7392,-104.9903,1,2,557.46,32.2,25.6,1.9,open-meteo
2026-07-27,S004,P1052,StormNomad Compact Cooler 251,Rocky Top Outfitters - Denver,Denver,CO,Mountain,flagship,39.7392,-104.9903,1,1,350.02,32.2,25.6,1.9,open-meteo
2026-07-27,S004,P1055,HearthRambler Stormproof Jacket 254,Rocky Top Outfitters - Denver,Denver,CO,Mountain,flagship,39.7392,-104.9903,1,1,235.93,32.2,25.6,1.9,open-meteo
2026-07-27,S004,P1058,VistaRover Deluxe Patio Heater 257,Rocky Top Outfitters - Denver,Denver,CO,Mountain,flagship,39.7392,-104.9903,1,1,263.59,32.2,25.6,1.9,open-meteo
2026-07-27,S004,P1060,CloudNomad 32oz Tumbler 259,Rocky Top Outfitters - Denver,Denver,CO,Mountain,flagship,39.7392,-104.9903,1,2,277.9,32.2,25.6,1.9,open-meteo
2026-07-27,S004,P1061,FieldRunner Packable Jacket 260,Rocky Top Outfitters - Denver,Denver,CO,Mountain,flagship,39.7392,-104.9903,1,3,443.52,32.2,25.6,1.9,open-meteo
2026-07-27,S004,P1062,SwitchbackRover Wide Trail Shoes 261,Rocky Top Outfitters - Denver,Denver,CO,Mountain,flagship,39.7392,-104.9903,1,2,324.32,32.2,25.6,1.9,open-meteo
2026-07-27,S004,P1063,MoonRambler Ultralight Camp Chair 262,Rocky Top Outfitters - Denver,Denver,CO,Mountain,flagship,39.7392,-104.9903,1,4,319.68,32.2,25.6,1.9,open-meteo
2026-07-27,S004,P1075,Unknown product (P1075),Rocky Top Outfitters - Denver,Denver,CO,Mountain,flagship,39.7392,-104.9903,1,4,528.72,32.2,25.6,1.9,open-meteo
2026-07-27,S005,P1009,PineRunner 4P Tent 208,Rocky Top Outfitters - Phoenix,Phoenix,AZ,Southwest,suburban,33.4484,-112.074,1,2,184.42,43.3,32.9,0.0,open-meteo
2026-07-27,S005,P1012,CloudNomad 32oz Tumbler 211,Rocky Top Outfitters - Phoenix,Phoenix,AZ,Southwest,suburban,33.4484,-112.074,1,1,123.66,43.3,32.9,0.0,open-meteo
2026-07-27,S005,P1013,FieldRunner Packable Jacket 212,Rocky Top Outfitters - Phoenix,Phoenix,AZ,Southwest,suburban,33.4484,-112.074,1,1,97.39,43.3,32.9,0.0,open-meteo
2026-07-27,S005,P1038,TrailRover Wide Trail Shoes 237,Rocky Top Outfitters - Phoenix,Phoenix,AZ,Southwest,suburban,33.4484,-112.074,1,1,196.88,43.3,32.9,0.0,open-meteo
2026-07-27,S005,P1049,SummitRunner Lightweight Jacket 248,Rocky Top Outfitters - Phoenix,Phoenix,AZ,Southwest,suburban,33.4484,-112.074,1,2,421.82,43.3,32.9,0.0,open-meteo
2026-07-27,S005,P1060,CloudNomad 32oz Tumbler 259,Rocky Top Outfitters - Phoenix,Phoenix,AZ,Southwest,suburban,33.4484,-112.074,1,3,463.17,43.3,32.9,0.0,open-meteo
2026-07-27,S005,P1069,Unknown product (P1069),Rocky Top Outfitters - Phoenix,Phoenix,AZ,Southwest,suburban,33.4484,-112.074,1,2,512.72,43.3,32.9,0.0,open-meteo
2026-07-27,S006,P1006,TrailRover 20oz Tumbler 205,Rocky Top Outfitters - Seattle,Seattle,WA,Pacific Northwest,urban,47.6062,-122.3321,1,3,159.33,25.6,15.2,0.0,open-meteo
2026-07-27,S006,P1021,EmberRunner Basecamp Tent 220,Rocky Top Outfitters - Seattle,Seattle,WA,Pacific Northwest,urban,47.6062,-122.3321,1,1,73.74,25.6,15.2,0.0,open-meteo
2026-07-27,S006,P1032,PeakNomad Waterproof Trail Shoes 231,Rocky Top Outfitters - Seattle,Seattle,WA,Pacific Northwest,urban,47.6062,-122.3321,1,1,174.67,25.6,15.2,0.0,open-meteo
2026-07-27,S006,P1033,SummitRunner 4P Tent 232,Rocky Top Outfitters - Seattle,Seattle,WA,Pacific Northwest,urban,47.6062,-122.3321,1,1,189.46,25.6,15.2,0.0,open-meteo
2026-07-27,S006,P1035,CreekRambler Rechargeable Flashlight 234,Rocky Top Outfitters - Seattle,Seattle,WA,Pacific Northwest,urban,47.6062,-122.3321,1,3,376.71,25.6,15.2,0.0,open-meteo
2026-07-27,S006,P1036,StormNomad 32oz Tumbler 235,Rocky Top Outfitters - Seattle,Seattle,WA,Pacific Northwest,urban,47.6062,-122.3321,1,1,157.72,25.6,15.2,0.0,open-meteo
2026-07-27,S006,P1055,HearthRambler Stormproof Jacket 254,Rocky Top Outfitters - Seattle,Seattle,WA,Pacific Northwest,urban,47.6062,-122.3321,1,3,749.43,25.6,15.2,0.0,open-meteo
2026-07-27,S006,P1058,VistaRover Deluxe Patio Heater 257,Rocky Top Outfitters - Seattle,Seattle,WA,Pacific Northwest,urban,47.6062,-122.3321,1,1,224.05,25.6,15.2,0.0,open-meteo
2026-07-27,S006,P1061,FieldRunner Packable Jacket 260,Rocky Top Outfitters - Seattle,Seattle,WA,Pacific Northwest,urban,47.6062,-122.3321,1,4,591.36,25.6,15.2,0.0,open-meteo
2026-07-27,S006,P1062,SwitchbackRover Wide Trail Shoes 261,Rocky Top Outfitters - Seattle,Seattle,WA,Pacific Northwest,urban,47.6062,-122.3321,1,1,153.62,25.6,15.2,0.0,open-meteo
2026-07-27,S006,P1077,FieldRunner Storm Kit Battery Pack 276,Rocky Top Outfitters - Seattle,Seattle,WA,Pacific Northwest,urban,47.6062,-122.3321,1,2,190.3,25.6,15.2,0.0,open-meteo
2026-07-27,S006,P1080,PeakNomad Waterproof Trail Shoes 279,Rocky Top Outfitters - Seattle,Seattle,WA,Pacific Northwest,urban,47.6062,-122.3321,1,1,128.7,25.6,15.2,0.0,open-meteo
2026-07-27,S007,P1015,MoonRambler Ultralight Camp Chair 214,Rocky Top Outfitters - Boston,Boston,MA,Northeast,urban,42.3601,-71.0589,1,4,690.72,27.3,14.0,0.0,open-meteo
2026-07-27,S007,P1027,BoulderRambler 2P Camp Chair 226,Rocky Top Outfitters - Boston,Boston,MA,Northeast,urban,42.3601,-71.0589,1,2,165.66,27.3,14.0,0.0,open-meteo
2026-07-27,S007,P1046,SwitchbackRover Weekend Patio Heater 245,Rocky Top Outfitters - Boston,Boston,MA,Northeast,urban,42.3601,-71.0589,1,2,396.82,27.3,14.0,0.0,open-meteo
2026-07-27,S007,P1052,StormNomad Compact Cooler 251,Rocky Top Outfitters - Boston,Boston,MA,Northeast,urban,42.3601,-71.0589,1,4,1477.84,27.3,14.0,0.0,open-meteo
2026-07-27,S007,P1064,PeakNomad XL Cooler 263,Rocky Top Outfitters - Boston,Boston,MA,Northeast,urban,42.3601,-71.0589,1,1,614.45,27.3,14.0,0.0,open-meteo
2026-07-27,S007,P1067,CreekRambler Alpine Jacket 266,Rocky Top Outfitters - Boston,Boston,MA,Northeast,urban,42.3601,-71.0589,1,1,253.63,27.3,14.0,0.0,open-meteo
2026-07-27,S007,P1072,CanyonNomad Travel Tumbler 271,Rocky Top Outfitters - Boston,Boston,MA,Northeast,urban,42.3601,-71.0589,1,1,107.43,27.3,14.0,0.0,open-meteo
2026-07-27,S007,P1075,Unknown product (P1075),Rocky Top Outfitters - Boston,Boston,MA,Northeast,urban,42.3601,-71.0589,1,2,330.44,27.3,14.0,0.0,open-meteo
2026-07-27,S008,P1003,CreekRambler 2P Camp Chair 202,Rocky Top Outfitters - Minneapolis,Minneapolis,MN,Midwest,suburban,44.9778,-93.265,1,3,1346.94,37.8,22.8,0.3,open-meteo
2026-07-27,S008,P1011,BoulderRambler Rechargeable Flashlight 210,Rocky Top Outfitters - Minneapolis,Minneapolis,MN,Midwest,suburban,44.9778,-93.265,1,2,266.14,37.8,22.8,0.3,open-meteo
2026-07-27,S008,P1015,MoonRambler Ultralight Camp Chair 214,Rocky Top Outfitters - Minneapolis,Minneapolis,MN,Midwest,suburban,44.9778,-93.265,1,1,191.87,37.8,22.8,0.3,open-meteo
2026-07-27,S008,P1045,FieldRunner Basecamp Tent 244,Rocky Top Outfitters - Minneapolis,Minneapolis,MN,Midwest,suburban,44.9778,-93.265,1,2,661.98,37.8,22.8,0.3,open-meteo
2026-07-27,S008,P1049,SummitRunner Lightweight Jacket 248,Rocky Top Outfitters - Minneapolis,Minneapolis,MN,Midwest,suburban,44.9778,-93.265,1,1,222.01,37.8,22.8,0.3,open-meteo
2026-07-27,S008,P1058,VistaRover Deluxe Patio Heater 257,Rocky Top Outfitters - Minneapolis,Minneapolis,MN,Midwest,suburban,44.9778,-93.265,1,2,527.18,37.8,22.8,0.3,open-meteo
2026-07-27,S008,P1063,MoonRambler Ultralight Camp Chair 262,Rocky Top Outfitters - Minneapolis,Minneapolis,MN,Midwest,suburban,44.9778,-93.265,1,1,75.92,37.8,22.8,0.3,open-meteo
2026-07-27,S008,P1067,CreekRambler Alpine Jacket 266,Rocky Top Outfitters - Minneapolis,Minneapolis,MN,Midwest,suburban,44.9778,-93.265,2,5,1294.85,37.8,22.8,0.3,open-meteo
2026-07-27,S008,P1077,FieldRunner Storm Kit Battery Pack 276,Rocky Top Outfitters - Minneapolis,Minneapolis,MN,Midwest,suburban,44.9778,-93.265,1,2,190.3,37.8,22.8,0.3,open-meteo
2026-07-28,S001,NEW:NP5067,CreekRambler Alpine Jacket 266 Pro,Rocky Top Outfitters - Knoxville,Knoxville,TN,Southeast,flagship,35.9606,-83.9207,1,2,495.12,31.4,21.2,9.6,open-meteo
2026-07-28,S001,NEW:NP5073,FieldRunner Battery Pack,Rocky Top Outfitters - Knoxville,Knoxville,TN,Southeast,flagship,35.9606,-83.9207,1,4,365.52,31.4,21.2,9.6,open-meteo
2026-07-28,S001,P1007,HearthRambler Stormproof Jacket 206,Rocky Top Outfitters - Knoxville,Knoxville,TN,Southeast,flagship,35.9606,-83.9207,1,2,207.28,31.4,21.2,9.6,open-meteo
2026-07-28,S001,P1012,CloudNomad 32oz Tumbler 211,Rocky Top Outfitters - Knoxville,Knoxville,TN,Southeast,flagship,35.9606,-83.9207,1,3,360.15,31.4,21.2,9.6,open-meteo
2026-07-28,S001,P1020,StormNomad Approach Trail Shoes 219,Rocky Top Outfitters - Knoxville,Knoxville,TN,Southeast,flagship,35.9606,-83.9207,1,2,414.78,31.4,21.2,9.6,open-meteo
2026-07-28,S001,P1031,MoonRambler Stormproof Jacket 230,Rocky Top Outfitters - Knoxville,Knoxville,TN,Southeast,flagship,35.9606,-83.9207,1,1,145.81,31.4,21.2,9.6,open-meteo
2026-07-28,S001,P1043,BoulderRambler Alpine Jacket 242,Rocky Top Outfitters - Knoxville,Knoxville,TN,Southeast,flagship,35.9606,-83.9207,1,1,237.41,31.4,21.2,9.6,open-meteo
2026-07-28,S001,P1048,PeakNomad Travel Tumbler 247,Rocky Top Outfitters - Knoxville,Knoxville,TN,Southeast,flagship,35.9606,-83.9207,1,1,58.16,31.4,21.2,9.6,open-meteo
2026-07-28,S001,P1049,SummitRunner Lightweight Jacket 248,Rocky Top Outfitters - Knoxville,Knoxville,TN,Southeast,flagship,35.9606,-83.9207,1,1,223.44,31.4,21.2,9.6,open-meteo
2026-07-28,S001,P1055,HearthRambler Stormproof Jacket 254,Rocky Top Outfitters - Knoxville,Knoxville,TN,Southeast,flagship,35.9606,-83.9207,1,2,558.96,31.4,21.2,9.6,open-meteo
2026-07-28,S001,P1060,CloudNomad 32oz Tumbler 259,Rocky Top Outfitters - Knoxville,Knoxville,TN,Southeast,flagship,35.9606,-83.9207,1,2,283.3,31.4,21.2,9.6,open-meteo
2026-07-28,S001,P1062,SwitchbackRover Wide Trail Shoes 261,Rocky Top Outfitters - Knoxville,Knoxville,TN,Southeast,flagship,35.9606,-83.9207,1,1,163.29,31.4,21.2,9.6,open-meteo
2026-07-28,S002,NEW:NP5002,RidgeRover Mid Trail Shoes 201,Rocky Top Outfitters - Miami,Miami,FL,Southeast,urban,25.7617,-80.1918,1,1,205.57,33.0,25.5,5.2,open-meteo
2026-07-28,S002,NEW:NP5057,PineRunner 4P Tent 256 Pro,Rocky Top Outfitters - Miami,Miami,FL,Southeast,urban,25.7617,-80.1918,1,4,1438.6,33.0,25.5,5.2,open-meteo
2026-07-28,S002,NEW:NP5075,MoonRambler Rain Shell,Rocky Top Outfitters - Miami,Miami,FL,Southeast,urban,25.7617,-80.1918,1,1,219.82,33.0,25.5,5.2,open-meteo
2026-07-28,S002,NEW:NP5076,PeakNomad Trail Shoes,Rocky Top Outfitters - Miami,Miami,FL,Southeast,urban,25.7617,-80.1918,1,2,251.4,33.0,25.5,5.2,open-meteo
2026-07-28,S002,P1003,CreekRambler 2P Camp Chair 202,Rocky Top Outfitters - Miami,Miami,FL,Southeast,urban,25.7617,-80.1918,1,4,1501.56,33.0,25.5,5.2,open-meteo
2026-07-28,S002,P1004,StormNomad Compact Cooler 203,Rocky Top Outfitters - Miami,Miami,FL,Southeast,urban,25.7617,-80.1918,1,1,87.17,33.0,25.5,5.2,open-meteo
2026-07-28,S002,P1007,HearthRambler Stormproof Jacket 206,Rocky Top Outfitters - Miami,Miami,FL,Southeast,urban,25.7617,-80.1918,1,4,414.56,33.0,25.5,5.2,open-meteo
2026-07-28,S002,P1013,FieldRunner Packable Jacket 212,Rocky Top Outfitters - Miami,Miami,FL,Southeast,urban,25.7617,-80.1918,1,1,99.43,33.0,25.5,5.2,open-meteo
2026-07-28,S002,P1048,PeakNomad Travel Tumbler 247,Rocky Top Outfitters - Miami,Miami,FL,Southeast,urban,25.7617,-80.1918,1,3,218.1,33.0,25.5,5.2,open-meteo
2026-07-28,S002,P1064,PeakNomad XL Cooler 263,Rocky Top Outfitters - Miami,Miami,FL,Southeast,urban,25.7617,-80.1918,1,1,524.54,33.0,25.5,5.2,open-meteo
2026-07-28,S003,NEW:NP5067,CreekRambler Alpine Jacket 266 Pro,Rocky Top Outfitters - Chicago,Chicago,IL,Midwest,urban,41.8781,-87.6298,2,4,990.24,25.0,20.6,0.2,open-meteo
2026-07-28,S003,NEW:NP5072,SummitRover Cooler,Rocky Top Outfitters - Chicago,Chicago,IL,Midwest,urban,41.8781,-87.6298,2,3,2186.89,25.0,20.6,0.2,open-meteo
2026-07-28,S003,NEW:NP5076,PeakNomad Trail Shoes,Rocky Top Outfitters - Chicago,Chicago,IL,Midwest,urban,41.8781,-87.6298,1,2,282.82,25.0,20.6,0.2,open-meteo
2026-07-28,S003,P1003,CreekRambler 2P Camp Chair 202,Rocky Top Outfitters - Chicago,Chicago,IL,Midwest,urban,41.8781,-87.6298,1,1,375.39,25.0,20.6,0.2,open-meteo
2026-07-28,S003,P1006,TrailRover 20oz Tumbler 205,Rocky Top Outfitters - Chicago,Chicago,IL,Midwest,urban,41.8781,-87.6298,1,1,44.3,25.0,20.6,0.2,open-meteo
2026-07-28,S003,P1014,SwitchbackRover Wide Trail Shoes 213,Rocky Top Outfitters - Chicago,Chicago,IL,Midwest,urban,41.8781,-87.6298,1,2,360.54,25.0,20.6,0.2,open-meteo
2026-07-28,S003,P1016,PeakNomad XL Cooler 215,Rocky Top Outfitters - Chicago,Chicago,IL,Midwest,urban,41.8781,-87.6298,1,1,648.67,25.0,20.6,0.2,open-meteo
2026-07-28,S003,P1018,RidgeRover Trail Tumbler 217,Rocky Top Outfitters - Chicago,Chicago,IL,Midwest,urban,41.8781,-87.6298,1,1,150.17,25.0,20.6,0.2,open-meteo
2026-07-28,S003,P1032,PeakNomad Waterproof Trail Shoes 231,Rocky Top Outfitters - Chicago,Chicago,IL,Midwest,urban,41.8781,-87.6298,1,2,320.68,25.0,20.6,0.2,open-meteo
2026-07-28,S003,P1050,RidgeRover Mid Trail Shoes 249,Rocky Top Outfitters - Chicago,Chicago,IL,Midwest,urban,41.8781,-87.6298,1,4,297.76,25.0,20.6,0.2,open-meteo
2026-07-28,S003,P1054,TrailRover 20oz Tumbler 253,Rocky Top Outfitters - Chicago,Chicago,IL,Midwest,urban,41.8781,-87.6298,1,1,72.66,25.0,20.6,0.2,open-meteo
2026-07-28,S003,P1060,CloudNomad 32oz Tumbler 259,Rocky Top Outfitters - Chicago,Chicago,IL,Midwest,urban,41.8781,-87.6298,1,2,266.64,25.0,20.6,0.2,open-meteo
2026-07-28,S004,NEW:NP5015,MoonRambler Ultralight Camp Chair 214,Rocky Top Outfitters - Denver,Denver,CO,Mountain,flagship,39.7392,-104.9903,1,1,190.74,32.9,20.8,3.0,open-meteo
2026-07-28,S004,NEW:NP5059,BoulderRambler Rechargeable Flashlight 258 Pro,Rocky Top Outfitters - Denver,Denver,CO,Mountain,flagship,39.7392,-104.9903,1,1,103.46,32.9,20.8,3.0,open-meteo
2026-07-28,S004,NEW:NP5076,PeakNomad Trail Shoes,Rocky Top Outfitters - Denver,Denver,CO,Mountain,flagship,39.7392,-104.9903,1,2,267.1,32.9,20.8,3.0,open-meteo
2026-07-28,S004,P1006,TrailRover 20oz Tumbler 205,Rocky Top Outfitters - Denver,Denver,CO,Mountain,flagship,39.7392,-104.9903,1,2,88.6,32.9,20.8,3.0,open-meteo
2026-07-28,S004,P1007,HearthRambler Stormproof Jacket 206,Rocky Top Outfitters - Denver,Denver,CO,Mountain,flagship,39.7392,-104.9903,1,1,109.09,32.9,20.8,3.0,open-meteo
2026-07-28,S004,P1008,CanyonNomad Waterproof Trail Shoes 207,Rocky Top Outfitters - Denver,Denver,CO,Mountain,flagship,39.7392,-104.9903,1,1,157.67,32.9,20.8,3.0,open-meteo
2026-07-28,S004,P1009,PineRunner 4P Tent 208,Rocky Top Outfitters - Denver,Denver,CO,Mountain,flagship,39.7392,-104.9903,1,1,118.72,32.9,20.8,3.0,open-meteo
2026-07-28,S004,P1013,FieldRunner Packable Jacket 212,Rocky Top Outfitters - Denver,Denver,CO,Mountain,flagship,39.7392,-104.9903,1,1,89.49,32.9,20.8,3.0,open-meteo
2026-07-28,S004,P1022,TrailRover Weekend Patio Heater 221,Rocky Top Outfitters - Denver,Denver,CO,Mountain,flagship,39.7392,-104.9903,1,4,1395.04,32.9,20.8,3.0,open-meteo
2026-07-28,S004,P1025,PineRunner Lightweight Jacket 224,Rocky Top Outfitters - Denver,Denver,CO,Mountain,flagship,39.7392,-104.9903,1,1,97.1,32.9,20.8,3.0,open-meteo
2026-07-28,S004,P1026,VistaRover Mid Trail Shoes 225,Rocky Top Outfitters - Denver,Denver,CO,Mountain,flagship,39.7392,-104.9903,1,4,514.8,32.9,20.8,3.0,open-meteo
2026-07-28,S004,P1042,VistaRover Trail Tumbler 241,Rocky Top Outfitters - Denver,Denver,CO,Mountain,flagship,39.7392,-104.9903,1,1,95.51,32.9,20.8,3.0,open-meteo
2026-07-28,S004,P1048,PeakNomad Travel Tumbler 247,Rocky Top Outfitters - Denver,Denver,CO,Mountain,flagship,39.7392,-104.9903,1,3,174.48,32.9,20.8,3.0,open-meteo
2026-07-28,S004,P1060,CloudNomad 32oz Tumbler 259,Rocky Top Outfitters - Denver,Denver,CO,Mountain,flagship,39.7392,-104.9903,1,4,633.28,32.9,20.8,3.0,open-meteo
2026-07-28,S004,P1062,SwitchbackRover Wide Trail Shoes 261,Rocky Top Outfitters - Denver,Denver,CO,Mountain,flagship,39.7392,-104.9903,1,3,489.87,32.9,20.8,3.0,open-meteo
2026-07-28,S005,NEW:NP5057,PineRunner 4P Tent 256 Pro,Rocky Top Outfitters - Phoenix,Phoenix,AZ,Southwest,suburban,33.4484,-112.074,1,4,1358.68,40.3,30.1,2.3,open-meteo
2026-07-28,S005,NEW:NP5059,BoulderRambler Rechargeable Flashlight 258 Pro,Rocky Top Outfitters - Phoenix,Phoenix,AZ,Southwest,suburban,33.4484,-112.074,1,1,108.91,40.3,30.1,2.3,open-meteo
2026-07-28,S005,NEW:NP5063,MoonRambler Ultralight Camp Chair 262 Pro,Rocky Top Outfitters - Phoenix,Phoenix,AZ,Southwest,suburban,33.4484,-112.074,1,1,77.22,40.3,30.1,2.3,open-meteo
2026-07-28,S005,NEW:NP5069,BoulderNomad Patio Heater,Rocky Top Outfitters - Phoenix,Phoenix,AZ,Southwest,suburban,33.4484,-112.074,1,2,376.12,40.3,30.1,2.3,open-meteo
2026-07-28,S005,NEW:NP5072,SummitRover Cooler,Rocky Top Outfitters - Phoenix,Phoenix,AZ,Southwest,suburban,33.4484,-112.074,1,4,3180.92,40.3,30.1,2.3,open-meteo
2026-07-28,S005,P1003,CreekRambler 2P Camp Chair 202,Rocky Top Outfitters - Phoenix,Phoenix,AZ,Southwest,suburban,33.4484,-112.074,1,1,441.63,40.3,30.1,2.3,open-meteo
2026-07-28,S005,P1008,CanyonNomad Waterproof Trail Shoes 207,Rocky Top Outfitters - Phoenix,Phoenix,AZ,Southwest,suburban,33.4484,-112.074,1,2,332.86,40.3,30.1,2.3,open-meteo
2026-07-28,S005,P1040,CanyonNomad XL Cooler 239,Rocky Top Outfitters - Phoenix,Phoenix,AZ,Southwest,suburban,33.4484,-112.074,2,4,430.08,40.3,30.1,2.3,open-meteo
2026-07-28,S005,P1042,VistaRover Trail Tumbler 241,Rocky Top Outfitters - Phoenix,Phoenix,AZ,Southwest,suburban,33.4484,-112.074,1,4,382.04,40.3,30.1,2.3,open-meteo
2026-07-28,S005,P1055,HearthRambler Stormproof Jacket 254,Rocky Top Outfitters - Phoenix,Phoenix,AZ,Southwest,suburban,33.4484,-112.074,1,2,503.06,40.3,30.1,2.3,open-meteo
2026-07-28,S006,NEW:NP5059,BoulderRambler Rechargeable Flashlight 258 Pro,Rocky Top Outfitters - Seattle,Seattle,WA,Pacific Northwest,urban,47.6062,-122.3321,1,1,108.91,23.2,15.9,0.0,open-meteo
2026-07-28,S006,NEW:NP5065,SummitRunner Mini Battery Pack 264 Pro,Rocky Top Outfitters - Seattle,Seattle,WA,Pacific Northwest,urban,47.6062,-122.3321,1,1,86.14,23.2,15.9,0.0,open-meteo
2026-07-28,S006,NEW:NP5069,BoulderNomad Patio Heater,Rocky Top Outfitters - Seattle,Seattle,WA,Pacific Northwest,urban,47.6062,-122.3321,1,2,420.38,23.2,15.9,0.0,open-meteo
2026-07-28,S006,NEW:NP5073,FieldRunner Battery Pack,Rocky Top Outfitters - Seattle,Seattle,WA,Pacific Northwest,urban,47.6062,-122.3321,1,2,182.76,23.2,15.9,0.0,open-meteo
2026-07-28,S006,P1004,StormNomad Compact Cooler 203,Rocky Top Outfitters - Seattle,Seattle,WA,Pacific Northwest,urban,47.6062,-122.3321,1,3,326.88,23.2,15.9,0.0,open-meteo
2026-07-28,S006,P1008,CanyonNomad Waterproof Trail Shoes 207,Rocky Top Outfitters - Seattle,Seattle,WA,Pacific Northwest,urban,47.6062,-122.3321,1,1,148.91,23.2,15.9,0.0,open-meteo
2026-07-28,S006,P1016,PeakNomad XL Cooler 215,Rocky Top Outfitters - Seattle,Seattle,WA,Pacific Northwest,urban,47.6062,-122.3321,1,1,648.67,23.2,15.9,0.0,open-meteo
2026-07-28,S006,P1021,EmberRunner Basecamp Tent 220,Rocky Top Outfitters - Seattle,Seattle,WA,Pacific Northwest,urban,47.6062,-122.3321,1,1,73.7,23.2,15.9,0.0,open-meteo
2026-07-28,S006,P1023,HearthRambler Expedition Flashlight 222,Rocky Top Outfitters - Seattle,Seattle,WA,Pacific Northwest,urban,47.6062,-122.3321,1,2,289.68,23.2,15.9,0.0,open-meteo
2026-07-28,S006,P1025,PineRunner Lightweight Jacket 224,Rocky Top Outfitters - Seattle,Seattle,WA,Pacific Northwest,urban,47.6062,-122.3321,1,1,115.3,23.2,15.9,0.0,open-meteo
2026-07-28,S006,P1032,PeakNomad Waterproof Trail Shoes 231,Rocky Top Outfitters - Seattle,Seattle,WA,Pacific Northwest,urban,47.6062,-122.3321,1,1,200.43,23.2,15.9,0.0,open-meteo
2026-07-28,S006,P1034,RidgeRover Deluxe Patio Heater 233,Rocky Top Outfitters - Seattle,Seattle,WA,Pacific Northwest,urban,47.6062,-122.3321,1,1,168.67,23.2,15.9,0.0,open-meteo
2026-07-28,S006,P1044,CloudNomad Approach Trail Shoes 243,Rocky Top Outfitters - Seattle,Seattle,WA,Pacific Northwest,urban,47.6062,-122.3321,2,2,348.77,23.2,15.9,0.0,open-meteo
2026-07-28,S006,P1052,StormNomad Compact Cooler 251,Rocky Top Outfitters - Seattle,Seattle,WA,Pacific Northwest,urban,47.6062,-122.3321,1,2,718.5,23.2,15.9,0.0,open-meteo
2026-07-28,S006,P1060,CloudNomad 32oz Tumbler 259,Rocky Top Outfitters - Seattle,Seattle,WA,Pacific Northwest,urban,47.6062,-122.3321,1,2,333.3,23.2,15.9,0.0,open-meteo
2026-07-28,S006,P1066,RidgeRover Trail Tumbler 265,Rocky Top Outfitters - Seattle,Seattle,WA,Pacific Northwest,urban,47.6062,-122.3321,1,2,161.56,23.2,15.9,0.0,open-meteo
2026-07-28,S007,NEW:NP5076,PeakNomad Trail Shoes,Rocky Top Outfitters - Boston,Boston,MA,Northeast,urban,42.3601,-71.0589,1,4,597.04,27.0,19.5,8.7,open-meteo
2026-07-28,S007,P1006,TrailRover 20oz Tumbler 205,Rocky Top Outfitters - Boston,Boston,MA,Northeast,urban,42.3601,-71.0589,1,2,99.68,27.0,19.5,8.7,open-meteo
2026-07-28,S007,P1008,CanyonNomad Waterproof Trail Shoes 207,Rocky Top Outfitters - Boston,Boston,MA,Northeast,urban,42.3601,-71.0589,1,3,446.73,27.0,19.5,8.7,open-meteo
2026-07-28,S007,P1017,SummitRunner Mini Battery Pack 216,Rocky Top Outfitters - Boston,Boston,MA,Northeast,urban,42.3601,-71.0589,1,2,126.56,27.0,19.5,8.7,open-meteo
2026-07-28,S007,P1031,MoonRambler Stormproof Jacket 230,Rocky Top Outfitters - Boston,Boston,MA,Northeast,urban,42.3601,-71.0589,1,2,274.46,27.0,19.5,8.7,open-meteo
2026-07-28,S007,P1036,StormNomad 32oz Tumbler 235,Rocky Top Outfitters - Boston,Boston,MA,Northeast,urban,42.3601,-71.0589,1,2,297.26,27.0,19.5,8.7,open-meteo
2026-07-28,S007,P1038,TrailRover Wide Trail Shoes 237,Rocky Top Outfitters - Boston,Boston,MA,Northeast,urban,42.3601,-71.0589,1,1,198.18,27.0,19.5,8.7,open-meteo
2026-07-28,S007,P1051,CreekRambler 2P Camp Chair 250,Rocky Top Outfitters - Boston,Boston,MA,Northeast,urban,42.3601,-71.0589,1,2,729.34,27.0,19.5,8.7,open-meteo
2026-07-28,S007,P1066,RidgeRover Trail Tumbler 265,Rocky Top Outfitters - Boston,Boston,MA,Northeast,urban,42.3601,-71.0589,1,1,100.98,27.0,19.5,8.7,open-meteo
2026-07-28,S008,NEW:NP5015,MoonRambler Ultralight Camp Chair 214,Rocky Top Outfitters - Minneapolis,Minneapolis,MN,Midwest,suburban,44.9778,-93.265,1,1,190.74,32.8,20.5,0.4,open-meteo
2026-07-28,S008,NEW:NP5072,SummitRover Cooler,Rocky Top Outfitters - Minneapolis,Minneapolis,MN,Midwest,suburban,44.9778,-93.265,1,1,675.95,32.8,20.5,0.4,open-meteo
2026-07-28,S008,P1004,StormNomad Compact Cooler 203,Rocky Top Outfitters - Minneapolis,Minneapolis,MN,Midwest,suburban,44.9778,-93.265,1,3,326.88,32.8,20.5,0.4,open-meteo
2026-07-28,S008,P1016,PeakNomad XL Cooler 215,Rocky Top Outfitters - Minneapolis,Minneapolis,MN,Midwest,suburban,44.9778,-93.265,1,3,1946.01,32.8,20.5,0.4,open-meteo
2026-07-28,S008,P1020,StormNomad Approach Trail Shoes 219,Rocky Top Outfitters - Minneapolis,Minneapolis,MN,Midwest,suburban,44.9778,-93.265,1,1,207.39,32.8,20.5,0.4,open-meteo
2026-07-28,S008,P1026,VistaRover Mid Trail Shoes 225,Rocky Top Outfitters - Minneapolis,Minneapolis,MN,Midwest,suburban,44.9778,-93.265,1,2,244.52,32.8,20.5,0.4,open-meteo
2026-07-28,S008,P1029,FieldRunner Storm Kit Battery Pack 228,Rocky Top Outfitters - Minneapolis,Minneapolis,MN,Midwest,suburban,44.9778,-93.265,1,2,220.38,32.8,20.5,0.4,open-meteo
2026-07-28,S008,P1030,SwitchbackRover 20oz Tumbler 229,Rocky Top Outfitters - Minneapolis,Minneapolis,MN,Midwest,suburban,44.9778,-93.265,1,3,308.55,32.8,20.5,0.4,open-meteo
2026-07-28,S008,P1044,CloudNomad Approach Trail Shoes 243,Rocky Top Outfitters - Minneapolis,Minneapolis,MN,Midwest,suburban,44.9778,-93.265,2,5,891.3,32.8,20.5,0.4,open-meteo
2026-07-28,S008,P1045,FieldRunner Basecamp Tent 244,Rocky Top Outfitters - Minneapolis,Minneapolis,MN,Midwest,suburban,44.9778,-93.265,1,1,326.37,32.8,20.5,0.4,open-meteo
2026-07-28,S008,P1064,PeakNomad XL Cooler 263,Rocky Top Outfitters - Minneapolis,Minneapolis,MN,Midwest,suburban,44.9778,-93.265,1,1,524.54,32.8,20.5,0.4,open-meteo
2026-07-28,S008,P1066,RidgeRover Trail Tumbler 265,Rocky Top Outfitters - Minneapolis,Minneapolis,MN,Midwest,suburban,44.9778,-93.265,1,1,95.93,32.8,20.5,0.4,open-meteo
2026-07-29,S001,NEW:NP5059,BoulderRambler Rechargeable Flashlight 258 Pro,Rocky Top Outfitters - Knoxville,Knoxville,TN,Southeast,flagship,35.9606,-83.9207,1,3,326.73,29.4,22.2,1.4,open-meteo
2026-07-29,S001,NEW:NP5063,MoonRambler Ultralight Camp Chair 262 Pro,Rocky Top Outfitters - Knoxville,Knoxville,TN,Southeast,flagship,35.9606,-83.9207,1,1,73.36,29.4,22.2,1.4,open-meteo
2026-07-29,S001,NEW:NP5067,CreekRambler Alpine Jacket 266 Pro,Rocky Top Outfitters - Knoxville,Knoxville,TN,Southeast,flagship,35.9606,-83.9207,1,1,247.56,29.4,22.2,1.4,open-meteo
2026-07-29,S001,NEW:NP5069,BoulderNomad Patio Heater,Rocky Top Outfitters - Knoxville,Knoxville,TN,Southeast,flagship,35.9606,-83.9207,1,1,177.0,29.4,22.2,1.4,open-meteo
2026-07-29,S001,NEW:NP5071,MoonScout Trail Shoes,Rocky Top Outfitters - Knoxville,Knoxville,TN,Southeast,flagship,35.9606,-83.9207,1,1,187.04,29.4,22.2,1.4,open-meteo
2026-07-29,S001,NEW:NP5072,SummitRover Cooler,Rocky Top Outfitters - Knoxville,Knoxville,TN,Southeast,flagship,35.9606,-83.9207,1,3,2385.69,29.4,22.2,1.4,open-meteo
2026-07-29,S001,P1003,CreekRambler 2P Camp Chair 202,Rocky Top Outfitters - Knoxville,Knoxville,TN,Southeast,flagship,35.9606,-83.9207,1,1,375.39,29.4,22.2,1.4,open-meteo
2026-07-29,S001,P1006,TrailRover 20oz Tumbler 205,Rocky Top Outfitters - Knoxville,Knoxville,TN,Southeast,flagship,35.9606,-83.9207,1,3,149.52,29.4,22.2,1.4,open-meteo
2026-07-29,S001,P1012,CloudNomad 32oz Tumbler 211,Rocky Top Outfitters - Knoxville,Knoxville,TN,Southeast,flagship,35.9606,-83.9207,1,2,240.1,29.4,22.2,1.4,open-meteo
2026-07-29,S001,P1023,HearthRambler Expedition Flashlight 222,Rocky Top Outfitters - Knoxville,Knoxville,TN,Southeast,flagship,35.9606,-83.9207,1,2,260.72,29.4,22.2,1.4,open-meteo
2026-07-29,S001,P1024,CanyonNomad Travel Tumbler 223,Rocky Top Outfitters - Knoxville,Knoxville,TN,Southeast,flagship,35.9606,-83.9207,3,6,494.86,29.4,22.2,1.4,open-meteo
2026-07-29,S001,P1028,CloudNomad Compact Cooler 227,Rocky Top Outfitters - Knoxville,Knoxville,TN,Southeast,flagship,35.9606,-83.9207,1,2,1069.4,29.4,22.2,1.4,open-meteo
2026-07-29,S001,P1029,FieldRunner Storm Kit Battery Pack 228,Rocky Top Outfitters - Knoxville,Knoxville,TN,Southeast,flagship,35.9606,-83.9207,1,2,244.86,29.4,22.2,1.4,open-meteo
2026-07-29,S001,P1030,SwitchbackRover 20oz Tumbler 229,Rocky Top Outfitters - Knoxville,Knoxville,TN,Southeast,flagship,35.9606,-83.9207,2,5,584.95,29.4,22.2,1.4,open-meteo
2026-07-29,S001,P1048,PeakNomad Travel Tumbler 247,Rocky Top Outfitters - Knoxville,Knoxville,TN,Southeast,flagship,35.9606,-83.9207,1,1,72.7,29.4,22.2,1.4,open-meteo
2026-07-29,S001,P1062,SwitchbackRover Wide Trail Shoes 261,Rocky Top Outfitters - Knoxville,Knoxville,TN,Southeast,flagship,35.9606,-83.9207,1,4,587.84,29.4,22.2,1.4,open-meteo
2026-07-29,S002,NEW:NP5067,CreekRambler Alpine Jacket 266 Pro,Rocky Top Outfitters - Miami,Miami,FL,Southeast,urban,25.7617,-80.1918,1,1,210.43,33.2,26.3,1.5,open-meteo
2026-07-29,S002,NEW:NP5074,SwitchbackRover Insulated Tumbler,Rocky Top Outfitters - Miami,Miami,FL,Southeast,urban,25.7617,-80.1918,1,1,163.7,33.2,26.3,1.5,open-meteo
2026-07-29,S002,P1011,BoulderRambler Rechargeable Flashlight 210,Rocky Top Outfitters - Miami,Miami,FL,Southeast,urban,25.7617,-80.1918,1,1,132.66,33.2,26.3,1.5,open-meteo
2026-07-29,S002,P1022,TrailRover Weekend Patio Heater 221,Rocky Top Outfitters - Miami,Miami,FL,Southeast,urban,25.7617,-80.1918,1,1,329.38,33.2,26.3,1.5,open-meteo
2026-07-29,S002,P1023,HearthRambler Expedition Flashlight 222,Rocky Top Outfitters - Miami,Miami,FL,Southeast,urban,25.7617,-80.1918,1,3,369.33,33.2,26.3,1.5,open-meteo
2026-07-29,S002,P1026,VistaRover Mid Trail Shoes 225,Rocky Top Outfitters - Miami,Miami,FL,Southeast,urban,25.7617,-80.1918,1,3,386.1,33.2,26.3,1.5,open-meteo
2026-07-29,S002,P1036,StormNomad 32oz Tumbler 235,Rocky Top Outfitters - Miami,Miami,FL,Southeast,urban,25.7617,-80.1918,1,1,156.45,33.2,26.3,1.5,open-meteo
2026-07-29,S002,P1038,TrailRover Wide Trail Shoes 237,Rocky Top Outfitters - Miami,Miami,FL,Southeast,urban,25.7617,-80.1918,1,4,792.72,33.2,26.3,1.5,open-meteo
2026-07-29,S002,P1042,VistaRover Trail Tumbler 241,Rocky Top Outfitters - Miami,Miami,FL,Southeast,urban,25.7617,-80.1918,1,4,449.44,33.2,26.3,1.5,open-meteo
2026-07-29,S002,P1048,PeakNomad Travel Tumbler 247,Rocky Top Outfitters - Miami,Miami,FL,Southeast,urban,25.7617,-80.1918,1,1,72.7,33.2,26.3,1.5,open-meteo
2026-07-29,S002,P1049,SummitRunner Lightweight Jacket 248,Rocky Top Outfitters - Miami,Miami,FL,Southeast,urban,25.7617,-80.1918,1,1,189.92,33.2,26.3,1.5,open-meteo
2026-07-29,S002,P1053,EmberRunner Storm Kit Battery Pack 252,Rocky Top Outfitters - Miami,Miami,FL,Southeast,urban,25.7617,-80.1918,1,1,111.73,33.2,26.3,1.5,open-meteo
2026-07-29,S002,P1055,HearthRambler Stormproof Jacket 254,Rocky Top Outfitters - Miami,Miami,FL,Southeast,urban,25.7617,-80.1918,1,2,558.96,33.2,26.3,1.5,open-meteo
2026-07-29,S002,P1062,SwitchbackRover Wide Trail Shoes 261,Rocky Top Outfitters - Miami,Miami,FL,Southeast,urban,25.7617,-80.1918,1,1,163.29,33.2,26.3,1.5,open-meteo
2026-07-29,S003,NEW:NP5057,PineRunner 4P Tent 256 Pro,Rocky Top Outfitters - Chicago,Chicago,IL,Midwest,urban,41.8781,-87.6298,1,1,379.63,24.1,19.5,0.0,open-meteo
2026-07-29,S003,NEW:NP5065,SummitRunner Mini Battery Pack 264 Pro,Rocky Top Outfitters - Chicago,Chicago,IL,Midwest,urban,41.8781,-87.6298,1,2,193.8,24.1,19.5,0.0,open-meteo
2026-07-29,S003,NEW:NP5070,FieldPacer Insulated Tumbler,Rocky Top Outfitters - Chicago,Chicago,IL,Midwest,urban,41.8781,-87.6298,1,2,286.42,24.1,19.5,0.0,open-meteo
2026-07-29,S003,P1003,CreekRambler 2P Camp Chair 202,Rocky Top Outfitters - Chicago,Chicago,IL,Midwest,urban,41.8781,-87.6298,1,3,1324.89,24.1,19.5,0.0,open-meteo
2026-07-29,S003,P1008,CanyonNomad Waterproof Trail Shoes 207,Rocky Top Outfitters - Chicago,Chicago,IL,Midwest,urban,41.8781,-87.6298,1,3,473.01,24.1,19.5,0.0,open-meteo
2026-07-29,S003,P1009,PineRunner 4P Tent 208,Rocky Top Outfitters - Chicago,Chicago,IL,Midwest,urban,41.8781,-87.6298,1,1,106.85,24.1,19.5,0.0,open-meteo
2026-07-29,S003,P1012,CloudNomad 32oz Tumbler 211,Rocky Top Outfitters - Chicago,Chicago,IL,Midwest,urban,41.8781,-87.6298,2,3,336.15,24.1,19.5,0.0,open-meteo
2026-07-29,S003,P1020,StormNomad Approach Trail Shoes 219,Rocky Top Outfitters - Chicago,Chicago,IL,Midwest,urban,41.8781,-87.6298,2,3,611.8,24.1,19.5,0.0,open-meteo
2026-07-29,S003,P1024,CanyonNomad Travel Tumbler 223,Rocky Top Outfitters - Chicago,Chicago,IL,Midwest,urban,41.8781,-87.6298,1,1,88.37,24.1,19.5,0.0,open-meteo
2026-07-29,S003,P1027,BoulderRambler 2P Camp Chair 226,Rocky Top Outfitters - Chicago,Chicago,IL,Midwest,urban,41.8781,-87.6298,1,1,93.13,24.1,19.5,0.0,open-meteo
2026-07-29,S003,P1030,SwitchbackRover 20oz Tumbler 229,Rocky Top Outfitters - Chicago,Chicago,IL,Midwest,urban,41.8781,-87.6298,3,3,379.25,24.1,19.5,0.0,open-meteo
2026-07-29,S003,P1031,MoonRambler Stormproof Jacket 230,Rocky Top Outfitters - Chicago,Chicago,IL,Midwest,urban,41.8781,-87.6298,1,2,274.46,24.1,19.5,0.0,open-meteo
2026-07-29,S003,P1032,PeakNomad Waterproof Trail Shoes 231,Rocky Top Outfitters - Chicago,Chicago,IL,Midwest,urban,41.8781,-87.6298,1,1,200.43,24.1,19.5,0.0,open-meteo
2026-07-29,S003,P1035,CreekRambler Rechargeable Flashlight 234,Rocky Top Outfitters - Chicago,Chicago,IL,Midwest,urban,41.8781,-87.6298,1,1,144.26,24.1,19.5,0.0,open-meteo
2026-07-29,S003,P1048,PeakNomad Travel Tumbler 247,Rocky Top Outfitters - Chicago,Chicago,IL,Midwest,urban,41.8781,-87.6298,1,3,196.29,24.1,19.5,0.0,open-meteo
2026-07-29,S003,P1055,HearthRambler Stormproof Jacket 254,Rocky Top Outfitters - Chicago,Chicago,IL,Midwest,urban,41.8781,-87.6298,1,1,237.56,24.1,19.5,0.0,open-meteo
2026-07-29,S003,P1056,CanyonNomad Waterproof Trail Shoes 255,Rocky Top Outfitters - Chicago,Chicago,IL,Midwest,urban,41.8781,-87.6298,1,1,148.79,24.1,19.5,0.0,open-meteo
2026-07-29,S003,P1066,RidgeRover Trail Tumbler 265,Rocky Top Outfitters - Chicago,Chicago,IL,Midwest,urban,41.8781,-87.6298,1,1,80.78,24.1,19.5,0.0,open-meteo
2026-07-29,S004,NEW:NP5002,RidgeRover Mid Trail Shoes 201,Rocky Top Outfitters - Denver,Denver,CO,Mountain,flagship,39.7392,-104.9903,1,1,174.73,32.6,17.8,4.4,open-meteo
2026-07-29,S004,NEW:NP5057,PineRunner 4P Tent 256 Pro,Rocky Top Outfitters - Denver,Denver,CO,Mountain,flagship,39.7392,-104.9903,1,2,719.3,32.6,17.8,4.4,open-meteo
2026-07-29,S004,NEW:NP5063,MoonRambler Ultralight Camp Chair 262 Pro,Rocky Top Outfitters - Denver,Denver,CO,Mountain,flagship,39.7392,-104.9903,1,2,131.28,32.6,17.8,4.4,open-meteo
2026-07-29,S004,NEW:NP5067,CreekRambler Alpine Jacket 266 Pro,Rocky Top Outfitters - Denver,Denver,CO,Mountain,flagship,39.7392,-104.9903,1,2,420.86,32.6,17.8,4.4,open-meteo
2026-07-29,S004,NEW:NP5069,BoulderNomad Patio Heater,Rocky Top Outfitters - Denver,Denver,CO,Mountain,flagship,39.7392,-104.9903,1,1,210.19,32.6,17.8,4.4,open-meteo
2026-07-29,S004,NEW:NP5071,MoonScout Trail Shoes,Rocky Top Outfitters - Denver,Denver,CO,Mountain,flagship,39.7392,-104.9903,2,3,594.15,32.6,17.8,4.4,open-meteo
2026-07-29,S004,NEW:NP5075,MoonRambler Rain Shell,Rocky Top Outfitters - Denver,Denver,CO,Mountain,flagship,39.7392,-104.9903,1,2,549.54,32.6,17.8,4.4,open-meteo
2026-07-29,S004,P1003,CreekRambler 2P Camp Chair 202,Rocky Top Outfitters - Denver,Denver,CO,Mountain,flagship,39.7392,-104.9903,1,1,419.55,32.6,17.8,4.4,open-meteo
2026-07-29,S004,P1008,CanyonNomad Waterproof Trail Shoes 207,Rocky Top Outfitters - Denver,Denver,CO,Mountain,flagship,39.7392,-104.9903,1,1,140.15,32.6,17.8,4.4,open-meteo
2026-07-29,S004,P1010,VistaRover Deluxe Patio Heater 209,Rocky Top Outfitters - Denver,Denver,CO,Mountain,flagship,39.7392,-104.9903,1,1,527.8,32.6,17.8,4.4,open-meteo
2026-07-29,S004,P1011,BoulderRambler Rechargeable Flashlight 210,Rocky Top Outfitters - Denver,Denver,CO,Mountain,flagship,39.7392,-104.9903,1,2,265.32,32.6,17.8,4.4,open-meteo
2026-07-29,S004,P1016,PeakNomad XL Cooler 215,Rocky Top Outfitters - Denver,Denver,CO,Mountain,flagship,39.7392,-104.9903,1,4,2594.68,32.6,17.8,4.4,open-meteo
2026-07-29,S004,P1021,EmberRunner Basecamp Tent 220,Rocky Top Outfitters - Denver,Denver,CO,Mountain,flagship,39.7392,-104.9903,1,3,221.1,32.6,17.8,4.4,open-meteo
2026-07-29,S004,P1025,PineRunner Lightweight Jacket 224,Rocky Top Outfitters - Denver,Denver,CO,Mountain,flagship,39.7392,-104.9903,2,3,364.11,32.6,17.8,4.4,open-meteo
2026-07-29,S004,P1026,VistaRover Mid Trail Shoes 225,Rocky Top Outfitters - Denver,Denver,CO,Mountain,flagship,39.7392,-104.9903,1,2,218.78,32.6,17.8,4.4,open-meteo
2026-07-29,S004,P1028,CloudNomad Compact Cooler 227,Rocky Top Outfitters - Denver,Denver,CO,Mountain,flagship,39.7392,-104.9903,1,1,503.25,32.6,17.8,4.4,open-meteo
2026-07-29,S004,P1029,FieldRunner Storm Kit Battery Pack 228,Rocky Top Outfitters - Denver,Denver,CO,Mountain,flagship,39.7392,-104.9903,2,6,734.58,32.6,17.8,4.4,open-meteo
2026-07-29,S004,P1032,PeakNomad Waterproof Trail Shoes 231,Rocky Top Outfitters - Denver,Denver,CO,Mountain,flagship,39.7392,-104.9903,3,5,972.09,32.6,17.8,4.4,open-meteo
2026-07-29,S004,P1034,RidgeRover Deluxe Patio Heater 233,Rocky Top Outfitters - Denver,Denver,CO,Mountain,flagship,39.7392,-104.9903,1,1,168.67,32.6,17.8,4.4,open-meteo
2026-07-29,S004,P1035,CreekRambler Rechargeable Flashlight 234,Rocky Top Outfitters - Denver,Denver,CO,Mountain,flagship,39.7392,-104.9903,1,1,122.62,32.6,17.8,4.4,open-meteo
2026-07-29,S004,P1037,EmberRunner Packable Jacket 236,Rocky Top Outfitters - Denver,Denver,CO,Mountain,flagship,39.7392,-104.9903,1,1,84.91,32.6,17.8,4.4,open-meteo
2026-07-29,S004,P1051,CreekRambler 2P Camp Chair 250,Rocky Top Outfitters - Denver,Denver,CO,Mountain,flagship,39.7392,-104.9903,1,3,1158.36,32.6,17.8,4.4,open-meteo
2026-07-29,S004,P1060,CloudNomad 32oz Tumbler 259,Rocky Top Outfitters - Denver,Denver,CO,Mountain,flagship,39.7392,-104.9903,1,2,283.3,32.6,17.8,4.4,open-meteo
2026-07-29,S004,P1068,StormNomad Approach Trail Shoes 267,Rocky Top Outfitters - Denver,Denver,CO,Mountain,flagship,39.7392,-104.9903,1,2,146.72,32.6,17.8,4.4,open-meteo
2026-07-29,S005,NEW:NP5071,MoonScout Trail Shoes,Rocky Top Outfitters - Phoenix,Phoenix,AZ,Southwest,suburban,33.4484,-112.074,1,1,209.05,42.5,31.6,0.1,open-meteo
2026-07-29,S005,P1004,StormNomad Compact Cooler 203,Rocky Top Outfitters - Phoenix,Phoenix,AZ,Southwest,suburban,33.4484,-112.074,1,3,277.86,42.5,31.6,0.1,open-meteo
2026-07-29,S005,P1008,CanyonNomad Waterproof Trail Shoes 207,Rocky Top Outfitters - Phoenix,Phoenix,AZ,Southwest,suburban,33.4484,-112.074,1,1,148.91,42.5,31.6,0.1,open-meteo
2026-07-29,S005,P1009,PineRunner 4P Tent 208,Rocky Top Outfitters - Phoenix,Phoenix,AZ,Southwest,suburban,33.4484,-112.074,1,1,112.78,42.5,31.6,0.1,open-meteo
2026-07-29,S005,P1014,SwitchbackRover Wide Trail Shoes 213,Rocky Top Outfitters - Phoenix,Phoenix,AZ,Southwest,suburban,33.4484,-112.074,1,1,201.48,42.5,31.6,0.1,open-meteo
2026-07-29,S005,P1027,BoulderRambler 2P Camp Chair 226,Rocky Top Outfitters - Phoenix,Phoenix,AZ,Southwest,suburban,33.4484,-112.074,1,2,186.26,42.5,31.6,0.1,open-meteo
2026-07-29,S005,P1029,FieldRunner Storm Kit Battery Pack 228,Rocky Top Outfitters - Phoenix,Phoenix,AZ,Southwest,suburban,33.4484,-112.074,1,1,122.43,42.5,31.6,0.1,open-meteo
2026-07-29,S005,P1041,PineRunner Mini Battery Pack 240,Rocky Top Outfitters - Phoenix,Phoenix,AZ,Southwest,suburban,33.4484,-112.074,1,2,101.72,42.5,31.6,0.1,open-meteo
2026-07-29,S005,P1047,MoonRambler Expedition Flashlight 246,Rocky Top Outfitters - Phoenix,Phoenix,AZ,Southwest,suburban,33.4484,-112.074,1,1,58.07,42.5,31.6,0.1,open-meteo
2026-07-29,S005,P1068,StormNomad Approach Trail Shoes 267,Rocky Top Outfitters - Phoenix,Phoenix,AZ,Southwest,suburban,33.4484,-112.074,1,1,77.68,42.5,31.6,0.1,open-meteo
2026-07-29,S006,NEW:NP5057,PineRunner 4P Tent 256 Pro,Rocky Top Outfitters - Seattle,Seattle,WA,Pacific Northwest,urban,47.6062,-122.3321,1,1,379.63,22.8,14.5,0.0,open-meteo
2026-07-29,S006,P1011,BoulderRambler Rechargeable Flashlight 210,Rocky Top Outfitters - Seattle,Seattle,WA,Pacific Northwest,urban,47.6062,-122.3321,2,4,444.42,22.8,14.5,0.0,open-meteo
2026-07-29,S006,P1012,CloudNomad 32oz Tumbler 211,Rocky Top Outfitters - Seattle,Seattle,WA,Pacific Northwest,urban,47.6062,-122.3321,1,4,456.2,22.8,14.5,0.0,open-meteo
2026-07-29,S006,P1016,PeakNomad XL Cooler 215,Rocky Top Outfitters - Seattle,Seattle,WA,Pacific Northwest,urban,47.6062,-122.3321,1,2,1232.48,22.8,14.5,0.0,open-meteo
2026-07-29,S006,P1019,CreekRambler Alpine Jacket 218,Rocky Top Outfitters - Seattle,Seattle,WA,Pacific Northwest,urban,47.6062,-122.3321,1,2,305.88,22.8,14.5,0.0,open-meteo
2026-07-29,S006,P1021,EmberRunner Basecamp Tent 220,Rocky Top Outfitters - Seattle,Seattle,WA,Pacific Northwest,urban,47.6062,-122.3321,1,3,210.06,22.8,14.5,0.0,open-meteo
2026-07-29,S006,P1024,CanyonNomad Travel Tumbler 223,Rocky Top Outfitters - Seattle,Seattle,WA,Pacific Northwest,urban,47.6062,-122.3321,1,2,176.74,22.8,14.5,0.0,open-meteo
2026-07-29,S006,P1026,VistaRover Mid Trail Shoes 225,Rocky Top Outfitters - Seattle,Seattle,WA,Pacific Northwest,urban,47.6062,-122.3321,1,2,205.92,22.8,14.5,0.0,open-meteo
2026-07-29,S006,P1034,RidgeRover Deluxe Patio Heater 233,Rocky Top Outfitters - Seattle,Seattle,WA,Pacific Northwest,urban,47.6062,-122.3321,1,2,337.34,22.8,14.5,0.0,open-meteo
2026-07-29,S006,P1044,CloudNomad Approach Trail Shoes 243,Rocky Top Outfitters - Seattle,Seattle,WA,Pacific Northwest,urban,47.6062,-122.3321,1,1,155.01,22.8,14.5,0.0,open-meteo
2026-07-29,S006,P1053,EmberRunner Storm Kit Battery Pack 252,Rocky Top Outfitters - Seattle,Seattle,WA,Pacific Northwest,urban,47.6062,-122.3321,1,1,111.73,22.8,14.5,0.0,open-meteo
2026-07-29,S006,P1055,HearthRambler Stormproof Jacket 254,Rocky Top Outfitters - Seattle,Seattle,WA,Pacific Northwest,urban,47.6062,-122.3321,1,3,670.74,22.8,14.5,0.0,open-meteo
2026-07-29,S006,P1058,VistaRover Deluxe Patio Heater 257,Rocky Top Outfitters - Seattle,Seattle,WA,Pacific Northwest,urban,47.6062,-122.3321,1,1,287.12,22.8,14.5,0.0,open-meteo
2026-07-29,S007,NEW:NP5065,SummitRunner Mini Battery Pack 264 Pro,Rocky Top Outfitters - Boston,Boston,MA,Northeast,urban,42.3601,-71.0589,1,3,290.7,21.2,19.1,30.9,open-meteo
2026-07-29,S007,NEW:NP5071,MoonScout Trail Shoes,Rocky Top Outfitters - Boston,Boston,MA,Northeast,urban,42.3601,-71.0589,1,1,176.04,21.2,19.1,30.9,open-meteo
2026-07-29,S007,P1004,StormNomad Compact Cooler 203,Rocky Top Outfitters - Boston,Boston,MA,Northeast,urban,42.3601,-71.0589,2,6,533.92,21.2,19.1,30.9,open-meteo
2026-07-29,S007,P1009,PineRunner 4P Tent 208,Rocky Top Outfitters - Boston,Boston,MA,Northeast,urban,42.3601,-71.0589,1,3,338.34,21.2,19.1,30.9,open-meteo
2026-07-29,S007,P1011,BoulderRambler Rechargeable Flashlight 210,Rocky Top Outfitters - Boston,Boston,MA,Northeast,urban,42.3601,-71.0589,1,4,424.52,21.2,19.1,30.9,open-meteo
2026-07-29,S007,P1014,SwitchbackRover Wide Trail Shoes 213,Rocky Top Outfitters - Boston,Boston,MA,Northeast,urban,42.3601,-71.0589,1,4,848.32,21.2,19.1,30.9,open-meteo
2026-07-29,S007,P1018,RidgeRover Trail Tumbler 217,Rocky Top Outfitters - Boston,Boston,MA,Northeast,urban,42.3601,-71.0589,1,2,285.32,21.2,19.1,30.9,open-meteo
2026-07-29,S007,P1023,HearthRambler Expedition Flashlight 222,Rocky Top Outfitters - Boston,Boston,MA,Northeast,urban,42.3601,-71.0589,1,2,231.74,21.2,19.1,30.9,open-meteo
2026-07-29,S007,P1027,BoulderRambler 2P Camp Chair 226,Rocky Top Outfitters - Boston,Boston,MA,Northeast,urban,42.3601,-71.0589,1,1,93.13,21.2,19.1,30.9,open-meteo
2026-07-29,S007,P1029,FieldRunner Storm Kit Battery Pack 228,Rocky Top Outfitters - Boston,Boston,MA,Northeast,urban,42.3601,-71.0589,1,1,110.19,21.2,19.1,30.9,open-meteo
2026-07-29,S007,P1033,SummitRunner 4P Tent 232,Rocky Top Outfitters - Boston,Boston,MA,Northeast,urban,42.3601,-71.0589,1,2,356.44,21.2,19.1,30.9,open-meteo
2026-07-29,S007,P1045,FieldRunner Basecamp Tent 244,Rocky Top Outfitters - Boston,Boston,MA,Northeast,urban,42.3601,-71.0589,1,1,343.55,21.2,19.1,30.9,open-meteo
2026-07-29,S007,P1055,HearthRambler Stormproof Jacket 254,Rocky Top Outfitters - Boston,Boston,MA,Northeast,urban,42.3601,-71.0589,1,1,279.48,21.2,19.1,30.9,open-meteo
2026-07-29,S007,P1060,CloudNomad 32oz Tumbler 259,Rocky Top Outfitters - Boston,Boston,MA,Northeast,urban,42.3601,-71.0589,1,1,166.65,21.2,19.1,30.9,open-meteo
2026-07-29,S008,NEW:NP5015,MoonRambler Ultralight Camp Chair 214,Rocky Top Outfitters - Minneapolis,Minneapolis,MN,Midwest,suburban,44.9778,-93.265,1,2,305.18,33.4,20.9,1.1,open-meteo
2026-07-29,S008,NEW:NP5069,BoulderNomad Patio Heater,Rocky Top Outfitters - Minneapolis,Minneapolis,MN,Midwest,suburban,44.9778,-93.265,1,2,442.5,33.4,20.9,1.1,open-meteo
2026-07-29,S008,P1003,CreekRambler 2P Camp Chair 202,Rocky Top Outfitters - Minneapolis,Minneapolis,MN,Midwest,suburban,44.9778,-93.265,1,4,1589.88,33.4,20.9,1.1,open-meteo
2026-07-29,S008,P1017,SummitRunner Mini Battery Pack 216,Rocky Top Outfitters - Minneapolis,Minneapolis,MN,Midwest,suburban,44.9778,-93.265,1,3,180.36,33.4,20.9,1.1,open-meteo
2026-07-29,S008,P1021,EmberRunner Basecamp Tent 220,Rocky Top Outfitters - Minneapolis,Minneapolis,MN,Midwest,suburban,44.9778,-93.265,1,3,210.06,33.4,20.9,1.1,open-meteo
2026-07-29,S008,P1028,CloudNomad Compact Cooler 227,Rocky Top Outfitters - Minneapolis,Minneapolis,MN,Midwest,suburban,44.9778,-93.265,1,3,1887.18,33.4,20.9,1.1,open-meteo
2026-07-29,S008,P1047,MoonRambler Expedition Flashlight 246,Rocky Top Outfitters - Minneapolis,Minneapolis,MN,Midwest,suburban,44.9778,-93.265,1,4,232.28,33.4,20.9,1.1,open-meteo
2026-07-29,S008,P1051,CreekRambler 2P Camp Chair 250,Rocky Top Outfitters - Minneapolis,Minneapolis,MN,Midwest,suburban,44.9778,-93.265,2,3,1201.26,33.4,20.9,1.1,open-meteo
2026-07-29,S008,P1053,EmberRunner Storm Kit Battery Pack 252,Rocky Top Outfitters - Minneapolis,Minneapolis,MN,Midwest,suburban,44.9778,-93.265,1,1,94.97,33.4,20.9,1.1,open-meteo
2026-07-30,S001,NEW:NP5015,MoonRambler Ultralight Camp Chair 214,Rocky Top Outfitters - Knoxville,Knoxville,TN,Southeast,flagship,35.9606,-83.9207,1,2,324.26,27.5,18.4,0.0,open-meteo
2026-07-30,S001,NEW:NP5069,BoulderNomad Patio Heater,Rocky Top Outfitters - Knoxville,Knoxville,TN,Southeast,flagship,35.9606,-83.9207,1,2,376.12,27.5,18.4,0.0,open-meteo
2026-07-30,S001,P1011,BoulderRambler Rechargeable Flashlight 210,Rocky Top Outfitters - Knoxville,Knoxville,TN,Southeast,flagship,35.9606,-83.9207,1,2,265.32,27.5,18.4,0.0,open-meteo
2026-07-30,S001,P1012,CloudNomad 32oz Tumbler 211,Rocky Top Outfitters - Knoxville,Knoxville,TN,Southeast,flagship,35.9606,-83.9207,1,2,240.1,27.5,18.4,0.0,open-meteo
2026-07-30,S001,P1014,SwitchbackRover Wide Trail Shoes 213,Rocky Top Outfitters - Knoxville,Knoxville,TN,Southeast,flagship,35.9606,-83.9207,1,3,636.24,27.5,18.4,0.0,open-meteo
2026-07-30,S001,P1016,PeakNomad XL Cooler 215,Rocky Top Outfitters - Knoxville,Knoxville,TN,Southeast,flagship,35.9606,-83.9207,1,4,2335.2,27.5,18.4,0.0,open-meteo
2026-07-30,S001,P1022,TrailRover Weekend Patio Heater 221,Rocky Top Outfitters - Knoxville,Knoxville,TN,Southeast,flagship,35.9606,-83.9207,1,2,775.02,27.5,18.4,0.0,open-meteo
2026-07-30,S001,P1024,CanyonNomad Travel Tumbler 223,Rocky Top Outfitters - Knoxville,Knoxville,TN,Southeast,flagship,35.9606,-83.9207,1,4,282.8,27.5,18.4,0.0,open-meteo
2026-07-30,S001,P1025,PineRunner Lightweight Jacket 224,Rocky Top Outfitters - Knoxville,Knoxville,TN,Southeast,flagship,35.9606,-83.9207,1,1,121.37,27.5,18.4,0.0,open-meteo
2026-07-30,S001,P1027,BoulderRambler 2P Camp Chair 226,Rocky Top Outfitters - Knoxville,Knoxville,TN,Southeast,flagship,35.9606,-83.9207,1,1,93.13,27.5,18.4,0.0,open-meteo
2026-07-30,S001,P1034,RidgeRover Deluxe Patio Heater 233,Rocky Top Outfitters - Knoxville,Knoxville,TN,Southeast,flagship,35.9606,-83.9207,1,1,168.67,27.5,18.4,0.0,open-meteo
2026-07-30,S001,P1037,EmberRunner Packable Jacket 236,Rocky Top Outfitters - Knoxville,Knoxville,TN,Southeast,flagship,35.9606,-83.9207,1,2,178.76,27.5,18.4,0.0,open-meteo
2026-07-30,S001,P1044,CloudNomad Approach Trail Shoes 243,Rocky Top Outfitters - Knoxville,Knoxville,TN,Southeast,flagship,35.9606,-83.9207,1,1,174.38,27.5,18.4,0.0,open-meteo
2026-07-30,S001,P1046,SwitchbackRover Weekend Patio Heater 245,Rocky Top Outfitters - Knoxville,Knoxville,TN,Southeast,flagship,35.9606,-83.9207,1,1,228.91,27.5,18.4,0.0,open-meteo
2026-07-30,S001,P1047,MoonRambler Expedition Flashlight 246,Rocky Top Outfitters - Knoxville,Knoxville,TN,Southeast,flagship,35.9606,-83.9207,1,1,58.07,27.5,18.4,0.0,open-meteo
2026-07-30,S001,P1051,CreekRambler 2P Camp Chair 250,Rocky Top Outfitters - Knoxville,Knoxville,TN,Southeast,flagship,35.9606,-83.9207,1,2,729.34,27.5,18.4,0.0,open-meteo
2026-07-30,S001,P1055,HearthRambler Stormproof Jacket 254,Rocky Top Outfitters - Knoxville,Knoxville,TN,Southeast,flagship,35.9606,-83.9207,1,3,838.44,27.5,18.4,0.0,open-meteo
2026-07-30,S002,NEW:NP5002,RidgeRover Mid Trail Shoes 201,Rocky Top Outfitters - Miami,Miami,FL,Southeast,urban,25.7617,-80.1918,1,3,555.03,36.5,27.0,0.0,open-meteo
2026-07-30,S002,NEW:NP5070,FieldPacer Insulated Tumbler,Rocky Top Outfitters - Miami,Miami,FL,Southeast,urban,25.7617,-80.1918,1,3,386.67,36.5,27.0,0.0,open-meteo
2026-07-30,S002,NEW:NP5071,MoonScout Trail Shoes,Rocky Top Outfitters - Miami,Miami,FL,Southeast,urban,25.7617,-80.1918,2,5,1089.25,36.5,27.0,0.0,open-meteo
2026-07-30,S002,NEW:NP5073,FieldRunner Battery Pack,Rocky Top Outfitters - Miami,Miami,FL,Southeast,urban,25.7617,-80.1918,1,3,260.43,36.5,27.0,0.0,open-meteo
2026-07-30,S002,NEW:NP5075,MoonRambler Rain Shell,Rocky Top Outfitters - Miami,Miami,FL,Southeast,urban,25.7617,-80.1918,1,2,439.64,36.5,27.0,0.0,open-meteo
2026-07-30,S002,P1003,CreekRambler 2P Camp Chair 202,Rocky Top Outfitters - Miami,Miami,FL,Southeast,urban,25.7617,-80.1918,1,4,1589.88,36.5,27.0,0.0,open-meteo
2026-07-30,S002,P1004,StormNomad Compact Cooler 203,Rocky Top Outfitters - Miami,Miami,FL,Southeast,urban,25.7617,-80.1918,1,2,185.24,36.5,27.0,0.0,open-meteo
2026-07-30,S002,P1010,VistaRover Deluxe Patio Heater 209,Rocky Top Outfitters - Miami,Miami,FL,Southeast,urban,25.7617,-80.1918,1,2,1000.04,36.5,27.0,0.0,open-meteo
2026-07-30,S002,P1013,FieldRunner Packable Jacket 212,Rocky Top Outfitters - Miami,Miami,FL,Southeast,urban,25.7617,-80.1918,1,1,99.43,36.5,27.0,0.0,open-meteo
2026-07-30,S002,P1014,SwitchbackRover Wide Trail Shoes 213,Rocky Top Outfitters - Miami,Miami,FL,Southeast,urban,25.7617,-80.1918,1,2,402.96,36.5,27.0,0.0,open-meteo
2026-07-30,S002,P1016,PeakNomad XL Cooler 215,Rocky Top Outfitters - Miami,Miami,FL,Southeast,urban,25.7617,-80.1918,1,2,1167.6,36.5,27.0,0.0,open-meteo
2026-07-30,S002,P1019,CreekRambler Alpine Jacket 218,Rocky Top Outfitters - Miami,Miami,FL,Southeast,urban,25.7617,-80.1918,1,2,287.88,36.5,27.0,0.0,open-meteo
2026-07-30,S002,P1025,PineRunner Lightweight Jacket 224,Rocky Top Outfitters - Miami,Miami,FL,Southeast,urban,25.7617,-80.1918,1,4,485.48,36.5,27.0,0.0,open-meteo
2026-07-30,S002,P1026,VistaRover Mid Trail Shoes 225,Rocky Top Outfitters - Miami,Miami,FL,Southeast,urban,25.7617,-80.1918,1,4,463.32,36.5,27.0,0.0,open-meteo
2026-07-30,S002,P1037,EmberRunner Packable Jacket 236,Rocky Top Outfitters - Miami,Miami,FL,Southeast,urban,25.7617,-80.1918,1,3,268.14,36.5,27.0,0.0,open-meteo
2026-07-30,S002,P1039,HearthRambler Ultralight Camp Chair 238,Rocky Top Outfitters - Miami,Miami,FL,Southeast,urban,25.7617,-80.1918,2,4,1397.72,36.5,27.0,0.0,open-meteo
2026-07-30,S002,P1043,BoulderRambler Alpine Jacket 242,Rocky Top Outfitters - Miami,Miami,FL,Southeast,urban,25.7617,-80.1918,2,2,474.82,36.5,27.0,0.0,open-meteo
2026-07-30,S002,P1045,FieldRunner Basecamp Tent 244,Rocky Top Outfitters - Miami,Miami,FL,Southeast,urban,25.7617,-80.1918,2,2,687.1,36.5,27.0,0.0,open-meteo
2026-07-30,S002,P1055,HearthRambler Stormproof Jacket 254,Rocky Top Outfitters - Miami,Miami,FL,Southeast,urban,25.7617,-80.1918,1,3,838.44,36.5,27.0,0.0,open-meteo
2026-07-30,S002,P1058,VistaRover Deluxe Patio Heater 257,Rocky Top Outfitters - Miami,Miami,FL,Southeast,urban,25.7617,-80.1918,1,1,244.05,36.5,27.0,0.0,open-meteo
2026-07-30,S002,P1066,RidgeRover Trail Tumbler 265,Rocky Top Outfitters - Miami,Miami,FL,Southeast,urban,25.7617,-80.1918,1,3,272.64,36.5,27.0,0.0,open-meteo
2026-07-30,S003,NEW:NP5057,PineRunner 4P Tent 256 Pro,Rocky Top Outfitters - Chicago,Chicago,IL,Midwest,urban,41.8781,-87.6298,1,2,679.34,29.0,17.5,0.0,open-meteo
2026-07-30,S003,NEW:NP5067,CreekRambler Alpine Jacket 266 Pro,Rocky Top Outfitters - Chicago,Chicago,IL,Midwest,urban,41.8781,-87.6298,1,1,222.8,29.0,17.5,0.0,open-meteo
2026-07-30,S003,P1004,StormNomad Compact Cooler 203,Rocky Top Outfitters - Chicago,Chicago,IL,Midwest,urban,41.8781,-87.6298,1,2,185.24,29.0,17.5,0.0,open-meteo
2026-07-30,S003,P1007,HearthRambler Stormproof Jacket 206,Rocky Top Outfitters - Chicago,Chicago,IL,Midwest,urban,41.8781,-87.6298,1,1,103.64,29.0,17.5,0.0,open-meteo
2026-07-30,S003,P1016,PeakNomad XL Cooler 215,Rocky Top Outfitters - Chicago,Chicago,IL,Midwest,urban,41.8781,-87.6298,1,1,648.67,29.0,17.5,0.0,open-meteo
2026-07-30,S003,P1027,BoulderRambler 2P Camp Chair 226,Rocky Top Outfitters - Chicago,Chicago,IL,Midwest,urban,41.8781,-87.6298,1,4,372.52,29.0,17.5,0.0,open-meteo
2026-07-30,S003,P1029,FieldRunner Storm Kit Battery Pack 228,Rocky Top Outfitters - Chicago,Chicago,IL,Midwest,urban,41.8781,-87.6298,1,4,489.72,29.0,17.5,0.0,open-meteo
2026-07-30,S003,P1036,StormNomad 32oz Tumbler 235,Rocky Top Outfitters - Chicago,Chicago,IL,Midwest,urban,41.8781,-87.6298,1,2,312.9,29.0,17.5,0.0,open-meteo
2026-07-30,S003,P1042,VistaRover Trail Tumbler 241,Rocky Top Outfitters - Chicago,Chicago,IL,Midwest,urban,41.8781,-87.6298,1,1,89.89,29.0,17.5,0.0,open-meteo
2026-07-30,S003,P1045,FieldRunner Basecamp Tent 244,Rocky Top Outfitters - Chicago,Chicago,IL,Midwest,urban,41.8781,-87.6298,1,3,927.57,29.0,17.5,0.0,open-meteo
2026-07-30,S003,P1052,StormNomad Compact Cooler 251,Rocky Top Outfitters - Chicago,Chicago,IL,Midwest,urban,41.8781,-87.6298,1,3,1134.48,29.0,17.5,0.0,open-meteo
2026-07-30,S003,P1066,RidgeRover Trail Tumbler 265,Rocky Top Outfitters - Chicago,Chicago,IL,Midwest,urban,41.8781,-87.6298,1,1,100.98,29.0,17.5,0.0,open-meteo
2026-07-30,S004,NEW:NP5002,RidgeRover Mid Trail Shoes 201,Rocky Top Outfitters - Denver,Denver,CO,Mountain,flagship,39.7392,-104.9903,1,1,174.73,35.2,16.8,0.0,open-meteo
2026-07-30,S004,P1003,CreekRambler 2P Camp Chair 202,Rocky Top Outfitters - Denver,Denver,CO,Mountain,flagship,39.7392,-104.9903,1,1,441.63,35.2,16.8,0.0,open-meteo
2026-07-30,S004,P1009,PineRunner 4P Tent 208,Rocky Top Outfitters - Denver,Denver,CO,Mountain,flagship,39.7392,-104.9903,2,7,789.46,35.2,16.8,0.0,open-meteo
2026-07-30,S004,P1016,PeakNomad XL Cooler 215,Rocky Top Outfitters - Denver,Denver,CO,Mountain,flagship,39.7392,-104.9903,1,1,648.67,35.2,16.8,0.0,open-meteo
2026-07-30,S004,P1022,TrailRover Weekend Patio Heater 221,Rocky Top Outfitters - Denver,Denver,CO,Mountain,flagship,39.7392,-104.9903,1,2,736.26,35.2,16.8,0.0,open-meteo
2026-07-30,S004,P1031,MoonRambler Stormproof Jacket 230,Rocky Top Outfitters - Denver,Denver,CO,Mountain,flagship,39.7392,-104.9903,1,4,686.16,35.2,16.8,0.0,open-meteo
2026-07-30,S004,P1032,PeakNomad Waterproof Trail Shoes 231,Rocky Top Outfitters - Denver,Denver,CO,Mountain,flagship,39.7392,-104.9903,1,1,200.43,35.2,16.8,0.0,open-meteo
2026-07-30,S004,P1034,RidgeRover Deluxe Patio Heater 233,Rocky Top Outfitters - Denver,Denver,CO,Mountain,flagship,39.7392,-104.9903,1,1,168.67,35.2,16.8,0.0,open-meteo
2026-07-30,S004,P1039,HearthRambler Ultralight Camp Chair 238,Rocky Top Outfitters - Denver,Denver,CO,Mountain,flagship,39.7392,-104.9903,1,1,358.39,35.2,16.8,0.0,open-meteo
2026-07-30,S004,P1041,PineRunner Mini Battery Pack 240,Rocky Top Outfitters - Denver,Denver,CO,Mountain,flagship,39.7392,-104.9903,1,4,171.32,35.2,16.8,0.0,open-meteo
2026-07-30,S004,P1044,CloudNomad Approach Trail Shoes 243,Rocky Top Outfitters - Denver,Denver,CO,Mountain,flagship,39.7392,-104.9903,1,1,164.7,35.2,16.8,0.0,open-meteo
2026-07-30,S004,P1046,SwitchbackRover Weekend Patio Heater 245,Rocky Top Outfitters - Denver,Denver,CO,Mountain,flagship,39.7392,-104.9903,1,4,732.52,35.2,16.8,0.0,open-meteo
2026-07-30,S004,P1048,PeakNomad Travel Tumbler 247,Rocky Top Outfitters - Denver,Denver,CO,Mountain,flagship,39.7392,-104.9903,1,2,130.86,35.2,16.8,0.0,open-meteo
2026-07-30,S004,P1050,RidgeRover Mid Trail Shoes 249,Rocky Top Outfitters - Denver,Denver,CO,Mountain,flagship,39.7392,-104.9903,3,7,461.52,35.2,16.8,0.0,open-meteo
2026-07-30,S004,P1056,CanyonNomad Waterproof Trail Shoes 255,Rocky Top Outfitters - Denver,Denver,CO,Mountain,flagship,39.7392,-104.9903,1,3,357.09,35.2,16.8,0.0,open-meteo
2026-07-30,S004,P1062,SwitchbackRover Wide Trail Shoes 261,Rocky Top Outfitters - Denver,Denver,CO,Mountain,flagship,39.7392,-104.9903,1,2,261.26,35.2,16.8,0.0,open-meteo
2026-07-30,S004,UNMAPPED:NP9999,Unknown product (NP9999),Rocky Top Outfitters - Denver,Denver,CO,Mountain,flagship,39.7392,-104.9903,1,2,218.18,35.2,16.8,0.0,open-meteo
2026-07-30,S005,NEW:NP5063,MoonRambler Ultralight Camp Chair 262 Pro,Rocky Top Outfitters - Phoenix,Phoenix,AZ,Southwest,suburban,33.4484,-112.074,1,2,154.44,44.8,33.1,0.0,open-meteo
2026-07-30,S005,NEW:NP5065,SummitRunner Mini Battery Pack 264 Pro,Rocky Top Outfitters - Phoenix,Phoenix,AZ,Southwest,suburban,33.4484,-112.074,1,4,409.16,44.8,33.1,0.0,open-meteo
2026-07-30,S005,P1006,TrailRover 20oz Tumbler 205,Rocky Top Outfitters - Phoenix,Phoenix,AZ,Southwest,suburban,33.4484,-112.074,1,2,110.76,44.8,33.1,0.0,open-meteo
2026-07-30,S005,P1013,FieldRunner Packable Jacket 212,Rocky Top Outfitters - Phoenix,Phoenix,AZ,Southwest,suburban,33.4484,-112.074,1,1,99.43,44.8,33.1,0.0,open-meteo
2026-07-30,S005,P1017,SummitRunner Mini Battery Pack 216,Rocky Top Outfitters - Phoenix,Phoenix,AZ,Southwest,suburban,33.4484,-112.074,1,1,63.28,44.8,33.1,0.0,open-meteo
2026-07-30,S005,P1019,CreekRambler Alpine Jacket 218,Rocky Top Outfitters - Phoenix,Phoenix,AZ,Southwest,suburban,33.4484,-112.074,1,4,575.76,44.8,33.1,0.0,open-meteo
2026-07-30,S005,P1020,StormNomad Approach Trail Shoes 219,Rocky Top Outfitters - Phoenix,Phoenix,AZ,Southwest,suburban,33.4484,-112.074,1,1,176.28,44.8,33.1,0.0,open-meteo
2026-07-30,S005,P1023,HearthRambler Expedition Flashlight 222,Rocky Top Outfitters - Phoenix,Phoenix,AZ,Southwest,suburban,33.4484,-112.074,1,2,275.2,44.8,33.1,0.0,open-meteo
2026-07-30,S005,P1027,BoulderRambler 2P Camp Chair 226,Rocky Top Outfitters - Phoenix,Phoenix,AZ,Southwest,suburban,33.4484,-112.074,1,1,93.13,44.8,33.1,0.0,open-meteo
2026-07-30,S005,P1029,FieldRunner Storm Kit Battery Pack 228,Rocky Top Outfitters - Phoenix,Phoenix,AZ,Southwest,suburban,33.4484,-112.074,1,2,244.86,44.8,33.1,0.0,open-meteo
2026-07-30,S005,P1031,MoonRambler Stormproof Jacket 230,Rocky Top Outfitters - Phoenix,Phoenix,AZ,Southwest,suburban,33.4484,-112.074,1,1,171.54,44.8,33.1,0.0,open-meteo
2026-07-30,S005,P1037,EmberRunner Packable Jacket 236,Rocky Top Outfitters - Phoenix,Phoenix,AZ,Southwest,suburban,33.4484,-112.074,1,2,143.0,44.8,33.1,0.0,open-meteo
2026-07-30,S005,P1038,TrailRover Wide Trail Shoes 237,Rocky Top Outfitters - Phoenix,Phoenix,AZ,Southwest,suburban,33.4484,-112.074,1,2,376.54,44.8,33.1,0.0,open-meteo
2026-07-30,S005,P1045,FieldRunner Basecamp Tent 244,Rocky Top Outfitters - Phoenix,Phoenix,AZ,Southwest,suburban,33.4484,-112.074,2,3,961.93,44.8,33.1,0.0,open-meteo
2026-07-30,S005,P1054,TrailRover 20oz Tumbler 253,Rocky Top Outfitters - Phoenix,Phoenix,AZ,Southwest,suburban,33.4484,-112.074,1,2,130.78,44.8,33.1,0.0,open-meteo
2026-07-30,S005,P1055,HearthRambler Stormproof Jacket 254,Rocky Top Outfitters - Phoenix,Phoenix,AZ,Southwest,suburban,33.4484,-112.074,1,2,503.06,44.8,33.1,0.0,open-meteo
2026-07-30,S005,P1062,SwitchbackRover Wide Trail Shoes 261,Rocky Top Outfitters - Phoenix,Phoenix,AZ,Southwest,suburban,33.4484,-112.074,1,3,489.87,44.8,33.1,0.0,open-meteo
2026-07-30,S005,UNMAPPED:NP9999,Unknown product (NP9999),Rocky Top Outfitters - Phoenix,Phoenix,AZ,Southwest,suburban,33.4484,-112.074,1,1,178.75,44.8,33.1,0.0,open-meteo
2026-07-30,S006,NEW:NP5076,PeakNomad Trail Shoes,Rocky Top Outfitters - Seattle,Seattle,WA,Pacific Northwest,urban,47.6062,-122.3321,1,3,471.36,24.6,13.4,0.0,open-meteo
2026-07-30,S006,P1006,TrailRover 20oz Tumbler 205,Rocky Top Outfitters - Seattle,Seattle,WA,Pacific Northwest,urban,47.6062,-122.3321,1,1,49.84,24.6,13.4,0.0,open-meteo
2026-07-30,S006,P1018,RidgeRover Trail Tumbler 217,Rocky Top Outfitters - Seattle,Seattle,WA,Pacific Northwest,urban,47.6062,-122.3321,1,1,150.17,24.6,13.4,0.0,open-meteo
2026-07-30,S006,P1025,PineRunner Lightweight Jacket 224,Rocky Top Outfitters - Seattle,Seattle,WA,Pacific Northwest,urban,47.6062,-122.3321,1,2,242.74,24.6,13.4,0.0,open-meteo
2026-07-30,S006,P1029,FieldRunner Storm Kit Battery Pack 228,Rocky Top Outfitters - Seattle,Seattle,WA,Pacific Northwest,urban,47.6062,-122.3321,1,3,367.29,24.6,13.4,0.0,open-meteo
2026-07-30,S006,P1031,MoonRambler Stormproof Jacket 230,Rocky Top Outfitters - Seattle,Seattle,WA,Pacific Northwest,urban,47.6062,-122.3321,1,3,488.88,24.6,13.4,0.0,open-meteo
2026-07-30,S006,P1038,TrailRover Wide Trail Shoes 237,Rocky Top Outfitters - Seattle,Seattle,WA,Pacific Northwest,urban,47.6062,-122.3321,1,1,178.36,24.6,13.4,0.0,open-meteo
2026-07-30,S006,P1045,FieldRunner Basecamp Tent 244,Rocky Top Outfitters - Seattle,Seattle,WA,Pacific Northwest,urban,47.6062,-122.3321,1,3,979.11,24.6,13.4,0.0,open-meteo
2026-07-30,S006,P1054,TrailRover 20oz Tumbler 253,Rocky Top Outfitters - Seattle,Seattle,WA,Pacific Northwest,urban,47.6062,-122.3321,1,3,196.17,24.6,13.4,0.0,open-meteo
2026-07-30,S006,P1068,StormNomad Approach Trail Shoes 267,Rocky Top Outfitters - Seattle,Seattle,WA,Pacific Northwest,urban,47.6062,-122.3321,2,4,345.24,24.6,13.4,0.0,open-meteo
2026-07-30,S007,NEW:NP5063,MoonRambler Ultralight Camp Chair 262 Pro,Rocky Top Outfitters - Boston,Boston,MA,Northeast,urban,42.3601,-71.0589,1,1,77.22,23.0,18.1,13.1,open-meteo
2026-07-30,S007,NEW:NP5069,BoulderNomad Patio Heater,Rocky Top Outfitters - Boston,Boston,MA,Northeast,urban,42.3601,-71.0589,1,1,221.25,23.0,18.1,13.1,open-meteo
2026-07-30,S007,NEW:NP5074,SwitchbackRover Insulated Tumbler,Rocky Top Outfitters - Boston,Boston,MA,Northeast,urban,42.3601,-71.0589,2,4,605.69,23.0,18.1,13.1,open-meteo
2026-07-30,S007,NEW:NP5075,MoonRambler Rain Shell,Rocky Top Outfitters - Boston,Boston,MA,Northeast,urban,42.3601,-71.0589,1,1,274.77,23.0,18.1,13.1,open-meteo
2026-07-30,S007,P1001,SummitRunner Lightweight Jacket 200,Rocky Top Outfitters - Boston,Boston,MA,Northeast,urban,42.3601,-71.0589,1,2,259.54,23.0,18.1,13.1,open-meteo
2026-07-30,S007,P1003,CreekRambler 2P Camp Chair 202,Rocky Top Outfitters - Boston,Boston,MA,Northeast,urban,42.3601,-71.0589,2,8,3179.72,23.0,18.1,13.1,open-meteo
2026-07-30,S007,P1004,StormNomad Compact Cooler 203,Rocky Top Outfitters - Boston,Boston,MA,Northeast,urban,42.3601,-71.0589,1,3,310.53,23.0,18.1,13.1,open-meteo
2026-07-30,S007,P1006,TrailRover 20oz Tumbler 205,Rocky Top Outfitters - Boston,Boston,MA,Northeast,urban,42.3601,-71.0589,1,1,52.61,23.0,18.1,13.1,open-meteo
2026-07-30,S007,P1014,SwitchbackRover Wide Trail Shoes 213,Rocky Top Outfitters - Boston,Boston,MA,Northeast,urban,42.3601,-71.0589,1,4,763.48,23.0,18.1,13.1,open-meteo
2026-07-30,S007,P1016,PeakNomad XL Cooler 215,Rocky Top Outfitters - Boston,Boston,MA,Northeast,urban,42.3601,-71.0589,1,1,583.8,23.0,18.1,13.1,open-meteo
2026-07-30,S007,P1018,RidgeRover Trail Tumbler 217,Rocky Top Outfitters - Boston,Boston,MA,Northeast,urban,42.3601,-71.0589,2,5,728.32,23.0,18.1,13.1,open-meteo
2026-07-30,S007,P1019,CreekRambler Alpine Jacket 218,Rocky Top Outfitters - Boston,Boston,MA,Northeast,urban,42.3601,-71.0589,1,1,179.93,23.0,18.1,13.1,open-meteo
2026-07-30,S007,P1020,StormNomad Approach Trail Shoes 219,Rocky Top Outfitters - Boston,Boston,MA,Northeast,urban,42.3601,-71.0589,1,1,176.28,23.0,18.1,13.1,open-meteo
2026-07-30,S007,P1021,EmberRunner Basecamp Tent 220,Rocky Top Outfitters - Boston,Boston,MA,Northeast,urban,42.3601,-71.0589,1,3,187.95,23.0,18.1,13.1,open-meteo
2026-07-30,S007,P1031,MoonRambler Stormproof Jacket 230,Rocky Top Outfitters - Boston,Boston,MA,Northeast,urban,42.3601,-71.0589,1,1,171.54,23.0,18.1,13.1,open-meteo
2026-07-30,S007,P1033,SummitRunner 4P Tent 232,Rocky Top Outfitters - Boston,Boston,MA,Northeast,urban,42.3601,-71.0589,1,4,637.84,23.0,18.1,13.1,open-meteo
2026-07-30,S007,P1039,HearthRambler Ultralight Camp Chair 238,Rocky Top Outfitters - Boston,Boston,MA,Northeast,urban,42.3601,-71.0589,1,1,340.47,23.0,18.1,13.1,open-meteo
2026-07-30,S007,P1044,CloudNomad Approach Trail Shoes 243,Rocky Top Outfitters - Boston,Boston,MA,Northeast,urban,42.3601,-71.0589,1,2,348.76,23.0,18.1,13.1,open-meteo
2026-07-30,S007,P1058,VistaRover Deluxe Patio Heater 257,Rocky Top Outfitters - Boston,Boston,MA,Northeast,urban,42.3601,-71.0589,2,4,1119.76,23.0,18.1,13.1,open-meteo
2026-07-30,S007,P1060,CloudNomad 32oz Tumbler 259,Rocky Top Outfitters - Boston,Boston,MA,Northeast,urban,42.3601,-71.0589,1,1,149.99,23.0,18.1,13.1,open-meteo
2026-07-30,S007,P1066,RidgeRover Trail Tumbler 265,Rocky Top Outfitters - Boston,Boston,MA,Northeast,urban,42.3601,-71.0589,1,1,85.83,23.0,18.1,13.1,open-meteo
2026-07-30,S008,NEW:NP5072,SummitRover Cooler,Rocky Top Outfitters - Minneapolis,Minneapolis,MN,Midwest,suburban,44.9778,-93.265,1,4,3180.92,32.0,22.3,0.1,open-meteo
2026-07-30,S008,P1012,CloudNomad 32oz Tumbler 211,Rocky Top Outfitters - Minneapolis,Minneapolis,MN,Midwest,suburban,44.9778,-93.265,1,3,360.15,32.0,22.3,0.1,open-meteo
2026-07-30,S008,P1021,EmberRunner Basecamp Tent 220,Rocky Top Outfitters - Minneapolis,Minneapolis,MN,Midwest,suburban,44.9778,-93.265,1,2,140.04,32.0,22.3,0.1,open-meteo
2026-07-30,S008,P1041,PineRunner Mini Battery Pack 240,Rocky Top Outfitters - Minneapolis,Minneapolis,MN,Midwest,suburban,44.9778,-93.265,1,1,53.54,32.0,22.3,0.1,open-meteo
2026-07-30,S008,P1050,RidgeRover Mid Trail Shoes 249,Rocky Top Outfitters - Minneapolis,Minneapolis,MN,Midwest,suburban,44.9778,-93.265,1,3,223.32,32.0,22.3,0.1,open-meteo
2026-07-30,S008,P1058,VistaRover Deluxe Patio Heater 257,Rocky Top Outfitters - Minneapolis,Minneapolis,MN,Midwest,suburban,44.9778,-93.265,1,4,976.2,32.0,22.3,0.1,open-meteo
2026-07-30,S008,UNMAPPED:NP9999,Unknown product (NP9999),Rocky Top Outfitters - Minneapolis,Minneapolis,MN,Midwest,suburban,44.9778,-93.265,2,2,533.52,32.0,22.3,0.1,open-meteo
2026-07-31,S001,NEW:NP5002,RidgeRover Mid Trail Shoes 201,Rocky Top Outfitters - Knoxville,Knoxville,TN,Southeast,flagship,35.9606,-83.9207,1,4,822.28,30.1,17.9,0.0,open-meteo
2026-07-31,S001,NEW:NP5071,MoonScout Trail Shoes,Rocky Top Outfitters - Knoxville,Knoxville,TN,Southeast,flagship,35.9606,-83.9207,1,2,440.1,30.1,17.9,0.0,open-meteo
2026-07-31,S001,NEW:NP5072,SummitRover Cooler,Rocky Top Outfitters - Knoxville,Knoxville,TN,Southeast,flagship,35.9606,-83.9207,2,3,2226.65,30.1,17.9,0.0,open-meteo
2026-07-31,S001,NEW:NP5073,FieldRunner Battery Pack,Rocky Top Outfitters - Knoxville,Knoxville,TN,Southeast,flagship,35.9606,-83.9207,2,3,223.87,30.1,17.9,0.0,open-meteo
2026-07-31,S001,P1001,SummitRunner Lightweight Jacket 200,Rocky Top Outfitters - Knoxville,Knoxville,TN,Southeast,flagship,35.9606,-83.9207,1,4,519.08,30.1,17.9,0.0,open-meteo
2026-07-31,S001,P1007,HearthRambler Stormproof Jacket 206,Rocky Top Outfitters - Knoxville,Knoxville,TN,Southeast,flagship,35.9606,-83.9207,2,4,436.36,30.1,17.9,0.0,open-meteo
2026-07-31,S001,P1008,CanyonNomad Waterproof Trail Shoes 207,Rocky Top Outfitters - Knoxville,Knoxville,TN,Southeast,flagship,35.9606,-83.9207,1,1,166.43,30.1,17.9,0.0,open-meteo
2026-07-31,S001,P1025,PineRunner Lightweight Jacket 224,Rocky Top Outfitters - Knoxville,Knoxville,TN,Southeast,flagship,35.9606,-83.9207,1,3,364.11,30.1,17.9,0.0,open-meteo
2026-07-31,S001,P1030,SwitchbackRover 20oz Tumbler 229,Rocky Top Outfitters - Knoxville,Knoxville,TN,Southeast,flagship,35.9606,-83.9207,1,3,327.84,30.1,17.9,0.0,open-meteo
2026-07-31,S001,P1031,MoonRambler Stormproof Jacket 230,Rocky Top Outfitters - Knoxville,Knoxville,TN,Southeast,flagship,35.9606,-83.9207,1,2,325.92,30.1,17.9,0.0,open-meteo
2026-07-31,S001,P1038,TrailRover Wide Trail Shoes 237,Rocky Top Outfitters - Knoxville,Knoxville,TN,Southeast,flagship,35.9606,-83.9207,2,5,852.16,30.1,17.9,0.0,open-meteo
2026-07-31,S001,P1046,SwitchbackRover Weekend Patio Heater 245,Rocky Top Outfitters - Knoxville,Knoxville,TN,Southeast,flagship,35.9606,-83.9207,1,1,217.46,30.1,17.9,0.0,open-meteo
2026-07-31,S002,NEW:NP5015,MoonRambler Ultralight Camp Chair 214,Rocky Top Outfitters - Miami,Miami,FL,Southeast,urban,25.7617,-80.1918,1,1,171.67,34.7,26.5,1.5,open-meteo
2026-07-31,S002,NEW:NP5067,CreekRambler Alpine Jacket 266 Pro,Rocky Top Outfitters - Miami,Miami,FL,Southeast,urban,25.7617,-80.1918,1,2,396.1,34.7,26.5,1.5,open-meteo
2026-07-31,S002,NEW:NP5075,MoonRambler Rain Shell,Rocky Top Outfitters - Miami,Miami,FL,Southeast,urban,25.7617,-80.1918,2,8,2033.28,34.7,26.5,1.5,open-meteo
2026-07-31,S002,P1007,HearthRambler Stormproof Jacket 206,Rocky Top Outfitters - Miami,Miami,FL,Southeast,urban,25.7617,-80.1918,1,1,109.09,34.7,26.5,1.5,open-meteo
2026-07-31,S002,P1017,SummitRunner Mini Battery Pack 216,Rocky Top Outfitters - Miami,Miami,FL,Southeast,urban,25.7617,-80.1918,1,1,63.28,34.7,26.5,1.5,open-meteo
2026-07-31,S002,P1018,RidgeRover Trail Tumbler 217,Rocky Top Outfitters - Miami,Miami,FL,Southeast,urban,25.7617,-80.1918,1,2,300.34,34.7,26.5,1.5,open-meteo
2026-07-31,S002,P1024,CanyonNomad Travel Tumbler 223,Rocky Top Outfitters - Miami,Miami,FL,Southeast,urban,25.7617,-80.1918,2,6,530.22,34.7,26.5,1.5,open-meteo
2026-07-31,S002,P1027,BoulderRambler 2P Camp Chair 226,Rocky Top Outfitters - Miami,Miami,FL,Southeast,urban,25.7617,-80.1918,1,1,83.82,34.7,26.5,1.5,open-meteo
2026-07-31,S002,P1030,SwitchbackRover 20oz Tumbler 229,Rocky Top Outfitters - Miami,Miami,FL,Southeast,urban,25.7617,-80.1918,1,1,128.56,34.7,26.5,1.5,open-meteo
2026-07-31,S002,P1033,SummitRunner 4P Tent 232,Rocky Top Outfitters - Miami,Miami,FL,Southeast,urban,25.7617,-80.1918,1,2,318.92,34.7,26.5,1.5,open-meteo
2026-07-31,S002,P1045,FieldRunner Basecamp Tent 244,Rocky Top Outfitters - Miami,Miami,FL,Southeast,urban,25.7617,-80.1918,1,4,1305.48,34.7,26.5,1.5,open-meteo
2026-07-31,S002,P1046,SwitchbackRover Weekend Patio Heater 245,Rocky Top Outfitters - Miami,Miami,FL,Southeast,urban,25.7617,-80.1918,1,3,549.39,34.7,26.5,1.5,open-meteo
2026-07-31,S002,P1050,RidgeRover Mid Trail Shoes 249,Rocky Top Outfitters - Miami,Miami,FL,Southeast,urban,25.7617,-80.1918,1,3,223.32,34.7,26.5,1.5,open-meteo
2026-07-31,S002,P1051,CreekRambler 2P Camp Chair 250,Rocky Top Outfitters - Miami,Miami,FL,Southeast,urban,25.7617,-80.1918,2,3,1222.71,34.7,26.5,1.5,open-meteo
2026-07-31,S003,NEW:NP5057,PineRunner 4P Tent 256 Pro,Rocky Top Outfitters - Chicago,Chicago,IL,Midwest,urban,41.8781,-87.6298,1,3,1198.83,27.3,20.5,12.4,open-meteo
2026-07-31,S003,NEW:NP5063,MoonRambler Ultralight Camp Chair 262 Pro,Rocky Top Outfitters - Chicago,Chicago,IL,Midwest,urban,41.8781,-87.6298,2,7,540.54,27.3,20.5,12.4,open-meteo
2026-07-31,S003,NEW:NP5065,SummitRunner Mini Battery Pack 264 Pro,Rocky Top Outfitters - Chicago,Chicago,IL,Midwest,urban,41.8781,-87.6298,1,3,274.56,27.3,20.5,12.4,open-meteo
2026-07-31,S003,NEW:NP5069,BoulderNomad Patio Heater,Rocky Top Outfitters - Chicago,Chicago,IL,Midwest,urban,41.8781,-87.6298,1,1,221.25,27.3,20.5,12.4,open-meteo
2026-07-31,S003,NEW:NP5071,MoonScout Trail Shoes,Rocky Top Outfitters - Chicago,Chicago,IL,Midwest,urban,41.8781,-87.6298,1,1,220.05,27.3,20.5,12.4,open-meteo
2026-07-31,S003,NEW:NP5072,SummitRover Cooler,Rocky Top Outfitters - Chicago,Chicago,IL,Midwest,urban,41.8781,-87.6298,1,1,755.47,27.3,20.5,12.4,open-meteo
2026-07-31,S003,P1020,StormNomad Approach Trail Shoes 219,Rocky Top Outfitters - Chicago,Chicago,IL,Midwest,urban,41.8781,-87.6298,1,1,186.65,27.3,20.5,12.4,open-meteo
2026-07-31,S003,P1023,HearthRambler Expedition Flashlight 222,Rocky Top Outfitters - Chicago,Chicago,IL,Midwest,urban,41.8781,-87.6298,1,2,289.68,27.3,20.5,12.4,open-meteo
2026-07-31,S003,P1029,FieldRunner Storm Kit Battery Pack 228,Rocky Top Outfitters - Chicago,Chicago,IL,Midwest,urban,41.8781,-87.6298,1,1,104.07,27.3,20.5,12.4,open-meteo
2026-07-31,S003,P1032,PeakNomad Waterproof Trail Shoes 231,Rocky Top Outfitters - Chicago,Chicago,IL,Midwest,urban,41.8781,-87.6298,1,1,200.43,27.3,20.5,12.4,open-meteo
2026-07-31,S003,P1045,FieldRunner Basecamp Tent 244,Rocky Top Outfitters - Chicago,Chicago,IL,Midwest,urban,41.8781,-87.6298,1,2,618.38,27.3,20.5,12.4,open-meteo
2026-07-31,S003,P1046,SwitchbackRover Weekend Patio Heater 245,Rocky Top Outfitters - Chicago,Chicago,IL,Midwest,urban,41.8781,-87.6298,1,1,217.46,27.3,20.5,12.4,open-meteo
2026-07-31,S003,P1049,SummitRunner Lightweight Jacket 248,Rocky Top Outfitters - Chicago,Chicago,IL,Midwest,urban,41.8781,-87.6298,1,3,636.81,27.3,20.5,12.4,open-meteo
2026-07-31,S003,P1050,RidgeRover Mid Trail Shoes 249,Rocky Top Outfitters - Chicago,Chicago,IL,Midwest,urban,41.8781,-87.6298,1,1,74.44,27.3,20.5,12.4,open-meteo
2026-07-31,S003,P1052,StormNomad Compact Cooler 251,Rocky Top Outfitters - Chicago,Chicago,IL,Midwest,urban,41.8781,-87.6298,1,1,378.16,27.3,20.5,12.4,open-meteo
2026-07-31,S003,P1054,TrailRover 20oz Tumbler 253,Rocky Top Outfitters - Chicago,Chicago,IL,Midwest,urban,41.8781,-87.6298,3,6,399.63,27.3,20.5,12.4,open-meteo
2026-07-31,S003,P1055,HearthRambler Stormproof Jacket 254,Rocky Top Outfitters - Chicago,Chicago,IL,Midwest,urban,41.8781,-87.6298,2,4,950.22,27.3,20.5,12.4,open-meteo
2026-07-31,S004,NEW:NP5069,BoulderNomad Patio Heater,Rocky Top Outfitters - Denver,Denver,CO,Mountain,flagship,39.7392,-104.9903,1,1,210.19,31.7,19.6,1.6,open-meteo
2026-07-31,S004,P1001,SummitRunner Lightweight Jacket 200,Rocky Top Outfitters - Denver,Denver,CO,Mountain,flagship,39.7392,-104.9903,2,5,545.04,31.7,19.6,1.6,open-meteo
2026-07-31,S004,P1022,TrailRover Weekend Patio Heater 221,Rocky Top Outfitters - Denver,Denver,CO,Mountain,flagship,39.7392,-104.9903,1,4,1472.52,31.7,19.6,1.6,open-meteo
2026-07-31,S004,P1028,CloudNomad Compact Cooler 227,Rocky Top Outfitters - Denver,Denver,CO,Mountain,flagship,39.7392,-104.9903,1,4,2138.8,31.7,19.6,1.6,open-meteo
2026-07-31,S004,P1043,BoulderRambler Alpine Jacket 242,Rocky Top Outfitters - Denver,Denver,CO,Mountain,flagship,39.7392,-104.9903,1,1,237.41,31.7,19.6,1.6,open-meteo
2026-07-31,S004,P1050,RidgeRover Mid Trail Shoes 249,Rocky Top Outfitters - Denver,Denver,CO,Mountain,flagship,39.7392,-104.9903,1,2,134.0,31.7,19.6,1.6,open-meteo
2026-07-31,S004,P1056,CanyonNomad Waterproof Trail Shoes 255,Rocky Top Outfitters - Denver,Denver,CO,Mountain,flagship,39.7392,-104.9903,1,2,297.58,31.7,19.6,1.6,open-meteo
2026-07-31,S004,P1064,PeakNomad XL Cooler 263,Rocky Top Outfitters - Denver,Denver,CO,Mountain,flagship,39.7392,-104.9903,1,2,1311.36,31.7,19.6,1.6,open-meteo
2026-07-31,S005,NEW:NP5015,MoonRambler Ultralight Camp Chair 214,Rocky Top Outfitters - Phoenix,Phoenix,AZ,Southwest,suburban,33.4484,-112.074,1,1,190.74,44.8,32.9,0.0,open-meteo
2026-07-31,S005,NEW:NP5063,MoonRambler Ultralight Camp Chair 262 Pro,Rocky Top Outfitters - Phoenix,Phoenix,AZ,Southwest,suburban,33.4484,-112.074,1,2,154.44,44.8,32.9,0.0,open-meteo
2026-07-31,S005,NEW:NP5069,BoulderNomad Patio Heater,Rocky Top Outfitters - Phoenix,Phoenix,AZ,Southwest,suburban,33.4484,-112.074,1,1,188.06,44.8,32.9,0.0,open-meteo
2026-07-31,S005,NEW:NP5070,FieldPacer Insulated Tumbler,Rocky Top Outfitters - Phoenix,Phoenix,AZ,Southwest,suburban,33.4484,-112.074,1,3,429.63,44.8,32.9,0.0,open-meteo
2026-07-31,S005,NEW:NP5074,SwitchbackRover Insulated Tumbler,Rocky Top Outfitters - Phoenix,Phoenix,AZ,Southwest,suburban,33.4484,-112.074,1,3,392.88,44.8,32.9,0.0,open-meteo
2026-07-31,S005,P1003,CreekRambler 2P Camp Chair 202,Rocky Top Outfitters - Phoenix,Phoenix,AZ,Southwest,suburban,33.4484,-112.074,1,1,397.47,44.8,32.9,0.0,open-meteo
2026-07-31,S005,P1005,EmberRunner Storm Kit Battery Pack 204,Rocky Top Outfitters - Phoenix,Phoenix,AZ,Southwest,suburban,33.4484,-112.074,1,2,224.74,44.8,32.9,0.0,open-meteo
2026-07-31,S005,P1008,CanyonNomad Waterproof Trail Shoes 207,Rocky Top Outfitters - Phoenix,Phoenix,AZ,Southwest,suburban,33.4484,-112.074,1,4,700.76,44.8,32.9,0.0,open-meteo
2026-07-31,S005,P1010,VistaRover Deluxe Patio Heater 209,Rocky Top Outfitters - Phoenix,Phoenix,AZ,Southwest,suburban,33.4484,-112.074,1,3,1500.06,44.8,32.9,0.0,open-meteo
2026-07-31,S005,P1016,PeakNomad XL Cooler 215,Rocky Top Outfitters - Phoenix,Phoenix,AZ,Southwest,suburban,33.4484,-112.074,1,2,1232.48,44.8,32.9,0.0,open-meteo
2026-07-31,S005,P1036,StormNomad 32oz Tumbler 235,Rocky Top Outfitters - Phoenix,Phoenix,AZ,Southwest,suburban,33.4484,-112.074,1,3,469.35,44.8,32.9,0.0,open-meteo
2026-07-31,S005,P1053,EmberRunner Storm Kit Battery Pack 252,Rocky Top Outfitters - Phoenix,Phoenix,AZ,Southwest,suburban,33.4484,-112.074,1,4,424.56,44.8,32.9,0.0,open-meteo
2026-07-31,S005,P1068,StormNomad Approach Trail Shoes 267,Rocky Top Outfitters - Phoenix,Phoenix,AZ,Southwest,suburban,33.4484,-112.074,1,1,86.31,44.8,32.9,0.0,open-meteo
2026-07-31,S006,NEW:NP5015,MoonRambler Ultralight Camp Chair 214,Rocky Top Outfitters - Seattle,Seattle,WA,Pacific Northwest,urban,47.6062,-122.3321,1,1,171.67,27.6,15.3,0.0,open-meteo
2026-07-31,S006,NEW:NP5061,FieldRunner Packable Jacket 260 Pro,Rocky Top Outfitters - Seattle,Seattle,WA,Pacific Northwest,urban,47.6062,-122.3321,1,3,370.05,27.6,15.3,0.0,open-meteo
2026-07-31,S006,P1010,VistaRover Deluxe Patio Heater 209,Rocky Top Outfitters - Seattle,Seattle,WA,Pacific Northwest,urban,47.6062,-122.3321,1,4,2000.08,27.6,15.3,0.0,open-meteo
2026-07-31,S006,P1016,PeakNomad XL Cooler 215,Rocky Top Outfitters - Seattle,Seattle,WA,Pacific Northwest,urban,47.6062,-122.3321,1,2,1297.34,27.6,15.3,0.0,open-meteo
2026-07-31,S006,P1018,RidgeRover Trail Tumbler 217,Rocky Top Outfitters - Seattle,Seattle,WA,Pacific Northwest,urban,47.6062,-122.3321,1,4,540.6,27.6,15.3,0.0,open-meteo
2026-07-31,S006,P1027,BoulderRambler 2P Camp Chair 226,Rocky Top Outfitters - Seattle,Seattle,WA,Pacific Northwest,urban,47.6062,-122.3321,1,2,186.26,27.6,15.3,0.0,open-meteo
2026-07-31,S006,P1038,TrailRover Wide Trail Shoes 237,Rocky Top Outfitters - Seattle,Seattle,WA,Pacific Northwest,urban,47.6062,-122.3321,1,1,198.18,27.6,15.3,0.0,open-meteo
2026-07-31,S006,P1039,HearthRambler Ultralight Camp Chair 238,Rocky Top Outfitters - Seattle,Seattle,WA,Pacific Northwest,urban,47.6062,-122.3321,2,6,1989.06,27.6,15.3,0.0,open-meteo
2026-07-31,S007,NEW:NP5063,MoonRambler Ultralight Camp Chair 262 Pro,Rocky Top Outfitters - Boston,Boston,MA,Northeast,urban,42.3601,-71.0589,1,1,65.64,24.7,17.4,2.5,open-meteo
2026-07-31,S007,P1001,SummitRunner Lightweight Jacket 200,Rocky Top Outfitters - Boston,Boston,MA,Northeast,urban,42.3601,-71.0589,1,2,220.6,24.7,17.4,2.5,open-meteo
2026-07-31,S007,P1003,CreekRambler 2P Camp Chair 202,Rocky Top Outfitters - Boston,Boston,MA,Northeast,urban,42.3601,-71.0589,1,2,839.1,24.7,17.4,2.5,open-meteo
2026-07-31,S007,P1005,EmberRunner Storm Kit Battery Pack 204,Rocky Top Outfitters - Boston,Boston,MA,Northeast,urban,42.3601,-71.0589,1,1,112.37,24.7,17.4,2.5,open-meteo
2026-07-31,S007,P1013,FieldRunner Packable Jacket 212,Rocky Top Outfitters - Boston,Boston,MA,Northeast,urban,42.3601,-71.0589,1,4,338.08,24.7,17.4,2.5,open-meteo
2026-07-31,S007,P1016,PeakNomad XL Cooler 215,Rocky Top Outfitters - Boston,Boston,MA,Northeast,urban,42.3601,-71.0589,2,3,1848.72,24.7,17.4,2.5,open-meteo
2026-07-31,S007,P1017,SummitRunner Mini Battery Pack 216,Rocky Top Outfitters - Boston,Boston,MA,Northeast,urban,42.3601,-71.0589,1,2,101.24,24.7,17.4,2.5,open-meteo
2026-07-31,S007,P1018,RidgeRover Trail Tumbler 217,Rocky Top Outfitters - Boston,Boston,MA,Northeast,urban,42.3601,-71.0589,1,2,240.28,24.7,17.4,2.5,open-meteo
2026-07-31,S007,P1035,CreekRambler Rechargeable Flashlight 234,Rocky Top Outfitters - Boston,Boston,MA,Northeast,urban,42.3601,-71.0589,1,2,288.52,24.7,17.4,2.5,open-meteo
2026-07-31,S007,P1045,FieldRunner Basecamp Tent 244,Rocky Top Outfitters - Boston,Boston,MA,Northeast,urban,42.3601,-71.0589,1,1,292.02,24.7,17.4,2.5,open-meteo
2026-07-31,S007,P1060,CloudNomad 32oz Tumbler 259,Rocky Top Outfitters - Boston,Boston,MA,Northeast,urban,42.3601,-71.0589,1,1,166.65,24.7,17.4,2.5,open-meteo
2026-07-31,S007,P1066,RidgeRover Trail Tumbler 265,Rocky Top Outfitters - Boston,Boston,MA,Northeast,urban,42.3601,-71.0589,1,1,90.88,24.7,17.4,2.5,open-meteo
2026-07-31,S008,NEW:NP5002,RidgeRover Mid Trail Shoes 201,Rocky Top Outfitters - Minneapolis,Minneapolis,MN,Midwest,suburban,44.9778,-93.265,1,4,822.28,25.7,18.4,44.3,open-meteo
2026-07-31,S008,NEW:NP5063,MoonRambler Ultralight Camp Chair 262 Pro,Rocky Top Outfitters - Minneapolis,Minneapolis,MN,Midwest,suburban,44.9778,-93.265,1,1,61.78,25.7,18.4,44.3,open-meteo
2026-07-31,S008,NEW:NP5072,SummitRover Cooler,Rocky Top Outfitters - Minneapolis,Minneapolis,MN,Midwest,suburban,44.9778,-93.265,1,2,1351.9,25.7,18.4,44.3,open-meteo
2026-07-31,S008,NEW:NP5075,MoonRambler Rain Shell,Rocky Top Outfitters - Minneapolis,Minneapolis,MN,Midwest,suburban,44.9778,-93.265,1,2,549.54,25.7,18.4,44.3,open-meteo
2026-07-31,S008,P1003,CreekRambler 2P Camp Chair 202,Rocky Top Outfitters - Minneapolis,Minneapolis,MN,Midwest,suburban,44.9778,-93.265,1,2,706.6,25.7,18.4,44.3,open-meteo
2026-07-31,S008,P1004,StormNomad Compact Cooler 203,Rocky Top Outfitters - Minneapolis,Minneapolis,MN,Midwest,suburban,44.9778,-93.265,1,2,207.02,25.7,18.4,44.3,open-meteo
2026-07-31,S008,P1006,TrailRover 20oz Tumbler 205,Rocky Top Outfitters - Minneapolis,Minneapolis,MN,Midwest,suburban,44.9778,-93.265,1,3,149.52,25.7,18.4,44.3,open-meteo
2026-07-31,S008,P1007,HearthRambler Stormproof Jacket 206,Rocky Top Outfitters - Minneapolis,Minneapolis,MN,Midwest,suburban,44.9778,-93.265,1,2,218.18,25.7,18.4,44.3,open-meteo
2026-07-31,S008,P1018,RidgeRover Trail Tumbler 217,Rocky Top Outfitters - Minneapolis,Minneapolis,MN,Midwest,suburban,44.9778,-93.265,1,4,480.56,25.7,18.4,44.3,open-meteo
2026-07-31,S008,P1020,StormNomad Approach Trail Shoes 219,Rocky Top Outfitters - Minneapolis,Minneapolis,MN,Midwest,suburban,44.9778,-93.265,1,1,176.28,25.7,18.4,44.3,open-meteo
2026-07-31,S008,P1025,PineRunner Lightweight Jacket 224,Rocky Top Outfitters - Minneapolis,Minneapolis,MN,Midwest,suburban,44.9778,-93.265,1,1,121.37,25.7,18.4,44.3,open-meteo
2026-07-31,S008,P1028,CloudNomad Compact Cooler 227,Rocky Top Outfitters - Minneapolis,Minneapolis,MN,Midwest,suburban,44.9778,-93.265,1,1,534.7,25.7,18.4,44.3,open-meteo
2026-07-31,S008,P1034,RidgeRover Deluxe Patio Heater 233,Rocky Top Outfitters - Minneapolis,Minneapolis,MN,Midwest,suburban,44.9778,-93.265,1,4,573.48,25.7,18.4,44.3,open-meteo
2026-07-31,S008,P1044,CloudNomad Approach Trail Shoes 243,Rocky Top Outfitters - Minneapolis,Minneapolis,MN,Midwest,suburban,44.9778,-93.265,1,1,155.01,25.7,18.4,44.3,open-meteo
2026-07-31,S008,P1048,PeakNomad Travel Tumbler 247,Rocky Top Outfitters - Minneapolis,Minneapolis,MN,Midwest,suburban,44.9778,-93.265,1,1,69.06,25.7,18.4,44.3,open-meteo
2026-07-31,S008,P1052,StormNomad Compact Cooler 251,Rocky Top Outfitters - Minneapolis,Minneapolis,MN,Midwest,suburban,44.9778,-93.265,1,1,378.16,25.7,18.4,44.3,open-meteo
2026-07-31,S008,P1054,TrailRover 20oz Tumbler 253,Rocky Top Outfitters - Minneapolis,Minneapolis,MN,Midwest,suburban,44.9778,-93.265,3,7,497.72,25.7,18.4,44.3,open-meteo
2026-07-31,S008,P1066,RidgeRover Trail Tumbler 265,Rocky Top Outfitters - Minneapolis,Minneapolis,MN,Midwest,suburban,44.9778,-93.265,1,3,302.94,25.7,18.4,44.3,open-meteo
2026-08-01,S001,NEW:NP5015,MoonRambler Ultralight Camp Chair 214,Rocky Top Outfitters - Knoxville,Knoxville,TN,Southeast,flagship,35.9606,-83.9207,1,3,543.6,29.5,21.5,12.4,open-meteo
2026-08-01,S001,NEW:NP5057,PineRunner 4P Tent 256 Pro,Rocky Top Outfitters - Knoxville,Knoxville,TN,Southeast,flagship,35.9606,-83.9207,1,2,799.22,29.5,21.5,12.4,open-meteo
2026-08-01,S001,NEW:NP5059,BoulderRambler Rechargeable Flashlight 258 Pro,Rocky Top Outfitters - Knoxville,Knoxville,TN,Southeast,flagship,35.9606,-83.9207,1,3,277.71,29.5,21.5,12.4,open-meteo
2026-08-01,S001,NEW:NP5069,BoulderNomad Patio Heater,Rocky Top Outfitters - Knoxville,Knoxville,TN,Southeast,flagship,35.9606,-83.9207,2,2,420.38,29.5,21.5,12.4,open-meteo
2026-08-01,S001,P1003,CreekRambler 2P Camp Chair 202,Rocky Top Outfitters - Knoxville,Knoxville,TN,Southeast,flagship,35.9606,-83.9207,1,1,375.39,29.5,21.5,12.4,open-meteo
2026-08-01,S001,P1008,CanyonNomad Waterproof Trail Shoes 207,Rocky Top Outfitters - Knoxville,Knoxville,TN,Southeast,flagship,35.9606,-83.9207,1,2,297.82,29.5,21.5,12.4,open-meteo
2026-08-01,S001,P1011,BoulderRambler Rechargeable Flashlight 210,Rocky Top Outfitters - Knoxville,Knoxville,TN,Southeast,flagship,35.9606,-83.9207,1,2,265.32,29.5,21.5,12.4,open-meteo
2026-08-01,S001,P1013,FieldRunner Packable Jacket 212,Rocky Top Outfitters - Knoxville,Knoxville,TN,Southeast,flagship,35.9606,-83.9207,1,1,99.43,29.5,21.5,12.4,open-meteo
2026-08-01,S001,P1016,PeakNomad XL Cooler 215,Rocky Top Outfitters - Knoxville,Knoxville,TN,Southeast,flagship,35.9606,-83.9207,2,4,2400.08,29.5,21.5,12.4,open-meteo
2026-08-01,S001,P1019,CreekRambler Alpine Jacket 218,Rocky Top Outfitters - Knoxville,Knoxville,TN,Southeast,flagship,35.9606,-83.9207,1,1,143.94,29.5,21.5,12.4,open-meteo
2026-08-01,S001,P1022,TrailRover Weekend Patio Heater 221,Rocky Top Outfitters - Knoxville,Knoxville,TN,Southeast,flagship,35.9606,-83.9207,2,6,2266.92,29.5,21.5,12.4,open-meteo
2026-08-01,S001,P1030,SwitchbackRover 20oz Tumbler 229,Rocky Top Outfitters - Knoxville,Knoxville,TN,Southeast,flagship,35.9606,-83.9207,1,4,437.12,29.5,21.5,12.4,open-meteo
2026-08-01,S001,P1033,SummitRunner 4P Tent 232,Rocky Top Outfitters - Knoxville,Knoxville,TN,Southeast,flagship,35.9606,-83.9207,1,3,562.8,29.5,21.5,12.4,open-meteo
2026-08-01,S001,P1034,RidgeRover Deluxe Patio Heater 233,Rocky Top Outfitters - Knoxville,Knoxville,TN,Southeast,flagship,35.9606,-83.9207,2,5,708.42,29.5,21.5,12.4,open-meteo
2026-08-01,S001,P1036,StormNomad 32oz Tumbler 235,Rocky Top Outfitters - Knoxville,Knoxville,TN,Southeast,flagship,35.9606,-83.9207,1,1,148.63,29.5,21.5,12.4,open-meteo
2026-08-01,S001,P1047,MoonRambler Expedition Flashlight 246,Rocky Top Outfitters - Knoxville,Knoxville,TN,Southeast,flagship,35.9606,-83.9207,1,1,46.46,29.5,21.5,12.4,open-meteo
2026-08-01,S001,P1048,PeakNomad Travel Tumbler 247,Rocky Top Outfitters - Knoxville,Knoxville,TN,Southeast,flagship,35.9606,-83.9207,1,1,69.06,29.5,21.5,12.4,open-meteo
2026-08-01,S001,P1055,HearthRambler Stormproof Jacket 254,Rocky Top Outfitters - Knoxville,Knoxville,TN,Southeast,flagship,35.9606,-83.9207,1,1,223.58,29.5,21.5,12.4,open-meteo
2026-08-01,S002,NEW:NP5057,PineRunner 4P Tent 256 Pro,Rocky Top Outfitters - Miami,Miami,FL,Southeast,urban,25.7617,-80.1918,2,3,999.03,32.9,26.8,8.5,open-meteo
2026-08-01,S002,P1004,StormNomad Compact Cooler 203,Rocky Top Outfitters - Miami,Miami,FL,Southeast,urban,25.7617,-80.1918,1,1,108.96,32.9,26.8,8.5,open-meteo
2026-08-01,S002,P1006,TrailRover 20oz Tumbler 205,Rocky Top Outfitters - Miami,Miami,FL,Southeast,urban,25.7617,-80.1918,1,3,166.14,32.9,26.8,8.5,open-meteo
2026-08-01,S002,P1008,CanyonNomad Waterproof Trail Shoes 207,Rocky Top Outfitters - Miami,Miami,FL,Southeast,urban,25.7617,-80.1918,2,4,648.2,32.9,26.8,8.5,open-meteo
2026-08-01,S002,P1016,PeakNomad XL Cooler 215,Rocky Top Outfitters - Miami,Miami,FL,Southeast,urban,25.7617,-80.1918,1,3,1946.01,32.9,26.8,8.5,open-meteo
2026-08-01,S002,P1032,PeakNomad Waterproof Trail Shoes 231,Rocky Top Outfitters - Miami,Miami,FL,Southeast,urban,25.7617,-80.1918,1,2,400.86,32.9,26.8,8.5,open-meteo
2026-08-01,S002,P1036,StormNomad 32oz Tumbler 235,Rocky Top Outfitters - Miami,Miami,FL,Southeast,urban,25.7617,-80.1918,1,1,125.16,32.9,26.8,8.5,open-meteo
2026-08-01,S002,P1044,CloudNomad Approach Trail Shoes 243,Rocky Top Outfitters - Miami,Miami,FL,Southeast,urban,25.7617,-80.1918,1,3,581.28,32.9,26.8,8.5,open-meteo
2026-08-01,S002,P1047,MoonRambler Expedition Flashlight 246,Rocky Top Outfitters - Miami,Miami,FL,Southeast,urban,25.7617,-80.1918,1,2,104.52,32.9,26.8,8.5,open-meteo
2026-08-01,S002,P1066,RidgeRover Trail Tumbler 265,Rocky Top Outfitters - Miami,Miami,FL,Southeast,urban,25.7617,-80.1918,1,2,181.76,32.9,26.8,8.5,open-meteo
2026-08-01,S002,P1068,StormNomad Approach Trail Shoes 267,Rocky Top Outfitters - Miami,Miami,FL,Southeast,urban,25.7617,-80.1918,1,1,86.31,32.9,26.8,8.5,open-meteo
2026-08-01,S003,NEW:NP5061,FieldRunner Packable Jacket 260 Pro,Rocky Top Outfitters - Chicago,Chicago,IL,Midwest,urban,41.8781,-87.6298,1,4,616.76,22.1,20.3,77.7,open-meteo
2026-08-01,S003,NEW:NP5067,CreekRambler Alpine Jacket 266 Pro,Rocky Top Outfitters - Chicago,Chicago,IL,Midwest,urban,41.8781,-87.6298,1,2,445.6,22.1,20.3,77.7,open-meteo
2026-08-01,S003,NEW:NP5074,SwitchbackRover Insulated Tumbler,Rocky Top Outfitters - Chicago,Chicago,IL,Midwest,urban,41.8781,-87.6298,1,1,130.96,22.1,20.3,77.7,open-meteo
2026-08-01,S003,NEW:NP5076,PeakNomad Trail Shoes,Rocky Top Outfitters - Chicago,Chicago,IL,Midwest,urban,41.8781,-87.6298,1,3,471.36,22.1,20.3,77.7,open-meteo
2026-08-01,S003,P1003,CreekRambler 2P Camp Chair 202,Rocky Top Outfitters - Chicago,Chicago,IL,Midwest,urban,41.8781,-87.6298,2,2,883.26,22.1,20.3,77.7,open-meteo
2026-08-01,S003,P1009,PineRunner 4P Tent 208,Rocky Top Outfitters - Chicago,Chicago,IL,Midwest,urban,41.8781,-87.6298,1,2,237.44,22.1,20.3,77.7,open-meteo
2026-08-01,S003,P1010,VistaRover Deluxe Patio Heater 209,Rocky Top Outfitters - Chicago,Chicago,IL,Midwest,urban,41.8781,-87.6298,1,4,1777.84,22.1,20.3,77.7,open-meteo
2026-08-01,S003,P1024,CanyonNomad Travel Tumbler 223,Rocky Top Outfitters - Chicago,Chicago,IL,Midwest,urban,41.8781,-87.6298,1,4,353.48,22.1,20.3,77.7,open-meteo
2026-08-01,S003,P1027,BoulderRambler 2P Camp Chair 226,Rocky Top Outfitters - Chicago,Chicago,IL,Midwest,urban,41.8781,-87.6298,1,4,353.88,22.1,20.3,77.7,open-meteo
2026-08-01,S003,P1034,RidgeRover Deluxe Patio Heater 233,Rocky Top Outfitters - Chicago,Chicago,IL,Midwest,urban,41.8781,-87.6298,1,1,143.37,22.1,20.3,77.7,open-meteo
2026-08-01,S003,P1035,CreekRambler Rechargeable Flashlight 234,Rocky Top Outfitters - Chicago,Chicago,IL,Midwest,urban,41.8781,-87.6298,1,2,245.24,22.1,20.3,77.7,open-meteo
2026-08-01,S003,P1037,EmberRunner Packable Jacket 236,Rocky Top Outfitters - Chicago,Chicago,IL,Midwest,urban,41.8781,-87.6298,1,2,169.82,22.1,20.3,77.7,open-meteo
2026-08-01,S003,P1043,BoulderRambler Alpine Jacket 242,Rocky Top Outfitters - Chicago,Chicago,IL,Midwest,urban,41.8781,-87.6298,1,1,237.41,22.1,20.3,77.7,open-meteo
2026-08-01,S003,P1046,SwitchbackRover Weekend Patio Heater 245,Rocky Top Outfitters - Chicago,Chicago,IL,Midwest,urban,41.8781,-87.6298,1,3,652.38,22.1,20.3,77.7,open-meteo
2026-08-01,S003,P1050,RidgeRover Mid Trail Shoes 249,Rocky Top Outfitters - Chicago,Chicago,IL,Midwest,urban,41.8781,-87.6298,1,2,148.88,22.1,20.3,77.7,open-meteo
2026-08-01,S003,P1068,StormNomad Approach Trail Shoes 267,Rocky Top Outfitters - Chicago,Chicago,IL,Midwest,urban,41.8781,-87.6298,1,1,86.31,22.1,20.3,77.7,open-meteo
2026-08-01,S004,NEW:NP5061,FieldRunner Packable Jacket 260 Pro,Rocky Top Outfitters - Denver,Denver,CO,Mountain,flagship,39.7392,-104.9903,1,1,138.77,34.9,16.4,0.0,open-meteo
2026-08-01,S004,NEW:NP5067,CreekRambler Alpine Jacket 266 Pro,Rocky Top Outfitters - Denver,Denver,CO,Mountain,flagship,39.7392,-104.9903,1,1,247.56,34.9,16.4,0.0,open-meteo
2026-08-01,S004,NEW:NP5069,BoulderNomad Patio Heater,Rocky Top Outfitters - Denver,Denver,CO,Mountain,flagship,39.7392,-104.9903,1,1,188.06,34.9,16.4,0.0,open-meteo
2026-08-01,S004,P1001,SummitRunner Lightweight Jacket 200,Rocky Top Outfitters - Denver,Denver,CO,Mountain,flagship,39.7392,-104.9903,1,4,519.08,34.9,16.4,0.0,open-meteo
2026-08-01,S004,P1006,TrailRover 20oz Tumbler 205,Rocky Top Outfitters - Denver,Denver,CO,Mountain,flagship,39.7392,-104.9903,1,1,47.07,34.9,16.4,0.0,open-meteo
2026-08-01,S004,P1021,EmberRunner Basecamp Tent 220,Rocky Top Outfitters - Denver,Denver,CO,Mountain,flagship,39.7392,-104.9903,2,3,217.42,34.9,16.4,0.0,open-meteo
2026-08-01,S004,P1031,MoonRambler Stormproof Jacket 230,Rocky Top Outfitters - Denver,Denver,CO,Mountain,flagship,39.7392,-104.9903,1,4,617.56,34.9,16.4,0.0,open-meteo
2026-08-01,S004,P1039,HearthRambler Ultralight Camp Chair 238,Rocky Top Outfitters - Denver,Denver,CO,Mountain,flagship,39.7392,-104.9903,1,1,340.47,34.9,16.4,0.0,open-meteo
2026-08-01,S004,P1043,BoulderRambler Alpine Jacket 242,Rocky Top Outfitters - Denver,Denver,CO,Mountain,flagship,39.7392,-104.9903,1,1,237.41,34.9,16.4,0.0,open-meteo
2026-08-01,S004,P1048,PeakNomad Travel Tumbler 247,Rocky Top Outfitters - Denver,Denver,CO,Mountain,flagship,39.7392,-104.9903,1,2,138.12,34.9,16.4,0.0,open-meteo
2026-08-01,S004,P1056,CanyonNomad Waterproof Trail Shoes 255,Rocky Top Outfitters - Denver,Denver,CO,Mountain,flagship,39.7392,-104.9903,1,1,148.79,34.9,16.4,0.0,open-meteo
2026-08-01,S004,P1058,VistaRover Deluxe Patio Heater 257,Rocky Top Outfitters - Denver,Denver,CO,Mountain,flagship,39.7392,-104.9903,1,2,545.52,34.9,16.4,0.0,open-meteo
2026-08-01,S005,NEW:NP5002,RidgeRover Mid Trail Shoes 201,Rocky Top Outfitters - Phoenix,Phoenix,AZ,Southwest,suburban,33.4484,-112.074,1,4,698.92,45.8,32.9,0.0,open-meteo
2026-08-01,S005,P1005,EmberRunner Storm Kit Battery Pack 204,Rocky Top Outfitters - Phoenix,Phoenix,AZ,Southwest,suburban,33.4484,-112.074,1,2,191.02,45.8,32.9,0.0,open-meteo
2026-08-01,S005,P1008,CanyonNomad Waterproof Trail Shoes 207,Rocky Top Outfitters - Phoenix,Phoenix,AZ,Southwest,suburban,33.4484,-112.074,1,1,166.43,45.8,32.9,0.0,open-meteo
2026-08-01,S005,P1031,MoonRambler Stormproof Jacket 230,Rocky Top Outfitters - Phoenix,Phoenix,AZ,Southwest,suburban,33.4484,-112.074,1,1,137.23,45.8,32.9,0.0,open-meteo
2026-08-01,S005,P1038,TrailRover Wide Trail Shoes 237,Rocky Top Outfitters - Phoenix,Phoenix,AZ,Southwest,suburban,33.4484,-112.074,1,2,317.08,45.8,32.9,0.0,open-meteo
2026-08-01,S005,P1058,VistaRover Deluxe Patio Heater 257,Rocky Top Outfitters - Phoenix,Phoenix,AZ,Southwest,suburban,33.4484,-112.074,1,1,287.12,45.8,32.9,0.0,open-meteo
2026-08-01,S006,NEW:NP5015,MoonRambler Ultralight Camp Chair 214,Rocky Top Outfitters - Seattle,Seattle,WA,Pacific Northwest,urban,47.6062,-122.3321,1,1,190.74,23.0,16.7,0.9,open-meteo
2026-08-01,S006,NEW:NP5061,FieldRunner Packable Jacket 260 Pro,Rocky Top Outfitters - Seattle,Seattle,WA,Pacific Northwest,urban,47.6062,-122.3321,1,2,262.12,23.0,16.7,0.9,open-meteo
2026-08-01,S006,NEW:NP5070,FieldPacer Insulated Tumbler,Rocky Top Outfitters - Seattle,Seattle,WA,Pacific Northwest,urban,47.6062,-122.3321,1,4,486.92,23.0,16.7,0.9,open-meteo
2026-08-01,S006,P1004,StormNomad Compact Cooler 203,Rocky Top Outfitters - Seattle,Seattle,WA,Pacific Northwest,urban,47.6062,-122.3321,1,3,326.88,23.0,16.7,0.9,open-meteo
2026-08-01,S006,P1009,PineRunner 4P Tent 208,Rocky Top Outfitters - Seattle,Seattle,WA,Pacific Northwest,urban,47.6062,-122.3321,1,1,100.91,23.0,16.7,0.9,open-meteo
2026-08-01,S006,P1027,BoulderRambler 2P Camp Chair 226,Rocky Top Outfitters - Seattle,Seattle,WA,Pacific Northwest,urban,47.6062,-122.3321,2,3,242.13,23.0,16.7,0.9,open-meteo
2026-08-01,S006,P1032,PeakNomad Waterproof Trail Shoes 231,Rocky Top Outfitters - Seattle,Seattle,WA,Pacific Northwest,urban,47.6062,-122.3321,1,1,200.43,23.0,16.7,0.9,open-meteo
2026-08-01,S006,P1037,EmberRunner Packable Jacket 236,Rocky Top Outfitters - Seattle,Seattle,WA,Pacific Northwest,urban,47.6062,-122.3321,1,1,89.38,23.0,16.7,0.9,open-meteo
2026-08-01,S006,P1040,CanyonNomad XL Cooler 239,Rocky Top Outfitters - Seattle,Seattle,WA,Pacific Northwest,urban,47.6062,-122.3321,2,5,505.35,23.0,16.7,0.9,open-meteo
2026-08-01,S006,P1041,PineRunner Mini Battery Pack 240,Rocky Top Outfitters - Seattle,Seattle,WA,Pacific Northwest,urban,47.6062,-122.3321,1,1,48.19,23.0,16.7,0.9,open-meteo
2026-08-01,S006,P1043,BoulderRambler Alpine Jacket 242,Rocky Top Outfitters - Seattle,Seattle,WA,Pacific Northwest,urban,47.6062,-122.3321,1,1,225.54,23.0,16.7,0.9,open-meteo
2026-08-01,S006,P1046,SwitchbackRover Weekend Patio Heater 245,Rocky Top Outfitters - Seattle,Seattle,WA,Pacific Northwest,urban,47.6062,-122.3321,1,4,915.64,23.0,16.7,0.9,open-meteo
2026-08-01,S006,P1052,StormNomad Compact Cooler 251,Rocky Top Outfitters - Seattle,Seattle,WA,Pacific Northwest,urban,47.6062,-122.3321,1,3,1077.75,23.0,16.7,0.9,open-meteo
2026-08-01,S006,P1054,TrailRover 20oz Tumbler 253,Rocky Top Outfitters - Seattle,Seattle,WA,Pacific Northwest,urban,47.6062,-122.3321,1,1,58.13,23.0,16.7,0.9,open-meteo
2026-08-01,S006,P1060,CloudNomad 32oz Tumbler 259,Rocky Top Outfitters - Seattle,Seattle,WA,Pacific Northwest,urban,47.6062,-122.3321,1,3,499.95,23.0,16.7,0.9,open-meteo
2026-08-01,S006,P1066,RidgeRover Trail Tumbler 265,Rocky Top Outfitters - Seattle,Seattle,WA,Pacific Northwest,urban,47.6062,-122.3321,1,2,171.66,23.0,16.7,0.9,open-meteo
2026-08-01,S007,NEW:NP5071,MoonScout Trail Shoes,Rocky Top Outfitters - Boston,Boston,MA,Northeast,urban,42.3601,-71.0589,1,1,220.05,29.8,19.2,0.8,open-meteo
2026-08-01,S007,P1006,TrailRover 20oz Tumbler 205,Rocky Top Outfitters - Boston,Boston,MA,Northeast,urban,42.3601,-71.0589,1,4,221.52,29.8,19.2,0.8,open-meteo
2026-08-01,S007,P1019,CreekRambler Alpine Jacket 218,Rocky Top Outfitters - Boston,Boston,MA,Northeast,urban,42.3601,-71.0589,1,1,161.94,29.8,19.2,0.8,open-meteo
2026-08-01,S007,P1023,HearthRambler Expedition Flashlight 222,Rocky Top Outfitters - Boston,Boston,MA,Northeast,urban,42.3601,-71.0589,1,1,144.84,29.8,19.2,0.8,open-meteo
2026-08-01,S007,P1024,CanyonNomad Travel Tumbler 223,Rocky Top Outfitters - Boston,Boston,MA,Northeast,urban,42.3601,-71.0589,1,1,70.7,29.8,19.2,0.8,open-meteo
2026-08-01,S007,P1025,PineRunner Lightweight Jacket 224,Rocky Top Outfitters - Boston,Boston,MA,Northeast,urban,42.3601,-71.0589,1,2,242.74,29.8,19.2,0.8,open-meteo
2026-08-01,S007,P1028,CloudNomad Compact Cooler 227,Rocky Top Outfitters - Boston,Boston,MA,Northeast,urban,42.3601,-71.0589,1,1,597.61,29.8,19.2,0.8,open-meteo
2026-08-01,S007,P1030,SwitchbackRover 20oz Tumbler 229,Rocky Top Outfitters - Boston,Boston,MA,Northeast,urban,42.3601,-71.0589,1,2,231.4,29.8,19.2,0.8,open-meteo
2026-08-01,S007,P1032,PeakNomad Waterproof Trail Shoes 231,Rocky Top Outfitters - Boston,Boston,MA,Northeast,urban,42.3601,-71.0589,1,2,400.86,29.8,19.2,0.8,open-meteo
2026-08-01,S007,P1036,StormNomad 32oz Tumbler 235,Rocky Top Outfitters - Boston,Boston,MA,Northeast,urban,42.3601,-71.0589,1,1,156.45,29.8,19.2,0.8,open-meteo
2026-08-01,S007,P1038,TrailRover Wide Trail Shoes 237,Rocky Top Outfitters - Boston,Boston,MA,Northeast,urban,42.3601,-71.0589,1,1,198.18,29.8,19.2,0.8,open-meteo
2026-08-01,S007,P1040,CanyonNomad XL Cooler 239,Rocky Top Outfitters - Boston,Boston,MA,Northeast,urban,42.3601,-71.0589,1,3,322.56,29.8,19.2,0.8,open-meteo
2026-08-01,S007,P1042,VistaRover Trail Tumbler 241,Rocky Top Outfitters - Boston,Boston,MA,Northeast,urban,42.3601,-71.0589,1,3,269.67,29.8,19.2,0.8,open-meteo
2026-08-01,S007,P1058,VistaRover Deluxe Patio Heater 257,Rocky Top Outfitters - Boston,Boston,MA,Northeast,urban,42.3601,-71.0589,1,1,258.41,29.8,19.2,0.8,open-meteo
2026-08-01,S008,NEW:NP5069,BoulderNomad Patio Heater,Rocky Top Outfitters - Minneapolis,Minneapolis,MN,Midwest,suburban,44.9778,-93.265,1,2,442.5,28.4,18.2,0.0,open-meteo
2026-08-01,S008,P1016,PeakNomad XL Cooler 215,Rocky Top Outfitters - Minneapolis,Minneapolis,MN,Midwest,suburban,44.9778,-93.265,1,3,1946.01,28.4,18.2,0.0,open-meteo
2026-08-01,S008,P1026,VistaRover Mid Trail Shoes 225,Rocky Top Outfitters - Minneapolis,Minneapolis,MN,Midwest,suburban,44.9778,-93.265,1,1,128.7,28.4,18.2,0.0,open-meteo
2026-08-01,S008,P1036,StormNomad 32oz Tumbler 235,Rocky Top Outfitters - Minneapolis,Minneapolis,MN,Midwest,suburban,44.9778,-93.265,1,4,625.8,28.4,18.2,0.0,open-meteo
2026-08-01,S008,P1042,VistaRover Trail Tumbler 241,Rocky Top Outfitters - Minneapolis,Minneapolis,MN,Midwest,suburban,44.9778,-93.265,1,4,382.04,28.4,18.2,0.0,open-meteo
2026-08-01,S008,P1051,CreekRambler 2P Camp Chair 250,Rocky Top Outfitters - Minneapolis,Minneapolis,MN,Midwest,suburban,44.9778,-93.265,1,1,386.12,28.4,18.2,0.0,open-meteo
2026-08-01,S008,P1055,HearthRambler Stormproof Jacket 254,Rocky Top Outfitters - Minneapolis,Minneapolis,MN,Midwest,suburban,44.9778,-93.265,2,5,1229.7,28.4,18.2,0.0,open-meteo
2026-08-01,S008,P1056,CanyonNomad Waterproof Trail Shoes 255,Rocky Top Outfitters - Minneapolis,Minneapolis,MN,Midwest,suburban,44.9778,-93.265,1,4,505.88,28.4,18.2,0.0,open-meteo
2026-08-02,S001,NEW:NP5067,CreekRambler Alpine Jacket 266 Pro,Rocky Top Outfitters - Knoxville,Knoxville,TN,Southeast,flagship,35.9606,-83.9207,1,4,940.72,28.5,21.0,13.8,open-meteo
2026-08-02,S001,NEW:NP5070,FieldPacer Insulated Tumbler,Rocky Top Outfitters - Knoxville,Knoxville,TN,Southeast,flagship,35.9606,-83.9207,1,2,257.78,28.5,21.0,13.8,open-meteo
2026-08-02,S001,NEW:NP5075,MoonRambler Rain Shell,Rocky Top Outfitters - Knoxville,Knoxville,TN,Southeast,flagship,35.9606,-83.9207,1,1,274.77,28.5,21.0,13.8,open-meteo
2026-08-02,S001,P1008,CanyonNomad Waterproof Trail Shoes 207,Rocky Top Outfitters - Knoxville,Knoxville,TN,Southeast,flagship,35.9606,-83.9207,1,2,297.82,28.5,21.0,13.8,open-meteo
2026-08-02,S001,P1016,PeakNomad XL Cooler 215,Rocky Top Outfitters - Knoxville,Knoxville,TN,Southeast,flagship,35.9606,-83.9207,1,1,518.94,28.5,21.0,13.8,open-meteo
2026-08-02,S001,P1018,RidgeRover Trail Tumbler 217,Rocky Top Outfitters - Knoxville,Knoxville,TN,Southeast,flagship,35.9606,-83.9207,1,1,150.17,28.5,21.0,13.8,open-meteo
2026-08-02,S001,P1021,EmberRunner Basecamp Tent 220,Rocky Top Outfitters - Knoxville,Knoxville,TN,Southeast,flagship,35.9606,-83.9207,2,6,398.0,28.5,21.0,13.8,open-meteo
2026-08-02,S001,P1022,TrailRover Weekend Patio Heater 221,Rocky Top Outfitters - Knoxville,Knoxville,TN,Southeast,flagship,35.9606,-83.9207,1,1,310.01,28.5,21.0,13.8,open-meteo
2026-08-02,S001,P1031,MoonRambler Stormproof Jacket 230,Rocky Top Outfitters - Knoxville,Knoxville,TN,Southeast,flagship,35.9606,-83.9207,1,2,291.62,28.5,21.0,13.8,open-meteo
2026-08-02,S001,P1035,CreekRambler Rechargeable Flashlight 234,Rocky Top Outfitters - Knoxville,Knoxville,TN,Southeast,flagship,35.9606,-83.9207,1,1,144.26,28.5,21.0,13.8,open-meteo
2026-08-02,S001,P1041,PineRunner Mini Battery Pack 240,Rocky Top Outfitters - Knoxville,Knoxville,TN,Southeast,flagship,35.9606,-83.9207,1,2,107.08,28.5,21.0,13.8,open-meteo
2026-08-02,S001,P1042,VistaRover Trail Tumbler 241,Rocky Top Outfitters - Knoxville,Knoxville,TN,Southeast,flagship,35.9606,-83.9207,1,1,112.36,28.5,21.0,13.8,open-meteo
2026-08-02,S001,P1043,BoulderRambler Alpine Jacket 242,Rocky Top Outfitters - Knoxville,Knoxville,TN,Southeast,flagship,35.9606,-83.9207,1,4,902.16,28.5,21.0,13.8,open-meteo
2026-08-02,S001,P1046,SwitchbackRover Weekend Patio Heater 245,Rocky Top Outfitters - Knoxville,Knoxville,TN,Southeast,flagship,35.9606,-83.9207,1,4,915.64,28.5,21.0,13.8,open-meteo
2026-08-02,S001,P1047,MoonRambler Expedition Flashlight 246,Rocky Top Outfitters - Knoxville,Knoxville,TN,Southeast,flagship,35.9606,-83.9207,1,2,116.14,28.5,21.0,13.8,open-meteo
2026-08-02,S001,P1048,PeakNomad Travel Tumbler 247,Rocky Top Outfitters - Knoxville,Knoxville,TN,Southeast,flagship,35.9606,-83.9207,1,4,290.8,28.5,21.0,13.8,open-meteo
2026-08-02,S001,P1050,RidgeRover Mid Trail Shoes 249,Rocky Top Outfitters - Knoxville,Knoxville,TN,Southeast,flagship,35.9606,-83.9207,1,2,148.88,28.5,21.0,13.8,open-meteo
2026-08-02,S001,P1052,StormNomad Compact Cooler 251,Rocky Top Outfitters - Knoxville,Knoxville,TN,Southeast,flagship,35.9606,-83.9207,1,2,718.5,28.5,21.0,13.8,open-meteo
2026-08-02,S001,P1060,CloudNomad 32oz Tumbler 259,Rocky Top Outfitters - Knoxville,Knoxville,TN,Southeast,flagship,35.9606,-83.9207,1,3,424.95,28.5,21.0,13.8,open-meteo
2026-08-02,S001,P1066,RidgeRover Trail Tumbler 265,Rocky Top Outfitters - Knoxville,Knoxville,TN,Southeast,flagship,35.9606,-83.9207,1,2,191.86,28.5,21.0,13.8,open-meteo
2026-08-02,S002,NEW:NP5002,RidgeRover Mid Trail Shoes 201,Rocky Top Outfitters - Miami,Miami,FL,Southeast,urban,25.7617,-80.1918,1,3,616.71,31.9,25.8,4.7,open-meteo
2026-08-02,S002,NEW:NP5057,PineRunner 4P Tent 256 Pro,Rocky Top Outfitters - Miami,Miami,FL,Southeast,urban,25.7617,-80.1918,1,4,1438.6,31.9,25.8,4.7,open-meteo
2026-08-02,S002,NEW:NP5063,MoonRambler Ultralight Camp Chair 262 Pro,Rocky Top Outfitters - Miami,Miami,FL,Southeast,urban,25.7617,-80.1918,1,2,146.72,31.9,25.8,4.7,open-meteo
2026-08-02,S002,NEW:NP5067,CreekRambler Alpine Jacket 266 Pro,Rocky Top Outfitters - Miami,Miami,FL,Southeast,urban,25.7617,-80.1918,1,1,247.56,31.9,25.8,4.7,open-meteo
2026-08-02,S002,NEW:NP5075,MoonRambler Rain Shell,Rocky Top Outfitters - Miami,Miami,FL,Southeast,urban,25.7617,-80.1918,2,3,755.61,31.9,25.8,4.7,open-meteo
2026-08-02,S002,P1003,CreekRambler 2P Camp Chair 202,Rocky Top Outfitters - Miami,Miami,FL,Southeast,urban,25.7617,-80.1918,1,4,1766.52,31.9,25.8,4.7,open-meteo
2026-08-02,S002,P1012,CloudNomad 32oz Tumbler 211,Rocky Top Outfitters - Miami,Miami,FL,Southeast,urban,25.7617,-80.1918,1,2,240.1,31.9,25.8,4.7,open-meteo
2026-08-02,S002,P1026,VistaRover Mid Trail Shoes 225,Rocky Top Outfitters - Miami,Miami,FL,Southeast,urban,25.7617,-80.1918,1,1,115.83,31.9,25.8,4.7,open-meteo
2026-08-02,S002,P1031,MoonRambler Stormproof Jacket 230,Rocky Top Outfitters - Miami,Miami,FL,Southeast,urban,25.7617,-80.1918,1,1,145.81,31.9,25.8,4.7,open-meteo
2026-08-02,S002,P1033,SummitRunner 4P Tent 232,Rocky Top Outfitters - Miami,Miami,FL,Southeast,urban,25.7617,-80.1918,1,4,750.4,31.9,25.8,4.7,open-meteo
2026-08-02,S002,P1034,RidgeRover Deluxe Patio Heater 233,Rocky Top Outfitters - Miami,Miami,FL,Southeast,urban,25.7617,-80.1918,2,4,666.25,31.9,25.8,4.7,open-meteo
2026-08-02,S002,P1037,EmberRunner Packable Jacket 236,Rocky Top Outfitters - Miami,Miami,FL,Southeast,urban,25.7617,-80.1918,1,2,178.76,31.9,25.8,4.7,open-meteo
2026-08-02,S002,P1038,TrailRover Wide Trail Shoes 237,Rocky Top Outfitters - Miami,Miami,FL,Southeast,urban,25.7617,-80.1918,1,1,168.45,31.9,25.8,4.7,open-meteo
2026-08-02,S002,P1040,CanyonNomad XL Cooler 239,Rocky Top Outfitters - Miami,Miami,FL,Southeast,urban,25.7617,-80.1918,1,4,387.08,31.9,25.8,4.7,open-meteo
2026-08-02,S002,P1049,SummitRunner Lightweight Jacket 248,Rocky Top Outfitters - Miami,Miami,FL,Southeast,urban,25.7617,-80.1918,1,4,849.08,31.9,25.8,4.7,open-meteo
2026-08-02,S002,P1062,SwitchbackRover Wide Trail Shoes 261,Rocky Top Outfitters - Miami,Miami,FL,Southeast,urban,25.7617,-80.1918,1,1,138.8,31.9,25.8,4.7,open-meteo
2026-08-02,S003,NEW:NP5065,SummitRunner Mini Battery Pack 264 Pro,Rocky Top Outfitters - Chicago,Chicago,IL,Midwest,urban,41.8781,-87.6298,1,1,102.29,22.0,19.7,0.6,open-meteo
2026-08-02,S003,NEW:NP5067,CreekRambler Alpine Jacket 266 Pro,Rocky Top Outfitters - Chicago,Chicago,IL,Midwest,urban,41.8781,-87.6298,1,2,445.6,22.0,19.7,0.6,open-meteo
2026-08-02,S003,NEW:NP5071,MoonScout Trail Shoes,Rocky Top Outfitters - Chicago,Chicago,IL,Midwest,urban,41.8781,-87.6298,1,1,209.05,22.0,19.7,0.6,open-meteo
2026-08-02,S003,NEW:NP5073,FieldRunner Battery Pack,Rocky Top Outfitters - Chicago,Chicago,IL,Midwest,urban,41.8781,-87.6298,1,1,91.38,22.0,19.7,0.6,open-meteo
2026-08-02,S003,P1010,VistaRover Deluxe Patio Heater 209,Rocky Top Outfitters - Chicago,Chicago,IL,Midwest,urban,41.8781,-87.6298,1,3,1666.74,22.0,19.7,0.6,open-meteo
2026-08-02,S003,P1019,CreekRambler Alpine Jacket 218,Rocky Top Outfitters - Chicago,Chicago,IL,Midwest,urban,41.8781,-87.6298,1,2,359.86,22.0,19.7,0.6,open-meteo
2026-08-02,S003,P1020,StormNomad Approach Trail Shoes 219,Rocky Top Outfitters - Chicago,Chicago,IL,Midwest,urban,41.8781,-87.6298,1,1,207.39,22.0,19.7,0.6,open-meteo
2026-08-02,S003,P1021,EmberRunner Basecamp Tent 220,Rocky Top Outfitters - Chicago,Chicago,IL,Midwest,urban,41.8781,-87.6298,1,3,221.1,22.0,19.7,0.6,open-meteo
2026-08-02,S003,P1023,HearthRambler Expedition Flashlight 222,Rocky Top Outfitters - Chicago,Chicago,IL,Midwest,urban,41.8781,-87.6298,1,1,130.36,22.0,19.7,0.6,open-meteo
2026-08-02,S003,P1031,MoonRambler Stormproof Jacket 230,Rocky Top Outfitters - Chicago,Chicago,IL,Midwest,urban,41.8781,-87.6298,1,3,514.62,22.0,19.7,0.6,open-meteo
2026-08-02,S003,P1044,CloudNomad Approach Trail Shoes 243,Rocky Top Outfitters - Chicago,Chicago,IL,Midwest,urban,41.8781,-87.6298,1,4,736.28,22.0,19.7,0.6,open-meteo
2026-08-02,S003,P1045,FieldRunner Basecamp Tent 244,Rocky Top Outfitters - Chicago,Chicago,IL,Midwest,urban,41.8781,-87.6298,1,1,274.84,22.0,19.7,0.6,open-meteo
2026-08-02,S003,P1064,PeakNomad XL Cooler 263,Rocky Top Outfitters - Chicago,Chicago,IL,Midwest,urban,41.8781,-87.6298,1,2,1311.36,22.0,19.7,0.6,open-meteo
2026-08-02,S004,NEW:NP5057,PineRunner 4P Tent 256 Pro,Rocky Top Outfitters - Denver,Denver,CO,Mountain,flagship,39.7392,-104.9903,1,1,319.69,39.1,18.5,0.0,open-meteo
2026-08-02,S004,NEW:NP5063,MoonRambler Ultralight Camp Chair 262 Pro,Rocky Top Outfitters - Denver,Denver,CO,Mountain,flagship,39.7392,-104.9903,1,2,123.56,39.1,18.5,0.0,open-meteo
2026-08-02,S004,NEW:NP5067,CreekRambler Alpine Jacket 266 Pro,Rocky Top Outfitters - Denver,Denver,CO,Mountain,flagship,39.7392,-104.9903,1,1,210.43,39.1,18.5,0.0,open-meteo
2026-08-02,S004,NEW:NP5069,BoulderNomad Patio Heater,Rocky Top Outfitters - Denver,Denver,CO,Mountain,flagship,39.7392,-104.9903,1,3,597.36,39.1,18.5,0.0,open-meteo
2026-08-02,S004,P1021,EmberRunner Basecamp Tent 220,Rocky Top Outfitters - Denver,Denver,CO,Mountain,flagship,39.7392,-104.9903,1,3,198.99,39.1,18.5,0.0,open-meteo
2026-08-02,S004,P1036,StormNomad 32oz Tumbler 235,Rocky Top Outfitters - Denver,Denver,CO,Mountain,flagship,39.7392,-104.9903,1,4,625.8,39.1,18.5,0.0,open-meteo
2026-08-02,S004,P1040,CanyonNomad XL Cooler 239,Rocky Top Outfitters - Denver,Denver,CO,Mountain,flagship,39.7392,-104.9903,1,2,215.04,39.1,18.5,0.0,open-meteo
2026-08-02,S004,P1053,EmberRunner Storm Kit Battery Pack 252,Rocky Top Outfitters - Denver,Denver,CO,Mountain,flagship,39.7392,-104.9903,1,3,318.42,39.1,18.5,0.0,open-meteo
2026-08-02,S004,P1060,CloudNomad 32oz Tumbler 259,Rocky Top Outfitters - Denver,Denver,CO,Mountain,flagship,39.7392,-104.9903,1,3,424.95,39.1,18.5,0.0,open-meteo
2026-08-02,S004,P1062,SwitchbackRover Wide Trail Shoes 261,Rocky Top Outfitters - Denver,Denver,CO,Mountain,flagship,39.7392,-104.9903,2,7,1094.04,39.1,18.5,0.0,open-meteo
2026-08-02,S005,NEW:NP5057,PineRunner 4P Tent 256 Pro,Rocky Top Outfitters - Phoenix,Phoenix,AZ,Southwest,suburban,33.4484,-112.074,1,2,799.22,45.5,34.4,0.0,open-meteo
2026-08-02,S005,NEW:NP5067,CreekRambler Alpine Jacket 266 Pro,Rocky Top Outfitters - Phoenix,Phoenix,AZ,Southwest,suburban,33.4484,-112.074,2,4,816.96,45.5,34.4,0.0,open-meteo
2026-08-02,S005,NEW:NP5069,BoulderNomad Patio Heater,Rocky Top Outfitters - Phoenix,Phoenix,AZ,Southwest,suburban,33.4484,-112.074,1,1,221.25,45.5,34.4,0.0,open-meteo
2026-08-02,S005,NEW:NP5074,SwitchbackRover Insulated Tumbler,Rocky Top Outfitters - Phoenix,Phoenix,AZ,Southwest,suburban,33.4484,-112.074,1,3,417.42,45.5,34.4,0.0,open-meteo
2026-08-02,S005,P1018,RidgeRover Trail Tumbler 217,Rocky Top Outfitters - Phoenix,Phoenix,AZ,Southwest,suburban,33.4484,-112.074,1,2,300.34,45.5,34.4,0.0,open-meteo
2026-08-02,S005,P1023,HearthRambler Expedition Flashlight 222,Rocky Top Outfitters - Phoenix,Phoenix,AZ,Southwest,suburban,33.4484,-112.074,1,2,289.68,45.5,34.4,0.0,open-meteo
2026-08-02,S005,P1030,SwitchbackRover 20oz Tumbler 229,Rocky Top Outfitters - Phoenix,Phoenix,AZ,Southwest,suburban,33.4484,-112.074,1,3,366.39,45.5,34.4,0.0,open-meteo
2026-08-02,S005,P1040,CanyonNomad XL Cooler 239,Rocky Top Outfitters - Phoenix,Phoenix,AZ,Southwest,suburban,33.4484,-112.074,1,1,96.77,45.5,34.4,0.0,open-meteo
2026-08-02,S005,P1044,CloudNomad Approach Trail Shoes 243,Rocky Top Outfitters - Phoenix,Phoenix,AZ,Southwest,suburban,33.4484,-112.074,1,2,329.4,45.5,34.4,0.0,open-meteo
2026-08-02,S005,P1045,FieldRunner Basecamp Tent 244,Rocky Top Outfitters - Phoenix,Phoenix,AZ,Southwest,suburban,33.4484,-112.074,1,1,343.55,45.5,34.4,0.0,open-meteo
2026-08-02,S005,P1047,MoonRambler Expedition Flashlight 246,Rocky Top Outfitters - Phoenix,Phoenix,AZ,Southwest,suburban,33.4484,-112.074,1,1,58.07,45.5,34.4,0.0,open-meteo
2026-08-02,S005,P1054,TrailRover 20oz Tumbler 253,Rocky Top Outfitters - Phoenix,Phoenix,AZ,Southwest,suburban,33.4484,-112.074,2,2,130.79,45.5,34.4,0.0,open-meteo
2026-08-02,S006,NEW:NP5002,RidgeRover Mid Trail Shoes 201,Rocky Top Outfitters - Seattle,Seattle,WA,Pacific Northwest,urban,47.6062,-122.3321,1,3,555.03,20.8,14.0,0.3,open-meteo
2026-08-02,S006,NEW:NP5067,CreekRambler Alpine Jacket 266 Pro,Rocky Top Outfitters - Seattle,Seattle,WA,Pacific Northwest,urban,47.6062,-122.3321,1,2,470.36,20.8,14.0,0.3,open-meteo
2026-08-02,S006,NEW:NP5071,MoonScout Trail Shoes,Rocky Top Outfitters - Seattle,Seattle,WA,Pacific Northwest,urban,47.6062,-122.3321,1,1,220.05,20.8,14.0,0.3,open-meteo
2026-08-02,S006,NEW:NP5072,SummitRover Cooler,Rocky Top Outfitters - Seattle,Seattle,WA,Pacific Northwest,urban,47.6062,-122.3321,1,2,1351.9,20.8,14.0,0.3,open-meteo
2026-08-02,S006,NEW:NP5075,MoonRambler Rain Shell,Rocky Top Outfitters - Seattle,Seattle,WA,Pacific Northwest,urban,47.6062,-122.3321,1,4,1044.12,20.8,14.0,0.3,open-meteo
2026-08-02,S006,P1004,StormNomad Compact Cooler 203,Rocky Top Outfitters - Seattle,Seattle,WA,Pacific Northwest,urban,47.6062,-122.3321,2,5,479.44,20.8,14.0,0.3,open-meteo
2026-08-02,S006,P1010,VistaRover Deluxe Patio Heater 209,Rocky Top Outfitters - Seattle,Seattle,WA,Pacific Northwest,urban,47.6062,-122.3321,1,4,2000.08,20.8,14.0,0.3,open-meteo
2026-08-02,S006,P1012,CloudNomad 32oz Tumbler 211,Rocky Top Outfitters - Seattle,Seattle,WA,Pacific Northwest,urban,47.6062,-122.3321,1,4,408.16,20.8,14.0,0.3,open-meteo
2026-08-02,S006,P1018,RidgeRover Trail Tumbler 217,Rocky Top Outfitters - Seattle,Seattle,WA,Pacific Northwest,urban,47.6062,-122.3321,1,1,142.66,20.8,14.0,0.3,open-meteo
2026-08-02,S006,P1029,FieldRunner Storm Kit Battery Pack 228,Rocky Top Outfitters - Seattle,Seattle,WA,Pacific Northwest,urban,47.6062,-122.3321,1,4,440.76,20.8,14.0,0.3,open-meteo
2026-08-02,S006,P1050,RidgeRover Mid Trail Shoes 249,Rocky Top Outfitters - Seattle,Seattle,WA,Pacific Northwest,urban,47.6062,-122.3321,1,3,178.65,20.8,14.0,0.3,open-meteo
2026-08-02,S006,P1051,CreekRambler 2P Camp Chair 250,Rocky Top Outfitters - Seattle,Seattle,WA,Pacific Northwest,urban,47.6062,-122.3321,1,2,772.24,20.8,14.0,0.3,open-meteo
2026-08-02,S006,P1055,HearthRambler Stormproof Jacket 254,Rocky Top Outfitters - Seattle,Seattle,WA,Pacific Northwest,urban,47.6062,-122.3321,1,2,558.96,20.8,14.0,0.3,open-meteo
2026-08-02,S006,P1064,PeakNomad XL Cooler 263,Rocky Top Outfitters - Seattle,Seattle,WA,Pacific Northwest,urban,47.6062,-122.3321,1,1,622.9,20.8,14.0,0.3,open-meteo
2026-08-02,S006,P1066,RidgeRover Trail Tumbler 265,Rocky Top Outfitters - Seattle,Seattle,WA,Pacific Northwest,urban,47.6062,-122.3321,1,3,302.94,20.8,14.0,0.3,open-meteo
2026-08-02,S007,NEW:NP5076,PeakNomad Trail Shoes,Rocky Top Outfitters - Boston,Boston,MA,Northeast,urban,42.3601,-71.0589,1,2,298.52,28.8,21.3,1.1,open-meteo
2026-08-02,S007,P1005,EmberRunner Storm Kit Battery Pack 204,Rocky Top Outfitters - Boston,Boston,MA,Northeast,urban,42.3601,-71.0589,1,4,449.48,28.8,21.3,1.1,open-meteo
2026-08-02,S007,P1013,FieldRunner Packable Jacket 212,Rocky Top Outfitters - Boston,Boston,MA,Northeast,urban,42.3601,-71.0589,1,1,99.43,28.8,21.3,1.1,open-meteo
2026-08-02,S007,P1019,CreekRambler Alpine Jacket 218,Rocky Top Outfitters - Boston,Boston,MA,Northeast,urban,42.3601,-71.0589,1,1,170.93,28.8,21.3,1.1,open-meteo
2026-08-02,S007,P1030,SwitchbackRover 20oz Tumbler 229,Rocky Top Outfitters - Boston,Boston,MA,Northeast,urban,42.3601,-71.0589,1,1,128.56,28.8,21.3,1.1,open-meteo
2026-08-02,S007,P1034,RidgeRover Deluxe Patio Heater 233,Rocky Top Outfitters - Boston,Boston,MA,Northeast,urban,42.3601,-71.0589,1,2,269.88,28.8,21.3,1.1,open-meteo
2026-08-02,S007,P1042,VistaRover Trail Tumbler 241,Rocky Top Outfitters - Boston,Boston,MA,Northeast,urban,42.3601,-71.0589,1,2,191.02,28.8,21.3,1.1,open-meteo
2026-08-02,S007,P1046,SwitchbackRover Weekend Patio Heater 245,Rocky Top Outfitters - Boston,Boston,MA,Northeast,urban,42.3601,-71.0589,1,4,915.64,28.8,21.3,1.1,open-meteo
2026-08-02,S007,P1054,TrailRover 20oz Tumbler 253,Rocky Top Outfitters - Boston,Boston,MA,Northeast,urban,42.3601,-71.0589,1,2,116.26,28.8,21.3,1.1,open-meteo
2026-08-02,S008,NEW:NP5073,FieldRunner Battery Pack,Rocky Top Outfitters - Minneapolis,Minneapolis,MN,Midwest,suburban,44.9778,-93.265,1,4,347.24,28.2,17.2,0.0,open-meteo
2026-08-02,S008,P1008,CanyonNomad Waterproof Trail Shoes 207,Rocky Top Outfitters - Minneapolis,Minneapolis,MN,Midwest,suburban,44.9778,-93.265,1,2,297.82,28.2,17.2,0.0,open-meteo
2026-08-02,S008,P1022,TrailRover Weekend Patio Heater 221,Rocky Top Outfitters - Minneapolis,Minneapolis,MN,Midwest,suburban,44.9778,-93.265,2,3,1026.89,28.2,17.2,0.0,open-meteo
2026-08-02,S008,P1034,RidgeRover Deluxe Patio Heater 233,Rocky Top Outfitters - Minneapolis,Minneapolis,MN,Midwest,suburban,44.9778,-93.265,1,1,160.24,28.2,17.2,0.0,open-meteo
2026-08-02,S008,P1037,EmberRunner Packable Jacket 236,Rocky Top Outfitters - Minneapolis,Minneapolis,MN,Midwest,suburban,44.9778,-93.265,1,1,89.38,28.2,17.2,0.0,open-meteo
2026-08-02,S008,P1038,TrailRover Wide Trail Shoes 237,Rocky Top Outfitters - Minneapolis,Minneapolis,MN,Midwest,suburban,44.9778,-93.265,1,1,198.18,28.2,17.2,0.0,open-meteo
2026-08-02,S008,P1039,HearthRambler Ultralight Camp Chair 238,Rocky Top Outfitters - Minneapolis,Minneapolis,MN,Midwest,suburban,44.9778,-93.265,1,4,1218.52,28.2,17.2,0.0,open-meteo
2026-08-02,S008,P1040,CanyonNomad XL Cooler 239,Rocky Top Outfitters - Minneapolis,Minneapolis,MN,Midwest,suburban,44.9778,-93.265,1,1,86.02,28.2,17.2,0.0,open-meteo
2026-08-02,S008,P1042,VistaRover Trail Tumbler 241,Rocky Top Outfitters - Minneapolis,Minneapolis,MN,Midwest,suburban,44.9778,-93.265,1,1,95.51,28.2,17.2,0.0,open-meteo
2026-08-02,S008,P1050,RidgeRover Mid Trail Shoes 249,Rocky Top Outfitters - Minneapolis,Minneapolis,MN,Midwest,suburban,44.9778,-93.265,1,2,148.88,28.2,17.2,0.0,open-meteo
2026-08-02,S008,P1052,StormNomad Compact Cooler 251,Rocky Top Outfitters - Minneapolis,Minneapolis,MN,Midwest,suburban,44.9778,-93.265,3,10,3479.08,28.2,17.2,0.0,open-meteo
2026-08-02,S008,P1060,CloudNomad 32oz Tumbler 259,Rocky Top Outfitters - Minneapolis,Minneapolis,MN,Midwest,suburban,44.9778,-93.265,1,2,333.3,28.2,17.2,0.0,open-meteo
2026-08-04,S001,NEW:NP5072,SummitRover Cooler,Rocky Top Outfitters - Knoxville,Knoxville,TN,Southeast,flagship,35.9606,-83.9207,1,1,795.23,30.0,21.0,1.4,open-meteo
2026-08-04,S001,P1010,VistaRover Deluxe Patio Heater 209,Rocky Top Outfitters - Knoxville,Knoxville,TN,Southeast,flagship,35.9606,-83.9207,1,1,555.58,30.0,21.0,1.4,open-meteo
2026-08-04,S001,P1014,SwitchbackRover Wide Trail Shoes 213,Rocky Top Outfitters - Knoxville,Knoxville,TN,Southeast,flagship,35.9606,-83.9207,1,4,848.32,30.0,21.0,1.4,open-meteo
2026-08-04,S001,P1018,RidgeRover Trail Tumbler 217,Rocky Top Outfitters - Knoxville,Knoxville,TN,Southeast,flagship,35.9606,-83.9207,1,1,135.15,30.0,21.0,1.4,open-meteo
2026-08-04,S001,P1021,EmberRunner Basecamp Tent 220,Rocky Top Outfitters - Knoxville,Knoxville,TN,Southeast,flagship,35.9606,-83.9207,1,2,147.4,30.0,21.0,1.4,open-meteo
2026-08-04,S001,P1025,PineRunner Lightweight Jacket 224,Rocky Top Outfitters - Knoxville,Knoxville,TN,Southeast,flagship,35.9606,-83.9207,1,4,461.2,30.0,21.0,1.4,open-meteo
2026-08-04,S001,P1042,VistaRover Trail Tumbler 241,Rocky Top Outfitters - Knoxville,Knoxville,TN,Southeast,flagship,35.9606,-83.9207,1,1,112.36,30.0,21.0,1.4,open-meteo
2026-08-04,S001,P1050,RidgeRover Mid Trail Shoes 249,Rocky Top Outfitters - Knoxville,Knoxville,TN,Southeast,flagship,35.9606,-83.9207,1,1,63.27,30.0,21.0,1.4,open-meteo
2026-08-04,S001,P1052,StormNomad Compact Cooler 251,Rocky Top Outfitters - Knoxville,Knoxville,TN,Southeast,flagship,35.9606,-83.9207,2,6,2231.14,30.0,21.0,1.4,open-meteo
2026-08-04,S001,P1054,TrailRover 20oz Tumbler 253,Rocky Top Outfitters - Knoxville,Knoxville,TN,Southeast,flagship,35.9606,-83.9207,1,2,116.26,30.0,21.0,1.4,open-meteo
2026-08-04,S001,P1064,PeakNomad XL Cooler 263,Rocky Top Outfitters - Knoxville,Knoxville,TN,Southeast,flagship,35.9606,-83.9207,1,1,590.11,30.0,21.0,1.4,open-meteo
2026-08-04,S002,NEW:NP5063,MoonRambler Ultralight Camp Chair 262 Pro,Rocky Top Outfitters - Miami,Miami,FL,Southeast,urban,25.7617,-80.1918,1,1,61.78,31.3,26.1,2.1,open-meteo
2026-08-04,S002,P1001,SummitRunner Lightweight Jacket 200,Rocky Top Outfitters - Miami,Miami,FL,Southeast,urban,25.7617,-80.1918,1,2,233.58,31.3,26.1,2.1,open-meteo
2026-08-04,S002,P1008,CanyonNomad Waterproof Trail Shoes 207,Rocky Top Outfitters - Miami,Miami,FL,Southeast,urban,25.7617,-80.1918,1,2,297.82,31.3,26.1,2.1,open-meteo
2026-08-04,S002,P1018,RidgeRover Trail Tumbler 217,Rocky Top Outfitters - Miami,Miami,FL,Southeast,urban,25.7617,-80.1918,1,2,300.34,31.3,26.1,2.1,open-meteo
2026-08-04,S002,P1024,CanyonNomad Travel Tumbler 223,Rocky Top Outfitters - Miami,Miami,FL,Southeast,urban,25.7617,-80.1918,1,1,79.53,31.3,26.1,2.1,open-meteo
2026-08-04,S002,P1025,PineRunner Lightweight Jacket 224,Rocky Top Outfitters - Miami,Miami,FL,Southeast,urban,25.7617,-80.1918,1,1,121.37,31.3,26.1,2.1,open-meteo
2026-08-04,S002,P1026,VistaRover Mid Trail Shoes 225,Rocky Top Outfitters - Miami,Miami,FL,Southeast,urban,25.7617,-80.1918,1,4,514.8,31.3,26.1,2.1,open-meteo
2026-08-04,S002,P1027,BoulderRambler 2P Camp Chair 226,Rocky Top Outfitters - Miami,Miami,FL,Southeast,urban,25.7617,-80.1918,1,1,83.82,31.3,26.1,2.1,open-meteo
2026-08-04,S002,P1040,CanyonNomad XL Cooler 239,Rocky Top Outfitters - Miami,Miami,FL,Southeast,urban,25.7617,-80.1918,1,2,215.04,31.3,26.1,2.1,open-meteo
2026-08-04,S002,P1042,VistaRover Trail Tumbler 241,Rocky Top Outfitters - Miami,Miami,FL,Southeast,urban,25.7617,-80.1918,1,4,449.44,31.3,26.1,2.1,open-meteo
2026-08-04,S002,P1044,CloudNomad Approach Trail Shoes 243,Rocky Top Outfitters - Miami,Miami,FL,Southeast,urban,25.7617,-80.1918,1,4,658.8,31.3,26.1,2.1,open-meteo
2026-08-04,S002,P1052,StormNomad Compact Cooler 251,Rocky Top Outfitters - Miami,Miami,FL,Southeast,urban,25.7617,-80.1918,1,1,378.16,31.3,26.1,2.1,open-meteo
2026-08-04,S002,P1062,SwitchbackRover Wide Trail Shoes 261,Rocky Top Outfitters - Miami,Miami,FL,Southeast,urban,25.7617,-80.1918,1,3,489.87,31.3,26.1,2.1,open-meteo
2026-08-04,S003,NEW:NP5070,FieldPacer Insulated Tumbler,Rocky Top Outfitters - Chicago,Chicago,IL,Midwest,urban,41.8781,-87.6298,1,2,272.1,28.7,19.6,0.0,open-meteo
2026-08-04,S003,P1009,PineRunner 4P Tent 208,Rocky Top Outfitters - Chicago,Chicago,IL,Midwest,urban,41.8781,-87.6298,1,2,237.44,28.7,19.6,0.0,open-meteo
2026-08-04,S003,P1014,SwitchbackRover Wide Trail Shoes 213,Rocky Top Outfitters - Chicago,Chicago,IL,Midwest,urban,41.8781,-87.6298,1,1,212.08,28.7,19.6,0.0,open-meteo
2026-08-04,S003,P1020,StormNomad Approach Trail Shoes 219,Rocky Top Outfitters - Chicago,Chicago,IL,Midwest,urban,41.8781,-87.6298,2,3,580.69,28.7,19.6,0.0,open-meteo
2026-08-04,S003,P1025,PineRunner Lightweight Jacket 224,Rocky Top Outfitters - Chicago,Chicago,IL,Midwest,urban,41.8781,-87.6298,1,1,121.37,28.7,19.6,0.0,open-meteo
2026-08-04,S003,P1028,CloudNomad Compact Cooler 227,Rocky Top Outfitters - Chicago,Chicago,IL,Midwest,urban,41.8781,-87.6298,2,5,3019.49,28.7,19.6,0.0,open-meteo
2026-08-04,S003,P1031,MoonRambler Stormproof Jacket 230,Rocky Top Outfitters - Chicago,Chicago,IL,Midwest,urban,41.8781,-87.6298,1,4,651.84,28.7,19.6,0.0,open-meteo
2026-08-04,S003,P1032,PeakNomad Waterproof Trail Shoes 231,Rocky Top Outfitters - Chicago,Chicago,IL,Midwest,urban,41.8781,-87.6298,1,1,200.43,28.7,19.6,0.0,open-meteo
2026-08-04,S003,P1040,CanyonNomad XL Cooler 239,Rocky Top Outfitters - Chicago,Chicago,IL,Midwest,urban,41.8781,-87.6298,1,1,102.14,28.7,19.6,0.0,open-meteo
2026-08-04,S003,P1042,VistaRover Trail Tumbler 241,Rocky Top Outfitters - Chicago,Chicago,IL,Midwest,urban,41.8781,-87.6298,1,1,101.12,28.7,19.6,0.0,open-meteo
2026-08-04,S003,P1044,CloudNomad Approach Trail Shoes 243,Rocky Top Outfitters - Chicago,Chicago,IL,Midwest,urban,41.8781,-87.6298,1,1,184.07,28.7,19.6,0.0,open-meteo
2026-08-04,S003,P1048,PeakNomad Travel Tumbler 247,Rocky Top Outfitters - Chicago,Chicago,IL,Midwest,urban,41.8781,-87.6298,1,2,138.12,28.7,19.6,0.0,open-meteo
2026-08-04,S003,P1053,EmberRunner Storm Kit Battery Pack 252,Rocky Top Outfitters - Chicago,Chicago,IL,Midwest,urban,41.8781,-87.6298,1,2,178.76,28.7,19.6,0.0,open-meteo
2026-08-04,S003,P1055,HearthRambler Stormproof Jacket 254,Rocky Top Outfitters - Chicago,Chicago,IL,Midwest,urban,41.8781,-87.6298,1,2,531.02,28.7,19.6,0.0,open-meteo
2026-08-04,S004,NEW:NP5069,BoulderNomad Patio Heater,Rocky Top Outfitters - Denver,Denver,CO,Mountain,flagship,39.7392,-104.9903,1,4,752.24,24.3,14.1,0.2,open-meteo
2026-08-04,S004,NEW:NP5070,FieldPacer Insulated Tumbler,Rocky Top Outfitters - Denver,Denver,CO,Mountain,flagship,39.7392,-104.9903,1,1,121.73,24.3,14.1,0.2,open-meteo
2026-08-04,S004,NEW:NP5072,SummitRover Cooler,Rocky Top Outfitters - Denver,Denver,CO,Mountain,flagship,39.7392,-104.9903,1,2,1590.46,24.3,14.1,0.2,open-meteo
2026-08-04,S004,NEW:NP5075,MoonRambler Rain Shell,Rocky Top Outfitters - Denver,Denver,CO,Mountain,flagship,39.7392,-104.9903,1,4,1099.08,24.3,14.1,0.2,open-meteo
2026-08-04,S004,P1004,StormNomad Compact Cooler 203,Rocky Top Outfitters - Denver,Denver,CO,Mountain,flagship,39.7392,-104.9903,1,3,310.53,24.3,14.1,0.2,open-meteo
2026-08-04,S004,P1014,SwitchbackRover Wide Trail Shoes 213,Rocky Top Outfitters - Denver,Denver,CO,Mountain,flagship,39.7392,-104.9903,1,1,201.48,24.3,14.1,0.2,open-meteo
2026-08-04,S004,P1016,PeakNomad XL Cooler 215,Rocky Top Outfitters - Denver,Denver,CO,Mountain,flagship,39.7392,-104.9903,1,3,1654.11,24.3,14.1,0.2,open-meteo
2026-08-04,S004,P1032,PeakNomad Waterproof Trail Shoes 231,Rocky Top Outfitters - Denver,Denver,CO,Mountain,flagship,39.7392,-104.9903,1,1,200.43,24.3,14.1,0.2,open-meteo
2026-08-04,S004,P1036,StormNomad 32oz Tumbler 235,Rocky Top Outfitters - Denver,Denver,CO,Mountain,flagship,39.7392,-104.9903,1,3,445.89,24.3,14.1,0.2,open-meteo
2026-08-04,S004,P1037,EmberRunner Packable Jacket 236,Rocky Top Outfitters - Denver,Denver,CO,Mountain,flagship,39.7392,-104.9903,1,2,178.76,24.3,14.1,0.2,open-meteo
2026-08-04,S004,P1041,PineRunner Mini Battery Pack 240,Rocky Top Outfitters - Denver,Denver,CO,Mountain,flagship,39.7392,-104.9903,1,1,53.54,24.3,14.1,0.2,open-meteo
2026-08-04,S004,P1042,VistaRover Trail Tumbler 241,Rocky Top Outfitters - Denver,Denver,CO,Mountain,flagship,39.7392,-104.9903,1,2,224.72,24.3,14.1,0.2,open-meteo
2026-08-04,S004,P1046,SwitchbackRover Weekend Patio Heater 245,Rocky Top Outfitters - Denver,Denver,CO,Mountain,flagship,39.7392,-104.9903,1,2,434.92,24.3,14.1,0.2,open-meteo
2026-08-04,S004,P1056,CanyonNomad Waterproof Trail Shoes 255,Rocky Top Outfitters - Denver,Denver,CO,Mountain,flagship,39.7392,-104.9903,1,2,238.06,24.3,14.1,0.2,open-meteo
2026-08-04,S004,P1068,StormNomad Approach Trail Shoes 267,Rocky Top Outfitters - Denver,Denver,CO,Mountain,flagship,39.7392,-104.9903,1,2,172.62,24.3,14.1,0.2,open-meteo
2026-08-04,S005,NEW:NP5002,RidgeRover Mid Trail Shoes 201,Rocky Top Outfitters - Phoenix,Phoenix,AZ,Southwest,suburban,33.4484,-112.074,1,4,781.16,42.2,32.0,0.0,open-meteo
2026-08-04,S005,NEW:NP5057,PineRunner 4P Tent 256 Pro,Rocky Top Outfitters - Phoenix,Phoenix,AZ,Southwest,suburban,33.4484,-112.074,1,1,399.61,42.2,32.0,0.0,open-meteo
2026-08-04,S005,NEW:NP5061,FieldRunner Packable Jacket 260 Pro,Rocky Top Outfitters - Phoenix,Phoenix,AZ,Southwest,suburban,33.4484,-112.074,1,4,616.76,42.2,32.0,0.0,open-meteo
2026-08-04,S005,P1005,EmberRunner Storm Kit Battery Pack 204,Rocky Top Outfitters - Phoenix,Phoenix,AZ,Southwest,suburban,33.4484,-112.074,1,1,95.51,42.2,32.0,0.0,open-meteo
2026-08-04,S005,P1008,CanyonNomad Waterproof Trail Shoes 207,Rocky Top Outfitters - Phoenix,Phoenix,AZ,Southwest,suburban,33.4484,-112.074,1,1,175.19,42.2,32.0,0.0,open-meteo
2026-08-04,S005,P1010,VistaRover Deluxe Patio Heater 209,Rocky Top Outfitters - Phoenix,Phoenix,AZ,Southwest,suburban,33.4484,-112.074,1,1,500.02,42.2,32.0,0.0,open-meteo
2026-08-04,S005,P1012,CloudNomad 32oz Tumbler 211,Rocky Top Outfitters - Phoenix,Phoenix,AZ,Southwest,suburban,33.4484,-112.074,2,4,456.2,42.2,32.0,0.0,open-meteo
2026-08-04,S005,P1013,FieldRunner Packable Jacket 212,Rocky Top Outfitters - Phoenix,Phoenix,AZ,Southwest,suburban,33.4484,-112.074,1,1,79.54,42.2,32.0,0.0,open-meteo
2026-08-04,S005,P1027,BoulderRambler 2P Camp Chair 226,Rocky Top Outfitters - Phoenix,Phoenix,AZ,Southwest,suburban,33.4484,-112.074,1,1,93.13,42.2,32.0,0.0,open-meteo
2026-08-04,S005,P1050,RidgeRover Mid Trail Shoes 249,Rocky Top Outfitters - Phoenix,Phoenix,AZ,Southwest,suburban,33.4484,-112.074,1,3,189.81,42.2,32.0,0.0,open-meteo
2026-08-04,S005,P1053,EmberRunner Storm Kit Battery Pack 252,Rocky Top Outfitters - Phoenix,Phoenix,AZ,Southwest,suburban,33.4484,-112.074,1,2,223.46,42.2,32.0,0.0,open-meteo
2026-08-04,S005,P1064,PeakNomad XL Cooler 263,Rocky Top Outfitters - Phoenix,Phoenix,AZ,Southwest,suburban,33.4484,-112.074,2,5,3278.4,42.2,32.0,0.0,open-meteo
2026-08-04,S005,P1066,RidgeRover Trail Tumbler 265,Rocky Top Outfitters - Phoenix,Phoenix,AZ,Southwest,suburban,33.4484,-112.074,1,4,323.12,42.2,32.0,0.0,open-meteo
2026-08-04,S006,NEW:NP5069,BoulderNomad Patio Heater,Rocky Top Outfitters - Seattle,Seattle,WA,Pacific Northwest,urban,47.6062,-122.3321,1,1,221.25,25.6,15.0,0.0,open-meteo
2026-08-04,S006,P1017,SummitRunner Mini Battery Pack 216,Rocky Top Outfitters - Seattle,Seattle,WA,Pacific Northwest,urban,47.6062,-122.3321,1,2,120.24,25.6,15.0,0.0,open-meteo
2026-08-04,S006,P1020,StormNomad Approach Trail Shoes 219,Rocky Top Outfitters - Seattle,Seattle,WA,Pacific Northwest,urban,47.6062,-122.3321,1,3,528.84,25.6,15.0,0.0,open-meteo
2026-08-04,S006,P1026,VistaRover Mid Trail Shoes 225,Rocky Top Outfitters - Seattle,Seattle,WA,Pacific Northwest,urban,47.6062,-122.3321,1,3,386.1,25.6,15.0,0.0,open-meteo
2026-08-04,S006,P1028,CloudNomad Compact Cooler 227,Rocky Top Outfitters - Seattle,Seattle,WA,Pacific Northwest,urban,47.6062,-122.3321,1,1,629.06,25.6,15.0,0.0,open-meteo
2026-08-04,S006,P1045,FieldRunner Basecamp Tent 244,Rocky Top Outfitters - Seattle,Seattle,WA,Pacific Northwest,urban,47.6062,-122.3321,2,4,1236.78,25.6,15.0,0.0,open-meteo
2026-08-04,S006,P1047,MoonRambler Expedition Flashlight 246,Rocky Top Outfitters - Seattle,Seattle,WA,Pacific Northwest,urban,47.6062,-122.3321,1,1,58.07,25.6,15.0,0.0,open-meteo
2026-08-04,S006,P1066,RidgeRover Trail Tumbler 265,Rocky Top Outfitters - Seattle,Seattle,WA,Pacific Northwest,urban,47.6062,-122.3321,1,1,85.83,25.6,15.0,0.0,open-meteo
2026-08-04,S006,P1068,StormNomad Approach Trail Shoes 267,Rocky Top Outfitters - Seattle,Seattle,WA,Pacific Northwest,urban,47.6062,-122.3321,1,3,245.97,25.6,15.0,0.0,open-meteo
2026-08-04,S007,P1008,CanyonNomad Waterproof Trail Shoes 207,Rocky Top Outfitters - Boston,Boston,MA,Northeast,urban,42.3601,-71.0589,1,2,315.34,29.4,17.5,0.0,open-meteo
2026-08-04,S007,P1025,PineRunner Lightweight Jacket 224,Rocky Top Outfitters - Boston,Boston,MA,Northeast,urban,42.3601,-71.0589,1,3,327.69,29.4,17.5,0.0,open-meteo
2026-08-04,S007,P1034,RidgeRover Deluxe Patio Heater 233,Rocky Top Outfitters - Boston,Boston,MA,Northeast,urban,42.3601,-71.0589,1,3,506.01,29.4,17.5,0.0,open-meteo
2026-08-04,S007,P1044,CloudNomad Approach Trail Shoes 243,Rocky Top Outfitters - Boston,Boston,MA,Northeast,urban,42.3601,-71.0589,2,4,620.04,29.4,17.5,0.0,open-meteo
2026-08-04,S007,P1050,RidgeRover Mid Trail Shoes 249,Rocky Top Outfitters - Boston,Boston,MA,Northeast,urban,42.3601,-71.0589,1,1,70.72,29.4,17.5,0.0,open-meteo
2026-08-04,S007,P1054,TrailRover 20oz Tumbler 253,Rocky Top Outfitters - Boston,Boston,MA,Northeast,urban,42.3601,-71.0589,1,3,174.39,29.4,17.5,0.0,open-meteo
2026-08-04,S008,NEW:NP5015,MoonRambler Ultralight Camp Chair 214,Rocky Top Outfitters - Minneapolis,Minneapolis,MN,Midwest,suburban,44.9778,-93.265,1,4,724.8,25.0,16.6,0.7,open-meteo
2026-08-04,S008,NEW:NP5059,BoulderRambler Rechargeable Flashlight 258 Pro,Rocky Top Outfitters - Minneapolis,Minneapolis,MN,Midwest,suburban,44.9778,-93.265,1,1,92.57,25.0,16.6,0.7,open-meteo
2026-08-04,S008,NEW:NP5071,MoonScout Trail Shoes,Rocky Top Outfitters - Minneapolis,Minneapolis,MN,Midwest,suburban,44.9778,-93.265,1,2,440.1,25.0,16.6,0.7,open-meteo
2026-08-04,S008,P1007,HearthRambler Stormproof Jacket 206,Rocky Top Outfitters - Minneapolis,Minneapolis,MN,Midwest,suburban,44.9778,-93.265,1,2,174.54,25.0,16.6,0.7,open-meteo
2026-08-04,S008,P1023,HearthRambler Expedition Flashlight 222,Rocky Top Outfitters - Minneapolis,Minneapolis,MN,Midwest,suburban,44.9778,-93.265,1,1,144.84,25.0,16.6,0.7,open-meteo
2026-08-04,S008,P1027,BoulderRambler 2P Camp Chair 226,Rocky Top Outfitters - Minneapolis,Minneapolis,MN,Midwest,suburban,44.9778,-93.265,1,3,279.39,25.0,16.6,0.7,open-meteo
2026-08-04,S008,P1031,MoonRambler Stormproof Jacket 230,Rocky Top Outfitters - Minneapolis,Minneapolis,MN,Midwest,suburban,44.9778,-93.265,1,1,171.54,25.0,16.6,0.7,open-meteo
2026-08-04,S008,P1048,PeakNomad Travel Tumbler 247,Rocky Top Outfitters - Minneapolis,Minneapolis,MN,Midwest,suburban,44.9778,-93.265,1,2,145.4,25.0,16.6,0.7,open-meteo
2026-08-04,S008,P1051,CreekRambler 2P Camp Chair 250,Rocky Top Outfitters - Minneapolis,Minneapolis,MN,Midwest,suburban,44.9778,-93.265,1,1,364.67,25.0,16.6,0.7,open-meteo
2026-08-04,S008,P1066,RidgeRover Trail Tumbler 265,Rocky Top Outfitters - Minneapolis,Minneapolis,MN,Midwest,suburban,44.9778,-93.265,1,1,100.98,25.0,16.6,0.7,open-meteo
